Macrotema,Tema,Frequência,Tabelas de Origem,Qtd Tabelas
informacoes de clientes,acoes de clientes em produtos,1,magento2.report_event_types,1
informacoes de clientes,agrupamento de clientes,3,magento2.catalog_product_index_price_cfg_opt_agr_tmp; magento2.catalog_product_index_price_opt_agr_idx; magento2.catalog_product_index_price_opt_agr_tmp,3
informacoes de clientes,alertas de clientes,1,magento2.product_alert_stock,1
informacoes de clientes,cadastro de cliente,1,magento2.customer_entity_varchar,1
informacoes de clientes,cadastro de clientes,4,magento2.customer_entity; magento2.customer_entity_decimal; magento2.wishlist,3
informacoes de clientes,cadastro de datas de clientes,1,magento2.customer_entity_datetime,1
informacoes de clientes,categorias de clientes,1,magento2.tax_class,1
informacoes de clientes,classificacao de clientes,3,magento2.customer_group; magento2.tax_calculation; magento2.tax_calculation_rule,3
informacoes de clientes,cliente e lista,1,magento2.wishlist,1
informacoes de clientes,codigo de grupo de clientes,1,magento2.customer_group,1
informacoes de clientes,comentarios de clientes,1,magento2.review_detail,1
informacoes de clientes,comportamento de clientes,1,magento2.report_viewed_product_index,1
informacoes de clientes,contagem de clientes,2,magento2.log_summary,1
informacoes de clientes,dados do cliente,1,magento2.sales_quote,1
informacoes de clientes,endereco de cliente,12,magento2.customer_address_entity; magento2.customer_address_entity_datetime; magento2.customer_address_entity_int; magento2.customer_address_entity_text; magento2.customer_address_entity_varchar; magento2.sales_order_address,6
informacoes de clientes,enderecos de clientes,4,magento2.customer_address_entity; magento2.customer_address_entity_decimal; magento2.customer_address_entity_int; magento2.customer_address_entity_text,4
informacoes de clientes,entidades de cliente,1,magento2.customer_address_entity_decimal,1
informacoes de clientes,entidades de clientes,1,magento2.customer_entity_int,1
informacoes de clientes,feedback de clientes,1,magento2.review_detail,1
informacoes de clientes,formularios de conta de cliente,1,magento2.eav_form_type,1
informacoes de clientes,frequencia de uso por cliente,1,magento2.salesrule_coupon_usage,1
informacoes de clientes,gestao de contas de cliente,1,magento2.eav_form_type,1
informacoes de clientes,grupo de clientes,16,magento2.catalog_product_bundle_price_index; magento2.catalog_product_entity_group_price; magento2.catalog_product_entity_tier_price; magento2.catalog_product_index_group_price; magento2.catalog_product_index_price; magento2.catalog_product_index_price_bundle_idx; magento2.catalog_product_index_price_bundle_sel_idx; magento2.catalog_product_index_price_downlod_idx; magento2.catalog_product_index_price_downlod_tmp; magento2.catalog_product_index_price_final_idx; magento2.catalog_product_index_price_final_tmp; magento2.catalog_product_index_price_idx; magento2.catalog_product_index_price_opt_tmp; magento2.catalog_product_index_price_tmp; magento2.customer_entity; magento2.customer_group,16
informacoes de clientes,grupos de clientes,5,magento2.catalogrule_customer_group; magento2.catalogrule_group_website; magento2.catalogrule_product_price; magento2.customer_group; magento2.salesrule_customer_group,5
informacoes de clientes,informacoes de cliente,2,magento2.eav_form_fieldset_label; magento2.sales_quote_address,2
informacoes de clientes,informacoes de clientes,3,magento2.sales_order; magento2.sales_order_grid; magento2.sales_quote,3
informacoes de clientes,interesse de clientes,1,magento2.report_compared_product_index,1
informacoes de clientes,interesse do cliente,1,magento2.report_compared_product_index,1
informacoes de clientes,login de clientes,1,magento2.log_customer,1
informacoes de clientes,promocoes de clientes,1,magento2.catalogrule_customer_group,1
informacoes de clientes,resumo de clientes,1,magento2.log_summary,1
informacoes de clientes,segmentacao de clientes,9,magento2.catalog_product_index_price_bundle_opt_idx; magento2.catalog_product_index_price_bundle_opt_tmp; magento2.catalog_product_index_price_cfg_opt_idx; magento2.catalog_product_index_price_cfg_opt_tmp; magento2.catalog_product_index_price_opt_idx; magento2.catalogrule_customer_group; magento2.catalogrule_product; magento2.customer_group; magento2.salesrule_product_attribute,9
informacoes de clientes,sessoes de cliente,1,magento2.customer_visitor,1
informacoes de clientes,sessoes de clientes,1,magento2.customer_visitor,1
informacoes de clientes,sessoes persistentes de clientes,1,magento2.persistent_session,1
informacoes de clientes,status de cliente,1,magento2.customer_entity,1
informacoes de clientes,transacao de clientes,1,magento2.sales_quote,1
informacoes de clientes,valores de cliente,1,magento2.customer_entity_varchar,1
informacoes de clientes,vinculo admin-cliente,1,magento2.oauth_token,1
informacoes de clientes,visitas de clientes,1,magento2.customer_visitor,1
informacoes de clientes,votacao de clientes,1,magento2.rating_option_vote_aggregated,1
informacoes de clientes,wishlist de clientes,1,magento2.wishlist,1
relacionamento de produtos,arquivos de produto,1,magento2.downloadable_link,1
relacionamento de produtos,associacao de produtos,3,magento2.catalog_category_product; magento2.catalog_product_website; magento2.catalog_url_rewrite_product_category,3
relacionamento de produtos,associacao produto-imagem,1,magento2.catalog_product_entity_media_gallery,1
relacionamento de produtos,avaliacao de produto,2,magento2.rating; magento2.rating_entity,2
relacionamento de produtos,avaliacoes de produtos,5,magento2.report_viewed_product_aggregated_yearly; magento2.review; magento2.review_detail; magento2.review_store,4
relacionamento de produtos,catalogo de produtos,14,magento2.catalog_category_product; magento2.catalog_product_entity; magento2.catalog_product_entity_int; magento2.catalog_product_entity_text; magento2.catalog_product_entity_varchar; magento2.catalog_product_website; magento2.catalog_url_rewrite_product_category; magento2.catalogrule_affected_product; magento2.catalogsearch_fulltext; magento2.downloadable_sample; magento2.eav_attribute_set; magento2.googleshopping_items,12
relacionamento de produtos,eventos de interacao com produto,1,magento2.report_event_types,1
relacionamento de produtos,galeria de imagens de produtos,1,magento2.catalog_product_entity_media_gallery,1
relacionamento de produtos,galeria de midia de produto,1,magento2.catalog_product_entity_media_gallery_value,1
relacionamento de produtos,galeria de produtos,3,magento2.catalog_product_entity_gallery; magento2.catalog_product_entity_media_gallery,2
relacionamento de produtos,gerenciamento de imagens de produtos,2,magento2.catalog_product_entity_gallery; magento2.catalog_product_entity_media_gallery,2
relacionamento de produtos,imagens de produtos,1,magento2.catalog_product_entity_media_gallery,1
relacionamento de produtos,links de produto,1,magento2.catalog_product_link_attribute_int,1
relacionamento de produtos,links de produtos,1,magento2.downloadable_link,1
relacionamento de produtos,links de produtos baixaveis,1,magento2.downloadable_link,1
relacionamento de produtos,midia de catalogo de produtos,1,magento2.catalog_product_entity_media_gallery,1
relacionamento de produtos,ordenacao de imagens de produto,1,magento2.catalog_product_entity_media_gallery_value,1
relacionamento de produtos,relacao cliente-produto,1,magento2.product_alert_stock,1
relacionamento de produtos,relacao de produtos,4,magento2.catalog_product_link; magento2.catalog_product_relation; magento2.catalog_product_super_link,3
relacionamento de produtos,relacao produto pai-filho,1,magento2.catalog_product_relation,1
relacionamento de produtos,relacao produto-pai,1,magento2.catalog_product_super_link,1
relacionamento de produtos,relacionamento de produtos,3,magento2.catalog_product_link; magento2.catalog_product_link_attribute_decimal; magento2.catalog_product_link_type,3
relacionamento de produtos,relacionamento entre produtos,2,magento2.catalog_product_link; magento2.catalog_product_link_attribute_int,2
relacionamento de produtos,relacoes entre produtos,2,magento2.catalog_product_link_attribute_varchar; magento2.catalog_product_link_type,2
relacionamento de produtos,relatorio de produtos,1,magento2.report_viewed_product_aggregated_daily,1
relacionamento de produtos,tipos de link de produtos,1,magento2.catalog_product_link,1
relacionamento de produtos,tipos de relacao de produto,1,magento2.catalog_product_link_attribute,1
relacionamento de produtos,tipos de vinculo de produto,3,magento2.catalog_product_link; magento2.catalog_product_link_type,2
relacionamento de produtos,vinculacao de produtos,3,magento2.catalog_product_link; magento2.catalog_product_link_attribute_varchar; magento2.catalog_product_super_link,3
relacionamento de produtos,vinculo de produtos,1,magento2.catalog_product_super_link,1
relacionamento de produtos,vinculo entre produtos,1,magento2.catalog_product_relation,1
relacionamento de produtos,vinculos entre produtos,1,magento2.catalog_product_link_attribute_decimal,1
relacionamento de produtos,visibilidade de produtos,3,magento2.catalog_category_product_index; magento2.catalog_category_product_index_tmp,2
relacionamento de produtos,visualizacao de produtos,3,magento2.report_viewed_product_index,1
relacionamento de produtos,visualizacoes de produto,1,magento2.report_viewed_product_aggregated_yearly,1
valores de atributo,atributo de data,1,magento2.customer_address_entity_datetime,1
valores de atributo,atributo de entidade,2,magento2.eav_entity,1
valores de atributo,atributos de categoria,13,magento2.catalog_category_entity; magento2.catalog_category_entity_datetime; magento2.catalog_category_entity_decimal; magento2.catalog_category_entity_int; magento2.catalog_category_entity_text; magento2.catalog_category_entity_varchar,6
valores de atributo,atributos de categorias,2,magento2.catalog_category_entity_int; magento2.catalog_category_entity_varchar,2
valores de atributo,atributos de cliente,15,magento2.customer_eav_attribute; magento2.customer_eav_attribute_website; magento2.customer_entity; magento2.customer_entity_datetime; magento2.customer_entity_decimal; magento2.customer_entity_int; magento2.customer_entity_text; magento2.customer_entity_varchar; magento2.eav_entity_type,9
valores de atributo,atributos de clientes,3,magento2.customer_entity_int; magento2.customer_entity_text; magento2.customer_entity_varchar,3
valores de atributo,atributos de data,1,magento2.customer_address_entity_datetime,1
valores de atributo,atributos de entidades de cliente,1,magento2.eav_attribute,1
valores de atributo,atributos de google shopping,1,magento2.googleshopping_attributes,1
valores de atributo,atributos de grupo,1,magento2.eav_attribute_group,1
valores de atributo,atributos de link,1,magento2.downloadable_link,1
valores de atributo,atributos de sistema,1,magento2.core_variable,1
valores de atributo,atributos de sku,1,magento2.catalog_product_option_type_value,1
valores de atributo,atributos de usuario,1,magento2.authorization_role,1
valores de atributo,atributos de vinculo,1,magento2.catalog_product_link_attribute,1
valores de atributo,atributos numericos de entidades,2,magento2.eav_entity_decimal; magento2.eav_entity_int,2
valores de atributo,atributos por conjunto,1,magento2.eav_entity_attribute,1
valores de atributo,codigo de atributo,1,magento2.catalog_product_link_attribute,1
valores de atributo,etiqueta de atributo,1,magento2.eav_attribute_label,1
valores de atributo,modelos de atributo,1,magento2.eav_entity_type,1
valores de atributo,requisitos de atributos,1,magento2.customer_eav_attribute_website,1
valores de atributo,rotulos de atributo,1,magento2.catalog_product_super_attribute_label,1
valores de atributo,rotulos de atributos,2,magento2.eav_attribute_label; magento2.translation,2
valores de atributo,valor de atributo,1,magento2.customer_address_entity_varchar,1
valores de atributo,valores de atributo,3,magento2.catalog_product_link_attribute_int; magento2.eav_entity_int; magento2.eav_entity_varchar,3
valores de atributo,valores de atributo por loja,1,magento2.catalog_category_entity_decimal,1
valores de atributo,valores de atributos,13,magento2.catalog_category_entity_int; magento2.catalog_category_entity_varchar; magento2.catalog_product_entity_int; magento2.catalog_product_entity_text; magento2.catalog_product_entity_varchar; magento2.catalog_product_index_eav; magento2.catalog_product_index_eav_idx; magento2.catalog_product_link_attribute_varchar; magento2.customer_address_entity_int; magento2.customer_entity_int; magento2.eav_entity_varchar,11
descricao de produtos,cadastro de produtos,1,magento2.catalog_product_entity,1
descricao de produtos,catalogacao de produtos,11,magento2.catalog_product_bundle_stock_index; magento2.catalog_product_index_tier_price; magento2.catalog_product_link; magento2.catalog_product_option_price; magento2.catalog_product_option_type_price; magento2.catalog_product_option_type_title; magento2.catalog_product_relation; magento2.catalog_product_super_attribute; magento2.catalog_product_super_link; magento2.downloadable_sample; magento2.googleshopping_items,11
descricao de produtos,classificacao de produtos,4,magento2.catalog_category_entity_varchar; magento2.rating_entity; magento2.rating_title; magento2.tax_calculation,4
descricao de produtos,datas de produto,1,magento2.catalog_product_entity_datetime,1
descricao de produtos,descricao de produto,1,magento2.catalog_product_entity_text,1
descricao de produtos,descricao de produtos,1,magento2.catalog_product_entity_text,1
descricao de produtos,descricoes de produtos,1,magento2.catalog_product_entity_text,1
descricao de produtos,detalhes de produto,1,magento2.sales_shipment_item,1
descricao de produtos,detalhes de produtos,3,magento2.review_detail; magento2.sales_creditmemo_item; magento2.sales_invoice_item,3
descricao de produtos,disponibilidade de produto,2,magento2.cataloginventory_stock_item; magento2.cataloginventory_stock_status,2
descricao de produtos,estoque por produto,3,magento2.cataloginventory_stock_status; magento2.cataloginventory_stock_status_idx; magento2.cataloginventory_stock_status_tmp,3
descricao de produtos,estrutura de produtos,1,magento2.catalog_product_super_link,1
descricao de produtos,hierarquia de produtos,5,magento2.catalog_category_entity; magento2.catalog_product_relation; magento2.catalog_product_super_link,3
descricao de produtos,identificacao de produto,3,magento2.catalog_product_entity_datetime; magento2.catalog_product_entity_int; magento2.catalog_product_entity_text,3
descricao de produtos,identificacao de produtos,3,magento2.catalog_product_entity_decimal; magento2.catalog_product_entity_gallery; magento2.catalog_product_entity_varchar,3
descricao de produtos,informacoes de produtos,1,magento2.sales_order_item,1
descricao de produtos,itens de produto,1,magento2.wishlist_item,1
descricao de produtos,localizacao de produtos,1,magento2.translation,1
descricao de produtos,mapeamento de produtos,1,magento2.catalog_product_index_eav_tmp,1
descricao de produtos,mapeamento de valores numericos de produtos,1,magento2.catalog_product_index_eav_decimal_idx,1
descricao de produtos,organizacao de produtos,1,magento2.eav_attribute_group,1
descricao de produtos,posicao de produtos,1,magento2.catalog_category_product,1
descricao de produtos,posicionamento de produto,1,magento2.catalog_category_product_index_tmp,1
descricao de produtos,precificacao de produtos,8,magento2.catalog_product_index_price_bundle_sel_tmp; magento2.catalog_product_index_price_bundle_tmp; magento2.catalog_product_index_price_cfg_opt_agr_idx; magento2.catalog_product_index_price_cfg_opt_agr_tmp; magento2.catalog_product_index_price_cfg_opt_tmp; magento2.catalog_product_index_price_downlod_tmp; magento2.catalog_product_index_price_opt_agr_tmp; magento2.catalog_product_index_price_opt_tmp,8
descricao de produtos,produtos e skus,1,magento2.sales_shipment_item,1
descricao de produtos,selecao de produtos,2,magento2.catalog_product_bundle_selection; magento2.catalog_product_index_price_bundle_sel_tmp,2
descricao de produtos,tipos de produto,2,magento2.catalog_product_entity; magento2.googleshopping_attributes,2
descricao de produtos,tipos de produtos,5,magento2.catalog_product_entity; magento2.googleshopping_attributes; magento2.googleshopping_types; magento2.tax_class,4
descricao de produtos,titulos de produto,1,magento2.catalog_product_option_type_title,1
taxas de imposto,agregacao de impostos,4,magento2.tax_order_aggregated_created; magento2.tax_order_aggregated_updated,2
taxas de imposto,aliquota fiscal,1,magento2.tax_calculation,1
taxas de imposto,aliquota tributaria,1,magento2.tax_calculation_rate,1
taxas de imposto,analise de impostos,1,magento2.sales_invoice,1
taxas de imposto,calculo de imposto,2,magento2.tax_calculation; magento2.tax_calculation_rate,2
taxas de imposto,calculo de impostos,20,magento2.catalog_product_index_price_final_idx; magento2.catalog_product_index_price_final_tmp; magento2.catalog_product_index_price_tmp; magento2.sales_creditmemo_item; magento2.sales_invoice; magento2.sales_invoice_item; magento2.sales_order_tax; magento2.sales_order_tax_item; magento2.sales_quote_address_item; magento2.sales_quote_item; magento2.tax_calculation; magento2.tax_calculation_rate; magento2.tax_calculation_rate_title; magento2.tax_order_aggregated_updated,14
taxas de imposto,calculo de impostos de pedidos,1,magento2.sales_order_tax_item,1
taxas de imposto,calculo de impostos em pedidos,1,magento2.sales_order_tax_item,1
taxas de imposto,calculo de tributos,2,magento2.sales_order_tax,1
taxas de imposto,categorias de tributacao,1,magento2.tax_class,1
taxas de imposto,classes de impostos,1,magento2.tax_calculation,1
taxas de imposto,classificacao de impostos,4,magento2.catalog_product_index_price; magento2.catalog_product_index_price_idx; magento2.tax_class,3
taxas de imposto,classificacao fiscal,3,magento2.catalog_product_index_price_bundle_idx; magento2.catalog_product_index_price_tmp; magento2.customer_group,3
taxas de imposto,classificacao fiscal de clientes,1,magento2.tax_class,1
taxas de imposto,classificacao fiscal de produtos,1,magento2.tax_class,1
taxas de imposto,classificacao tributaria,1,magento2.customer_group,1
taxas de imposto,configuracao de taxas fiscais,1,magento2.tax_calculation_rule,1
taxas de imposto,detalhamento fiscal,1,magento2.sales_order_tax,1
taxas de imposto,grupos de impostos,1,magento2.customer_group,1
taxas de imposto,imposto de produtos,1,magento2.weee_tax,1
taxas de imposto,imposto sobre produtos,1,magento2.weee_tax,1
taxas de imposto,impostos de reembolso,1,magento2.sales_creditmemo_item,1
taxas de imposto,impostos e descontos,2,magento2.sales_order_item; magento2.sales_quote_address_item,2
taxas de imposto,impostos e tributos,1,magento2.sales_quote_item,1
taxas de imposto,impostos por item,1,magento2.sales_invoice_item,1
taxas de imposto,impostos por pedido,1,magento2.sales_order_tax,1
taxas de imposto,itens associados a impostos,1,magento2.sales_order_tax_item,1
taxas de imposto,itens de tributacao de vendas,1,magento2.sales_order_tax_item,1
taxas de imposto,localizacao de impostos,1,magento2.weee_tax,1
taxas de imposto,taxas de imposto,1,magento2.tax_calculation_rate,1
taxas de imposto,tipos de classe fiscal,1,magento2.tax_class,1
taxas de imposto,tipos de classe tributaria,1,magento2.tax_class,1
taxas de imposto,tributacao weee por produto,1,magento2.weee_tax,1
taxas de imposto,valores de taxacao de produtos,1,magento2.sales_order_tax_item,1
status de pedidos,agregacao de pedidos,5,magento2.sales_order_aggregated_created; magento2.sales_order_aggregated_updated; magento2.sales_shipping_aggregated; magento2.sales_shipping_aggregated_order; magento2.tax_order_aggregated_updated,5
status de pedidos,analise de pedidos,3,magento2.sales_shipping_aggregated_order; magento2.tax_order_aggregated_created; magento2.tax_order_aggregated_updated,3
status de pedidos,ciclo de vida de pedidos,1,magento2.sales_order,1
status de pedidos,comentarios de pedidos,1,magento2.sales_order_status_history,1
status de pedidos,detalhes de pedidos,4,magento2.sales_order_item; magento2.sales_order_tax; magento2.sales_shipment_item; magento2.sales_shipment_track,4
status de pedidos,estado de pedido,1,magento2.sales_order_status_state,1
status de pedidos,gestao de pedidos,2,magento2.downloadable_link_purchased; magento2.sales_invoice,2
status de pedidos,historico de status de pedidos,2,magento2.sales_order_status_history,1
status de pedidos,impostos de pedidos,2,magento2.sales_order_tax; magento2.tax_order_aggregated_created,2
status de pedidos,impostos por item de pedido,1,magento2.sales_order_tax_item,1
status de pedidos,informacoes de pedido,1,magento2.sales_order_address,1
status de pedidos,informacoes de pedidos,1,magento2.sales_invoice_grid,1
status de pedidos,metricas de pedidos,2,magento2.sales_order_aggregated_created; magento2.sales_order_aggregated_updated,2
status de pedidos,notificacoes de pedidos,1,magento2.sales_order_status_history,1
status de pedidos,pagamento de pedidos,2,magento2.sales_order_payment,1
status de pedidos,pagamentos de pedidos,1,magento2.sales_order_payment,1
status de pedidos,pedidos de clientes,1,magento2.downloadable_link_purchased,1
status de pedidos,pedidos por status,4,magento2.sales_shipping_aggregated; magento2.sales_shipping_aggregated_order; magento2.tax_order_aggregated_created; magento2.tax_order_aggregated_updated,4
status de pedidos,personalizacao de pedidos,1,magento2.gift_message,1
status de pedidos,processamento de pedidos,1,magento2.sales_payment_transaction,1
status de pedidos,reembolso de pedidos,1,magento2.sales_creditmemo,1
status de pedidos,reembolsos de pedidos,1,magento2.sales_creditmemo_grid,1
status de pedidos,reembolsos por status do pedido,1,magento2.sales_refunded_aggregated_order,1
status de pedidos,refeicao de pedidos,1,magento2.sales_refunded_aggregated_order,1
status de pedidos,refundos de pedidos,1,magento2.sales_refunded_aggregated,1
status de pedidos,relacionamento de pedidos,1,magento2.sales_payment_transaction,1
status de pedidos,status de pedido,9,magento2.sales_invoiced_aggregated; magento2.sales_invoiced_aggregated_order; magento2.sales_order_status; magento2.sales_order_status_label; magento2.sales_order_status_state; magento2.sales_refunded_aggregated,6
status de pedidos,status de pedidos,10,magento2.sales_invoiced_aggregated; magento2.sales_invoiced_aggregated_order; magento2.sales_order_grid; magento2.sales_refunded_aggregated; magento2.sales_refunded_aggregated_order; magento2.tax_order_aggregated_created; magento2.tax_order_aggregated_updated,7
precos de produtos,cotacoes de produtos,1,magento2.sales_quote_item,1
precos de produtos,preco de produto,1,magento2.catalog_product_entity_group_price,1
precos de produtos,preco de produtos,23,magento2.catalog_product_bundle_price_index; magento2.catalog_product_index_group_price; magento2.catalog_product_index_price; magento2.catalog_product_index_price_bundle_idx; magento2.catalog_product_index_price_bundle_sel_idx; magento2.catalog_product_index_price_bundle_sel_tmp; magento2.catalog_product_index_price_bundle_tmp; magento2.catalog_product_index_price_cfg_opt_agr_idx; magento2.catalog_product_index_price_cfg_opt_agr_tmp; magento2.catalog_product_index_price_cfg_opt_idx; magento2.catalog_product_index_price_cfg_opt_tmp; magento2.catalog_product_index_price_downlod_idx; magento2.catalog_product_index_price_downlod_tmp; magento2.catalog_product_index_price_final_idx; magento2.catalog_product_index_price_final_tmp; magento2.catalog_product_index_price_idx; magento2.catalog_product_index_price_opt_agr_idx; magento2.catalog_product_index_price_opt_agr_tmp; magento2.catalog_product_index_price_opt_idx; magento2.catalog_product_index_price_opt_tmp; magento2.catalog_product_index_price_tmp; magento2.catalogrule_product_price; magento2.sales_bestsellers_aggregated_daily,23
precos de produtos,preco de selecao de produtos,1,magento2.catalog_product_bundle_selection_price,1
precos de produtos,preco e avaliacao de produtos,1,magento2.report_viewed_product_aggregated_daily,1
precos de produtos,preco e quantidade de produtos,1,magento2.sales_bestsellers_aggregated_yearly,1
precos de produtos,precos de produto,1,magento2.catalog_product_entity_decimal,1
precos de produtos,precos de produtos,10,magento2.catalog_product_index_price; magento2.catalog_product_index_price_bundle_opt_idx; magento2.catalog_product_index_price_bundle_opt_tmp; magento2.catalog_product_index_price_cfg_opt_idx; magento2.catalog_product_index_price_downlod_idx; magento2.catalog_product_index_price_final_idx; magento2.catalog_product_index_price_final_tmp; magento2.catalog_product_index_price_idx; magento2.catalog_product_index_price_tmp; magento2.sales_quote_item,10
precos de produtos,precos de produtos em pacote,1,magento2.catalog_product_index_price_bundle_idx,1
precos de produtos,precos de produtos em pacotes,3,magento2.catalog_product_index_price_bundle_opt_idx; magento2.catalog_product_index_price_bundle_opt_tmp; magento2.catalog_product_index_price_bundle_sel_idx,3
precos de produtos,precos de produtos por regra,1,magento2.catalogrule_product_price,1
precos de produtos,produto em promocao,1,magento2.catalog_product_entity_tier_price,1
precos de produtos,promocoes de produtos,4,magento2.catalogrule; magento2.catalogrule_product,2
precos de produtos,tabela de precificacao de produtos,1,magento2.catalog_product_index_tier_price,1
precos de produtos,tabela de precos de produtos,1,magento2.catalog_product_entity_tier_price,1
precos de produtos,valores de precos de produtos,1,magento2.catalog_product_entity_decimal,1
precos de produtos,valores de produto,3,magento2.catalog_category_entity_decimal; magento2.catalog_product_entity_int; magento2.catalog_product_index_eav_tmp,3
precos de produtos,valores de produtos,4,magento2.catalog_category_entity_varchar; magento2.catalog_product_entity_decimal; magento2.catalog_product_entity_varchar; magento2.sales_shipment_item,4
quantidade de vendas,agregacao anual de vendas,1,magento2.sales_bestsellers_aggregated_yearly,1
quantidade de vendas,agregacao de vendas,1,magento2.tax_order_aggregated_created,1
quantidade de vendas,agregacao diaria de vendas,1,magento2.sales_bestsellers_aggregated_daily,1
quantidade de vendas,agregacao mensal de vendas,1,magento2.sales_bestsellers_aggregated_monthly,1
quantidade de vendas,analise de vendas,8,magento2.sales_creditmemo; magento2.sales_creditmemo_grid; magento2.sales_creditmemo_item; magento2.sales_order_aggregated_created; magento2.sales_order_aggregated_updated; magento2.sales_refunded_aggregated; magento2.sales_refunded_aggregated_order; magento2.sales_shipping_aggregated,8
quantidade de vendas,comentarios de vendas,1,magento2.sales_creditmemo_comment,1
quantidade de vendas,conversao de vendas,1,magento2.sales_quote,1
quantidade de vendas,cotacoes de vendas,2,magento2.sales_quote; magento2.sales_quote_address,2
quantidade de vendas,desempenho de precos em vendas,1,magento2.report_viewed_product_aggregated_daily,1
quantidade de vendas,estados de fluxo de vendas,1,magento2.sales_order_status_state,1
quantidade de vendas,faturamento de vendas,3,magento2.sales_creditmemo_grid; magento2.sales_invoice; magento2.sales_invoice_grid,3
quantidade de vendas,itens de venda,2,magento2.sales_order_tax_item; magento2.sales_quote_item,2
quantidade de vendas,mapeamento de politicas de vendas,1,magento2.salesrule_customer_group,1
quantidade de vendas,metricas de vendas,4,magento2.report_viewed_product_aggregated_monthly; magento2.sales_invoiced_aggregated; magento2.sales_invoiced_aggregated_order; magento2.sales_order_aggregated_created,4
quantidade de vendas,pagamento de vendas,1,magento2.sales_quote_payment,1
quantidade de vendas,promocao de vendas,1,magento2.salesrule_label,1
quantidade de vendas,promocoes de vendas,4,magento2.catalogrule_product_price; magento2.salesrule; magento2.salesrule_coupon,3
quantidade de vendas,quantidade de vendas,1,magento2.sales_shipment_item,1
quantidade de vendas,relatorio de vendas,2,magento2.tax_order_aggregated_created; magento2.tax_order_aggregated_updated,2
quantidade de vendas,rotulos de vendas,1,magento2.salesrule_label,1
quantidade de vendas,transacoes financeiras de vendas,1,magento2.sales_order_item,1
quantidade de vendas,valores monetarios de vendas,2,magento2.sales_invoice; magento2.sales_invoice_grid,2
quantidade de vendas,vendas agregadas,3,magento2.sales_invoiced_aggregated; magento2.sales_invoiced_aggregated_order; magento2.sales_order_aggregated_updated,3
quantidade de vendas,vendas agregadas por periodo,1,magento2.sales_order_aggregated_created,1
quantidade de vendas,vendas anuais,1,magento2.sales_bestsellers_aggregated_yearly,1
quantidade de vendas,vendas cruzadas e upsell,1,magento2.catalog_product_link_type,1
quantidade de vendas,vendas de itens,2,magento2.sales_order_item; magento2.sales_quote_address_item,2
quantidade de vendas,vendas diarias,1,magento2.sales_bestsellers_aggregated_daily,1
quantidade de vendas,vendas mensais,1,magento2.sales_bestsellers_aggregated_monthly,1
quantidade de vendas,vendas por periodo,3,magento2.salesrule_coupon_aggregated; magento2.salesrule_coupon_aggregated_order,2
atributos de produto,atributo de produto,1,magento2.eav_attribute_label,1
atributos de produto,atributos de endereco,8,magento2.customer_address_entity; magento2.customer_address_entity_datetime; magento2.customer_address_entity_decimal; magento2.customer_address_entity_int; magento2.customer_address_entity_text; magento2.customer_address_entity_varchar,6
atributos de produto,atributos de endereco de cliente,1,magento2.customer_address_entity_varchar,1
atributos de produto,atributos de imagem,1,magento2.catalog_product_entity_gallery,1
atributos de produto,atributos de item de cotacao,1,magento2.sales_quote_item_option,1
atributos de produto,atributos de link de produto,2,magento2.catalog_product_link_attribute; magento2.catalog_product_link_attribute_int,2
atributos de produto,atributos de links de produtos,1,magento2.catalog_product_link_attribute_varchar,1
atributos de produto,atributos de midia de produto,1,magento2.catalog_product_entity_media_gallery,1
atributos de produto,atributos de produto,27,magento2.catalog_eav_attribute; magento2.catalog_product_bundle_option; magento2.catalog_product_bundle_option_value; magento2.catalog_product_entity_datetime; magento2.catalog_product_entity_int; magento2.catalog_product_entity_media_gallery_value; magento2.catalog_product_entity_text; magento2.catalog_product_entity_varchar; magento2.catalog_product_index_eav; magento2.catalog_product_index_eav_decimal; magento2.catalog_product_index_eav_decimal_idx; magento2.catalog_product_index_eav_decimal_tmp; magento2.catalog_product_index_eav_idx; magento2.catalog_product_index_eav_tmp; magento2.catalog_product_link_attribute; magento2.catalog_product_link_attribute_decimal; magento2.catalog_product_link_attribute_int; magento2.catalog_product_link_attribute_varchar; magento2.catalog_product_option; magento2.catalog_product_super_attribute; magento2.catalog_product_super_attribute_label; magento2.catalogsearch_fulltext; magento2.eav_attribute_option; magento2.eav_attribute_option_value; magento2.eav_attribute_set; magento2.salesrule_product_attribute,26
atributos de produto,atributos de vinculo de produto,2,magento2.catalog_product_link_attribute_int; magento2.catalog_product_link_attribute_varchar,2
atributos de produto,atributos decimais de categoria,1,magento2.catalog_category_entity_decimal,1
atributos de produto,atributos decimais de clientes,2,magento2.customer_entity_decimal,1
atributos de produto,rotulagem de atributos,1,magento2.eav_attribute_label,1
atributos de produto,rotulos de atributos configuraveis,1,magento2.catalog_product_super_attribute_label,1
atributos de produto,traducao de atributos,1,magento2.translation,1
atributos de produto,valores de atributos de produtos vinculados,1,magento2.catalog_product_link_attribute_decimal,1
atributos de produto,valores de atributos em lojas,2,magento2.catalog_product_index_eav_tmp; magento2.eav_entity_int,2
vendas por loja,alteracoes de design por loja,1,magento2.design_change,1
vendas por loja,amostras por loja,1,magento2.downloadable_sample_title,1
vendas por loja,analise por loja,1,magento2.sales_refunded_aggregated,1
vendas por loja,catalogo por loja,1,magento2.catalog_compare_item,1
vendas por loja,comportamento de loja,1,magento2.log_visitor,1
vendas por loja,descontos por loja,1,magento2.salesrule_coupon_aggregated_order,1
vendas por loja,desempenho de loja,6,magento2.rating_option_vote_aggregated; magento2.sales_order_aggregated_created; magento2.sales_order_aggregated_updated; magento2.sales_refunded_aggregated; magento2.sales_shipping_aggregated; magento2.sales_shipping_aggregated_order,6
vendas por loja,detalhes de loja,2,magento2.review_detail; magento2.sales_invoice_grid,2
vendas por loja,escopo de lojas,1,magento2.cms_page_store,1
vendas por loja,estrutura de loja,1,magento2.store_group,1
vendas por loja,fatura por loja,1,magento2.sales_invoice_grid,1
vendas por loja,faturamento por loja,1,magento2.sales_order_aggregated_created,1
vendas por loja,frete por loja,2,magento2.sales_shipping_aggregated; magento2.sales_shipping_aggregated_order,2
vendas por loja,gerenciamento de loja,1,magento2.downloadable_link_title,1
vendas por loja,gerenciamento de lojas,1,magento2.downloadable_sample_title,1
vendas por loja,gerenciamento de multiplas lojas,1,magento2.review_store,1
vendas por loja,imagens por loja,1,magento2.catalog_product_entity_gallery,1
vendas por loja,layout de loja,1,magento2.core_layout_link,1
vendas por loja,layout por loja,1,magento2.core_layout_link,1
vendas por loja,lucro por loja,1,magento2.sales_order_aggregated_updated,1
vendas por loja,mapeamento de loja,3,magento2.catalog_product_option_type_title; magento2.eav_entity_text; magento2.sitemap,3
vendas por loja,mapeamento de lojas,3,magento2.catalog_product_index_eav; magento2.rating_title; magento2.tax_calculation_rate_title,3
vendas por loja,parametros de loja,1,magento2.core_config_data,1
vendas por loja,preco por loja,1,magento2.catalog_product_option_type_price,1
vendas por loja,regras por loja,1,magento2.salesrule_label,1
vendas por loja,resumo de loja,1,magento2.log_summary,1
vendas por loja,taxas por loja,1,magento2.tax_calculation_rate_title,1
vendas por loja,trafego em loja,1,magento2.report_viewed_product_index,1
vendas por loja,valores por loja,7,magento2.catalog_category_entity_varchar; magento2.catalog_product_entity_varchar; magento2.catalog_product_index_eav_decimal; magento2.eav_entity_datetime; magento2.eav_entity_decimal; magento2.eav_entity_int; magento2.eav_entity_varchar,7
vendas por loja,vendas por loja,2,magento2.sales_shipment_grid; magento2.salesrule_coupon_aggregated_updated,2
indice de precos,agregacao de precos por site,1,magento2.catalog_product_index_price_cfg_opt_agr_tmp,1
indice de precos,alerta de preco,1,magento2.product_alert_price,1
indice de precos,alertas de preco,1,magento2.product_alert_price,1
indice de precos,calculo de faixas de preco,1,magento2.catalog_product_index_price_downlod_idx,1
indice de precos,calculo de precos,1,magento2.sales_quote_address_item,1
indice de precos,estrategias de precificacao,1,magento2.catalog_product_index_price_final_tmp,1
indice de precos,indice de precificacao,3,magento2.catalog_product_index_price_downlod_idx; magento2.catalog_product_index_price_final_idx; magento2.catalog_product_index_price_idx,3
indice de precos,indice de precos,14,magento2.catalog_product_index_price_bundle_sel_tmp; magento2.catalog_product_index_price_cfg_opt_agr_idx; magento2.catalog_product_index_price_cfg_opt_agr_tmp; magento2.catalog_product_index_price_cfg_opt_idx; magento2.catalog_product_index_price_cfg_opt_tmp; magento2.catalog_product_index_price_downlod_idx; magento2.catalog_product_index_price_downlod_tmp; magento2.catalog_product_index_price_final_idx; magento2.catalog_product_index_price_final_tmp; magento2.catalog_product_index_price_opt_agr_tmp; magento2.catalog_product_index_price_opt_idx; magento2.catalog_product_index_price_opt_tmp; magento2.catalog_product_index_price_tmp,13
indice de precos,indice de precos agregados,1,magento2.catalog_product_index_price_opt_agr_idx,1
indice de precos,indice de precos bundle,6,magento2.catalog_product_bundle_price_index; magento2.catalog_product_index_price_bundle_idx; magento2.catalog_product_index_price_bundle_opt_idx; magento2.catalog_product_index_price_bundle_opt_tmp; magento2.catalog_product_index_price_bundle_sel_tmp; magento2.catalog_product_index_price_bundle_tmp,6
indice de precos,indice de precos de opcoes de produtos,1,magento2.catalog_product_index_price_bundle_opt_idx,1
indice de precos,indice de precos de produto,1,magento2.catalog_product_index_tier_price,1
indice de precos,indice de precos de produtos,3,magento2.catalog_product_index_group_price; magento2.catalog_product_index_price; magento2.catalog_product_index_price_idx,3
indice de precos,indice de precos magento,1,magento2.catalog_product_index_price_cfg_opt_agr_idx,1
indice de precos,indice de precos por grupo,2,magento2.catalog_product_index_price_opt_agr_tmp; magento2.catalog_product_index_price_opt_tmp,2
indice de precos,indice de precos por loja,1,magento2.catalog_product_index_price,1
indice de precos,indice de precos por site,2,magento2.catalog_product_index_price_opt_idx; magento2.catalog_product_index_tier_price,2
indice de precos,indice de precos por website,2,magento2.catalog_product_index_price_cfg_opt_tmp; magento2.catalog_product_index_price_opt_agr_idx,2
indice de precos,indice de precos temporario,1,magento2.catalog_product_index_price_bundle_tmp,1
indice de precos,variacao de precos por opcao,1,magento2.catalog_product_index_price_opt_agr_tmp,1
indice de precos,variacao de precos por opcao de produto,1,magento2.catalog_product_index_price_opt_agr_idx,1
indice de precos,variaveis de preco,1,magento2.catalog_product_index_price_opt_idx,1
atributos de produtos,atributo de produto configuravel,1,magento2.catalog_product_super_attribute_pricing,1
atributos de produtos,atributos de data de produtos,1,magento2.catalog_product_entity_datetime,1
atributos de produtos,atributos de produto configuravel,1,magento2.catalog_product_super_attribute,1
atributos de produtos,atributos de produto e impostos,1,magento2.weee_tax,1
atributos de produtos,atributos de produto em wishlist,1,magento2.wishlist_item_option,1
atributos de produtos,atributos de produto por loja,1,magento2.catalog_product_super_attribute_label,1
atributos de produtos,atributos de produtos,25,magento2.catalog_eav_attribute; magento2.catalog_product_entity; magento2.catalog_product_entity_datetime; magento2.catalog_product_entity_decimal; magento2.catalog_product_entity_gallery; magento2.catalog_product_entity_int; magento2.catalog_product_entity_media_gallery; magento2.catalog_product_entity_text; magento2.catalog_product_entity_varchar; magento2.catalog_product_index_eav; magento2.catalog_product_index_eav_decimal; magento2.catalog_product_index_eav_decimal_idx; magento2.catalog_product_index_eav_decimal_tmp; magento2.catalog_product_index_eav_idx; magento2.catalog_product_super_attribute; magento2.catalog_product_super_attribute_label; magento2.catalog_product_super_attribute_pricing; magento2.catalogsearch_fulltext; magento2.eav_attribute_option; magento2.googleshopping_types; magento2.weee_tax; magento2.wishlist_item_option,22
atributos de produtos,atributos decimais de links de produtos,1,magento2.catalog_product_link_attribute_decimal,1
atributos de produtos,atributos decimais de produto,1,magento2.catalog_product_entity_decimal,1
atributos de produtos,atributos decimais de produtos,1,magento2.catalog_product_entity_decimal,1
atributos de produtos,atributos personalizados de produto,1,magento2.wishlist_item_option,1
atributos de produtos,atributos personalizados de produtos,1,magento2.sales_quote_item_option,1
atributos de produtos,comportamento de atributos de produto,1,magento2.catalog_eav_attribute,1
atributos de produtos,indexacao de produtos por atributo,1,magento2.catalog_product_index_eav_idx,1
atributos de produtos,indice de atributos de produto,1,magento2.catalog_product_index_eav_tmp,1
atributos de produtos,indice de atributos decimais de produtos,2,magento2.catalog_product_index_eav_decimal; magento2.catalog_product_index_eav_decimal_idx,2
atributos de produtos,mapeamento de atributos do google shopping,1,magento2.googleshopping_attributes,1
atributos de produtos,precificacao de atributos de produtos,1,magento2.catalog_product_super_attribute_pricing,1
atributos de produtos,relacionamento produto-atributo,1,magento2.catalog_product_super_attribute,1
atributos de produtos,valores de atributos de produtos,2,magento2.catalog_product_index_eav_decimal_tmp; magento2.eav_attribute_option_value,2
preco por grupo de clientes,configuracao de precos por grupo,2,magento2.catalog_product_index_price_cfg_opt_agr_idx; magento2.catalog_product_index_price_cfg_opt_agr_tmp,2
preco por grupo de clientes,configuracao de precos por grupo de clientes,1,magento2.catalog_product_index_price_cfg_opt_tmp,1
preco por grupo de clientes,estrategia de precos por grupo,1,magento2.catalog_product_index_price,1
preco por grupo de clientes,estrutura de precos por grupo,2,magento2.catalog_product_index_price_bundle_tmp; magento2.catalog_product_index_price_idx,2
preco por grupo de clientes,estrutura de precos por grupo de clientes,1,magento2.catalog_product_index_price_bundle_idx,1
preco por grupo de clientes,precificacao de produtos por grupo de cliente,1,magento2.catalog_product_index_price_opt_agr_idx,1
preco por grupo de clientes,preco de grupo,1,magento2.catalog_product_entity_group_price,1
preco por grupo de clientes,preco de grupo de produtos,1,magento2.catalog_product_entity_group_price,1
preco por grupo de clientes,preco por grupo,5,magento2.catalog_product_index_price_bundle_tmp; magento2.catalog_product_index_price_cfg_opt_agr_idx; magento2.catalog_product_index_price_downlod_idx; magento2.catalog_product_index_price_downlod_tmp; magento2.catalog_product_index_tier_price,5
preco por grupo de clientes,preco por grupo cliente,1,magento2.catalog_product_index_price_bundle_idx,1
preco por grupo de clientes,preco por grupo de cliente,3,magento2.catalog_product_entity_tier_price; magento2.catalog_product_index_price_tmp; magento2.catalog_product_index_tier_price,3
preco por grupo de clientes,preco por grupo de clientes,3,magento2.catalog_product_entity_group_price; magento2.catalog_product_index_group_price; magento2.catalogrule_product_price,3
preco por grupo de clientes,precos de produtos por grupo de cliente,2,magento2.catalog_product_index_group_price; magento2.catalog_product_index_price_opt_idx,2
preco por grupo de clientes,precos por grupo,9,magento2.catalog_product_index_price_cfg_opt_agr_idx; magento2.catalog_product_index_price_cfg_opt_agr_tmp; magento2.catalog_product_index_price_cfg_opt_idx; magento2.catalog_product_index_price_cfg_opt_tmp; magento2.catalog_product_index_price_final_idx; magento2.catalog_product_index_price_final_tmp; magento2.catalog_product_index_price_opt_agr_tmp; magento2.catalog_product_index_price_opt_idx; magento2.catalog_product_index_price_opt_tmp,9
preco por grupo de clientes,precos por grupo cliente,1,magento2.catalog_product_index_price_bundle_opt_tmp,1
preco por grupo de clientes,precos por grupo de cliente,4,magento2.catalog_product_bundle_price_index; magento2.catalog_product_index_price_bundle_opt_idx; magento2.catalog_product_index_price_bundle_sel_tmp; magento2.catalog_product_index_price_bundle_tmp,4
preco por grupo de clientes,precos por grupo de clientes,4,magento2.catalog_product_index_price; magento2.catalog_product_index_price_idx; magento2.catalog_product_index_price_opt_agr_idx; magento2.catalog_product_index_tier_price,4
preco por grupo de clientes,regra de preco por grupo e site,1,magento2.catalogrule_group_website,1
preco por grupo de clientes,segmentacao de precos por grupo,1,magento2.catalogrule_customer_group,1
preco por grupo de clientes,variacao de precos por grupo de clientes,2,magento2.catalog_product_index_price_bundle_opt_idx; magento2.catalog_product_index_price_bundle_opt_tmp,2
avaliacao de produtos,agrupamento de produtos,1,magento2.catalog_product_relation,1
avaliacao de produtos,amostras de produtos,3,magento2.downloadable_sample,1
avaliacao de produtos,analise de produtos,3,magento2.report_compared_product_index; magento2.report_viewed_product_aggregated_monthly; magento2.report_viewed_product_aggregated_yearly,3
avaliacao de produtos,aprovacao de produtos,1,magento2.review_status,1
avaliacao de produtos,avaliacao de produtos,10,magento2.rating; magento2.rating_entity; magento2.rating_option_vote; magento2.rating_option_vote_aggregated; magento2.rating_store; magento2.rating_title; magento2.review,7
avaliacao de produtos,busca de produtos,2,magento2.catalogsearch_fulltext,1
avaliacao de produtos,comparacao de produtos,5,magento2.catalog_compare_item; magento2.report_compared_product_index,2
avaliacao de produtos,gerenciamento de produtos,1,magento2.googleshopping_items,1
avaliacao de produtos,indexacao de produtos,9,magento2.catalog_category_product_index; magento2.catalog_category_product_index_tmp; magento2.catalog_product_index_eav; magento2.catalog_product_index_eav_decimal; magento2.catalog_product_index_eav_decimal_idx; magento2.catalog_product_index_eav_decimal_tmp; magento2.catalog_product_index_eav_tmp; magento2.catalog_product_index_website; magento2.catalogsearch_fulltext,9
avaliacao de produtos,indice eav de produtos,1,magento2.catalog_product_index_eav,1
avaliacao de produtos,monitoramento de produto,1,magento2.product_alert_price,1
avaliacao de produtos,monitoramento de produtos,1,magento2.product_alert_stock,1
avaliacao de produtos,notificacao de produto,1,magento2.product_alert_stock,1
avaliacao de produtos,pesquisa de produtos,1,magento2.search_query,1
avaliacao de produtos,produtos afetados,1,magento2.catalogrule_affected_product,1
avaliacao de produtos,redirecionamento de produtos,1,magento2.catalog_url_rewrite_product_category,1
avaliacao de produtos,reindexacao de produtos,1,magento2.indexer_state,1
avaliacao de produtos,revisao de produto,1,magento2.rating_entity,1
avaliacao de produtos,revisoes de produtos,1,magento2.rating_option_vote,1
interacao do cliente,atividade do cliente,1,magento2.log_customer,1
interacao do cliente,comunicacao entre clientes,1,magento2.gift_message,1
interacao do cliente,entidade cliente,1,magento2.customer_entity_int,1
interacao do cliente,entidade de cliente,10,magento2.customer_address_entity; magento2.customer_address_entity_datetime; magento2.customer_address_entity_int; magento2.customer_entity; magento2.customer_entity_datetime; magento2.customer_entity_decimal; magento2.customer_entity_text; magento2.review_entity,8
interacao do cliente,estrutura de grupos de clientes,1,magento2.catalog_product_index_price_tmp,1
interacao do cliente,identificacao de cliente,2,magento2.customer_entity_int; magento2.customer_entity_varchar,2
interacao do cliente,identificacao de clientes,3,magento2.gift_message; magento2.newsletter_subscriber; magento2.persistent_session,3
interacao do cliente,interacao de clientes,1,magento2.catalog_compare_item,1
interacao do cliente,interacao do cliente,2,magento2.catalog_compare_item; magento2.rating_option_vote,2
interacao do cliente,localizacao de cliente,1,magento2.sales_order_address,1
interacao do cliente,log de acesso de cliente,1,magento2.log_customer,1
interacao do cliente,mapeamento de grupos de clientes,1,magento2.salesrule_product_attribute,1
interacao do cliente,notificacao de cliente,5,magento2.product_alert_price; magento2.sales_creditmemo_comment; magento2.sales_invoice_comment; magento2.sales_order_status_history; magento2.sales_shipment_comment,5
interacao do cliente,notificacoes ao cliente,1,magento2.sales_order_status_history,1
interacao do cliente,notificacoes de cliente,4,magento2.sales_creditmemo_comment; magento2.sales_invoice_comment; magento2.sales_shipment_comment,3
interacao do cliente,notificacoes de clientes,4,magento2.product_alert_price; magento2.product_alert_stock; magento2.sales_creditmemo_comment; magento2.sales_invoice_comment,4
interacao do cliente,relacionamento cliente,1,magento2.salesrule_coupon_usage,1
interacao do cliente,relacionamento com clientes,3,magento2.downloadable_link_purchased; magento2.report_compared_product_index; magento2.salesrule_customer,3
interacao do cliente,sessao de cliente,1,magento2.log_customer,1
interacao do cliente,sessao persistente de cliente,1,magento2.persistent_session,1
uso de regras promocionais,condicoes de promocao,1,magento2.salesrule,1
uso de regras promocionais,controle de aplicacoes de regras de vendas,1,magento2.salesrule_customer,1
uso de regras promocionais,controle de promocoes,1,magento2.salesrule_coupon_usage,1
uso de regras promocionais,descontos percentuais,2,magento2.catalogrule,1
uso de regras promocionais,descontos promocionais,2,magento2.catalogrule_product_price; magento2.salesrule_coupon_aggregated_updated,2
uso de regras promocionais,desempenho de regras promocionais,1,magento2.salesrule_coupon_aggregated,1
uso de regras promocionais,escopo de regras de preco,1,magento2.catalogrule_group_website,1
uso de regras promocionais,escopo de regras de venda,1,magento2.salesrule_website,1
uso de regras promocionais,mapeamento de regras promocionais,1,magento2.salesrule_website,1
uso de regras promocionais,periodo de promocao,1,magento2.design_change,1
uso de regras promocionais,regra de desconto por site,1,magento2.salesrule_website,1
uso de regras promocionais,regras de desconto,10,magento2.catalogrule; magento2.catalogrule_customer_group; magento2.catalogrule_product; magento2.salesrule; magento2.salesrule_coupon; magento2.salesrule_customer,6
uso de regras promocionais,regras de desconto por atributo,1,magento2.salesrule_product_attribute,1
uso de regras promocionais,regras de desconto por produto,1,magento2.catalogrule_product,1
uso de regras promocionais,regras de marketing,3,magento2.catalogrule; magento2.catalogrule_group_website; magento2.catalogrule_website,3
uso de regras promocionais,regras de promocao,1,magento2.salesrule_coupon,1
uso de regras promocionais,regras de promocao e preco,1,magento2.catalog_eav_attribute,1
uso de regras promocionais,regras de promocao por atributo,1,magento2.salesrule_product_attribute,1
uso de regras promocionais,regras de promocao por site,1,magento2.salesrule_website,1
uso de regras promocionais,regras de venda,1,magento2.salesrule_product_attribute,1
uso de regras promocionais,regras de vendas,2,magento2.salesrule_customer_group; magento2.salesrule_website,2
uso de regras promocionais,rotulagem de regras promocionais,1,magento2.salesrule_label,1
uso de regras promocionais,rotulos de regras de promocao,1,magento2.salesrule_label,1
uso de regras promocionais,uso de regras promocionais,1,magento2.salesrule_customer,1
uso de regras promocionais,vigencia de regras promocionais,1,magento2.catalogrule_product,1
uso de regras promocionais,vinculacao de regras de desconto a clientes,1,magento2.salesrule_customer,1
configuracao de site,configuracao de area,1,magento2.core_theme,1
configuracao de site,configuracao de arquivo xml,1,magento2.sitemap,1
configuracao de site,configuracao de arquivos de tema,1,magento2.core_theme_file,1
configuracao de site,configuracao de cadastro,1,magento2.eav_attribute,1
configuracao de site,configuracao de cms,1,magento2.cms_block_store,1
configuracao de site,configuracao de design,1,magento2.core_theme_file,1
configuracao de site,configuracao de diretorio,1,magento2.directory_country_format,1
configuracao de site,configuracao de email,1,magento2.newsletter_template,1
configuracao de site,configuracao de estados,1,magento2.sales_order_status_state,1
configuracao de site,configuracao de experimento,1,magento2.googleoptimizer_code,1
configuracao de site,configuracao de formularios,1,magento2.eav_form_type_entity,1
configuracao de site,configuracao de formularios de cliente,1,magento2.customer_form_attribute,1
configuracao de site,configuracao de integracao,1,magento2.integration,1
configuracao de site,configuracao de interface,2,magento2.core_layout_update; magento2.widget,2
configuracao de site,configuracao de layout,1,magento2.cms_page,1
configuracao de site,configuracao de layout de paginas,1,magento2.widget_instance_page,1
configuracao de site,configuracao de recurso,1,magento2.core_resource,1
configuracao de site,configuracao de remetente,1,magento2.email_template,1
configuracao de site,configuracao de sistema,3,magento2.core_config_data; magento2.customer_eav_attribute; magento2.rating,3
configuracao de site,configuracao de site,1,magento2.customer_eav_attribute_website,1
configuracao de site,configuracao de status padrao,1,magento2.sales_order_status_state,1
configuracao de site,configuracao de tema,3,magento2.core_theme; magento2.design_change; magento2.widget_instance,3
configuracao de site,configuracao de template,1,magento2.email_template,1
configuracao de site,configuracao de templates,1,magento2.email_template,1
configuracao de site,configuracao de variaveis,2,magento2.core_variable; magento2.core_variable_value,2
configuracao de site,configuracao de visibilidade,1,magento2.catalog_eav_attribute,1
configuracao de site,configuracao de website,2,magento2.downloadable_link_price; magento2.store_website,2
configuracao de site,configuracao de widget,2,magento2.widget; magento2.widget_instance_page,2
configuracao de site,configuracao de widgets,1,magento2.widget,1
configuracao de site,configuracoes do sistema,1,magento2.core_config_data,1
configuracao de loja,configuracao de avaliacao por loja,1,magento2.rating_store,1
configuracao de loja,configuracao de conteudo por loja,1,magento2.cms_block_store,1
configuracao de loja,configuracao de e-commerce,1,magento2.weee_tax,1
configuracao de loja,configuracao de escopo de loja,1,magento2.salesrule_product_attribute,1
configuracao de loja,configuracao de estoque,3,magento2.cataloginventory_stock; magento2.cataloginventory_stock_item,2
configuracao de loja,configuracao de incremento por loja,1,magento2.eav_entity_store,1
configuracao de loja,configuracao de loja,16,magento2.catalog_category_entity_int; magento2.catalog_product_entity_int; magento2.catalog_product_entity_media_gallery_value; magento2.catalog_product_option_type_price; magento2.core_layout_link; magento2.core_variable_value; magento2.design_change; magento2.eav_form_type; magento2.store; magento2.store_website; magento2.url_rewrite; magento2.widget_instance,12
configuracao de loja,configuracao de loja para preco,1,magento2.catalog_product_option_price,1
configuracao de loja,configuracao de lojas,3,magento2.cms_page_store; magento2.store; magento2.store_website,3
configuracao de loja,configuracao de lojas magento,1,magento2.eav_entity_store,1
configuracao de loja,configuracao de paginas por loja,1,magento2.cms_page_store,1
configuracao de loja,configuracao de precos por loja,1,magento2.catalog_product_bundle_selection_price,1
configuracao de loja,configuracao de vendas,1,magento2.cataloginventory_stock_item,1
configuracao de loja,configuracao por loja,3,magento2.checkout_agreement_store; magento2.googleoptimizer_code; magento2.sitemap,3
configuracao de loja,configuracoes de loja,1,magento2.core_variable,1
configuracao de loja,configuracoes de loja padrao,1,magento2.catalog_product_entity_decimal,1
configuracao de loja,configuracoes de loja para opcoes,1,magento2.catalog_product_option_title,1
tipo de entidade,associacao de entidades,2,magento2.eav_form_type_entity,1
tipo de entidade,classificacao de entidades,1,magento2.rating_entity,1
tipo de entidade,codigo de entidade,1,magento2.review_entity,1
tipo de entidade,comportamento de entidade,1,magento2.importexport_importdata,1
tipo de entidade,configuracao de entidades,1,magento2.eav_entity_attribute,1
tipo de entidade,entidade de avaliacao,1,magento2.rating_entity,1
tipo de entidade,entidade de endereco,1,magento2.customer_address_entity_text,1
tipo de entidade,entidade de entidade,1,magento2.eav_entity,1
tipo de entidade,entidade de importacao,2,magento2.importexport_importdata,1
tipo de entidade,entidade de rating,1,magento2.rating_entity,1
tipo de entidade,entidade de revisao,1,magento2.review_entity,1
tipo de entidade,entidades de tipo,1,magento2.eav_form_type_entity,1
tipo de entidade,entidades revisadas,1,magento2.review,1
tipo de entidade,gerenciamento de sequencias de entidades,1,magento2.eav_entity_store,1
tipo de entidade,gestao de entidades,1,magento2.customer_address_entity,1
tipo de entidade,identificacao de entidade,3,magento2.customer_address_entity_varchar; magento2.eav_entity_int; magento2.eav_entity_text,3
tipo de entidade,relacionamento de entidades,2,magento2.eav_entity_datetime; magento2.eav_entity_decimal,2
tipo de entidade,tipo de entidade,3,magento2.eav_attribute_set; magento2.eav_entity; magento2.eav_entity_store,3
tipo de entidade,tipos de entidade,5,magento2.eav_attribute_set; magento2.eav_entity; magento2.eav_entity_type; magento2.eav_form_type_entity,4
tipo de entidade,tipos de entidade de review,1,magento2.review_entity,1
tipo de entidade,tipos de entidade de vendas,1,magento2.eav_entity_type,1
tipo de entidade,valores de entidade,2,magento2.catalog_category_entity_int; magento2.customer_entity_int,2
tipo de entidade,valores por entidade,3,magento2.eav_entity_decimal; magento2.eav_entity_int; magento2.eav_entity_varchar,3
preco por site,preco de itens de pacote,1,magento2.catalog_product_bundle_selection,1
preco por site,preco de link por site,1,magento2.downloadable_link_price,1
preco por site,preco de selecao,1,magento2.catalog_product_bundle_selection_price,1
preco por site,preco de selecao de bundle,1,magento2.catalog_product_bundle_selection_price,1
preco por site,preco especial,1,magento2.catalog_product_index_price_bundle_tmp,1
preco por site,preco fixo ou percentual,1,magento2.catalog_product_option_price,1
preco por site,preco por quantidade,2,magento2.catalog_product_entity_tier_price,1
preco por site,preco por regra,1,magento2.catalogrule_product_price,1
preco por site,preco por site,2,magento2.catalog_product_entity_group_price; magento2.catalog_product_entity_tier_price,2
preco por site,preco por website,7,magento2.catalog_product_bundle_selection_price; magento2.catalog_product_index_group_price; magento2.catalog_product_index_price_bundle_idx; magento2.catalog_product_index_price_tmp; magento2.catalog_product_index_tier_price; magento2.catalog_product_super_attribute_pricing; magento2.catalogrule_product_price,7
preco por site,precos de bundle,1,magento2.catalog_product_bundle_selection,1
preco por site,precos de selecao,1,magento2.catalog_product_bundle_selection,1
preco por site,precos por quantidade,1,magento2.catalog_product_entity_tier_price,1
preco por site,precos por site,3,magento2.catalog_product_index_price; magento2.catalog_product_index_price_final_idx; magento2.catalog_product_index_price_opt_idx,3
preco por site,precos por website,10,magento2.catalog_product_bundle_price_index; magento2.catalog_product_index_price_bundle_opt_tmp; magento2.catalog_product_index_price_bundle_sel_tmp; magento2.catalog_product_index_price_bundle_tmp; magento2.catalog_product_index_price_cfg_opt_idx; magento2.catalog_product_index_price_cfg_opt_tmp; magento2.catalog_product_index_price_final_tmp; magento2.catalog_product_index_price_opt_agr_idx; magento2.catalog_product_index_price_opt_agr_tmp; magento2.catalog_product_index_price_opt_tmp,10
preco por site,tipo de preco de selecao,1,magento2.catalog_product_bundle_selection_price,1
preco por site,tipo de preco fixo,2,magento2.catalog_product_option_type_price,1
categorias de produtos,arvore de categorias,1,magento2.catalog_category_entity,1
categorias de produtos,associacao categoria-produto,1,magento2.catalog_category_product,1
categorias de produtos,associacao de categorias,1,magento2.catalog_url_rewrite_product_category,1
categorias de produtos,associacao de produtos a categorias,1,magento2.catalog_category_product,1
categorias de produtos,categorias de classificacao,2,magento2.rating; magento2.rating_entity,2
categorias de produtos,categorias de loja,1,magento2.catalog_category_entity_decimal,1
categorias de produtos,categorias de produto,1,magento2.catalog_product_link_type,1
categorias de produtos,categorias de produtos,7,magento2.catalog_category_entity_varchar; magento2.catalog_category_product; magento2.catalog_category_product_index; magento2.catalog_category_product_index_tmp; magento2.catalog_url_rewrite_product_category; magento2.googleshopping_types; magento2.store_group,7
categorias de produtos,categorias de relacao entre produtos,1,magento2.catalog_product_link_type,1
categorias de produtos,categorias por loja,1,magento2.catalog_category_entity_datetime,1
categorias de produtos,datas de categoria,1,magento2.catalog_category_entity_datetime,1
categorias de produtos,entidade de categoria,1,magento2.review_entity,1
categorias de produtos,estrutura de categoria,1,magento2.catalog_category_entity,1
categorias de produtos,gerenciamento de arvore de categorias,1,magento2.catalog_category_entity,1
categorias de produtos,hierarquia de categorias,2,magento2.catalog_category_entity,1
categorias de produtos,indexacao de produtos por categoria,1,magento2.catalog_category_product_index,1
categorias de produtos,indice categoria-produto,1,magento2.catalog_category_product_index_tmp,1
categorias de produtos,mapeamento de categorias,1,magento2.googleshopping_types,1
categorias de produtos,mapeamento de categorias de produtos,1,magento2.googleshopping_types,1
categorias de produtos,mapeamento de produtos em categorias,1,magento2.catalog_category_product_index,1
categorias de produtos,mapeamento de produtos por categoria,1,magento2.catalog_category_product_index_tmp,1
categorias de produtos,posicionamento de produtos em categorias,3,magento2.catalog_category_product; magento2.catalog_category_product_index; magento2.catalog_category_product_index_tmp,3
categorias de produtos,posicionamento em categoria,1,magento2.catalog_category_product,1
categorias de produtos,relacao produto-categoria,1,magento2.catalog_url_rewrite_product_category,1
categorias de produtos,relacionamentos entre categorias,1,magento2.catalog_category_entity_text,1
categorias de produtos,valores decimais de categorias,1,magento2.catalog_category_entity_decimal,1
variacao por loja,analise de precos por loja,1,magento2.report_viewed_product_aggregated_monthly,1
variacao por loja,avaliacoes por loja,2,magento2.rating_store; magento2.rating_title,2
variacao por loja,contagem de reviews por loja,1,magento2.review_entity_summary,1
variacao por loja,desempenho por loja,4,magento2.sales_bestsellers_aggregated_daily; magento2.sales_bestsellers_aggregated_yearly; magento2.sales_order_aggregated_created; magento2.sales_order_aggregated_updated,4
variacao por loja,distribuicao de avaliacoes por loja,1,magento2.review_store,1
variacao por loja,distribuicao de reviews por loja,1,magento2.review_store,1
variacao por loja,indexacao por loja,1,magento2.catalog_product_index_eav_decimal_tmp,1
variacao por loja,mapeamento multi-loja de reviews,1,magento2.review_store,1
variacao por loja,metricas de loja,1,magento2.rating_option_vote_aggregated,1
variacao por loja,metricas por loja,6,magento2.sales_invoiced_aggregated; magento2.sales_invoiced_aggregated_order; magento2.sales_shipping_aggregated; magento2.sales_shipping_aggregated_order; magento2.tax_order_aggregated_created; magento2.tax_order_aggregated_updated,6
variacao por loja,publicacao por loja,1,magento2.googleshopping_items,1
variacao por loja,titulos de opcoes por loja,1,magento2.catalog_product_bundle_option_value,1
variacao por loja,traducao de opcoes por loja,1,magento2.eav_attribute_option_value,1
variacao por loja,traducao de rotulos por loja,1,magento2.eav_form_fieldset_label,1
variacao por loja,traducao de status por loja,1,magento2.sales_order_status_label,1
variacao por loja,valores de atributos por loja,2,magento2.catalog_category_entity_text; magento2.catalog_product_index_eav_idx,2
variacao por loja,valores de variaveis por loja,1,magento2.core_variable_value,1
variacao por loja,valores decimais em lojas,1,magento2.eav_entity_decimal,1
variacao por loja,variacao de precos por loja,2,magento2.catalog_product_bundle_price_index; magento2.catalog_product_super_attribute_pricing,2
variacao por loja,variacao por loja,1,magento2.catalog_product_option_type_title,1
variacao por loja,visibilidade por loja,1,magento2.catalog_category_product_index_tmp,1
envio de newsletter,assinantes de email,1,magento2.newsletter_queue_link,1
envio de newsletter,assinatura de newsletter,2,magento2.newsletter_subscriber,1
envio de newsletter,assinaturas de newsletter,1,magento2.newsletter_subscriber,1
envio de newsletter,distribuicao de newsletter,1,magento2.newsletter_queue_store_link,1
envio de newsletter,envio de boletins,1,magento2.newsletter_queue_link,1
envio de newsletter,envio de links,1,magento2.sendfriend_log,1
envio de newsletter,envio de newsletter,1,magento2.newsletter_queue,1
envio de newsletter,erros de newsletter,1,magento2.newsletter_problem,1
envio de newsletter,fila de envio,1,magento2.newsletter_queue,1
envio de newsletter,fila de envio de e-mails,1,magento2.newsletter_queue,1
envio de newsletter,fila de newsletter,4,magento2.newsletter_problem; magento2.newsletter_queue; magento2.newsletter_queue_link,3
envio de newsletter,fila de newsletter por loja,1,magento2.newsletter_queue_store_link,1
envio de newsletter,modelo de newsletter,2,magento2.newsletter_queue; magento2.newsletter_template,2
envio de newsletter,modelos de email,2,magento2.email_template,1
envio de newsletter,modelos de newsletter,2,magento2.newsletter_queue,1
envio de newsletter,newsletter de marketing,1,magento2.newsletter_queue_store_link,1
envio de newsletter,problemas de fila de envio,1,magento2.newsletter_problem,1
envio de newsletter,problemas de newsletter,2,magento2.newsletter_problem,1
envio de newsletter,relacionamento de fila de newsletter,1,magento2.newsletter_queue_store_link,1
envio de newsletter,template de email,2,magento2.email_template; magento2.newsletter_template,2
envio de newsletter,template de newsletter,1,magento2.newsletter_template,1
envio de newsletter,templates de newsletter,1,magento2.newsletter_template,1
regras de catalogo,associacao de catalogo,1,magento2.catalog_product_link,1
regras de catalogo,catalogo de amostras,1,magento2.downloadable_sample_title,1
regras de catalogo,catalogo de downloads,1,magento2.downloadable_link_title,1
regras de catalogo,categorias de catalogo,1,magento2.catalog_category_entity_int,1
regras de catalogo,condicoes de catalogo,1,magento2.catalogrule,1
regras de catalogo,configuracao de catalogo,2,magento2.catalog_eav_attribute; magento2.catalogrule_website,2
regras de catalogo,dados de indexacao de catalogo,1,magento2.catalog_product_index_website,1
regras de catalogo,estrutura de catalogo,2,magento2.catalog_category_entity; magento2.catalog_category_entity_varchar,2
regras de catalogo,galeria de midia de catalogo,2,magento2.catalog_product_entity_gallery; magento2.catalog_product_entity_media_gallery,2
regras de catalogo,indexacao de catalogo,1,magento2.indexer_state,1
regras de catalogo,mapeamento de catalogo,2,magento2.catalog_category_product; magento2.catalog_product_website,2
regras de catalogo,mapeamento de links de catalogo,1,magento2.catalog_product_link_type,1
regras de catalogo,mapeamento de opcoes de catalogo,1,magento2.catalog_product_option_title,1
regras de catalogo,mapeamento de regras de catalogo,1,magento2.catalogrule_group_website,1
regras de catalogo,produtos afetados por regras de catalogo,1,magento2.catalogrule_affected_product,1
regras de catalogo,regras de catalogo,6,magento2.catalogrule; magento2.catalogrule_affected_product; magento2.catalogrule_customer_group; magento2.core_flag,4
regras de catalogo,regras de catalogo por grupo,1,magento2.catalogrule_group_website,1
regras de catalogo,regras de catalogo por grupo de clientes,1,magento2.catalogrule_customer_group,1
regras de catalogo,regras de catalogo por site,2,magento2.catalogrule_group_website; magento2.catalogrule_website,2
regras de catalogo,rotulos de opcoes de catalogo,1,magento2.catalog_product_option_title,1
regras de catalogo,tipos de entidade de catalogo,1,magento2.eav_entity_type,1
identificacao de loja,cadastro de loja,1,magento2.catalog_product_entity_varchar,1
identificacao de loja,catalogo de loja,1,magento2.googleshopping_items,1
identificacao de loja,etiqueta de loja,1,magento2.sales_order_status_label,1
identificacao de loja,eventos de loja,1,magento2.report_event,1
identificacao de loja,grupo de loja,1,magento2.store,1
identificacao de loja,identificacao de loja,4,magento2.customer_entity; magento2.downloadable_sample_title; magento2.sales_order_status_label; magento2.salesrule_label,4
identificacao de loja,identificacao de lojas,2,magento2.downloadable_link_title; magento2.rating_title,2
identificacao de loja,identificadores de loja,1,magento2.catalog_product_bundle_option_value,1
identificacao de loja,labels de loja,1,magento2.salesrule_label,1
identificacao de loja,localizacao de loja,1,magento2.eav_attribute_label,1
identificacao de loja,log de loja,1,magento2.log_summary,1
identificacao de loja,loja de comercio,1,magento2.sales_order_status_label,1
identificacao de loja,loja padrao,1,magento2.catalog_product_entity_datetime,1
identificacao de loja,opcoes de loja,1,magento2.eav_attribute_option_value,1
identificacao de loja,preferencias por loja,1,magento2.wishlist_item,1
identificacao de loja,registro por loja,1,magento2.report_event,1
identificacao de loja,relatorio de loja,1,magento2.report_compared_product_index,1
identificacao de loja,sessoes de loja,1,magento2.log_customer,1
identificacao de loja,testes a/b de loja,1,magento2.googleoptimizer_code,1
identificacao de loja,traducao de loja,1,magento2.eav_attribute_label,1
identificacao de loja,valores de loja,3,magento2.catalog_product_index_eav_idx; magento2.core_variable_value; magento2.eav_attribute_option_value,3
identificacao de loja,valores de loja padrao,1,magento2.catalog_product_super_attribute_label,1
identificacao de loja,visitas a lojas,1,magento2.report_compared_product_index,1
identificacao de loja,votos por loja,1,magento2.rating_option_vote_aggregated,1
conteudo de tema,alteracoes de tema,1,magento2.vde_theme_change,1
conteudo de tema,arquitetura de temas,1,magento2.core_theme_file,1
conteudo de tema,arquivos de tema,1,magento2.core_theme_file,1
conteudo de tema,conteudo de acordo,1,magento2.checkout_agreement,1
conteudo de tema,conteudo de contrato,1,magento2.checkout_agreement,1
conteudo de tema,conteudo de e-mail,1,magento2.newsletter_template,1
conteudo de tema,conteudo de email,1,magento2.email_template,1
conteudo de tema,conteudo de landing pages,1,magento2.cms_block,1
conteudo de tema,conteudo de mensagem,1,magento2.gift_message,1
conteudo de tema,conteudo de reviews,1,magento2.review_detail,1
conteudo de tema,conteudo de tema,1,magento2.core_theme_file,1
conteudo de tema,conteudo de variaveis,1,magento2.core_variable_value,1
conteudo de tema,conteudo institucional,1,magento2.cms_page,1
conteudo de tema,estrutura de temas magento,2,magento2.core_theme; magento2.core_theme_file,2
conteudo de tema,hierarquia de temas,2,magento2.core_theme,1
conteudo de tema,historico de temas,2,magento2.vde_theme_change,1
conteudo de tema,mapeamento de temas,1,magento2.core_layout_link,1
conteudo de tema,mudanca de tema,1,magento2.vde_theme_change,1
conteudo de tema,mudancas de tema,1,magento2.vde_theme_change,1
conteudo de tema,temas de design,2,magento2.core_layout_link; magento2.core_theme,2
conteudo de tema,temas de interface,1,magento2.core_theme,1
conteudo de tema,temas do magento,1,magento2.vde_theme_change,1
conteudo de tema,temas visuais,2,magento2.core_theme_file; magento2.widget_instance,2
conteudo de tema,versao de tema,1,magento2.core_theme,1
taxas de envio,comentarios de envio,1,magento2.sales_shipment_comment,1
taxas de envio,comentarios de remessa,2,magento2.sales_shipment_comment,1
taxas de envio,condicoes de entrega,1,magento2.shipping_tablerate,1
taxas de envio,detalhes de remessa,1,magento2.sales_shipment,1
taxas de envio,endereco de entrega,1,magento2.sales_quote_address,1
taxas de envio,grade de remessas,1,magento2.sales_shipment_grid,1
taxas de envio,informacoes de entrega,1,magento2.sales_quote_shipping_rate,1
taxas de envio,itens de remessa,4,magento2.sales_shipment_item; magento2.sales_shipment_track,2
taxas de envio,logistica de entregas,1,magento2.sales_shipment_track,1
taxas de envio,logistica de envio,1,magento2.sales_shipment,1
taxas de envio,logistica de remessas,1,magento2.sales_shipment_grid,1
taxas de envio,metodos de entrega,1,magento2.sales_quote_shipping_rate,1
taxas de envio,metodos de envio,2,magento2.sales_quote_address; magento2.sales_quote_shipping_rate,2
taxas de envio,precos de envio,1,magento2.sales_quote_shipping_rate,1
taxas de envio,regioes de entrega,2,magento2.shipping_tablerate,1
taxas de envio,status de envio,3,magento2.sales_shipment; magento2.sales_shipment_grid,2
taxas de envio,status de envios,1,magento2.sales_shipment_grid,1
taxas de envio,status de remessa,1,magento2.sales_shipment_grid,1
taxas de envio,taxa de envio,1,magento2.sales_quote_shipping_rate,1
taxas de envio,taxas de envio,1,magento2.shipping_tablerate,1
taxas de envio,transportadoras de envio,1,magento2.sales_shipment_track,1
gerenciamento de arquivos,gerenciamento de arquivos,1,magento2.core_theme_file,1
gerenciamento de arquivos,gerenciamento de assinaturas,1,magento2.newsletter_queue_store_link,1
gerenciamento de arquivos,gerenciamento de cache,2,magento2.core_cache_tag,1
gerenciamento de arquivos,gerenciamento de conteudo,1,magento2.cms_page,1
gerenciamento de arquivos,gerenciamento de downloads,2,magento2.downloadable_link; magento2.downloadable_link_purchased_item,2
gerenciamento de arquivos,gerenciamento de links de download,2,magento2.downloadable_link; magento2.downloadable_link_purchased,2
gerenciamento de arquivos,gerenciamento de metadados,1,magento2.eav_attribute_label,1
gerenciamento de arquivos,gerenciamento de midia de produtos,1,magento2.catalog_product_entity_media_gallery_value,1
gerenciamento de arquivos,gerenciamento de newsletter,2,magento2.newsletter_queue; magento2.newsletter_queue_link,2
gerenciamento de arquivos,gerenciamento de newsletters,2,magento2.newsletter_queue; magento2.newsletter_queue_link,2
gerenciamento de arquivos,gerenciamento de redirecionamentos,1,magento2.url_rewrite,1
gerenciamento de arquivos,gerenciamento de sessoes,2,magento2.core_session,1
gerenciamento de arquivos,gerenciamento de sessoes por site,1,magento2.persistent_session,1
gerenciamento de arquivos,gerenciamento de temas,2,magento2.core_theme; magento2.vde_theme_change,2
gerenciamento de arquivos,gerenciamento de usuarios,1,magento2.admin_user,1
gerenciamento de arquivos,gerenciamento de versao,1,magento2.mview_state,1
gerenciamento de arquivos,gestao de blocos,1,magento2.cms_block_store,1
gerenciamento de arquivos,gestao de conteudo,1,magento2.cms_page_store,1
gerenciamento de arquivos,gestao de downloads,1,magento2.downloadable_link_purchased_item,1
gerenciamento de arquivos,gestao de permissoes,1,magento2.oauth_token,1
gerenciamento de arquivos,gestao de usuarios,1,magento2.admin_user,1
gerenciamento de arquivos,gestao de versoes,1,magento2.core_resource,1
conversao de moedas,cambio entre moedas,1,magento2.directory_currency_rate,1
conversao de moedas,codigos de moeda,1,magento2.sales_invoice_grid,1
conversao de moedas,conversao de moeda,1,magento2.directory_currency_rate,1
conversao de moedas,conversao de moedas,1,magento2.directory_currency_rate,1
conversao de moedas,conversao monetaria,1,magento2.directory_currency_rate,1
conversao de moedas,endereco de cotacao,2,magento2.sales_quote_address; magento2.sales_quote_address_item,2
conversao de moedas,enderecos de cotacao,2,magento2.sales_quote_address; magento2.sales_quote_shipping_rate,2
conversao de moedas,itens de cotacao,3,magento2.sales_quote_address_item; magento2.sales_quote_item,2
conversao de moedas,log de cotacoes,2,magento2.log_quote,1
conversao de moedas,moedas,1,magento2.directory_currency_rate,1
conversao de moedas,moedas de transacao,1,magento2.sales_creditmemo_grid,1
conversao de moedas,pagamento de cotacao,1,magento2.sales_quote_payment,1
conversao de moedas,precificacao dinamica de opcoes,1,magento2.catalog_product_index_price_bundle_opt_tmp,1
conversao de moedas,quantidades e valores,1,magento2.sales_order_item,1
conversao de moedas,registro de cotacoes,1,magento2.log_quote,1
conversao de moedas,taxa de cambio,1,magento2.directory_currency_rate,1
conversao de moedas,taxa de conversao,2,magento2.catalog_product_index_website,1
conversao de moedas,taxas de cambio,2,magento2.directory_currency_rate,1
conversao de moedas,taxas de conversao por site,1,magento2.catalog_product_index_website,1
conversao de moedas,taxas de transacao,1,magento2.sales_order_tax_item,1
conversao de moedas,tempo de cotacao,1,magento2.log_quote,1
armazenamento de dados,armazenamento chave-valor,1,magento2.core_config_data,1
armazenamento de dados,armazenamento de arquivos,1,magento2.sitemap,1
armazenamento de dados,armazenamento de atributos datetime,1,magento2.eav_entity_datetime,1
armazenamento de dados,armazenamento de cache,2,magento2.core_cache,1
armazenamento de dados,armazenamento de dados,1,magento2.eav_entity,1
armazenamento de dados,armazenamento de dados de atributos numericos,1,magento2.catalog_product_index_eav_decimal_idx,1
armazenamento de dados,armazenamento de dados eav,2,magento2.customer_entity_text; magento2.eav_entity_varchar,2
armazenamento de dados,armazenamento de dados numericos,1,magento2.catalog_category_entity_decimal,1
armazenamento de dados,armazenamento de sessao,1,magento2.core_cache,1
armazenamento de dados,armazenamento de tokens de autenticacao,1,magento2.persistent_session,1
armazenamento de dados,armazenamento de valores,1,magento2.core_config_data,1
armazenamento de dados,armazenamento de valores temporais,1,magento2.eav_entity_datetime,1
armazenamento de dados,armazenamento eav,1,magento2.eav_entity_text,1
armazenamento de dados,cache de aplicacao,1,magento2.core_cache,1
armazenamento de dados,cache de dados,1,magento2.core_cache,1
armazenamento de dados,estrutura de dados,2,magento2.checkout_agreement_store; magento2.importexport_importdata,2
armazenamento de dados,estrutura de dados geografico,1,magento2.directory_country_format,1
armazenamento de dados,importacao de dados,3,magento2.importexport_importdata,1
armazenamento de dados,integracao de dados,1,magento2.core_variable_value,1
armazenamento de dados,sincronizacao de dados,1,magento2.mview_state,1
identificacao de regioes,codigos de regiao,1,magento2.directory_country_region,1
identificacao de regioes,codigos de regioes,1,magento2.directory_country_region,1
identificacao de regioes,codigos de subdivisao,1,magento2.directory_country_region,1
identificacao de regioes,formato de endereco por pais,1,magento2.directory_country_format,1
identificacao de regioes,identificacao de paises,1,magento2.directory_country,1
identificacao de regioes,identificacao de regioes,1,magento2.directory_country_region_name,1
identificacao de regioes,identificacao de regras,1,magento2.salesrule_label,1
identificacao de regioes,identificacao de variaveis,1,magento2.core_variable,1
identificacao de regioes,identificacao geografica,1,magento2.directory_country,1
identificacao de regioes,localizacao de strings,1,magento2.translation,1
identificacao de regioes,localizacao geografica,2,magento2.directory_country_region_name,1
identificacao de regioes,localizacao regional,1,magento2.directory_country_region_name,1
identificacao de regioes,nomes de regioes,4,magento2.directory_country_region; magento2.directory_country_region_name,2
identificacao de regioes,nomes de regioes administrativas,1,magento2.directory_country_region,1
identificacao de regioes,padrao de formatacao de localizacao,1,magento2.directory_country_format,1
identificacao de regioes,padroes iso de paises,1,magento2.directory_country,1
identificacao de regioes,pais e formato,1,magento2.directory_country_format,1
identificacao de regioes,regioes geograficas,1,magento2.directory_country_region,1
identificacao de regioes,regioes por pais,1,magento2.directory_country_region,1
identificacao de regioes,subdivisoes administrativas,1,magento2.directory_country_region,1
status de indexacao,estado de indexacao,1,magento2.indexer_state,1
status de indexacao,indice de disponibilidade,1,magento2.catalog_product_bundle_stock_index,1
status de indexacao,popularidade de termos,2,magento2.search_query,1
status de indexacao,status de atualizacao,2,magento2.mview_state,1
status de indexacao,status de disponibilidade,6,magento2.catalog_product_bundle_stock_index; magento2.cataloginventory_stock_status; magento2.cataloginventory_stock_status_idx,3
status de indexacao,status de execucao,2,magento2.cron_schedule,1
status de indexacao,status de imagens,1,magento2.catalog_product_entity_media_gallery_value,1
status de indexacao,status de indexacao,2,magento2.indexer_state,1
status de indexacao,status de leitura,1,magento2.adminnotification_inbox,1
status de indexacao,status de revisao,5,magento2.review; magento2.review_status,2
status de indexacao,tempo de criacao,1,magento2.log_quote,1
uso de cupons,analise de cupons de desconto,1,magento2.salesrule_coupon_aggregated,1
uso de cupons,analise de descontos,1,magento2.salesrule_coupon_aggregated_order,1
uso de cupons,analise de periodos promocionais,1,magento2.salesrule_coupon_aggregated_order,1
uso de cupons,configuracoes de cupons,1,magento2.salesrule,1
uso de cupons,cupons de desconto,2,magento2.salesrule_coupon,1
uso de cupons,descontos aplicados,2,magento2.salesrule_coupon_aggregated; magento2.salesrule_coupon_aggregated_order,2
uso de cupons,descontos por item,1,magento2.sales_invoice_item,1
uso de cupons,gestao de cupons,1,magento2.salesrule,1
uso de cupons,gestao de descontos,2,magento2.sales_invoice_item; magento2.sales_quote_address_item,2
uso de cupons,promocoes por website,1,magento2.catalogrule_website,1
uso de cupons,uso de cupons,6,magento2.salesrule_coupon; magento2.salesrule_coupon_aggregated; magento2.salesrule_coupon_aggregated_updated; magento2.salesrule_coupon_usage; magento2.salesrule_customer,5
uso de cupons,uso de cupons por cliente,1,magento2.salesrule_coupon_usage,1
uso de cupons,uso de cupons promocionais por cliente,1,magento2.salesrule_customer,1
uso de cupons,vendas com cupons,2,magento2.salesrule_coupon_aggregated_order; magento2.salesrule_coupon_aggregated_updated,2
associacao de loja,agrupamento de lojas,1,magento2.store_group,1
associacao de loja,associacao de loja,4,magento2.checkout_agreement_store; magento2.eav_entity_varchar; magento2.googleoptimizer_code; magento2.newsletter_queue_store_link,4
associacao de loja,associacao de lojas,5,magento2.catalogrule_website; magento2.cms_block_store; magento2.rating_store; magento2.review_store; magento2.tax_calculation_rate_title,5
associacao de loja,associar loja,1,magento2.design_change,1
associacao de loja,entidade de loja,1,magento2.eav_entity_store,1
associacao de loja,grupo de lojas,1,magento2.store_group,1
associacao de loja,links por loja,1,magento2.downloadable_link_title,1
associacao de loja,loja associada,1,magento2.newsletter_subscriber,1
associacao de loja,relacionamento de loja,1,magento2.report_event,1
associacao de loja,vinculacao de loja a fila,1,magento2.newsletter_queue_store_link,1
associacao de loja,vinculacao de lojas a acordos,1,magento2.checkout_agreement_store,1
associacao de loja,vinculo acordo-loja,1,magento2.checkout_agreement_store,1
associacao de loja,vinculo com loja,1,magento2.eav_entity,1
status de avaliacoes,agregacao de avaliacoes,1,magento2.rating_option_vote_aggregated,1
status de avaliacoes,avaliacao de qualidade,1,magento2.rating,1
status de avaliacoes,avaliacao por estrelas,1,magento2.rating_option_vote,1
status de avaliacoes,classificacao de avaliacoes,1,magento2.review_status,1
status de avaliacoes,classificacao de reviews,1,magento2.review_entity,1
status de avaliacoes,contagem de reviews,1,magento2.review_entity_summary,1
status de avaliacoes,contagem de revisoes,1,magento2.review_entity_summary,1
status de avaliacoes,escalas de pontuacao,1,magento2.rating_option,1
status de avaliacoes,estrutura de avaliacoes,1,magento2.review_entity,1
status de avaliacoes,metricas de revisao,1,magento2.rating_option_vote,1
status de avaliacoes,moderacao de reviews,1,magento2.review_status,1
status de avaliacoes,opcoes de avaliacao,2,magento2.rating_option,1
status de avaliacoes,percentual aprovado,1,magento2.rating_option_vote_aggregated,1
status de avaliacoes,resumo de avaliacoes,1,magento2.review_entity_summary,1
status de avaliacoes,status de avaliacoes,1,magento2.review_status,1
status de avaliacoes,tipos de avaliacao,1,magento2.rating_entity,1
status de avaliacoes,titulos de avaliacao,2,magento2.rating_title,1
valores de configuracao,configuracao de acordos,1,magento2.checkout_agreement,1
valores de configuracao,configuracao de avaliacao,2,magento2.rating; magento2.rating_option,2
valores de configuracao,configuracao de avaliacoes,1,magento2.rating_store,1
valores de configuracao,configuracao de endpoints,2,magento2.integration,1
valores de configuracao,configuracao de escopo,1,magento2.core_config_data,1
valores de configuracao,configuracao de pacotes,1,magento2.catalog_product_bundle_option,1
valores de configuracao,configuracao de paises-alvo,1,magento2.googleshopping_types,1
valores de configuracao,configuracao de ratings,2,magento2.rating_option; magento2.rating_title,2
valores de configuracao,configuracao de termos de servico,1,magento2.checkout_agreement_store,1
valores de configuracao,configuracoes de pacotes,1,magento2.catalog_product_index_price_bundle_sel_tmp,1
valores de configuracao,dados de configuracao,1,magento2.core_config_data,1
valores de configuracao,escopo de configuracao,1,magento2.core_config_data,1
valores de configuracao,indice de configuracao,1,magento2.catalog_product_index_price_cfg_opt_idx,1
valores de configuracao,valores de configuracao,1,magento2.core_variable_value,1
valores de configuracao,variaveis de configuracao,2,magento2.core_variable; magento2.core_variable_value,2
itens de lista de desejos,disponibilidade de itens,1,magento2.cataloginventory_stock_item,1
itens de lista de desejos,itens comprados,2,magento2.downloadable_link_purchased_item,1
itens de lista de desejos,itens de lista de compras,1,magento2.wishlist_item,1
itens de lista de desejos,itens de lista de desejos,3,magento2.catalog_compare_item; magento2.wishlist_item; magento2.wishlist_item_option,3
itens de lista de desejos,lista de desejos,2,magento2.wishlist; magento2.wishlist_item,2
itens de lista de desejos,opcoes de produtos em pedidos,1,magento2.sales_quote_item_option,1
itens de lista de desejos,quantidade de itens,1,magento2.wishlist_item,1
itens de lista de desejos,quantidade disponivel,2,magento2.cataloginventory_stock_status_tmp,1
itens de lista de desejos,quantidade em estoque,6,magento2.cataloginventory_stock_status; magento2.cataloginventory_stock_status_idx,2
rastreamento de envio,agregacao de envios,1,magento2.sales_shipping_aggregated_order,1
rastreamento de envio,comunicacao entre remetente e destinatario,1,magento2.gift_message,1
rastreamento de envio,controle temporal de envios,1,magento2.sendfriend_log,1
rastreamento de envio,envio para assinantes,1,magento2.newsletter_queue_link,1
rastreamento de envio,informacoes de transporte,1,magento2.sales_shipment_track,1
rastreamento de envio,mensagens de presente,3,magento2.gift_message,1
rastreamento de envio,processamento de remessas,1,magento2.sales_shipment,1
rastreamento de envio,rastreamento de envio,1,magento2.newsletter_queue_link,1
rastreamento de envio,rastreamento de envios,1,magento2.newsletter_queue_link,1
rastreamento de envio,rastreamento de produtos,1,magento2.product_alert_stock,1
rastreamento de envio,rastreamento de remessas,4,magento2.sales_shipment; magento2.sales_shipment_track,2
rastreamento de envio,remetente de campanha,1,magento2.newsletter_template,1
rastreamento de envio,remetente e destinatario,1,magento2.gift_message,1
atributos por loja,atributos de cliente por site,1,magento2.customer_eav_attribute_website,1
atributos por loja,atributos de data de clientes,2,magento2.customer_entity_datetime,1
atributos por loja,atributos de entidade,11,magento2.eav_attribute; magento2.eav_entity_attribute; magento2.eav_entity_datetime; magento2.eav_entity_decimal; magento2.eav_entity_int; magento2.eav_entity_text; magento2.eav_entity_varchar,7
atributos por loja,atributos por loja,3,magento2.catalog_product_index_eav; magento2.catalog_product_index_eav_tmp; magento2.eav_attribute_label,3
atributos por loja,super atributos,1,magento2.catalog_product_super_attribute,1
ordenacao de itens,hierarquia de transacoes,1,magento2.sales_payment_transaction,1
ordenacao de itens,ordem de exibicao,1,magento2.eav_attribute_option,1
ordenacao de itens,ordem de exibicao de opcao,1,magento2.catalog_product_option_type_value,1
ordenacao de itens,ordenacao de atualizacao,1,magento2.core_layout_update,1
ordenacao de itens,ordenacao de campos,2,magento2.eav_form_element; magento2.eav_form_fieldset,2
ordenacao de itens,ordenacao de elementos,2,magento2.core_layout_update; magento2.eav_form_element,2
ordenacao de itens,ordenacao de fieldsets,1,magento2.eav_form_fieldset,1
ordenacao de itens,ordenacao de grupos,1,magento2.eav_entity_attribute,1
ordenacao de itens,ordenacao de itens,1,magento2.eav_attribute_option,1
ordenacao de itens,ordenacao de layout,1,magento2.core_layout_update,1
ordenacao de itens,ordenacao de midia,1,magento2.downloadable_sample,1
ordenacao de itens,ordenacao de opcoes,2,magento2.catalog_product_option_type_value; magento2.eav_attribute_option,2
ordenacao de itens,ordenacao de widgets,1,magento2.widget_instance,1
ordenacao de itens,organizacao de conjuntos,1,magento2.eav_attribute_group,1
ordenacao de itens,prioridade de exibicao,1,magento2.store_website,1
rastreamento de visitantes,identificacao de visitantes,2,magento2.customer_visitor; magento2.log_quote,2
rastreamento de visitantes,rastreamento de acesso,1,magento2.log_visitor_online,1
rastreamento de visitantes,rastreamento de acessos,1,magento2.log_url_info,1
rastreamento de visitantes,rastreamento de eventos de cliente,1,magento2.report_event_types,1
rastreamento de visitantes,rastreamento de interacoes,1,magento2.report_event,1
rastreamento de visitantes,rastreamento de ip,1,magento2.sendfriend_log,1
rastreamento de visitantes,rastreamento de urls,1,magento2.log_url_info,1
rastreamento de visitantes,rastreamento de visitantes,8,magento2.customer_visitor; magento2.log_quote; magento2.log_url; magento2.log_visitor; magento2.log_visitor_info; magento2.log_visitor_online,6
rastreamento de visitantes,rastreamento de visitas,1,magento2.log_url,1
rastreamento de visitantes,tipos de eventos de rastreamento,1,magento2.report_event_types,1
registro de visitas,log de captcha,1,magento2.captcha_log,1
registro de visitas,log de visitas,1,magento2.log_summary,1
registro de visitas,logs de alerta,1,magento2.admin_system_messages,1
registro de visitas,logs de urls,1,magento2.log_url,1
registro de visitas,periodos de registro,1,magento2.log_summary_type,1
registro de visitas,registro de captcha,1,magento2.captcha_log,1
registro de visitas,registro de envio por ip,1,magento2.sendfriend_log,1
registro de visitas,registro de eventos,1,magento2.admin_system_messages,1
registro de visitas,registro de feedback,1,magento2.review,1
registro de visitas,registro de login,1,magento2.log_customer,1
registro de visitas,registro de logs,1,magento2.sendfriend_log,1
registro de visitas,registro de urls,2,magento2.log_url_info,1
registro de visitas,registro de visitantes,1,magento2.log_visitor,1
registro de visitas,registro de visitas,2,magento2.log_url,1
registro de visitas,registro temporal,1,magento2.admin_system_messages,1
registro de visitas,visitas de usuarios,1,magento2.log_visitor,1
opcoes de produto,componentes de produtos (hardware),1,magento2.catalog_product_bundle_option_value,1
opcoes de produto,condicoes de produto,1,magento2.catalogrule,1
opcoes de produto,opcoes de produto,9,magento2.catalog_product_bundle_option; magento2.catalog_product_bundle_option_value; magento2.catalog_product_option; magento2.catalog_product_option_title; magento2.catalog_product_option_type_title; magento2.catalog_product_option_type_value,6
opcoes de produto,opcoes de produtos,5,magento2.catalog_product_bundle_option; magento2.catalog_product_bundle_selection; magento2.catalog_product_index_price_bundle_sel_idx; magento2.catalog_product_index_price_bundle_sel_tmp; magento2.catalog_product_option_price,5
opcoes de produto,personalizacao de produto em cotacao,1,magento2.sales_quote_item_option,1
metadados eav,indice eav decimal,3,magento2.catalog_product_index_eav_decimal; magento2.catalog_product_index_eav_decimal_idx; magento2.catalog_product_index_eav_decimal_tmp,3
metadados eav,metadados de e-commerce,1,magento2.catalog_eav_attribute,1
metadados eav,metadados de entidades de clientes,1,magento2.customer_entity_datetime,1
metadados eav,metadados de loja,1,magento2.catalog_category_entity_datetime,1
metadados eav,metadados eav,1,magento2.customer_address_entity_datetime,1
metadados eav,valores datetime eav,1,magento2.catalog_category_entity_datetime,1
metadados eav,valores de data,3,magento2.catalog_category_entity_datetime; magento2.catalog_product_entity_datetime; magento2.eav_entity_datetime,3
metadados eav,valores eav,3,magento2.customer_entity_int; magento2.customer_entity_text; magento2.customer_entity_varchar,3
metadados eav,valores eav de clientes,2,magento2.customer_entity_datetime; magento2.customer_entity_decimal,2
metadados eav,valores varchar de endereco,1,magento2.customer_address_entity_varchar,1
faturamento de pedidos,analise financeira de pedidos,1,magento2.sales_order_grid,1
faturamento de pedidos,conversao de pedidos,1,magento2.sales_quote,1
faturamento de pedidos,faturamento de pedidos,10,magento2.sales_creditmemo; magento2.sales_invoice; magento2.sales_invoice_comment; magento2.sales_invoice_grid; magento2.sales_invoiced_aggregated; magento2.sales_invoiced_aggregated_order; magento2.sales_order_grid; magento2.sales_shipment_grid,8
faturamento de pedidos,fluxo de pedidos,1,magento2.sales_order_status,1
faturamento de pedidos,lucro liquido de pedidos,1,magento2.sales_order_aggregated_created,1
faturamento de pedidos,vendas de pedidos,2,magento2.sales_order; magento2.sales_order_grid,2
relacionamento de atributos,atributos decimais de endereco,2,magento2.customer_address_entity_decimal,1
relacionamento de atributos,atributos decimais de vinculo,1,magento2.catalog_product_link_attribute_decimal,1
relacionamento de atributos,atributos decimais eav,1,magento2.eav_entity_decimal,1
relacionamento de atributos,definicao de dados de atributos,1,magento2.catalog_product_link_attribute,1
relacionamento de atributos,gerenciamento de atributos de data,1,magento2.eav_entity_datetime,1
relacionamento de atributos,identificacao de atributo,1,magento2.customer_form_attribute,1
relacionamento de atributos,mapeamento de atributos,3,magento2.customer_eav_attribute_website; magento2.eav_entity_attribute; magento2.googleshopping_attributes,3
relacionamento de atributos,opcoes de atributos eav,1,magento2.eav_attribute_option,1
relacionamento de atributos,ordenacao de atributos,2,magento2.eav_attribute_set; magento2.eav_entity_attribute,2
relacionamento de atributos,precificacao de atributos,1,magento2.catalog_product_super_attribute_pricing,1
relacionamento de atributos,relacionamento categoria-atributo,1,magento2.catalog_category_entity_decimal,1
relacionamento de atributos,relacionamento de atributos,1,magento2.googleshopping_attributes,1
autenticacao de usuarios,autenticacao de admin,1,magento2.admin_user,1
autenticacao de usuarios,autenticacao de administradores,1,magento2.admin_user,1
autenticacao de usuarios,autenticacao de aplicativos,1,magento2.oauth_consumer,1
autenticacao de usuarios,autenticacao de consumidor,1,magento2.oauth_nonce,1
autenticacao de usuarios,autenticacao de usuarios,4,magento2.admin_user; magento2.oauth_nonce; magento2.oauth_token,3
autenticacao de usuarios,autenticacao oauth,2,magento2.oauth_consumer; magento2.oauth_nonce,2
autenticacao de usuarios,controle de nonce oauth,1,magento2.oauth_nonce,1
autenticacao de usuarios,credenciais de acesso,1,magento2.oauth_consumer,1
autenticacao de usuarios,gerenciamento de tokens oauth,1,magento2.oauth_token,1
autenticacao de usuarios,hierarquia de usuarios,1,magento2.authorization_role,1
autenticacao de usuarios,permissoes de usuario,1,magento2.authorization_rule,1
autenticacao de usuarios,tokens de acesso,1,magento2.oauth_token,1
itens de credito,cartao de credito,1,magento2.sales_quote_payment,1
itens de credito,comentarios de fatura,3,magento2.sales_invoice_comment,1
itens de credito,dados de cartao de credito,1,magento2.sales_quote_payment,1
itens de credito,garantia estendida,1,magento2.catalog_product_option_title,1
itens de credito,informacoes de cartao de credito,1,magento2.sales_quote_payment,1
itens de credito,itens de carrinho,1,magento2.sales_quote,1
itens de credito,itens de creditmemo,1,magento2.sales_creditmemo_item,1
itens de credito,itens de credito,2,magento2.sales_creditmemo_item,1
itens de credito,itens de fatura,1,magento2.sales_invoice_item,1
itens de credito,notas de credito,3,magento2.sales_creditmemo; magento2.sales_creditmemo_grid,2
itens de credito,titulos de garantia,1,magento2.catalog_product_option_type_title,1
notificacoes de administracao,gravidade de notificacoes,1,magento2.adminnotification_inbox,1
notificacoes de administracao,informacoes de requisicao http,1,magento2.log_visitor_info,1
notificacoes de administracao,mensagens do sistema,1,magento2.admin_system_messages,1
notificacoes de administracao,notificacoes administrativas,5,magento2.adminnotification_inbox; magento2.core_flag,2
notificacoes de administracao,notificacoes de administracao,1,magento2.adminnotification_inbox,1
notificacoes de administracao,politica de privacidade,1,magento2.cms_page,1
notificacoes de administracao,severidade de mensagens,2,magento2.admin_system_messages,1
notificacoes de administracao,status de assinantes,1,magento2.newsletter_subscriber,1
notificacoes de administracao,status de assinatura,1,magento2.newsletter_subscriber,1
notificacoes de administracao,status de inscricao,1,magento2.newsletter_subscriber,1
notificacoes de administracao,termos de servico,1,magento2.checkout_agreement,1
associacao a websites,associacao a websites,1,magento2.persistent_session,1
associacao a websites,associacao de amostras,1,magento2.downloadable_sample_title,1
associacao a websites,associacao de layout,1,magento2.widget_instance_page_layout,1
associacao a websites,associacao de link,1,magento2.downloadable_link_price,1
associacao a websites,associacao de pagina,1,magento2.widget_instance_page,1
associacao a websites,associacao de paginas,1,magento2.cms_page_store,1
associacao a websites,associacao de promocoes a grupos,1,magento2.salesrule_customer_group,1
associacao a websites,associacao de regras,1,magento2.salesrule_customer_group,1
associacao a websites,associacao de websites,2,magento2.catalogrule_website; magento2.salesrule_website,2
associacao a websites,associacao produto-website,1,magento2.catalog_product_website,1
associacao a websites,associacao regra-site,1,magento2.salesrule_website,1
associacao a websites,associatividade de links,1,magento2.downloadable_link_title,1
associacao a websites,vinculo link-website,1,magento2.downloadable_link_price,1
associacao a websites,website associado,1,magento2.catalog_product_bundle_selection_price,1
status de visibilidade,auditoria de exclusao,1,magento2.log_quote,1
status de visibilidade,estado de visualizacao,2,magento2.mview_state,1
status de visibilidade,status de visibilidade,2,magento2.sales_creditmemo_comment; magento2.sales_shipment_comment,2
status de visibilidade,visibilidade de comentario,2,magento2.sales_invoice_comment; magento2.sales_shipment_comment,2
status de visibilidade,visibilidade de comentarios,5,magento2.sales_creditmemo_comment; magento2.sales_invoice_comment; magento2.sales_order_status_history; magento2.sales_shipment_comment,4
status de visibilidade,visibilidade de status,3,magento2.sales_order_status_history; magento2.sales_order_status_state,2
regras de tributacao,codigos de regras fiscais,1,magento2.tax_calculation_rule,1
regras de tributacao,prioridade de regras fiscais,1,magento2.tax_calculation_rule,1
regras de tributacao,prioridade de taxas,1,magento2.tax_calculation_rule,1
regras de tributacao,prioridade de tributacao,1,magento2.tax_calculation_rule,1
regras de tributacao,regiao fiscal,1,magento2.tax_calculation_rate,1
regras de tributacao,regioes fiscais,2,magento2.tax_calculation_rate,1
regras de tributacao,regra de calculo de impostos,1,magento2.tax_calculation_rule,1
regras de tributacao,regra de tributacao,1,magento2.tax_calculation,1
regras de tributacao,regras de calculo de imposto,1,magento2.tax_calculation_rule,1
regras de tributacao,regras de calculo de impostos,1,magento2.tax_calculation_rule,1
regras de tributacao,regras de tributacao,1,magento2.tax_calculation,1
regras de tributacao,regras fiscais por pais,1,magento2.weee_tax,1
regras de tributacao,taxas de calculo,1,magento2.tax_calculation_rate_title,1
regras de tributacao,taxas por regiao,1,magento2.tax_calculation_rate,1
tipos de widget,instancia de widget,1,magento2.widget_instance_page_layout,1
tipos de widget,instancias de widget,2,magento2.widget_instance,1
tipos de widget,instancias de widgets,1,magento2.widget_instance_page,1
tipos de widget,metadados de pagina,1,magento2.cms_page,1
tipos de widget,parametros de widget,3,magento2.widget; magento2.widget_instance,2
tipos de widget,tipos de entrada,1,magento2.catalog_product_option,1
tipos de widget,tipos de entrada frontend,1,magento2.eav_attribute,1
tipos de widget,tipos de evento,1,magento2.report_event,1
tipos de widget,tipos de widget,2,magento2.widget,1
tipos de widget,widget de instancia,1,magento2.widget_instance_page_layout,1
tipos de widget,widgets de tema,1,magento2.widget_instance,1
opcoes de item,opcoes de garantia,1,magento2.catalog_product_option_type_title,1
opcoes de item,opcoes de item,1,magento2.sales_quote_item_option,1
opcoes de item,opcoes de item de cotacao,1,magento2.sales_quote_item_option,1
opcoes de item,opcoes de item de lista,1,magento2.wishlist_item_option,1
opcoes de item,opcoes de item de wishlist,1,magento2.wishlist_item_option,1
opcoes de item,opcoes de pacotes,2,magento2.catalog_product_index_price_bundle_opt_idx; magento2.catalog_product_index_price_bundle_opt_tmp,2
opcoes de item,opcoes de selecao,1,magento2.eav_attribute_option,1
opcoes de item,opcoes e selecoes de bundle,1,magento2.catalog_product_index_price_bundle_sel_idx,1
opcoes de item,tipos de opcao,1,magento2.catalog_product_option,1
opcoes de item,tipos de opcao bundle,1,magento2.catalog_product_bundle_option,1
opcoes de item,titulos de opcao,1,magento2.catalog_product_option_title,1
opcoes de item,valores de opcao,1,magento2.catalog_product_option_type_value,1
opcoes de item,valores de opcoes de pacotes,1,magento2.catalog_product_bundle_option_value,1
opcoes de item,votacao de opcoes,1,magento2.rating_option_vote,1
analise de visitas,agregacao por dia,1,magento2.log_summary_type,1
analise de visitas,agregacao por hora,1,magento2.log_summary_type,1
analise de visitas,analise de comportamento,1,magento2.log_visitor,1
analise de visitas,analise de comportamento online,1,magento2.log_visitor_online,1
analise de visitas,analise de ip,1,magento2.sendfriend_log,1
analise de visitas,analise de navegacao,1,magento2.log_url_info,1
analise de visitas,analise de trafego,1,magento2.log_url,1
analise de visitas,analise de urls,1,magento2.log_url,1
analise de visitas,analise de visitantes,3,magento2.log_summary; magento2.log_visitor_info,2
analise de visitas,analise de visitas,1,magento2.log_visitor,1
analise de visitas,analise de visualizacoes,1,magento2.report_viewed_product_aggregated_daily,1
analise de visitas,relatorio de visualizacoes,1,magento2.report_viewed_product_aggregated_monthly,1
opcoes de produto por loja,agregacao por produto e loja,2,magento2.report_viewed_product_aggregated_daily; magento2.report_viewed_product_aggregated_monthly,2
opcoes de produto por loja,associacao de produtos a lojas,1,magento2.catalog_product_website,1
opcoes de produto por loja,datas de produtos por loja,1,magento2.catalog_product_entity_datetime,1
opcoes de produto por loja,desempenho de produtos por loja,1,magento2.sales_bestsellers_aggregated_monthly,1
opcoes de produto por loja,metricas de loja por produto,1,magento2.report_viewed_product_aggregated_daily,1
opcoes de produto por loja,metricas de produtos por loja,1,magento2.catalog_product_index_eav_decimal,1
opcoes de produto por loja,opcao de produto por loja,1,magento2.catalog_product_option_price,1
opcoes de produto por loja,opcoes de produto por loja,1,magento2.catalog_product_option_title,1
opcoes de produto por loja,posicionamento de produtos em loja,1,magento2.catalog_category_product_index,1
opcoes de produto por loja,relacao produto-loja,1,magento2.report_viewed_product_index,1
opcoes de produto por loja,visibilidade de produtos em lojas,1,magento2.catalog_category_product_index_tmp,1
opcoes de produto por loja,visibilidade de produtos por loja,1,magento2.catalog_category_product_index,1
opcoes de produto por loja,visualizacoes de produtos por loja,1,magento2.report_viewed_product_aggregated_yearly,1
opcoes de atributo,agrupamento de atributos,1,magento2.eav_attribute_group,1
opcoes de atributo,atributo de endereco,3,magento2.customer_address_entity_int; magento2.customer_address_entity_text; magento2.customer_address_entity_varchar,3
opcoes de atributo,atributos de cadastro,1,magento2.customer_form_attribute,1
opcoes de atributo,atributos de selecao,1,magento2.catalog_product_bundle_option,1
opcoes de atributo,indice de atributos decimais,1,magento2.catalog_product_index_eav_decimal_tmp,1
opcoes de atributo,opcoes de atributo,2,magento2.eav_attribute_option; magento2.eav_attribute_option_value,2
opcoes de atributo,posicionamento de atributos,1,magento2.catalog_product_super_attribute,1
opcoes de atributo,relacao atributo-opcao,1,magento2.eav_attribute_option,1
opcoes de atributo,valores de opcoes de atributos,1,magento2.eav_attribute_option_value,1
opcoes de atributo,visibilidade de atributos,2,magento2.customer_eav_attribute; magento2.customer_eav_attribute_website,2
indexacao de precos por site,alertas de preco de produtos,1,magento2.product_alert_price,1
indexacao de precos por site,gerenciamento de precos de produtos digitais,1,magento2.downloadable_link_price,1
indexacao de precos por site,gerenciamento de precos em e-commerce,1,magento2.catalog_product_index_group_price,1
indexacao de precos por site,indexacao de precos,4,magento2.catalog_product_bundle_price_index; magento2.catalog_product_index_price_final_idx; magento2.catalog_product_index_price_final_tmp; magento2.catalog_product_index_tier_price,4
indexacao de precos por site,indexacao de precos por site,1,magento2.catalog_product_index_group_price,1
indexacao de precos por site,indice de produtos por site,1,magento2.catalog_product_index_website,1
indexacao de precos por site,monitoramento de precos,2,magento2.product_alert_price,1
indexacao de precos por site,otimizacao de precos,1,magento2.catalog_product_index_price_opt_tmp,1
indexacao de precos por site,regulamentacao de precos,1,magento2.catalogrule_product_price,1
indexacao de precos por site,variacao de precos por site,1,magento2.catalog_product_index_price_downlod_tmp,1
pedidos de venda,faturamento de itens,2,magento2.sales_invoice_item,1
pedidos de venda,faturamento por periodo,3,magento2.sales_invoiced_aggregated; magento2.sales_invoiced_aggregated_order; magento2.sales_order_aggregated_updated,3
pedidos de venda,ordens de venda,1,magento2.sales_payment_transaction,1
pedidos de venda,pedido de venda,1,magento2.sales_order,1
pedidos de venda,pedidos de venda,1,magento2.sales_order_grid,1
pedidos de venda,pedidos de vendas,2,magento2.sales_order; magento2.sales_order_grid,2
pedidos de venda,vendas com reembolso,2,magento2.sales_refunded_aggregated; magento2.sales_refunded_aggregated_order,2
pedidos de venda,vendas por status,2,magento2.sales_shipping_aggregated; magento2.sales_shipping_aggregated_order,2
gestao de tempo,gerenciamento de comunicacao,1,magento2.email_template,1
gestao de tempo,gerenciamento de consumidores,1,magento2.integration,1
gestao de tempo,gerenciamento de filas,1,magento2.newsletter_queue_store_link,1
gestao de tempo,gerenciamento de opcoes de pacotes,1,magento2.catalog_product_bundle_stock_index,1
gestao de tempo,gerenciamento de tempo de expiracao,1,magento2.core_cache,1
gestao de tempo,gestao de alertas,1,magento2.adminnotification_inbox,1
gestao de tempo,gestao de consumidores,1,magento2.oauth_consumer,1
gestao de tempo,gestao de credito,2,magento2.sales_creditmemo; magento2.sales_creditmemo_grid,2
gestao de tempo,gestao de feedback,1,magento2.review_store,1
gestao de tempo,gestao de flags,1,magento2.core_flag,1
gestao de tempo,gestao de reembolsos,1,magento2.sales_refunded_aggregated_order,1
gestao de tempo,gestao de taxas,1,magento2.sales_order_tax,1
gestao de tempo,gestao de tempo,1,magento2.core_cache,1
mapeamento de codigos,mapeamento de avaliacoes,1,magento2.rating_store,1
mapeamento de codigos,mapeamento de caminhos,1,magento2.url_rewrite,1
mapeamento de codigos,mapeamento de chaves,1,magento2.translation,1
mapeamento de codigos,mapeamento de codigos,1,magento2.directory_country_region_name,1
mapeamento de codigos,mapeamento de layout,1,magento2.widget_instance_page_layout,1
mapeamento de codigos,mapeamento de opcoes,1,magento2.eav_attribute_option_value,1
mapeamento de codigos,mapeamento de regioes,1,magento2.directory_country_region,1
mapeamento de codigos,mapeamento de regras,2,magento2.catalogrule_customer_group; magento2.catalogrule_website,2
mapeamento de codigos,mapeamento de tipos,1,magento2.review_entity,1
mapeamento de codigos,mapeamento de urls,1,magento2.catalog_url_rewrite_product_category,1
mapeamento de codigos,mapeamento de widgets em paginas,1,magento2.widget_instance_page,1
mapeamento de codigos,mapeamento rating-store,1,magento2.rating_store,1
mapeamento de codigos,migracao de esquema,1,magento2.core_resource,1
termos de checkout,acordo de checkout,2,magento2.checkout_agreement; magento2.checkout_agreement_store,2
termos de checkout,acordos de checkout,1,magento2.checkout_agreement_store,1
termos de checkout,detalhes de pagamento,1,magento2.sales_order,1
termos de checkout,detalhes de transacoes,1,magento2.sales_order_grid,1
termos de checkout,metodos de pagamento,4,magento2.sales_order_payment; magento2.sales_quote_payment,2
termos de checkout,termos de checkout,1,magento2.checkout_agreement,1
termos de checkout,transacoes de pagamento,3,magento2.sales_payment_transaction,1
controle de expiracao,atividade de usuario,1,magento2.log_customer,1
controle de expiracao,chave de sessao persistente,1,magento2.persistent_session,1
controle de expiracao,controle de acesso,4,magento2.authorization_role; magento2.authorization_rule; magento2.oauth_nonce,3
controle de expiracao,controle de acesso admin,1,magento2.admin_user,1
controle de expiracao,controle de expiracao,1,magento2.core_cache,1
controle de expiracao,controle de privilegios,1,magento2.authorization_rule,1
controle de expiracao,controle de tokens,1,magento2.oauth_nonce,1
controle de expiracao,expiracao de cache,1,magento2.core_cache,1
controle de expiracao,expiracao de sessao,2,magento2.core_session,1
redirecionamento de url,cabecalhos http,1,magento2.log_visitor_info,1
redirecionamento de url,enderecos ip,1,magento2.log_visitor_info,1
redirecionamento de url,formatacao de endereco,1,magento2.directory_country_format,1
redirecionamento de url,identificacao de site,2,magento2.cataloginventory_stock; magento2.store_website,2
redirecionamento de url,identificacao de website,3,magento2.store; magento2.store_group; magento2.store_website,3
redirecionamento de url,localizacao en_us,1,magento2.translation,1
redirecionamento de url,padronizacao de enderecos,1,magento2.directory_country,1
redirecionamento de url,redirecionamento de busca,1,magento2.search_query,1
redirecionamento de url,redirecionamento de url,1,magento2.url_rewrite,1
redirecionamento de url,redirecionamento de urls,1,magento2.url_rewrite,1
itens de google shopping,carrinho de compras,2,magento2.sales_quote,1
itens de google shopping,downloadable link purchased item,1,magento2.downloadable_link_purchased_item,1
itens de google shopping,estoque por website,1,magento2.cataloginventory_stock_status_tmp,1
itens de google shopping,eventos de loja virtual,1,magento2.report_event_types,1
itens de google shopping,integracao google shopping,3,magento2.googleshopping_attributes; magento2.googleshopping_items,2
itens de google shopping,itens de google shopping,1,magento2.googleshopping_items,1
itens de google shopping,sites de comercio,1,magento2.catalogrule_group_website,1
itens de google shopping,sites de e-commerce,1,magento2.catalog_product_website,1
itens de google shopping,tipos de anuncios do google shopping,1,magento2.googleshopping_types,1
itens de google shopping,tipos de google shopping,1,magento2.googleshopping_types,1
indice de catalogo,catalogo de inventario,1,magento2.cataloginventory_stock,1
indice de catalogo,catalogo multi-site,1,magento2.catalog_product_website,1
indice de catalogo,eav de catalogo,1,magento2.eav_attribute_label,1
indice de catalogo,entidades de catalogo,2,magento2.catalog_category_entity_datetime; magento2.catalog_category_entity_text,2
indice de catalogo,indice de catalogo,1,magento2.catalog_product_index_eav_idx,1
indice de catalogo,indice eav de catalogo,1,magento2.catalog_product_index_eav_idx,1
indice de catalogo,metricas de catalogo,1,magento2.report_viewed_product_aggregated_yearly,1
indice de catalogo,metricas temporarias de catalogo,1,magento2.catalog_product_index_eav_decimal_tmp,1
indice de catalogo,tipos de evento de catalogo,1,magento2.report_event_types,1
indice de catalogo,valores eav de catalogo,2,magento2.catalog_product_entity_datetime; magento2.catalog_product_entity_decimal,2
indice de catalogo,vinculo de catalogo,1,magento2.catalog_product_super_link,1
estoque de produtos,controle de estoque de produtos,1,magento2.catalog_product_bundle_stock_index,1
estoque de produtos,estoque de produtos,8,magento2.catalog_product_bundle_stock_index; magento2.cataloginventory_stock_item; magento2.cataloginventory_stock_status; magento2.cataloginventory_stock_status_idx; magento2.cataloginventory_stock_status_tmp,5
estoque de produtos,produtos mais vendidos,3,magento2.sales_bestsellers_aggregated_daily; magento2.sales_bestsellers_aggregated_monthly; magento2.sales_bestsellers_aggregated_yearly,3
estoque de produtos,quantidade de produtos,1,magento2.cataloginventory_stock_item,1
logs de acesso,log de atividades,1,magento2.log_summary_type,1
logs de acesso,logs de acesso,1,magento2.log_url_info,1
logs de acesso,logs de compartilhamento,1,magento2.sendfriend_log,1
logs de acesso,logs de comportamento,1,magento2.report_event,1
logs de acesso,logs de seguranca,1,magento2.captcha_log,1
logs de acesso,monitoramento de sessao,1,magento2.log_customer,1
logs de acesso,registro de acessos,2,magento2.log_visitor; magento2.log_visitor_online,2
logs de acesso,registro de atividades,2,magento2.admin_user; magento2.report_event,2
logs de acesso,sessao de visitante,1,magento2.log_visitor_online,1
logs de acesso,sessoes de navegacao,1,magento2.customer_visitor,1
logs de acesso,sessoes de visita,1,magento2.log_visitor,1
cotacao de frete,agregacao de frete,3,magento2.sales_shipping_aggregated; magento2.sales_shipping_aggregated_order,2
cotacao de frete,calculo de frete,3,magento2.sales_quote_address; magento2.shipping_tablerate,2
cotacao de frete,cotacao de frete,1,magento2.sales_quote_shipping_rate,1
cotacao de frete,cotacoes de frete,1,magento2.sales_quote_shipping_rate,1
cotacao de frete,custo de frete,1,magento2.shipping_tablerate,1
cotacao de frete,custo de transporte,1,magento2.sales_quote_shipping_rate,1
cotacao de frete,envio de produtos,1,magento2.sales_shipment,1
cotacao de frete,tabela de frete,1,magento2.shipping_tablerate,1
alerta de estoque,alerta de estoque,1,magento2.product_alert_stock,1
alerta de estoque,alertas de estoque,1,magento2.product_alert_stock,1
alerta de estoque,controle de estoque,1,magento2.cataloginventory_stock_item,1
alerta de estoque,distribuicao de estoque,1,magento2.catalog_product_website,1
alerta de estoque,nome de estoque,1,magento2.cataloginventory_stock,1
alerta de estoque,notificacoes de estoque,1,magento2.product_alert_stock,1
alerta de estoque,status de estoque,2,magento2.cataloginventory_stock_status_tmp,1
alerta de estoque,status de estoque por site,1,magento2.cataloginventory_stock_status_tmp,1
alerta de estoque,valores de estoque,3,magento2.catalog_product_index_eav; magento2.catalog_product_index_eav_tmp,2
codigos de pais,cache tag mapping,1,magento2.core_cache_tag,1
codigos de pais,codigos de pais,1,magento2.directory_country,1
codigos de pais,codigos de status,1,magento2.review_status,1
codigos de pais,codigos iso,1,magento2.directory_country,1
codigos de pais,codigos iso de paises,1,magento2.directory_country,1
codigos de pais,formato de pais,1,magento2.directory_country_format,1
codigos de pais,identificadores de cache,1,magento2.core_cache_tag,1
codigos de pais,identificadores de recursos,1,magento2.downloadable_link_title,1
codigos de pais,prefixo e ultimo id,1,magento2.eav_entity_store,1
codigos de pais,referencia geografica,1,magento2.directory_country_region_name,1
codigos de pais,taxas por pais,1,magento2.weee_tax,1
codigos de pais,versao de software,1,magento2.core_resource,1
tipos de link,codigos google optimizer,1,magento2.googleoptimizer_code,1
tipos de link,indice de texto completo,1,magento2.catalogsearch_fulltext,1
tipos de link,scripts de experimento,2,magento2.googleoptimizer_code,1
tipos de link,sinonimos de termos,1,magento2.search_query,1
tipos de link,tipos de eventos,1,magento2.report_event_types,1
tipos de link,tipos de link,3,magento2.catalog_product_link; magento2.catalog_product_link_attribute; magento2.catalog_product_link_type,3
tipos de link,tipos de periodo,1,magento2.log_summary_type,1
tipos de link,titulos de links,2,magento2.downloadable_link_title,1
valores de texto,valores de bundle,1,magento2.catalog_product_bundle_option_value,1
valores de texto,valores de perfil,1,magento2.customer_entity_varchar,1
valores de texto,valores de texto,4,magento2.catalog_category_entity_text; magento2.customer_entity_text; magento2.eav_entity_text,3
valores de texto,valores de texto de categoria,1,magento2.catalog_category_entity_text,1
valores de texto,valores de texto de entidades,1,magento2.customer_entity_text,1
valores de texto,valores de texto eav,1,magento2.eav_entity_text,1
valores de texto,valores de tipo,1,magento2.catalog_product_option_type_value,1
valores de texto,valores numericos de cliente,1,magento2.customer_address_entity_decimal,1
valores de texto,valores varchar de vinculo,1,magento2.catalog_product_link_attribute_varchar,1
tipos de formularios,campos de formulario,1,magento2.eav_form_element,1
tipos de formularios,codigo de formulario,1,magento2.customer_form_attribute,1
tipos de formularios,formularios de checkout,2,magento2.eav_form_type,1
tipos de formularios,formularios de entrada,1,magento2.eav_form_fieldset,1
tipos de formularios,formularios de tipo,1,magento2.eav_form_type_entity,1
tipos de formularios,formularios do magento,1,magento2.eav_form_type,1
tipos de formularios,modelos de backend,1,magento2.eav_attribute,1
tipos de formularios,tipos de formulario,2,magento2.eav_form_element; magento2.eav_form_type,2
tipos de formularios,tipos de formularios,1,magento2.eav_form_fieldset,1
votos de rating,comentarios de creditmemo,1,magento2.sales_creditmemo_comment,1
votos de rating,comentarios de estorno,1,magento2.sales_creditmemo_comment,1
votos de rating,criterios de rating,1,magento2.rating,1
votos de rating,cronograma de jobs,1,magento2.cron_schedule,1
votos de rating,cronologia de feedback,1,magento2.review,1
votos de rating,escopo de website,2,magento2.catalog_product_website; magento2.catalogrule_website,2
votos de rating,experimentos de marketing,1,magento2.googleoptimizer_code,1
votos de rating,indice de website,1,magento2.catalog_product_index_website,1
votos de rating,media de rating por entidade,1,magento2.review_entity_summary,1
votos de rating,votos de rating,1,magento2.rating_option_vote,1
configuracoes de produtos,configuracao de produto variavel,1,magento2.catalog_product_super_attribute,1
configuracoes de produtos,configuracao de produtos digitais,1,magento2.downloadable_link,1
configuracoes de produtos,configuracao de produtos em pacote,1,magento2.catalog_product_bundle_selection,1
configuracoes de produtos,configuracoes de produtos,2,magento2.catalog_product_bundle_option_value; magento2.catalog_product_super_attribute,2
configuracoes de produtos,configuracoes de selecao de produtos,1,magento2.catalog_product_index_price_bundle_sel_idx,1
configuracoes de produtos,precificacao de produto configuravel,1,magento2.catalog_product_super_attribute_pricing,1
configuracoes de produtos,produtos configuraveis,3,magento2.catalog_product_index_price_cfg_opt_agr_idx; magento2.catalog_product_index_price_cfg_opt_agr_tmp; magento2.catalog_product_super_link,3
configuracoes de produtos,variacoes de produto configuravel,1,magento2.catalog_product_super_attribute_label,1
preco de opcao de produto,opcoes de produto em lista de desejos,1,magento2.wishlist_item_option,1
preco de opcao de produto,preco de opcao de produto,3,magento2.catalog_product_option_price; magento2.catalog_product_option_type_price,2
preco de opcao de produto,preco de opcoes de produtos,1,magento2.catalog_product_option_type_price,1
preco de opcao de produto,preco de produto bundle,1,magento2.catalog_product_index_price_bundle_sel_idx,1
preco de opcao de produto,precos de produtos bundle,1,magento2.catalog_product_bundle_price_index,1
preco de opcao de produto,produto em bundle,1,magento2.catalog_product_bundle_selection_price,1
preco de opcao de produto,titulos de opcoes de produto,3,magento2.catalog_product_option_title; magento2.catalog_product_option_type_title,2
acessos a paginas,acessos a paginas,1,magento2.log_url,1
acessos a paginas,eventos de sistema,1,magento2.report_event,1
acessos a paginas,indice de visitantes,1,magento2.report_viewed_product_index,1
acessos a paginas,paginas de destino,1,magento2.cms_block,1
acessos a paginas,reescrita de url,4,magento2.catalog_url_rewrite_product_category; magento2.url_rewrite,2
acessos a paginas,tipos de log,1,magento2.log_summary_type,1
acessos a paginas,visitantes online,1,magento2.log_visitor_online,1
analise de cupons,agregacao de cupons,3,magento2.salesrule_coupon_aggregated; magento2.salesrule_coupon_aggregated_order; magento2.salesrule_coupon_aggregated_updated,3
analise de cupons,analise de cupons,3,magento2.salesrule_coupon_aggregated; magento2.salesrule_coupon_aggregated_order; magento2.salesrule_coupon_aggregated_updated,3
analise de cupons,contagem de utilizacoes de cupom,1,magento2.salesrule_coupon_usage,1
analise de cupons,cupons e uso,1,magento2.salesrule,1
analise de cupons,reembolso de faturas,1,magento2.sales_invoice,1
analise de cupons,traducao de cupons,1,magento2.salesrule_label,1
relatorio de acessos,agregacao de logs,1,magento2.log_summary_type,1
relatorio de acessos,comportamento de navegacao,1,magento2.log_visitor_online,1
relatorio de acessos,contagem de utilizacoes,1,magento2.salesrule_customer,1
relatorio de acessos,dados de navegacao,1,magento2.log_visitor_info,1
relatorio de acessos,interacao de visitantes,1,magento2.report_viewed_product_index,1
relatorio de acessos,periodicidade de logs,1,magento2.log_summary_type,1
relatorio de acessos,relatorio de acessos,1,magento2.report_viewed_product_index,1
relatorio de acessos,resumo de log,1,magento2.log_summary,1
relatorio de acessos,resumo de visitantes,1,magento2.log_summary,1
relatorio de acessos,visitas ao site,1,magento2.customer_visitor,1
relatorios financeiros,analise de moedas,1,magento2.sales_creditmemo_grid,1
relatorios financeiros,analise de valores de fatura,1,magento2.sales_invoice_grid,1
relatorios financeiros,cadastro de metricas financeiras,1,magento2.customer_entity_decimal,1
relatorios financeiros,metricas financeiras,1,magento2.sales_order_aggregated_updated,1
relatorios financeiros,relatorio financeiro,1,magento2.sales_creditmemo_grid,1
relatorios financeiros,relatorios financeiros,1,magento2.sales_creditmemo,1
relatorios financeiros,transacoes financeiras,4,magento2.sales_order; magento2.sales_order_payment,2
conjuntos de atributos,atributos de website,1,magento2.store_website,1
conjuntos de atributos,conjunto de atributos,1,magento2.eav_attribute_set,1
conjuntos de atributos,conjuntos de atributos,5,magento2.catalog_product_entity; magento2.eav_attribute_group; magento2.eav_attribute_set; magento2.googleshopping_types,4
conjuntos de atributos,grupos de atributos,2,magento2.eav_attribute_group; magento2.eav_entity_attribute,2
conjuntos de atributos,metadados de atributos visuais,1,magento2.catalog_product_entity_gallery,1
registro de sessoes,contagem de tentativas,1,magento2.captcha_log,1
registro de sessoes,dados de sessao,2,magento2.core_session,1
registro de sessoes,registro de alteracoes,1,magento2.vde_theme_change,1
registro de sessoes,registro de sessoes,1,magento2.oauth_nonce,1
registro de sessoes,registro de transacoes,1,magento2.sales_quote_payment,1
registro de sessoes,registro de validacao,1,magento2.captcha_log,1
registro de sessoes,sessoes online,1,magento2.log_visitor_online,1
registro de sessoes,sessoes persistentes,1,magento2.persistent_session,1
registro de sessoes,tentativas de validacao,1,magento2.captcha_log,1
reembolsos agregados,estado de indexadores,1,magento2.indexer_state,1
reembolsos agregados,reembolsos agregados,1,magento2.sales_refunded_aggregated,1
reembolsos agregados,reembolsos agregados por periodo,1,magento2.sales_refunded_aggregated_order,1
reembolsos agregados,status de indexadores,1,magento2.indexer_state,1
reembolsos agregados,valores de reembolso,5,magento2.sales_creditmemo; magento2.sales_creditmemo_item; magento2.sales_refunded_aggregated; magento2.sales_refunded_aggregated_order,4
reembolsos agregados,versao de indice,1,magento2.mview_state,1
opcoes de precos,faixa de preco,2,magento2.catalog_product_index_price_downlod_idx; magento2.catalog_product_index_price_downlod_tmp,2
opcoes de precos,opcoes de precos,2,magento2.catalog_product_index_price_opt_agr_idx; magento2.catalog_product_index_price_opt_agr_tmp,2
opcoes de precos,preco de opcoes,2,magento2.catalog_product_option_price; magento2.catalog_product_option_type_price,2
opcoes de precos,quantidades e precos,1,magento2.sales_shipment_item,1
opcoes de precos,tipo de preco de opcao,1,magento2.catalog_product_option_price,1
opcoes de precos,tipos de preco,1,magento2.catalog_product_option_type_price,1
opcoes de precos,valores de precos,1,magento2.catalog_product_super_attribute_pricing,1
layout de pagina,layout de pagina,3,magento2.widget_instance_page; magento2.widget_instance_page_layout,2
layout de pagina,layout de paginas,1,magento2.widget_instance_page,1
layout de pagina,layout de tema,1,magento2.core_layout_update,1
layout de pagina,layout de widget,1,magento2.widget_instance_page_layout,1
layout de pagina,layout por tema,1,magento2.core_layout_link,1
layout de pagina,layout updates,1,magento2.core_layout_update,1
layout de pagina,vinculos de layout,1,magento2.core_layout_link,1
layout de pagina,widget em pagina,1,magento2.widget_instance_page_layout,1
analise de avaliacoes,analise de avaliacoes,2,magento2.review_detail; magento2.review_entity_summary,2
analise de avaliacoes,analise de desempenho,3,magento2.sales_bestsellers_aggregated_daily; magento2.sales_bestsellers_aggregated_monthly; magento2.sales_bestsellers_aggregated_yearly,3
analise de avaliacoes,analise de periodos,1,magento2.salesrule_coupon_aggregated_updated,1
analise de avaliacoes,analise de referenciadores,1,magento2.log_url_info,1
analise de avaliacoes,analise financeira,1,magento2.sales_order,1
analise de avaliacoes,relatorios anuais,1,magento2.report_viewed_product_aggregated_yearly,1
visualizacoes de produtos,analise de visualizacoes de produtos,1,magento2.report_viewed_product_aggregated_daily,1
visualizacoes de produtos,metricas de popularidade de produtos,1,magento2.report_viewed_product_aggregated_monthly,1
visualizacoes de produtos,metricas de produtos relacionados,1,magento2.catalog_product_link_attribute_decimal,1
visualizacoes de produtos,relacionamento wishlist e produto,1,magento2.wishlist_item_option,1
visualizacoes de produtos,relatorio de produtos mais vistos,1,magento2.report_viewed_product_aggregated_monthly,1
visualizacoes de produtos,visualizacao mensal de produtos,1,magento2.report_viewed_product_aggregated_monthly,1
visualizacoes de produtos,visualizacoes de produtos,1,magento2.report_viewed_product_aggregated_yearly,1
visualizacoes de produtos,visualizacoes diarias de produtos,1,magento2.report_viewed_product_aggregated_daily,1
visualizacoes de produtos,visualizacoes mensais de produtos,1,magento2.report_viewed_product_aggregated_monthly,1
perfis de autorizacao,ativacao de acordo,1,magento2.checkout_agreement,1
perfis de autorizacao,autorizacao de aplicativos,1,magento2.oauth_token,1
perfis de autorizacao,autorizacao de consumidores,1,magento2.oauth_token,1
perfis de autorizacao,erros de assinatura,1,magento2.newsletter_problem,1
perfis de autorizacao,papel de autorizacao,1,magento2.authorization_role,1
perfis de autorizacao,perfis de autorizacao,1,magento2.authorization_role,1
perfis de autorizacao,regras de autorizacao,3,magento2.authorization_rule,1
label de formulario,campos de conjuntos,1,magento2.eav_form_fieldset,1
label de formulario,categorias de campos,1,magento2.eav_form_fieldset,1
label de formulario,elementos de formulario,2,magento2.eav_form_element,1
label de formulario,formularios eav,2,magento2.eav_form_element; magento2.eav_form_type_entity,2
label de formulario,label de formulario,1,magento2.eav_form_fieldset_label,1
label de formulario,rotulos de fieldset de formulario,1,magento2.eav_form_fieldset_label,1
label de formulario,tipos de formulario eav,1,magento2.eav_form_type,1
configuracao de atributos,configuracao de atributos,4,magento2.catalog_product_option; magento2.customer_form_attribute; magento2.eav_attribute_group,3
configuracao de atributos,configuracao de atributos de catalogo,1,magento2.catalog_eav_attribute,1
configuracao de atributos,configuracao de atributos eav,1,magento2.customer_eav_attribute,1
configuracao de atributos,configuracao de atributos magento,1,magento2.eav_entity_type,1
configuracao de atributos,configuracao de atributos super,1,magento2.catalog_product_super_attribute_pricing,1
configuracao de atributos,integracao de atributos do magento,1,magento2.googleshopping_attributes,1
configuracao de precos,configuracao de descontos,1,magento2.catalogrule_group_website,1
configuracao de precos,configuracao de inventario,1,magento2.cataloginventory_stock_item,1
configuracao de precos,configuracao de preco por site,1,magento2.downloadable_link_price,1
configuracao de precos,configuracao de precos,5,magento2.catalog_product_index_price_cfg_opt_agr_idx; magento2.catalog_product_index_price_cfg_opt_agr_tmp; magento2.catalog_product_index_price_cfg_opt_idx; magento2.catalog_product_index_price_cfg_opt_tmp; magento2.catalogrule_product,5
configuracao de precos,configuracao de promocoes,1,magento2.salesrule_website,1
controle de versao,controle de alteracoes,1,magento2.vde_theme_change,1
controle de versao,controle de compartilhamento de arquivos,1,magento2.downloadable_link,1
controle de versao,controle de flags,2,magento2.core_flag,1
controle de versao,controle de versao,1,magento2.core_resource,1
controle de versao,recursos do sistema,1,magento2.core_resource,1
controle de versao,variaveis de sistema,3,magento2.core_variable; magento2.core_variable_value,2
descontos por grupo de clientes,desconto por grupo de clientes,1,magento2.catalog_product_entity_group_price,1
descontos por grupo de clientes,descontos por grupo de cliente,1,magento2.catalogrule_product,1
descontos por grupo de clientes,descontos por grupo de clientes,1,magento2.catalog_product_entity_tier_price,1
descontos por grupo de clientes,precos e descontos,2,magento2.sales_quote_item,1
descontos por grupo de clientes,regras de desconto por grupo de clientes,1,magento2.salesrule_customer_group,1
descontos por grupo de clientes,regras de venda por grupo de cliente,1,magento2.salesrule_customer_group,1
descontos por grupo de clientes,segmentacao de cliente em promocoes,1,magento2.salesrule_product_attribute,1
descontos por grupo de clientes,segmentacao de promocoes por grupo,1,magento2.salesrule_customer_group,1
vendas diarias de produtos,ranking de produtos mais vendidos,1,magento2.sales_bestsellers_aggregated_monthly,1
vendas diarias de produtos,ranking de produtos por vendas,2,magento2.sales_bestsellers_aggregated_monthly; magento2.sales_bestsellers_aggregated_yearly,2
vendas diarias de produtos,venda de produtos digitais,1,magento2.downloadable_link_purchased_item,1
vendas diarias de produtos,vendas anuais de produtos,2,magento2.report_viewed_product_aggregated_yearly; magento2.sales_bestsellers_aggregated_yearly,2
vendas diarias de produtos,vendas de produtos digitais,1,magento2.downloadable_link_purchased,1
vendas diarias de produtos,vendas diarias de produtos,1,magento2.sales_bestsellers_aggregated_daily,1
vendas diarias de produtos,vendas mensais de produtos,1,magento2.sales_bestsellers_aggregated_monthly,1
estrutura de formularios eav,agrupamento de campos por tipo,1,magento2.eav_form_fieldset,1
estrutura de formularios eav,estrutura de formularios eav,2,magento2.eav_form_fieldset; magento2.eav_form_fieldset_label,2
estrutura de formularios eav,fieldset de eav,1,magento2.eav_form_fieldset_label,1
estrutura de formularios eav,mapeamento formulario-atributo,1,magento2.customer_form_attribute,1
estrutura de formularios eav,modelo eav,2,magento2.customer_address_entity_int; magento2.customer_address_entity_text,2
estrutura de formularios eav,rotulagem de conjuntos de campos,1,magento2.eav_form_fieldset_label,1
inteiro de valor,avaliacao de valor,1,magento2.rating,1
inteiro de valor,inteiro de valor,1,magento2.customer_address_entity_int,1
inteiro de valor,valores decimais,6,magento2.catalog_product_index_eav_decimal; magento2.catalog_product_index_eav_decimal_idx; magento2.catalog_product_index_eav_decimal_tmp; magento2.customer_address_entity_decimal; magento2.customer_entity_decimal; magento2.eav_entity_decimal,6
downloads de produtos,avaliacao media de produtos,1,magento2.review_entity_summary,1
downloads de produtos,downloadable product downloads,1,magento2.downloadable_link_purchased_item,1
downloads de produtos,downloads de produtos,1,magento2.downloadable_link,1
downloads de produtos,produto por website,1,magento2.catalog_product_entity_group_price,1
downloads de produtos,ranking de produtos,2,magento2.sales_bestsellers_aggregated_daily; magento2.sales_bestsellers_aggregated_yearly,2
downloads de produtos,relatorio anual de produtos,1,magento2.report_viewed_product_aggregated_yearly,1
downloads de produtos,resumo de avaliacoes por produto,1,magento2.review_entity_summary,1
permissoes de acesso,avisos do sistema,1,magento2.adminnotification_inbox,1
permissoes de acesso,nonce de seguranca,1,magento2.oauth_nonce,1
permissoes de acesso,papeis de acesso,1,magento2.authorization_role,1
permissoes de acesso,perfil de acesso,1,magento2.admin_user,1
permissoes de acesso,permissoes de acesso,1,magento2.authorization_rule,1
permissoes de acesso,permissoes de funcao,1,magento2.authorization_rule,1
permissoes de acesso,permissoes de sistema,1,magento2.authorization_role,1
permissoes de acesso,seguranca de api,1,magento2.oauth_nonce,1
cadastro de variaveis,cadastro de nomes,1,magento2.customer_entity_varchar,1
cadastro de variaveis,cadastro de variaveis,1,magento2.core_variable,1
cadastro de variaveis,filtros de pesquisa,1,magento2.catalog_eav_attribute,1
cadastro de variaveis,geracao de ids incrementais,1,magento2.eav_entity_type,1
cadastro de variaveis,identificacao de widget,1,magento2.widget,1
cadastro de variaveis,validacao de entrada,3,magento2.customer_eav_attribute,1
opcoes de classificacao,classificacao de aprovacao,1,magento2.review_status,1
opcoes de classificacao,classificacao de ratings,2,magento2.rating_store; magento2.rating_title,2
opcoes de classificacao,hierarquia de papeis,2,magento2.authorization_role,1
opcoes de classificacao,opcoes de classificacao,1,magento2.rating_option,1
opcoes de classificacao,ordem de classificacao,1,magento2.eav_entity_attribute,1
opcoes de classificacao,resumo de classificacoes,1,magento2.review_entity_summary,1
indice de loja,classificacao de lojas,1,magento2.rating_store,1
indice de loja,conteudo de loja,1,magento2.cms_page,1
indice de loja,indice de loja,1,magento2.catalog_product_index_eav_idx,1
indice de loja,indice por loja,2,magento2.catalog_product_index_eav_decimal_idx; magento2.report_compared_product_index,2
indice de loja,revisoes por loja,1,magento2.review_detail,1
indice de loja,rotulos de imagem por loja,1,magento2.catalog_product_entity_media_gallery_value,1
indice de loja,visitas por loja,1,magento2.log_visitor,1
modelo de entidade eav,definicao de campos eav,1,magento2.eav_attribute,1
modelo de entidade eav,entidade de eav,1,magento2.eav_entity,1
modelo de entidade eav,entidade eav,1,magento2.customer_address_entity_datetime,1
modelo de entidade eav,modelo de entidade eav,2,magento2.eav_entity; magento2.eav_entity_type,2
modelo de entidade eav,modelo eav de entidades,1,magento2.eav_entity_datetime,1
modelo de entidade eav,relacionamento formulario-entidade,1,magento2.eav_form_type_entity,1
modelo de entidade eav,tipos de entidade eav,1,magento2.eav_entity_type,1
titulos de amostras,itens de citacao,1,magento2.sales_quote_item_option,1
titulos de amostras,tipos de resumo,1,magento2.log_summary_type,1
titulos de amostras,titulos de amostras,3,magento2.downloadable_sample_title,1
titulos de amostras,titulos de bloco,1,magento2.cms_block,1
titulos de amostras,traducao de rotulo,1,magento2.sales_order_status_label,1
titulos de amostras,traducao de strings,1,magento2.translation,1
opcoes de produto bundle,opcoes de bundle de produtos,1,magento2.catalog_product_bundle_option_value,1
opcoes de produto bundle,opcoes de produto bundle,3,magento2.catalog_product_bundle_option; magento2.catalog_product_bundle_selection; magento2.catalog_product_index_price_bundle_opt_idx,3
opcoes de produto bundle,selecao de opcoes de produto,1,magento2.catalog_product_bundle_selection,1
opcoes de produto bundle,selecao de produtos bundle,1,magento2.catalog_product_bundle_selection,1
opcoes de produto bundle,valores de opcao de produto,1,magento2.catalog_product_option_type_value,1
opcoes de produto bundle,vinculo produto-opcao,1,magento2.catalog_product_option,1
mapeamento de paginas cms,arquivos de download,1,magento2.downloadable_sample,1
mapeamento de paginas cms,arquivos de sitemap,1,magento2.sitemap,1
mapeamento de paginas cms,distribuicao de paginas cms,1,magento2.cms_page_store,1
mapeamento de paginas cms,escopo de blocos cms,1,magento2.cms_block_store,1
mapeamento de paginas cms,geracao de sitemap,1,magento2.sitemap,1
mapeamento de paginas cms,mapeamento de blocos cms,1,magento2.cms_block_store,1
mapeamento de paginas cms,mapeamento de paginas cms,1,magento2.cms_page_store,1
atualizacao de indexadores,atualizacao de indexadores,1,magento2.indexer_state,1
atualizacao de indexadores,atualizacao de indices,1,magento2.indexer_state,1
atualizacao de indexadores,atualizacao de itens,1,magento2.wishlist,1
atualizacao de indexadores,codigo de otimizacao,1,magento2.googleoptimizer_code,1
atualizacao de indexadores,download de arquivos,2,magento2.downloadable_sample,1
atualizacao de indexadores,publicacao de itens,1,magento2.googleshopping_items,1
grupo de sites,cadastro de websites,1,magento2.store_website,1
grupo de sites,estrutura de canais,1,magento2.store_website,1
grupo de sites,grupo de sites,1,magento2.store_group,1
grupo de sites,hierarquia de sites,1,magento2.store,1
grupo de sites,referencia de blocos em paginas,1,magento2.widget_instance_page,1
grupo de sites,referencias de blocos,1,magento2.widget_instance_page,1
grupo de sites,segmentacao por website,1,magento2.sendfriend_log,1
sistema de mensagens,comunicacao por email,2,magento2.email_template; magento2.newsletter_template,2
sistema de mensagens,integracao de sistemas,3,magento2.integration,1
sistema de mensagens,mensagens administrativas,1,magento2.admin_system_messages,1
sistema de mensagens,sistema de mensagens,1,magento2.admin_system_messages,1
dados de data,dados de data,1,magento2.customer_entity_datetime,1
dados de data,dados de referenciadores,1,magento2.log_visitor_info,1
dados de data,dados de website,1,magento2.catalog_product_index_website,1
dados de data,dados geograficos,1,magento2.directory_country,1
dados de data,data de indice,1,magento2.catalog_product_index_website,1
dados de data,metadados de entidade datetime,1,magento2.customer_entity_datetime,1
dados de data,tipos de dados,1,magento2.catalog_product_link_attribute,1
informacoes adicionais,descricao de garantias,1,magento2.catalog_product_option_type_title,1
informacoes adicionais,erros de assinante,1,magento2.newsletter_problem,1
informacoes adicionais,informacoes adicionais,1,magento2.sales_payment_transaction,1
informacoes adicionais,informacoes de cadastro,1,magento2.customer_entity,1
informacoes adicionais,informacoes de navegacao,1,magento2.log_visitor_info,1
informacoes adicionais,informacoes de referenciador,1,magento2.log_url_info,1
informacoes adicionais,traducao de termos,1,magento2.translation,1
indice de precos por grupo de cliente,estrategias de precificacao por faixa,1,magento2.catalog_product_index_price_opt_idx,1
indice de precos por grupo de cliente,estrutura de grupos de precos,1,magento2.catalog_product_index_price_bundle_sel_idx,1
indice de precos por grupo de cliente,faixas de preco (tier price),1,magento2.catalog_product_index_price_idx,1
indice de precos por grupo de cliente,indice de precificacao por grupo de clientes,1,magento2.catalog_product_bundle_price_index,1
indice de precos por grupo de cliente,indice de preco por grupo de cliente,1,magento2.catalog_product_index_price_bundle_sel_idx,1
indice de precos por grupo de cliente,indice de precos por grupo de cliente,1,magento2.catalog_product_index_price_downlod_tmp,1
indice de precos por grupo de cliente,variacao de precos por grupo,1,magento2.catalog_product_index_price_cfg_opt_idx,1
hierarquia site-loja,associacao de blocos a lojas,1,magento2.cms_block_store,1
hierarquia site-loja,associacao de lojas a paginas,1,magento2.cms_page_store,1
hierarquia site-loja,hierarquia site-loja,1,magento2.store,1
hierarquia site-loja,hierarquia website-loja,1,magento2.store_group,1
hierarquia site-loja,relacao bloco cms loja,1,magento2.cms_block_store,1
hierarquia site-loja,vinculo bloco-loja,1,magento2.cms_block_store,1
rotulos de atributos eav,atributos varchar eav,1,magento2.eav_entity_varchar,1
rotulos de atributos eav,modelo de atributos eav,1,magento2.eav_attribute,1
rotulos de atributos eav,rotulos de atributos eav,1,magento2.eav_attribute_option_value,1
rotulos de atributos eav,valores de atributos de catalogo,1,magento2.catalog_product_link_attribute_varchar,1
rotulos de atributos eav,valores de atributos numericos de catalogo,1,magento2.catalog_product_index_eav_decimal,1
rotulos de atributos eav,valores numericos de atributos,1,magento2.customer_entity_decimal,1
mapeamento de status de pedido,classificacao de pedido,1,magento2.sales_order_status,1
mapeamento de status de pedido,historico de status de pedido,1,magento2.sales_order_status_history,1
mapeamento de status de pedido,mapeamento de status de pedido,1,magento2.sales_order_status_state,1
mapeamento de status de pedido,mapeamento status-pedido,1,magento2.sales_order_status_state,1
mapeamento de status de pedido,rotulos de status de pedido,1,magento2.sales_order_status_label,1
mapeamento de status de pedido,status de pedido por loja,1,magento2.sales_order_status_label,1
rastreamento de pedidos,endereco de pedido,2,magento2.sales_order_address,1
rastreamento de pedidos,expedicao de pedidos,2,magento2.sales_shipment; magento2.sales_shipment_grid,2
rastreamento de pedidos,rastreamento de pedidos,1,magento2.sales_shipment,1
rastreamento de pedidos,transportadoras de pedidos,1,magento2.sales_shipment_track,1
monitoramento de sistema,monitoramento de cron,1,magento2.cron_schedule,1
monitoramento de sistema,monitoramento de jobs,1,magento2.cron_schedule,1
monitoramento de sistema,monitoramento de sistema,1,magento2.adminnotification_inbox,1
monitoramento de sistema,monitoramento de tempo,1,magento2.sendfriend_log,1
monitoramento de sistema,monitoramento de visitantes,2,magento2.log_url; magento2.log_visitor_online,2
valores de link,parametros de sistema,1,magento2.core_config_data,1
valores de link,rotulos de status,1,magento2.sales_order_status,1
valores de link,texto de valor,1,magento2.customer_address_entity_text,1
valores de link,tipos de vinculo,1,magento2.catalog_product_link_attribute,1
valores de link,valores de link,1,magento2.catalog_product_link_attribute_decimal,1
valores de link,valores de rating,1,magento2.rating_option,1
consumidores oauth,api callback urls,1,magento2.oauth_consumer,1
consumidores oauth,consumidores oauth,1,magento2.integration,1
consumidores oauth,oauth client registration,1,magento2.oauth_consumer,1
consumidores oauth,oauth consumer credentials,1,magento2.oauth_consumer,1
consumidores oauth,usuarios administradores,1,magento2.admin_user,1
atualizacoes de layout,atualizacao de layout,3,magento2.core_layout_update; magento2.widget_instance_page_layout,2
atualizacoes de layout,atualizacoes de layout,2,magento2.core_layout_link,1
customizacao de layout,blocos de conteudo,2,magento2.cms_block,1
customizacao de layout,customizacao de layout,1,magento2.core_layout_update,1
customizacao de layout,estrutura de navegacao,1,magento2.catalog_category_entity,1
customizacao de layout,posicionamento de imagens,1,magento2.catalog_product_entity_media_gallery_value,1
codigo de status,codigo de status,1,magento2.review_status,1
codigo de status,estado de sistema,1,magento2.core_flag,1
codigo de status,etiqueta de status,2,magento2.sales_order_status,1
codigo de status,ultima visita,1,magento2.customer_visitor,1
compartilhamento de listas,compartilhamento de lista,1,magento2.wishlist,1
compartilhamento de listas,compartilhamento de listas,2,magento2.wishlist,1
compartilhamento de listas,disponibilidade por website,1,magento2.catalog_product_bundle_stock_index,1
compartilhamento de listas,galeria de midia,1,magento2.catalog_product_entity_media_gallery_value,1
gestao de estoque,gerenciamento de cupons,1,magento2.salesrule_coupon,1
gestao de estoque,gerenciamento de estoque,1,magento2.cataloginventory_stock,1
gestao de estoque,gestao de estoque,2,magento2.cataloginventory_stock; magento2.cataloginventory_stock_item,2
gestao de estoque,gestao de vendas,1,magento2.sales_order_status,1
mapeamento de tipos de entidade,mapeamento de entidades,1,magento2.catalog_category_entity_text,1
mapeamento de tipos de entidade,mapeamento de tipos de entidade,1,magento2.eav_entity_decimal,1
mapeamento de tipos de entidade,mapeamento de tipos de entidades,1,magento2.eav_entity_int,1
mapeamento de tipos de entidade,mapeamento entidade-url,1,magento2.url_rewrite,1
mapeamento de tipos de entidade,mapeamento tipo de entidade loja,1,magento2.eav_entity_store,1
mudancas de design,agendamento de design,1,magento2.design_change,1
mudancas de design,design de comunicacao,1,magento2.newsletter_template,1
mudancas de design,mudanca de design,1,magento2.design_change,1
mudancas de design,mudancas de design,1,magento2.design_change,1
execucao de jobs,agendamento de tarefas,3,magento2.cron_schedule,1
execucao de jobs,execucao de jobs,1,magento2.cron_schedule,1
ajustes de pagamento,ajustes de pagamento,1,magento2.sales_creditmemo,1
ajustes de pagamento,calculo de totais,1,magento2.sales_quote_address,1
ajustes de pagamento,devolucoes financeiras,1,magento2.sales_creditmemo,1
ajustes de pagamento,pagamento de orcamento,1,magento2.sales_quote_payment,1
associacao regra-loja,associacao de promocao a loja,1,magento2.salesrule_website,1
associacao regra-loja,associacao regra-loja,1,magento2.catalogrule_website,1
associacao regra-loja,associacao review-loja,1,magento2.review_store,1
associacao regra-loja,vinculo fila-loja,1,magento2.newsletter_queue_store_link,1
vinculo cliente-regra,associacao regra-grupo de cliente,2,magento2.catalogrule_customer_group; magento2.salesrule_customer_group,2
vinculo cliente-regra,vinculo cliente-regra,1,magento2.salesrule_customer,1
vinculo cliente-regra,vinculo pedido-cliente,1,magento2.downloadable_link_purchased,1
formularios de atributos,atributos de formulario,3,magento2.customer_form_attribute; magento2.eav_form_element,2
formularios de atributos,formularios de atributos,1,magento2.customer_form_attribute,1
paginas de cms,categorias de usuario,1,magento2.customer_group,1
paginas de cms,modulos instalados,1,magento2.core_resource,1
paginas de cms,paginas de cms,2,magento2.cms_page,1
reembolsos por loja,cliente e loja,1,magento2.sales_order,1
reembolsos por loja,idiomas de loja,2,magento2.store,1
reembolsos por loja,reembolsos por loja,1,magento2.sales_refunded_aggregated_order,1
produtos desejados,compras de produtos baixaveis,1,magento2.downloadable_link_purchased,1
produtos desejados,lista de desejos de produtos,1,magento2.wishlist_item,1
produtos desejados,produtos desejados,1,magento2.wishlist_item,1
produtos desejados,status de estoque produto,1,magento2.catalog_product_bundle_stock_index,1
configuracao de relacionamentos de produtos,configuracao de atributos por loja,1,magento2.customer_eav_attribute_website,1
configuracao de relacionamentos de produtos,configuracao de relacionamento de produtos,1,magento2.catalog_product_link_attribute_int,1
configuracao de relacionamentos de produtos,configuracao de relacionamentos de produtos,1,magento2.catalog_product_link_attribute_varchar,1
configuracao de relacionamentos de produtos,configuracao de tipos de produtos,1,magento2.googleshopping_attributes,1
controle de estado de views,consultas de busca,1,magento2.search_query,1
controle de estado de views,controle de estado de views,1,magento2.mview_state,1
controle de estado de views,controle de incrementos de ids,1,magento2.eav_entity_store,1
controle de estado de views,versao de modulo,1,magento2.core_resource,1
produtos salvos por cliente,consumidores de servico,1,magento2.oauth_consumer,1
produtos salvos por cliente,produtos salvos por cliente,1,magento2.wishlist_item,1
produtos salvos por cliente,relacao cupom-cliente,1,magento2.salesrule_coupon_usage,1
produtos salvos por cliente,visitante e cliente,1,magento2.catalog_compare_item,1
organizacao de formularios,estrutura de formularios,1,magento2.eav_form_fieldset,1
organizacao de formularios,localizacao de rotulos de formulario,1,magento2.eav_form_fieldset_label,1
organizacao de formularios,nomes de secoes de formulario,1,magento2.eav_form_fieldset_label,1
organizacao de formularios,organizacao de formularios,1,magento2.eav_attribute_group,1
metricas de busca,indice de busca fulltext,1,magento2.catalogsearch_fulltext,1
metricas de busca,metricas de busca,1,magento2.search_query,1
metricas de busca,resultados de busca,1,magento2.search_query,1
metricas de busca,termos de aceite,1,magento2.checkout_agreement,1
titulos de taxas,itens de orcamento,1,magento2.sales_quote_item,1
titulos de taxas,titulos de taxas,3,magento2.tax_calculation_rate_title,1
itens de pedido,itens de pedido,3,magento2.downloadable_link_purchased; magento2.sales_order_item,2
itens de pedido,metodo de pagamento,1,magento2.sales_quote_payment,1
preco e quantidade de pedidos,order item link purchase,1,magento2.downloadable_link_purchased_item,1
preco e quantidade de pedidos,preco e quantidade de pedidos,1,magento2.sales_bestsellers_aggregated_monthly,1
preco e quantidade de pedidos,quantidade pedida,1,magento2.sales_bestsellers_aggregated_daily,1
preco e quantidade de pedidos,totais de pedido,1,magento2.sales_quote_address,1
preco de link baixavel,precificacao de download,1,magento2.downloadable_link_price,1
preco de link baixavel,precificacao de pacotes,1,magento2.catalog_product_bundle_selection_price,1
preco de link baixavel,preco de link,1,magento2.downloadable_link_price,1
preco de link baixavel,preco de link baixavel,1,magento2.downloadable_link_price,1
relacao pagina-loja,relacao pagina-loja,1,magento2.cms_page_store,1
relacao pagina-loja,sitemap de loja,1,magento2.sitemap,1
relacao pagina-loja,vinculacao de revisoes a lojas,1,magento2.review_store,1
relacao pagina-loja,widgets de loja,1,magento2.widget,1
valores de atributo de vinculo,tipos de backend de atributos,1,magento2.eav_attribute,1
valores de atributo de vinculo,valores de atributo de vinculo,1,magento2.catalog_product_link_attribute_int,1
valores de atributo de vinculo,valores de atributos de link,2,magento2.catalog_product_link_attribute_decimal; magento2.catalog_product_link_attribute_int,2
modelagem eav de atributos,atributos inteiros eav,1,magento2.eav_entity_int,1
modelagem eav de atributos,modelagem eav de atributos,1,magento2.eav_entity_attribute,1
modelagem eav de atributos,visibilidade de atributos eav,1,magento2.customer_eav_attribute_website,1
auditoria de login,auditoria de login,1,magento2.log_customer,1
auditoria de login,controle de captcha,1,magento2.captcha_log,1
auditoria de login,sessao de usuario,1,magento2.core_session,1
chaves de api,chaves de api,1,magento2.oauth_consumer,1
chaves de api,limites de uso,1,magento2.salesrule_coupon,1
chaves de api,tokens oauth,1,magento2.oauth_token,1
comportamento de importacao,comportamento de importacao,2,magento2.importexport_importdata,1
comportamento de importacao,itens de comparacao,1,magento2.catalog_compare_item,1
configuracao de itens de cesta,configuracao de checkout,1,magento2.checkout_agreement,1
configuracao de itens de cesta,configuracao de item de lista de desejos,1,magento2.wishlist_item_option,1
configuracao de itens de cesta,configuracao de itens de cesta,1,magento2.sales_quote_item_option,1
configuracao de variacoes,configuracao de taxas,2,magento2.sales_order_tax; magento2.shipping_tablerate,2
configuracao de variacoes,configuracao de variacoes,1,magento2.catalog_product_option,1
relatorios de atividade,consulta de pesquisa,1,magento2.search_query,1
relatorios de atividade,relatorios de atividade,1,magento2.report_event_types,1
relatorios de atividade,severidade de eventos,1,magento2.admin_system_messages,1
controle de descontos,controle de descontos,1,magento2.salesrule_coupon_usage,1
controle de descontos,desempenho de descontos,2,magento2.salesrule_coupon_aggregated; magento2.salesrule_coupon_aggregated_updated,2
relacionamento cliente-endereco,edicao de enderecos de cliente,1,magento2.eav_form_type,1
relacionamento cliente-endereco,relacionamento cliente-endereco,1,magento2.customer_address_entity,1
relacionamento cliente-endereco,vinculo cliente-website,1,magento2.persistent_session,1
links de rodape,escopo de website em regras,1,magento2.salesrule_product_attribute,1
links de rodape,links de rodape,2,magento2.cms_block,1
etiquetas de variacao,etiquetas de variacao,1,magento2.catalog_product_super_attribute_label,1
etiquetas de variacao,tamanhos de calcado,1,magento2.catalog_product_super_attribute_label,1
etiquetas de variacao,tipos de formatacao,1,magento2.directory_country_format,1
gerenciamento de sitemaps,gerenciamento de arquivos de tema,1,magento2.core_theme_file,1
gerenciamento de sitemaps,gerenciamento de indices,1,magento2.mview_state,1
gerenciamento de sitemaps,gerenciamento de sitemaps,1,magento2.sitemap,1
gestao de paginas cms,gerenciamento de sitemap,1,magento2.sitemap,1
gestao de paginas cms,gestao de blocos cms,1,magento2.cms_block,1
gestao de paginas cms,gestao de paginas cms,1,magento2.cms_page,1
identificadores de bloco,identificacao de chaves,1,magento2.translation,1
identificadores de bloco,identificadores de amostras,1,magento2.downloadable_sample_title,1
identificadores de bloco,identificadores de bloco,1,magento2.cms_block,1
vendas de produtos,venda de produtos,1,magento2.sales_quote_item_option,1
vendas de produtos,vendas de produtos,1,magento2.downloadable_link_purchased_item,1
vendas de produtos,vendas de produtos baixaveis,1,magento2.downloadable_link_purchased,1
website de vendas,website de vendas,3,magento2.catalog_product_index_group_price; magento2.catalog_product_index_price_downlod_tmp; magento2.catalog_product_index_price_opt_tmp,3
agregacao de faturamento,agregacao de faturamento,2,magento2.sales_invoiced_aggregated; magento2.sales_invoiced_aggregated_order,2
agregacao de votos,agregacao de votos,1,magento2.rating_option_vote_aggregated,1
agregacao de votos,votos de classificacao,1,magento2.rating_option_vote,1
avaliacao de preco,avaliacao de preco,1,magento2.rating,1
avaliacao de preco,notificacoes de preco,1,magento2.product_alert_price,1
cache de tags,cache de tags,1,magento2.core_cache_tag,1
cache de tags,tags de cache,1,magento2.core_cache_tag,1
cache invalidation tracking,cache invalidation tracking,1,magento2.core_cache_tag,1
cache invalidation tracking,consumidores de api,1,magento2.integration,1
categoria raiz,categoria raiz,1,magento2.store_group,1
categoria raiz,categorias raiz,1,magento2.store_group,1
identificacao de pais,codigos de falha em assinaturas,1,magento2.newsletter_problem,1
identificacao de pais,identificacao de pais,1,magento2.directory_country_format,1
configuracao de bundle,configuracao de bundle,2,magento2.catalog_product_bundle_option,1
contagem de falhas,contagem de falhas,1,magento2.captcha_log,1
contagem de falhas,metricas de desempenho,1,magento2.report_viewed_product_aggregated_daily,1
tentativas de captcha,dados de usuario temporarios,1,magento2.core_session,1
tentativas de captcha,tentativas de captcha,1,magento2.captcha_log,1
desempenho de regras,desempenho de regras,2,magento2.salesrule_coupon_aggregated_order; magento2.salesrule_coupon_aggregated_updated,2
eventos de relatorio,eventos de interacao,1,magento2.report_event_types,1
eventos de relatorio,eventos de relatorio,1,magento2.report_event,1
rastreamento de estoque,identificacao de estoque,1,magento2.cataloginventory_stock,1
rastreamento de estoque,rastreamento de estoque,1,magento2.sales_order_item,1
mapeamento de tipos de formulario,indexacao eav temporaria,1,magento2.catalog_product_index_eav_tmp,1
mapeamento de tipos de formulario,mapeamento de tipos de formulario,1,magento2.eav_form_type_entity,1
modelo eav de endereco,modelo eav de endereco,2,magento2.customer_address_entity_decimal; magento2.customer_address_entity_varchar,2
periodo de validade,periodo de validade,1,magento2.design_change,1
periodo de validade,titulos de links baixaveis,1,magento2.downloadable_link_title,1
precificacao por website,precificacao por website,2,magento2.catalog_product_entity_group_price; magento2.catalog_product_index_price_bundle_idx,2
validacao de vat,validacao de iva,1,magento2.sales_order_address,1
validacao de vat,validacao de vat,1,magento2.sales_order_address,1
vinculo cliente-loja,vinculo cliente-loja,2,magento2.customer_entity; magento2.newsletter_subscriber,2
associacao de assinantes,associacao de assinantes,1,magento2.newsletter_queue_link,1
cadastro de endereco,cadastro de endereco,1,magento2.customer_address_entity,1
cadastro de paises,cadastro de paises,1,magento2.directory_country,1
codigos de classificacao,codigos de classificacao,1,magento2.rating_option,1
dados de faturamento,dados de faturamento,1,magento2.sales_order_address,1
diretorio de moedas,diretorio de moedas,1,magento2.directory_currency_rate,1
entidade de produto,entidade de produto,1,magento2.review_entity,1
entidades de e-commerce,entidades de e-commerce,1,magento2.eav_entity_datetime,1
estoque padrao,estoque padrao,1,magento2.cataloginventory_stock,1
gerenciamento de listas de desejos,gerenciamento de listas de desejos,1,magento2.wishlist,1
gerenciamento de remessas,gerenciamento de remessas,1,magento2.sales_shipment_grid,1
inbox de alertas,inbox de alertas,1,magento2.adminnotification_inbox,1
indice de estoque bundle,indice de estoque bundle,1,magento2.catalog_product_bundle_stock_index,1
mapeamento de acordos de checkout,mapeamento de acordos de checkout,1,magento2.checkout_agreement_store,1
mapeamento de atributos de formulario,mapeamento de atributos de formulario,1,magento2.customer_form_attribute,1
metricas de enderecamento,metricas de enderecamento,1,magento2.customer_address_entity_decimal,1
posicionamento de opcoes,posicionamento de opcoes,1,magento2.rating_option,1
prefixo de incremento,prefixo de incremento,1,magento2.eav_entity_store,1
rastreamento de atualizacao,rastreamento de atualizacao,1,magento2.core_resource,1
skus de plano de assinatura,skus de plano de assinatura,1,magento2.catalog_product_option_type_value,1
vinculo pedido-pagamento,vinculo pedido-pagamento,1,magento2.sales_payment_transaction,1
