LLM_Model,Tabela,Variante_A,Variante_B,Comparacao,Runs_Comparados,HardDice_mean,SoftDice_mean,TokensIn_A_mean,TokensIn_B_mean,Delta_TokensIn,RQ
GEMINI,nhanes_demographics.demo_j,v02_plus_fk,v00_baseline,FK vs baseline,1,0.0,0.43278225262959796,27869.0,27569.0,300.0,P1_isolated_effects
GEMINI,nhanes_dietary.ds1tot_j,v02_plus_fk,v00_baseline,FK vs baseline,1,0.0,0.6750552256902059,27869.0,27569.0,300.0,P1_isolated_effects
GEMINI,nhanes_dietary.ds2ids_j,v02_plus_fk,v00_baseline,FK vs baseline,1,0.0,0.7411958773930868,27869.0,27569.0,300.0,P1_isolated_effects
GEMINI,nhanes_dietary.ds2tot_j,v02_plus_fk,v00_baseline,FK vs baseline,1,0.3333333333333333,0.8470171491305033,27869.0,27569.0,300.0,P1_isolated_effects
GEMINI,nhanes_dietary.dsqids_j,v02_plus_fk,v00_baseline,FK vs baseline,1,0.0,0.736086110273997,27869.0,27569.0,300.0,P1_isolated_effects
GEMINI,nhanes_dietary.dsqtot_j,v02_plus_fk,v00_baseline,FK vs baseline,1,0.3333333333333333,0.5613440076510111,27869.0,27569.0,300.0,P1_isolated_effects
GEMINI,nhanes_examination.bmx_j,v02_plus_fk,v00_baseline,FK vs baseline,1,0.3333333333333333,0.8173084457715353,27869.0,27569.0,300.0,P1_isolated_effects
GEMINI,nhanes_examination.bpx_j,v02_plus_fk,v00_baseline,FK vs baseline,1,0.3333333333333333,0.7600569327672323,27869.0,27569.0,300.0,P1_isolated_effects
GEMINI,nhanes_examination.bpxo_j,v02_plus_fk,v00_baseline,FK vs baseline,1,0.3333333333333333,0.8464507460594177,27869.0,27569.0,300.0,P1_isolated_effects
GEMINI,nhanes_laboratory.cbc_j,v02_plus_fk,v00_baseline,FK vs baseline,1,0.3333333333333333,0.8385867277781168,27869.0,27569.0,300.0,P1_isolated_effects
GEMINI,nhanes_laboratory.fastqx_j,v02_plus_fk,v00_baseline,FK vs baseline,1,0.3333333333333333,0.8413823048273722,27869.0,27569.0,300.0,P1_isolated_effects
GEMINI,nhanes_laboratory.ghb_j,v02_plus_fk,v00_baseline,FK vs baseline,1,0.3333333333333333,0.8915710846583048,27869.0,27569.0,300.0,P1_isolated_effects
GEMINI,nhanes_laboratory.hepa_j,v02_plus_fk,v00_baseline,FK vs baseline,1,0.0,0.5758055210113525,27869.0,27569.0,300.0,P1_isolated_effects
GEMINI,nhanes_laboratory.ins_j,v02_plus_fk,v00_baseline,FK vs baseline,1,0.0,0.8089898228645325,27869.0,27569.0,300.0,P1_isolated_effects
GEMINI,nhanes_laboratory.phthte_j,v02_plus_fk,v00_baseline,FK vs baseline,1,0.3333333333333333,0.7583122253417969,27869.0,27569.0,300.0,P1_isolated_effects
GEMINI,nhanes_laboratory.ssuvcm_j,v02_plus_fk,v00_baseline,FK vs baseline,1,0.0,0.19349002838134766,27869.0,27569.0,300.0,P1_isolated_effects
GEMINI,nhanes_laboratory.uio_j,v02_plus_fk,v00_baseline,FK vs baseline,1,0.6666666666666666,0.6666659712791443,27869.0,27569.0,300.0,P1_isolated_effects
GEMINI,nhanes_laboratory.vic_j,v02_plus_fk,v00_baseline,FK vs baseline,1,0.3333333333333333,0.6031527916590372,27869.0,27569.0,300.0,P1_isolated_effects
GEMINI,nhanes_laboratory.vid_j,v02_plus_fk,v00_baseline,FK vs baseline,1,1.0,0.9999992450078329,27869.0,27569.0,300.0,P1_isolated_effects
GEMINI,nhanes_questionnaire.alq_j,v02_plus_fk,v00_baseline,FK vs baseline,1,0.8,0.7999994039535523,27869.0,27569.0,300.0,P1_isolated_effects
GEMINI,nhanes_questionnaire.dpq_j,v02_plus_fk,v00_baseline,FK vs baseline,1,0.0,0.5595942497253418,27869.0,27569.0,300.0,P1_isolated_effects
GEMINI,nhanes_questionnaire.hsq_j,v02_plus_fk,v00_baseline,FK vs baseline,1,0.3333333333333333,0.8317659894625345,27869.0,27569.0,300.0,P1_isolated_effects
GEMINI,nhanes_questionnaire.puqmec_j,v02_plus_fk,v00_baseline,FK vs baseline,1,0.0,0.5563950061798095,27869.0,27569.0,300.0,P1_isolated_effects
GEMINI,nhanes_questionnaire.smqshs_j,v02_plus_fk,v00_baseline,FK vs baseline,1,0.0,0.760499095916748,27869.0,27569.0,300.0,P1_isolated_effects
GEMINI,nhanes_questionnaire.whq_j,v02_plus_fk,v00_baseline,FK vs baseline,1,0.0,0.26894640922546387,27869.0,27569.0,300.0,P1_isolated_effects
GEMINI,nhanes_demographics.demo_j,v03_plus_nullable,v00_baseline,nullable vs baseline,1,0.0,0.4588790535926819,30409.0,27569.0,2840.0,P1_isolated_effects
GEMINI,nhanes_dietary.ds1tot_j,v03_plus_nullable,v00_baseline,nullable vs baseline,1,0.3333333333333333,0.5811596711476644,30409.0,27569.0,2840.0,P1_isolated_effects
GEMINI,nhanes_dietary.ds2ids_j,v03_plus_nullable,v00_baseline,nullable vs baseline,1,0.0,0.6683563391367594,30409.0,27569.0,2840.0,P1_isolated_effects
GEMINI,nhanes_dietary.ds2tot_j,v03_plus_nullable,v00_baseline,nullable vs baseline,1,0.0,0.7339545488357544,30409.0,27569.0,2840.0,P1_isolated_effects
GEMINI,nhanes_dietary.dsqids_j,v03_plus_nullable,v00_baseline,nullable vs baseline,1,1.0,0.9999992450078329,30409.0,27569.0,2840.0,P1_isolated_effects
GEMINI,nhanes_dietary.dsqtot_j,v03_plus_nullable,v00_baseline,nullable vs baseline,1,0.0,0.7259968519210815,30409.0,27569.0,2840.0,P1_isolated_effects
GEMINI,nhanes_examination.bmx_j,v03_plus_nullable,v00_baseline,nullable vs baseline,1,0.3333333333333333,0.8173084457715353,30409.0,27569.0,2840.0,P1_isolated_effects
GEMINI,nhanes_examination.bpx_j,v03_plus_nullable,v00_baseline,nullable vs baseline,1,0.6666666666666666,0.9138771295547485,30409.0,27569.0,2840.0,P1_isolated_effects
GEMINI,nhanes_examination.bpxo_j,v03_plus_nullable,v00_baseline,nullable vs baseline,1,0.0,0.5814461906750997,30409.0,27569.0,2840.0,P1_isolated_effects
GEMINI,nhanes_laboratory.cbc_j,v03_plus_nullable,v00_baseline,nullable vs baseline,1,0.6666666666666666,0.8799300591150919,30409.0,27569.0,2840.0,P1_isolated_effects
GEMINI,nhanes_laboratory.fastqx_j,v03_plus_nullable,v00_baseline,nullable vs baseline,1,0.3333333333333333,0.5156917572021484,30409.0,27569.0,2840.0,P1_isolated_effects
GEMINI,nhanes_laboratory.ghb_j,v03_plus_nullable,v00_baseline,nullable vs baseline,1,0.0,0.7593067089716593,30409.0,27569.0,2840.0,P1_isolated_effects
GEMINI,nhanes_laboratory.hepa_j,v03_plus_nullable,v00_baseline,nullable vs baseline,1,0.0,0.6856591701507568,30409.0,27569.0,2840.0,P1_isolated_effects
GEMINI,nhanes_laboratory.ins_j,v03_plus_nullable,v00_baseline,nullable vs baseline,1,0.0,0.8089898228645325,30409.0,27569.0,2840.0,P1_isolated_effects
GEMINI,nhanes_laboratory.phthte_j,v03_plus_nullable,v00_baseline,nullable vs baseline,1,0.0,0.6398389339447021,30409.0,27569.0,2840.0,P1_isolated_effects
GEMINI,nhanes_laboratory.ssuvcm_j,v03_plus_nullable,v00_baseline,nullable vs baseline,1,0.0,0.2268815835316976,30409.0,27569.0,2840.0,P1_isolated_effects
GEMINI,nhanes_laboratory.uio_j,v03_plus_nullable,v00_baseline,nullable vs baseline,1,0.0,0.47858621676762897,30409.0,27569.0,2840.0,P1_isolated_effects
GEMINI,nhanes_laboratory.vic_j,v03_plus_nullable,v00_baseline,nullable vs baseline,1,0.0,0.7477214535077413,30409.0,27569.0,2840.0,P1_isolated_effects
GEMINI,nhanes_laboratory.vid_j,v03_plus_nullable,v00_baseline,nullable vs baseline,1,0.6666666666666666,0.8453768491744995,30409.0,27569.0,2840.0,P1_isolated_effects
GEMINI,nhanes_questionnaire.alq_j,v03_plus_nullable,v00_baseline,nullable vs baseline,1,0.0,0.49593188762664797,30409.0,27569.0,2840.0,P1_isolated_effects
GEMINI,nhanes_questionnaire.dpq_j,v03_plus_nullable,v00_baseline,nullable vs baseline,1,1.0,0.9999993840853373,30409.0,27569.0,2840.0,P1_isolated_effects
GEMINI,nhanes_questionnaire.hsq_j,v03_plus_nullable,v00_baseline,nullable vs baseline,1,0.3333333333333333,0.9202540119489034,30409.0,27569.0,2840.0,P1_isolated_effects
GEMINI,nhanes_questionnaire.puqmec_j,v03_plus_nullable,v00_baseline,nullable vs baseline,1,0.4,0.39999985694885254,30409.0,27569.0,2840.0,P1_isolated_effects
GEMINI,nhanes_questionnaire.smqshs_j,v03_plus_nullable,v00_baseline,nullable vs baseline,1,0.6666666666666666,0.6666662295659384,30409.0,27569.0,2840.0,P1_isolated_effects
GEMINI,nhanes_questionnaire.whq_j,v03_plus_nullable,v00_baseline,nullable vs baseline,1,0.0,0.26894640922546387,30409.0,27569.0,2840.0,P1_isolated_effects
GEMINI,nhanes_demographics.demo_j,v04_plus_numeric_stats,v00_baseline,numeric_stats vs baseline,1,0.0,0.5013560652732849,68671.0,27569.0,41102.0,P1_isolated_effects
GEMINI,nhanes_dietary.ds1tot_j,v04_plus_numeric_stats,v00_baseline,numeric_stats vs baseline,1,0.0,0.6892403165499369,68671.0,27569.0,41102.0,P1_isolated_effects
GEMINI,nhanes_dietary.ds2ids_j,v04_plus_numeric_stats,v00_baseline,numeric_stats vs baseline,1,0.3333333333333333,0.7127776543299357,68671.0,27569.0,41102.0,P1_isolated_effects
GEMINI,nhanes_dietary.ds2tot_j,v04_plus_numeric_stats,v00_baseline,numeric_stats vs baseline,1,0.0,0.7000022133191427,68671.0,27569.0,41102.0,P1_isolated_effects
GEMINI,nhanes_dietary.dsqids_j,v04_plus_numeric_stats,v00_baseline,numeric_stats vs baseline,1,0.3333333333333333,0.8398282130559286,68671.0,27569.0,41102.0,P1_isolated_effects
GEMINI,nhanes_dietary.dsqtot_j,v04_plus_numeric_stats,v00_baseline,numeric_stats vs baseline,1,0.0,0.6959598660469055,68671.0,27569.0,41102.0,P1_isolated_effects
GEMINI,nhanes_examination.bmx_j,v04_plus_numeric_stats,v00_baseline,numeric_stats vs baseline,1,0.3333333333333333,0.8173084457715353,68671.0,27569.0,41102.0,P1_isolated_effects
GEMINI,nhanes_examination.bpx_j,v04_plus_numeric_stats,v00_baseline,numeric_stats vs baseline,1,0.3333333333333333,0.7449453671773275,68671.0,27569.0,41102.0,P1_isolated_effects
GEMINI,nhanes_examination.bpxo_j,v04_plus_numeric_stats,v00_baseline,numeric_stats vs baseline,1,0.3333333333333333,0.8791043559710184,68671.0,27569.0,41102.0,P1_isolated_effects
GEMINI,nhanes_laboratory.cbc_j,v04_plus_numeric_stats,v00_baseline,numeric_stats vs baseline,1,0.0,0.7726714611053467,68671.0,27569.0,41102.0,P1_isolated_effects
GEMINI,nhanes_laboratory.fastqx_j,v04_plus_numeric_stats,v00_baseline,numeric_stats vs baseline,1,0.0,0.6384329597155253,68671.0,27569.0,41102.0,P1_isolated_effects
GEMINI,nhanes_laboratory.ghb_j,v04_plus_numeric_stats,v00_baseline,numeric_stats vs baseline,1,0.0,0.4450828631718953,68671.0,27569.0,41102.0,P1_isolated_effects
GEMINI,nhanes_laboratory.hepa_j,v04_plus_numeric_stats,v00_baseline,numeric_stats vs baseline,1,0.0,0.3348566770553589,68671.0,27569.0,41102.0,P1_isolated_effects
GEMINI,nhanes_laboratory.ins_j,v04_plus_numeric_stats,v00_baseline,numeric_stats vs baseline,1,0.3333333333333333,0.7522693872451782,68671.0,27569.0,41102.0,P1_isolated_effects
GEMINI,nhanes_laboratory.phthte_j,v04_plus_numeric_stats,v00_baseline,numeric_stats vs baseline,1,0.3333333333333333,0.8328956564267477,68671.0,27569.0,41102.0,P1_isolated_effects
GEMINI,nhanes_laboratory.ssuvcm_j,v04_plus_numeric_stats,v00_baseline,numeric_stats vs baseline,1,0.3333333333333333,0.5058601101239523,68671.0,27569.0,41102.0,P1_isolated_effects
GEMINI,nhanes_laboratory.uio_j,v04_plus_numeric_stats,v00_baseline,numeric_stats vs baseline,1,0.0,0.7539799213409424,68671.0,27569.0,41102.0,P1_isolated_effects
GEMINI,nhanes_laboratory.vic_j,v04_plus_numeric_stats,v00_baseline,numeric_stats vs baseline,1,0.0,0.6604681213696798,68671.0,27569.0,41102.0,P1_isolated_effects
GEMINI,nhanes_laboratory.vid_j,v04_plus_numeric_stats,v00_baseline,numeric_stats vs baseline,1,0.3333333333333333,0.7686604460080465,68671.0,27569.0,41102.0,P1_isolated_effects
GEMINI,nhanes_questionnaire.alq_j,v04_plus_numeric_stats,v00_baseline,numeric_stats vs baseline,1,0.6666666666666666,0.6666661699612936,68671.0,27569.0,41102.0,P1_isolated_effects
GEMINI,nhanes_questionnaire.dpq_j,v04_plus_numeric_stats,v00_baseline,numeric_stats vs baseline,1,0.6666666666666666,0.6666661699612936,68671.0,27569.0,41102.0,P1_isolated_effects
GEMINI,nhanes_questionnaire.hsq_j,v04_plus_numeric_stats,v00_baseline,numeric_stats vs baseline,1,0.3333333333333333,0.7761340737342834,68671.0,27569.0,41102.0,P1_isolated_effects
GEMINI,nhanes_questionnaire.puqmec_j,v04_plus_numeric_stats,v00_baseline,numeric_stats vs baseline,1,0.4,0.6280192613601685,68671.0,27569.0,41102.0,P1_isolated_effects
GEMINI,nhanes_questionnaire.smqshs_j,v04_plus_numeric_stats,v00_baseline,numeric_stats vs baseline,1,0.3333333333333333,0.6331674853960673,68671.0,27569.0,41102.0,P1_isolated_effects
GEMINI,nhanes_questionnaire.whq_j,v04_plus_numeric_stats,v00_baseline,numeric_stats vs baseline,1,0.3333333333333333,0.8416958252588908,68671.0,27569.0,41102.0,P1_isolated_effects
GEMINI,nhanes_demographics.demo_j,v05_plus_sample_values,v00_baseline,sample_values vs baseline,1,0.0,0.5151573220888773,71615.0,27569.0,44046.0,P1_isolated_effects
GEMINI,nhanes_dietary.ds1tot_j,v05_plus_sample_values,v00_baseline,sample_values vs baseline,1,0.0,0.7075876196225485,71615.0,27569.0,44046.0,P1_isolated_effects
GEMINI,nhanes_dietary.ds2ids_j,v05_plus_sample_values,v00_baseline,sample_values vs baseline,1,0.0,0.7022130290667216,71615.0,27569.0,44046.0,P1_isolated_effects
GEMINI,nhanes_dietary.ds2tot_j,v05_plus_sample_values,v00_baseline,sample_values vs baseline,1,0.0,0.7198383410771688,71615.0,27569.0,44046.0,P1_isolated_effects
GEMINI,nhanes_dietary.dsqids_j,v05_plus_sample_values,v00_baseline,sample_values vs baseline,1,0.0,0.5330861806869507,71615.0,27569.0,44046.0,P1_isolated_effects
GEMINI,nhanes_dietary.dsqtot_j,v05_plus_sample_values,v00_baseline,sample_values vs baseline,1,0.3333333333333333,0.5098302563031515,71615.0,27569.0,44046.0,P1_isolated_effects
GEMINI,nhanes_examination.bmx_j,v05_plus_sample_values,v00_baseline,sample_values vs baseline,1,1.0,0.9999992847442627,71615.0,27569.0,44046.0,P1_isolated_effects
GEMINI,nhanes_examination.bpx_j,v05_plus_sample_values,v00_baseline,sample_values vs baseline,1,0.3333333333333333,0.8832172354062399,71615.0,27569.0,44046.0,P1_isolated_effects
GEMINI,nhanes_examination.bpxo_j,v05_plus_sample_values,v00_baseline,sample_values vs baseline,1,0.3333333333333333,0.8791043559710184,71615.0,27569.0,44046.0,P1_isolated_effects
GEMINI,nhanes_laboratory.cbc_j,v05_plus_sample_values,v00_baseline,sample_values vs baseline,1,1.0,0.9999993443489075,71615.0,27569.0,44046.0,P1_isolated_effects
GEMINI,nhanes_laboratory.fastqx_j,v05_plus_sample_values,v00_baseline,sample_values vs baseline,1,0.0,0.7882285515467325,71615.0,27569.0,44046.0,P1_isolated_effects
GEMINI,nhanes_laboratory.ghb_j,v05_plus_sample_values,v00_baseline,sample_values vs baseline,1,0.0,0.7811126708984375,71615.0,27569.0,44046.0,P1_isolated_effects
GEMINI,nhanes_laboratory.hepa_j,v05_plus_sample_values,v00_baseline,sample_values vs baseline,1,0.0,0.5758055210113525,71615.0,27569.0,44046.0,P1_isolated_effects
GEMINI,nhanes_laboratory.ins_j,v05_plus_sample_values,v00_baseline,sample_values vs baseline,1,0.3333333333333333,0.7277352809906006,71615.0,27569.0,44046.0,P1_isolated_effects
GEMINI,nhanes_laboratory.phthte_j,v05_plus_sample_values,v00_baseline,sample_values vs baseline,1,0.6666666666666666,0.9848594466845194,71615.0,27569.0,44046.0,P1_isolated_effects
GEMINI,nhanes_laboratory.ssuvcm_j,v05_plus_sample_values,v00_baseline,sample_values vs baseline,1,0.0,0.24584515889485678,71615.0,27569.0,44046.0,P1_isolated_effects
GEMINI,nhanes_laboratory.uio_j,v05_plus_sample_values,v00_baseline,sample_values vs baseline,1,0.0,0.7457500298817953,71615.0,27569.0,44046.0,P1_isolated_effects
GEMINI,nhanes_laboratory.vic_j,v05_plus_sample_values,v00_baseline,sample_values vs baseline,1,0.6666666666666666,0.6666662494341532,71615.0,27569.0,44046.0,P1_isolated_effects
GEMINI,nhanes_laboratory.vid_j,v05_plus_sample_values,v00_baseline,sample_values vs baseline,1,0.6666666666666666,0.9575480818748474,71615.0,27569.0,44046.0,P1_isolated_effects
GEMINI,nhanes_questionnaire.alq_j,v05_plus_sample_values,v00_baseline,sample_values vs baseline,1,0.6666666666666666,0.8775281310081482,71615.0,27569.0,44046.0,P1_isolated_effects
GEMINI,nhanes_questionnaire.dpq_j,v05_plus_sample_values,v00_baseline,sample_values vs baseline,1,0.6666666666666666,0.6666661699612936,71615.0,27569.0,44046.0,P1_isolated_effects
GEMINI,nhanes_questionnaire.hsq_j,v05_plus_sample_values,v00_baseline,sample_values vs baseline,1,0.6666666666666666,0.9396383166313171,71615.0,27569.0,44046.0,P1_isolated_effects
GEMINI,nhanes_questionnaire.puqmec_j,v05_plus_sample_values,v00_baseline,sample_values vs baseline,1,0.0,0.27313050627708435,71615.0,27569.0,44046.0,P1_isolated_effects
GEMINI,nhanes_questionnaire.smqshs_j,v05_plus_sample_values,v00_baseline,sample_values vs baseline,1,0.6666666666666666,0.6666662295659384,71615.0,27569.0,44046.0,P1_isolated_effects
GEMINI,nhanes_questionnaire.whq_j,v05_plus_sample_values,v00_baseline,sample_values vs baseline,1,0.3333333333333333,0.8948924740155538,71615.0,27569.0,44046.0,P1_isolated_effects
GEMINI,nhanes_demographics.demo_j,v06_plus_frequent_values,v00_baseline,frequent_values vs baseline,1,0.0,0.0,68780.0,27569.0,41211.0,P1_isolated_effects
GEMINI,nhanes_dietary.ds1tot_j,v06_plus_frequent_values,v00_baseline,frequent_values vs baseline,1,0.0,0.0,68780.0,27569.0,41211.0,P1_isolated_effects
GEMINI,nhanes_dietary.ds2ids_j,v06_plus_frequent_values,v00_baseline,frequent_values vs baseline,1,0.3333333333333333,0.6139307419459025,68780.0,27569.0,41211.0,P1_isolated_effects
GEMINI,nhanes_dietary.ds2tot_j,v06_plus_frequent_values,v00_baseline,frequent_values vs baseline,1,0.0,0.6886805693308512,68780.0,27569.0,41211.0,P1_isolated_effects
GEMINI,nhanes_dietary.dsqids_j,v06_plus_frequent_values,v00_baseline,frequent_values vs baseline,1,0.3333333333333333,0.6307995716730753,68780.0,27569.0,41211.0,P1_isolated_effects
GEMINI,nhanes_dietary.dsqtot_j,v06_plus_frequent_values,v00_baseline,frequent_values vs baseline,1,0.0,0.6545800367991129,68780.0,27569.0,41211.0,P1_isolated_effects
GEMINI,nhanes_examination.bmx_j,v06_plus_frequent_values,v00_baseline,frequent_values vs baseline,1,0.3333333333333333,0.8173084457715353,68780.0,27569.0,41211.0,P1_isolated_effects
GEMINI,nhanes_examination.bpx_j,v06_plus_frequent_values,v00_baseline,frequent_values vs baseline,1,0.3333333333333333,0.7468914786974589,68780.0,27569.0,41211.0,P1_isolated_effects
GEMINI,nhanes_examination.bpxo_j,v06_plus_frequent_values,v00_baseline,frequent_values vs baseline,1,0.0,0.7922478318214417,68780.0,27569.0,41211.0,P1_isolated_effects
GEMINI,nhanes_laboratory.cbc_j,v06_plus_frequent_values,v00_baseline,frequent_values vs baseline,1,0.6666666666666666,0.9619451562563578,68780.0,27569.0,41211.0,P1_isolated_effects
GEMINI,nhanes_laboratory.fastqx_j,v06_plus_frequent_values,v00_baseline,frequent_values vs baseline,1,0.3333333333333333,0.7780505220095316,68780.0,27569.0,41211.0,P1_isolated_effects
GEMINI,nhanes_laboratory.ghb_j,v06_plus_frequent_values,v00_baseline,frequent_values vs baseline,1,0.0,0.5924776792526245,68780.0,27569.0,41211.0,P1_isolated_effects
GEMINI,nhanes_laboratory.hepa_j,v06_plus_frequent_values,v00_baseline,frequent_values vs baseline,1,0.5,0.8344687223434448,68780.0,27569.0,41211.0,P1_isolated_effects
GEMINI,nhanes_laboratory.ins_j,v06_plus_frequent_values,v00_baseline,frequent_values vs baseline,1,0.3333333333333333,0.8539171814918518,68780.0,27569.0,41211.0,P1_isolated_effects
GEMINI,nhanes_laboratory.phthte_j,v06_plus_frequent_values,v00_baseline,frequent_values vs baseline,1,0.0,0.6070951620737711,68780.0,27569.0,41211.0,P1_isolated_effects
GEMINI,nhanes_laboratory.ssuvcm_j,v06_plus_frequent_values,v00_baseline,frequent_values vs baseline,1,0.0,0.24584515889485678,68780.0,27569.0,41211.0,P1_isolated_effects
GEMINI,nhanes_laboratory.uio_j,v06_plus_frequent_values,v00_baseline,frequent_values vs baseline,1,0.3333333333333333,0.6102124253908793,68780.0,27569.0,41211.0,P1_isolated_effects
GEMINI,nhanes_laboratory.vic_j,v06_plus_frequent_values,v00_baseline,frequent_values vs baseline,1,0.3333333333333333,0.7579820156097412,68780.0,27569.0,41211.0,P1_isolated_effects
GEMINI,nhanes_laboratory.vid_j,v06_plus_frequent_values,v00_baseline,frequent_values vs baseline,1,0.6666666666666666,0.8656028906504313,68780.0,27569.0,41211.0,P1_isolated_effects
GEMINI,nhanes_questionnaire.alq_j,v06_plus_frequent_values,v00_baseline,frequent_values vs baseline,1,0.6666666666666666,0.6666661699612936,68780.0,27569.0,41211.0,P1_isolated_effects
GEMINI,nhanes_questionnaire.dpq_j,v06_plus_frequent_values,v00_baseline,frequent_values vs baseline,1,0.3333333333333333,0.7194077372550964,68780.0,27569.0,41211.0,P1_isolated_effects
GEMINI,nhanes_questionnaire.hsq_j,v06_plus_frequent_values,v00_baseline,frequent_values vs baseline,1,0.3333333333333333,0.7761340737342834,68780.0,27569.0,41211.0,P1_isolated_effects
GEMINI,nhanes_questionnaire.puqmec_j,v06_plus_frequent_values,v00_baseline,frequent_values vs baseline,1,0.0,0.2237231731414795,68780.0,27569.0,41211.0,P1_isolated_effects
GEMINI,nhanes_questionnaire.smqshs_j,v06_plus_frequent_values,v00_baseline,frequent_values vs baseline,1,0.6666666666666666,0.6666662295659384,68780.0,27569.0,41211.0,P1_isolated_effects
GEMINI,nhanes_questionnaire.whq_j,v06_plus_frequent_values,v00_baseline,frequent_values vs baseline,1,0.0,0.561559279759725,68780.0,27569.0,41211.0,P1_isolated_effects
GEMINI,nhanes_demographics.demo_j,v07_plus_sample_rows,v00_baseline,sample_rows vs baseline,1,0.3333333333333333,0.5887335538864136,47830.0,27569.0,20261.0,P1_isolated_effects
GEMINI,nhanes_dietary.ds1tot_j,v07_plus_sample_rows,v00_baseline,sample_rows vs baseline,1,0.0,0.6772400538126627,47830.0,27569.0,20261.0,P1_isolated_effects
GEMINI,nhanes_dietary.ds2ids_j,v07_plus_sample_rows,v00_baseline,sample_rows vs baseline,1,0.3333333333333333,0.7434367736180624,47830.0,27569.0,20261.0,P1_isolated_effects
GEMINI,nhanes_dietary.ds2tot_j,v07_plus_sample_rows,v00_baseline,sample_rows vs baseline,1,0.0,0.7341578205426534,47830.0,27569.0,20261.0,P1_isolated_effects
GEMINI,nhanes_dietary.dsqids_j,v07_plus_sample_rows,v00_baseline,sample_rows vs baseline,1,0.6666666666666666,0.8414039611816406,47830.0,27569.0,20261.0,P1_isolated_effects
GEMINI,nhanes_dietary.dsqtot_j,v07_plus_sample_rows,v00_baseline,sample_rows vs baseline,1,0.0,0.704636812210083,47830.0,27569.0,20261.0,P1_isolated_effects
GEMINI,nhanes_examination.bmx_j,v07_plus_sample_rows,v00_baseline,sample_rows vs baseline,1,0.6666666666666666,0.9611088434855143,47830.0,27569.0,20261.0,P1_isolated_effects
GEMINI,nhanes_examination.bpx_j,v07_plus_sample_rows,v00_baseline,sample_rows vs baseline,1,0.3333333333333333,0.8471816182136536,47830.0,27569.0,20261.0,P1_isolated_effects
GEMINI,nhanes_examination.bpxo_j,v07_plus_sample_rows,v00_baseline,sample_rows vs baseline,1,0.3333333333333333,0.9147792259852091,47830.0,27569.0,20261.0,P1_isolated_effects
GEMINI,nhanes_laboratory.cbc_j,v07_plus_sample_rows,v00_baseline,sample_rows vs baseline,1,1.0,0.9999993443489075,47830.0,27569.0,20261.0,P1_isolated_effects
GEMINI,nhanes_laboratory.fastqx_j,v07_plus_sample_rows,v00_baseline,sample_rows vs baseline,1,0.3333333333333333,0.801073948542277,47830.0,27569.0,20261.0,P1_isolated_effects
GEMINI,nhanes_laboratory.ghb_j,v07_plus_sample_rows,v00_baseline,sample_rows vs baseline,1,0.0,0.5402597427368164,47830.0,27569.0,20261.0,P1_isolated_effects
GEMINI,nhanes_laboratory.hepa_j,v07_plus_sample_rows,v00_baseline,sample_rows vs baseline,1,0.0,0.40050002932548523,47830.0,27569.0,20261.0,P1_isolated_effects
GEMINI,nhanes_laboratory.ins_j,v07_plus_sample_rows,v00_baseline,sample_rows vs baseline,1,0.3333333333333333,0.8725032806396484,47830.0,27569.0,20261.0,P1_isolated_effects
GEMINI,nhanes_laboratory.phthte_j,v07_plus_sample_rows,v00_baseline,sample_rows vs baseline,1,0.0,0.7170007030169169,47830.0,27569.0,20261.0,P1_isolated_effects
GEMINI,nhanes_laboratory.ssuvcm_j,v07_plus_sample_rows,v00_baseline,sample_rows vs baseline,1,0.0,0.4217968185742696,47830.0,27569.0,20261.0,P1_isolated_effects
GEMINI,nhanes_laboratory.uio_j,v07_plus_sample_rows,v00_baseline,sample_rows vs baseline,1,0.3333333333333333,0.6157013376553854,47830.0,27569.0,20261.0,P1_isolated_effects
GEMINI,nhanes_laboratory.vic_j,v07_plus_sample_rows,v00_baseline,sample_rows vs baseline,1,0.6666666666666666,0.8401369055112203,47830.0,27569.0,20261.0,P1_isolated_effects
GEMINI,nhanes_laboratory.vid_j,v07_plus_sample_rows,v00_baseline,sample_rows vs baseline,1,0.6666666666666666,0.9136364261309305,47830.0,27569.0,20261.0,P1_isolated_effects
GEMINI,nhanes_questionnaire.alq_j,v07_plus_sample_rows,v00_baseline,sample_rows vs baseline,1,0.6666666666666666,0.9175135095914205,47830.0,27569.0,20261.0,P1_isolated_effects
GEMINI,nhanes_questionnaire.dpq_j,v07_plus_sample_rows,v00_baseline,sample_rows vs baseline,1,0.6666666666666666,0.9438926974932352,47830.0,27569.0,20261.0,P1_isolated_effects
GEMINI,nhanes_questionnaire.hsq_j,v07_plus_sample_rows,v00_baseline,sample_rows vs baseline,1,0.6666666666666666,0.836495021979014,47830.0,27569.0,20261.0,P1_isolated_effects
GEMINI,nhanes_questionnaire.puqmec_j,v07_plus_sample_rows,v00_baseline,sample_rows vs baseline,1,0.0,0.2237231731414795,47830.0,27569.0,20261.0,P1_isolated_effects
GEMINI,nhanes_questionnaire.smqshs_j,v07_plus_sample_rows,v00_baseline,sample_rows vs baseline,1,0.6666666666666666,0.6666662295659384,47830.0,27569.0,20261.0,P1_isolated_effects
GEMINI,nhanes_questionnaire.whq_j,v07_plus_sample_rows,v00_baseline,sample_rows vs baseline,1,0.0,0.7981834808985392,47830.0,27569.0,20261.0,P1_isolated_effects
GEMINI,nhanes_demographics.demo_j,v04_plus_numeric_stats,v00_baseline,numeric_stats sozinho,1,0.0,0.5013560652732849,68671.0,27569.0,41102.0,P2_numeric_stats
GEMINI,nhanes_dietary.ds1tot_j,v04_plus_numeric_stats,v00_baseline,numeric_stats sozinho,1,0.0,0.6892403165499369,68671.0,27569.0,41102.0,P2_numeric_stats
GEMINI,nhanes_dietary.ds2ids_j,v04_plus_numeric_stats,v00_baseline,numeric_stats sozinho,1,0.3333333333333333,0.7127776543299357,68671.0,27569.0,41102.0,P2_numeric_stats
GEMINI,nhanes_dietary.ds2tot_j,v04_plus_numeric_stats,v00_baseline,numeric_stats sozinho,1,0.0,0.7000022133191427,68671.0,27569.0,41102.0,P2_numeric_stats
GEMINI,nhanes_dietary.dsqids_j,v04_plus_numeric_stats,v00_baseline,numeric_stats sozinho,1,0.3333333333333333,0.8398282130559286,68671.0,27569.0,41102.0,P2_numeric_stats
GEMINI,nhanes_dietary.dsqtot_j,v04_plus_numeric_stats,v00_baseline,numeric_stats sozinho,1,0.0,0.6959598660469055,68671.0,27569.0,41102.0,P2_numeric_stats
GEMINI,nhanes_examination.bmx_j,v04_plus_numeric_stats,v00_baseline,numeric_stats sozinho,1,0.3333333333333333,0.8173084457715353,68671.0,27569.0,41102.0,P2_numeric_stats
GEMINI,nhanes_examination.bpx_j,v04_plus_numeric_stats,v00_baseline,numeric_stats sozinho,1,0.3333333333333333,0.7449453671773275,68671.0,27569.0,41102.0,P2_numeric_stats
GEMINI,nhanes_examination.bpxo_j,v04_plus_numeric_stats,v00_baseline,numeric_stats sozinho,1,0.3333333333333333,0.8791043559710184,68671.0,27569.0,41102.0,P2_numeric_stats
GEMINI,nhanes_laboratory.cbc_j,v04_plus_numeric_stats,v00_baseline,numeric_stats sozinho,1,0.0,0.7726714611053467,68671.0,27569.0,41102.0,P2_numeric_stats
GEMINI,nhanes_laboratory.fastqx_j,v04_plus_numeric_stats,v00_baseline,numeric_stats sozinho,1,0.0,0.6384329597155253,68671.0,27569.0,41102.0,P2_numeric_stats
GEMINI,nhanes_laboratory.ghb_j,v04_plus_numeric_stats,v00_baseline,numeric_stats sozinho,1,0.0,0.4450828631718953,68671.0,27569.0,41102.0,P2_numeric_stats
GEMINI,nhanes_laboratory.hepa_j,v04_plus_numeric_stats,v00_baseline,numeric_stats sozinho,1,0.0,0.3348566770553589,68671.0,27569.0,41102.0,P2_numeric_stats
GEMINI,nhanes_laboratory.ins_j,v04_plus_numeric_stats,v00_baseline,numeric_stats sozinho,1,0.3333333333333333,0.7522693872451782,68671.0,27569.0,41102.0,P2_numeric_stats
GEMINI,nhanes_laboratory.phthte_j,v04_plus_numeric_stats,v00_baseline,numeric_stats sozinho,1,0.3333333333333333,0.8328956564267477,68671.0,27569.0,41102.0,P2_numeric_stats
GEMINI,nhanes_laboratory.ssuvcm_j,v04_plus_numeric_stats,v00_baseline,numeric_stats sozinho,1,0.3333333333333333,0.5058601101239523,68671.0,27569.0,41102.0,P2_numeric_stats
GEMINI,nhanes_laboratory.uio_j,v04_plus_numeric_stats,v00_baseline,numeric_stats sozinho,1,0.0,0.7539799213409424,68671.0,27569.0,41102.0,P2_numeric_stats
GEMINI,nhanes_laboratory.vic_j,v04_plus_numeric_stats,v00_baseline,numeric_stats sozinho,1,0.0,0.6604681213696798,68671.0,27569.0,41102.0,P2_numeric_stats
GEMINI,nhanes_laboratory.vid_j,v04_plus_numeric_stats,v00_baseline,numeric_stats sozinho,1,0.3333333333333333,0.7686604460080465,68671.0,27569.0,41102.0,P2_numeric_stats
GEMINI,nhanes_questionnaire.alq_j,v04_plus_numeric_stats,v00_baseline,numeric_stats sozinho,1,0.6666666666666666,0.6666661699612936,68671.0,27569.0,41102.0,P2_numeric_stats
GEMINI,nhanes_questionnaire.dpq_j,v04_plus_numeric_stats,v00_baseline,numeric_stats sozinho,1,0.6666666666666666,0.6666661699612936,68671.0,27569.0,41102.0,P2_numeric_stats
GEMINI,nhanes_questionnaire.hsq_j,v04_plus_numeric_stats,v00_baseline,numeric_stats sozinho,1,0.3333333333333333,0.7761340737342834,68671.0,27569.0,41102.0,P2_numeric_stats
GEMINI,nhanes_questionnaire.puqmec_j,v04_plus_numeric_stats,v00_baseline,numeric_stats sozinho,1,0.4,0.6280192613601685,68671.0,27569.0,41102.0,P2_numeric_stats
GEMINI,nhanes_questionnaire.smqshs_j,v04_plus_numeric_stats,v00_baseline,numeric_stats sozinho,1,0.3333333333333333,0.6331674853960673,68671.0,27569.0,41102.0,P2_numeric_stats
GEMINI,nhanes_questionnaire.whq_j,v04_plus_numeric_stats,v00_baseline,numeric_stats sozinho,1,0.3333333333333333,0.8416958252588908,68671.0,27569.0,41102.0,P2_numeric_stats
GEMINI,nhanes_demographics.demo_j,v14_nullable_plus_numeric_stats,v03_plus_nullable,numeric_stats + nullable vs nullable,1,0.3333333333333333,0.8602548241615295,71536.0,30409.0,41127.0,P2_numeric_stats
GEMINI,nhanes_dietary.ds1tot_j,v14_nullable_plus_numeric_stats,v03_plus_nullable,numeric_stats + nullable vs nullable,1,0.3333333333333333,0.636066754659017,71536.0,30409.0,41127.0,P2_numeric_stats
GEMINI,nhanes_dietary.ds2ids_j,v14_nullable_plus_numeric_stats,v03_plus_nullable,numeric_stats + nullable vs nullable,1,0.0,0.7011432449022929,71536.0,30409.0,41127.0,P2_numeric_stats
GEMINI,nhanes_dietary.ds2tot_j,v14_nullable_plus_numeric_stats,v03_plus_nullable,numeric_stats + nullable vs nullable,1,0.3333333333333333,0.8212912678718567,71536.0,30409.0,41127.0,P2_numeric_stats
GEMINI,nhanes_dietary.dsqids_j,v14_nullable_plus_numeric_stats,v03_plus_nullable,numeric_stats + nullable vs nullable,1,0.0,0.754371444384257,71536.0,30409.0,41127.0,P2_numeric_stats
GEMINI,nhanes_dietary.dsqtot_j,v14_nullable_plus_numeric_stats,v03_plus_nullable,numeric_stats + nullable vs nullable,1,0.0,0.6893818974494934,71536.0,30409.0,41127.0,P2_numeric_stats
GEMINI,nhanes_examination.bmx_j,v14_nullable_plus_numeric_stats,v03_plus_nullable,numeric_stats + nullable vs nullable,1,0.6666666666666666,0.6666662096977234,71536.0,30409.0,41127.0,P2_numeric_stats
GEMINI,nhanes_examination.bpx_j,v14_nullable_plus_numeric_stats,v03_plus_nullable,numeric_stats + nullable vs nullable,1,0.3333333333333333,0.7840387225151062,71536.0,30409.0,41127.0,P2_numeric_stats
GEMINI,nhanes_examination.bpxo_j,v14_nullable_plus_numeric_stats,v03_plus_nullable,numeric_stats + nullable vs nullable,1,0.3333333333333333,0.6293726960817972,71536.0,30409.0,41127.0,P2_numeric_stats
GEMINI,nhanes_laboratory.cbc_j,v14_nullable_plus_numeric_stats,v03_plus_nullable,numeric_stats + nullable vs nullable,1,0.3333333333333333,0.8594029347101847,71536.0,30409.0,41127.0,P2_numeric_stats
GEMINI,nhanes_laboratory.fastqx_j,v14_nullable_plus_numeric_stats,v03_plus_nullable,numeric_stats + nullable vs nullable,1,0.0,0.7581126888593038,71536.0,30409.0,41127.0,P2_numeric_stats
GEMINI,nhanes_laboratory.ghb_j,v14_nullable_plus_numeric_stats,v03_plus_nullable,numeric_stats + nullable vs nullable,1,0.0,0.5416706005732218,71536.0,30409.0,41127.0,P2_numeric_stats
GEMINI,nhanes_laboratory.hepa_j,v14_nullable_plus_numeric_stats,v03_plus_nullable,numeric_stats + nullable vs nullable,1,0.0,0.5938470840454102,71536.0,30409.0,41127.0,P2_numeric_stats
GEMINI,nhanes_laboratory.ins_j,v14_nullable_plus_numeric_stats,v03_plus_nullable,numeric_stats + nullable vs nullable,1,0.6666666666666666,0.9421019355456034,71536.0,30409.0,41127.0,P2_numeric_stats
GEMINI,nhanes_laboratory.phthte_j,v14_nullable_plus_numeric_stats,v03_plus_nullable,numeric_stats + nullable vs nullable,1,0.3333333333333333,0.7997590700785319,71536.0,30409.0,41127.0,P2_numeric_stats
GEMINI,nhanes_laboratory.ssuvcm_j,v14_nullable_plus_numeric_stats,v03_plus_nullable,numeric_stats + nullable vs nullable,1,0.0,0.5106258988380432,71536.0,30409.0,41127.0,P2_numeric_stats
GEMINI,nhanes_laboratory.uio_j,v14_nullable_plus_numeric_stats,v03_plus_nullable,numeric_stats + nullable vs nullable,1,0.0,0.3780152002970378,71536.0,30409.0,41127.0,P2_numeric_stats
GEMINI,nhanes_laboratory.vic_j,v14_nullable_plus_numeric_stats,v03_plus_nullable,numeric_stats + nullable vs nullable,1,0.3333333333333333,0.5826743443806967,71536.0,30409.0,41127.0,P2_numeric_stats
GEMINI,nhanes_laboratory.vid_j,v14_nullable_plus_numeric_stats,v03_plus_nullable,numeric_stats + nullable vs nullable,1,0.3333333333333333,0.7876734733581543,71536.0,30409.0,41127.0,P2_numeric_stats
GEMINI,nhanes_questionnaire.alq_j,v14_nullable_plus_numeric_stats,v03_plus_nullable,numeric_stats + nullable vs nullable,1,0.0,0.5159802436828613,71536.0,30409.0,41127.0,P2_numeric_stats
GEMINI,nhanes_questionnaire.dpq_j,v14_nullable_plus_numeric_stats,v03_plus_nullable,numeric_stats + nullable vs nullable,1,0.6666666666666666,0.6666661699612936,71536.0,30409.0,41127.0,P2_numeric_stats
GEMINI,nhanes_questionnaire.hsq_j,v14_nullable_plus_numeric_stats,v03_plus_nullable,numeric_stats + nullable vs nullable,1,1.0,0.9999991655349731,71536.0,30409.0,41127.0,P2_numeric_stats
GEMINI,nhanes_questionnaire.puqmec_j,v14_nullable_plus_numeric_stats,v03_plus_nullable,numeric_stats + nullable vs nullable,1,0.3333333333333333,0.5325835148493449,71536.0,30409.0,41127.0,P2_numeric_stats
GEMINI,nhanes_questionnaire.smqshs_j,v14_nullable_plus_numeric_stats,v03_plus_nullable,numeric_stats + nullable vs nullable,1,0.6666666666666666,0.8681850035985311,71536.0,30409.0,41127.0,P2_numeric_stats
GEMINI,nhanes_questionnaire.whq_j,v14_nullable_plus_numeric_stats,v03_plus_nullable,numeric_stats + nullable vs nullable,1,0.3333333333333333,0.3333330949147542,71536.0,30409.0,41127.0,P2_numeric_stats
GEMINI,nhanes_demographics.demo_j,v01_full,v24_full_no_numeric_stats,full vs full-sem-numeric_stats,1,0.0,0.5627135833104452,190878.0,151501.0,39377.0,P2_numeric_stats
GEMINI,nhanes_dietary.ds1tot_j,v01_full,v24_full_no_numeric_stats,full vs full-sem-numeric_stats,1,0.6666666666666666,0.6666661302248637,190878.0,151501.0,39377.0,P2_numeric_stats
GEMINI,nhanes_dietary.ds2ids_j,v01_full,v24_full_no_numeric_stats,full vs full-sem-numeric_stats,1,0.6666666666666666,0.971172054608663,190878.0,151501.0,39377.0,P2_numeric_stats
GEMINI,nhanes_dietary.ds2tot_j,v01_full,v24_full_no_numeric_stats,full vs full-sem-numeric_stats,1,0.0,0.6989965240160624,190878.0,151501.0,39377.0,P2_numeric_stats
GEMINI,nhanes_dietary.dsqids_j,v01_full,v24_full_no_numeric_stats,full vs full-sem-numeric_stats,1,0.6666666666666666,0.8455429474512736,190878.0,151501.0,39377.0,P2_numeric_stats
GEMINI,nhanes_dietary.dsqtot_j,v01_full,v24_full_no_numeric_stats,full vs full-sem-numeric_stats,1,0.3333333333333333,0.9011386632919312,190878.0,151501.0,39377.0,P2_numeric_stats
GEMINI,nhanes_examination.bmx_j,v01_full,v24_full_no_numeric_stats,full vs full-sem-numeric_stats,1,1.0,0.9999993046124777,190878.0,151501.0,39377.0,P2_numeric_stats
GEMINI,nhanes_examination.bpx_j,v01_full,v24_full_no_numeric_stats,full vs full-sem-numeric_stats,1,0.3333333333333333,0.7927867770195007,190878.0,151501.0,39377.0,P2_numeric_stats
GEMINI,nhanes_examination.bpxo_j,v01_full,v24_full_no_numeric_stats,full vs full-sem-numeric_stats,1,0.6666666666666666,0.8613493243853251,190878.0,151501.0,39377.0,P2_numeric_stats
GEMINI,nhanes_laboratory.cbc_j,v01_full,v24_full_no_numeric_stats,full vs full-sem-numeric_stats,1,0.0,0.8213487466176351,190878.0,151501.0,39377.0,P2_numeric_stats
GEMINI,nhanes_laboratory.fastqx_j,v01_full,v24_full_no_numeric_stats,full vs full-sem-numeric_stats,1,0.3333333333333333,0.9143734773000082,190878.0,151501.0,39377.0,P2_numeric_stats
GEMINI,nhanes_laboratory.ghb_j,v01_full,v24_full_no_numeric_stats,full vs full-sem-numeric_stats,1,0.3333333333333333,0.7969455520311991,190878.0,151501.0,39377.0,P2_numeric_stats
GEMINI,nhanes_laboratory.hepa_j,v01_full,v24_full_no_numeric_stats,full vs full-sem-numeric_stats,1,0.4,0.6619933128356934,190878.0,151501.0,39377.0,P2_numeric_stats
GEMINI,nhanes_laboratory.ins_j,v01_full,v24_full_no_numeric_stats,full vs full-sem-numeric_stats,1,0.3333333333333333,0.5158396561940511,190878.0,151501.0,39377.0,P2_numeric_stats
GEMINI,nhanes_laboratory.phthte_j,v01_full,v24_full_no_numeric_stats,full vs full-sem-numeric_stats,1,0.0,0.882466197013855,190878.0,151501.0,39377.0,P2_numeric_stats
GEMINI,nhanes_laboratory.ssuvcm_j,v01_full,v24_full_no_numeric_stats,full vs full-sem-numeric_stats,1,0.0,0.44724611441294354,190878.0,151501.0,39377.0,P2_numeric_stats
GEMINI,nhanes_laboratory.uio_j,v01_full,v24_full_no_numeric_stats,full vs full-sem-numeric_stats,1,0.0,0.8558964729309082,190878.0,151501.0,39377.0,P2_numeric_stats
GEMINI,nhanes_laboratory.vic_j,v01_full,v24_full_no_numeric_stats,full vs full-sem-numeric_stats,1,0.0,0.2276087005933126,190878.0,151501.0,39377.0,P2_numeric_stats
GEMINI,nhanes_laboratory.vid_j,v01_full,v24_full_no_numeric_stats,full vs full-sem-numeric_stats,1,0.6666666666666666,0.9452812671661377,190878.0,151501.0,39377.0,P2_numeric_stats
GEMINI,nhanes_questionnaire.alq_j,v01_full,v24_full_no_numeric_stats,full vs full-sem-numeric_stats,1,0.6666666666666666,0.9672444264094034,190878.0,151501.0,39377.0,P2_numeric_stats
GEMINI,nhanes_questionnaire.dpq_j,v01_full,v24_full_no_numeric_stats,full vs full-sem-numeric_stats,1,0.6666666666666666,0.6666661699612936,190878.0,151501.0,39377.0,P2_numeric_stats
GEMINI,nhanes_questionnaire.hsq_j,v01_full,v24_full_no_numeric_stats,full vs full-sem-numeric_stats,1,0.3333333333333333,0.5441871484120687,190878.0,151501.0,39377.0,P2_numeric_stats
GEMINI,nhanes_questionnaire.puqmec_j,v01_full,v24_full_no_numeric_stats,full vs full-sem-numeric_stats,1,0.3333333333333333,0.5531222820281982,190878.0,151501.0,39377.0,P2_numeric_stats
GEMINI,nhanes_questionnaire.smqshs_j,v01_full,v24_full_no_numeric_stats,full vs full-sem-numeric_stats,1,0.3333333333333333,0.6552837292353312,190878.0,151501.0,39377.0,P2_numeric_stats
GEMINI,nhanes_questionnaire.whq_j,v01_full,v24_full_no_numeric_stats,full vs full-sem-numeric_stats,1,0.3333333333333333,0.8401095469792684,190878.0,151501.0,39377.0,P2_numeric_stats
GEMINI,nhanes_demographics.demo_j,v07_plus_sample_rows,v05_plus_sample_values,rows vs sample_values,1,0.3333333333333333,0.8452999989191691,47830.0,71615.0,-23785.0,P3_sample_rows_vs_col_values
GEMINI,nhanes_dietary.ds1tot_j,v07_plus_sample_rows,v05_plus_sample_values,rows vs sample_values,1,0.0,0.7902698715527853,47830.0,71615.0,-23785.0,P3_sample_rows_vs_col_values
GEMINI,nhanes_dietary.ds2ids_j,v07_plus_sample_rows,v05_plus_sample_values,rows vs sample_values,1,0.0,0.8346229592959086,47830.0,71615.0,-23785.0,P3_sample_rows_vs_col_values
GEMINI,nhanes_dietary.ds2tot_j,v07_plus_sample_rows,v05_plus_sample_values,rows vs sample_values,1,0.0,0.6646313865979513,47830.0,71615.0,-23785.0,P3_sample_rows_vs_col_values
GEMINI,nhanes_dietary.dsqids_j,v07_plus_sample_rows,v05_plus_sample_values,rows vs sample_values,1,0.0,0.8157452543576559,47830.0,71615.0,-23785.0,P3_sample_rows_vs_col_values
GEMINI,nhanes_dietary.dsqtot_j,v07_plus_sample_rows,v05_plus_sample_values,rows vs sample_values,1,0.0,0.6919731497764587,47830.0,71615.0,-23785.0,P3_sample_rows_vs_col_values
GEMINI,nhanes_examination.bmx_j,v07_plus_sample_rows,v05_plus_sample_values,rows vs sample_values,1,0.6666666666666666,0.9611088434855143,47830.0,71615.0,-23785.0,P3_sample_rows_vs_col_values
GEMINI,nhanes_examination.bpx_j,v07_plus_sample_rows,v05_plus_sample_values,rows vs sample_values,1,0.6666666666666666,0.8794526855150858,47830.0,71615.0,-23785.0,P3_sample_rows_vs_col_values
GEMINI,nhanes_examination.bpxo_j,v07_plus_sample_rows,v05_plus_sample_values,rows vs sample_values,1,0.3333333333333333,0.8116651773452759,47830.0,71615.0,-23785.0,P3_sample_rows_vs_col_values
GEMINI,nhanes_laboratory.cbc_j,v07_plus_sample_rows,v05_plus_sample_values,rows vs sample_values,1,1.0,0.9999993443489075,47830.0,71615.0,-23785.0,P3_sample_rows_vs_col_values
GEMINI,nhanes_laboratory.fastqx_j,v07_plus_sample_rows,v05_plus_sample_values,rows vs sample_values,1,0.3333333333333333,0.7373030185699463,47830.0,71615.0,-23785.0,P3_sample_rows_vs_col_values
GEMINI,nhanes_laboratory.ghb_j,v07_plus_sample_rows,v05_plus_sample_values,rows vs sample_values,1,0.0,0.557944941520691,47830.0,71615.0,-23785.0,P3_sample_rows_vs_col_values
GEMINI,nhanes_laboratory.hepa_j,v07_plus_sample_rows,v05_plus_sample_values,rows vs sample_values,1,0.4,0.6934071779251099,47830.0,71615.0,-23785.0,P3_sample_rows_vs_col_values
GEMINI,nhanes_laboratory.ins_j,v07_plus_sample_rows,v05_plus_sample_values,rows vs sample_values,1,0.0,0.7687250773111979,47830.0,71615.0,-23785.0,P3_sample_rows_vs_col_values
GEMINI,nhanes_laboratory.phthte_j,v07_plus_sample_rows,v05_plus_sample_values,rows vs sample_values,1,0.0,0.7136771082878113,47830.0,71615.0,-23785.0,P3_sample_rows_vs_col_values
GEMINI,nhanes_laboratory.ssuvcm_j,v07_plus_sample_rows,v05_plus_sample_values,rows vs sample_values,1,0.0,0.3983974854151408,47830.0,71615.0,-23785.0,P3_sample_rows_vs_col_values
GEMINI,nhanes_laboratory.uio_j,v07_plus_sample_rows,v05_plus_sample_values,rows vs sample_values,1,0.0,0.5310411254564921,47830.0,71615.0,-23785.0,P3_sample_rows_vs_col_values
GEMINI,nhanes_laboratory.vic_j,v07_plus_sample_rows,v05_plus_sample_values,rows vs sample_values,1,0.6666666666666666,0.8378605842590332,47830.0,71615.0,-23785.0,P3_sample_rows_vs_col_values
GEMINI,nhanes_laboratory.vid_j,v07_plus_sample_rows,v05_plus_sample_values,rows vs sample_values,1,0.6666666666666666,0.892160435517629,47830.0,71615.0,-23785.0,P3_sample_rows_vs_col_values
GEMINI,nhanes_questionnaire.alq_j,v07_plus_sample_rows,v05_plus_sample_values,rows vs sample_values,1,0.6666666666666666,0.9571380813916525,47830.0,71615.0,-23785.0,P3_sample_rows_vs_col_values
GEMINI,nhanes_questionnaire.dpq_j,v07_plus_sample_rows,v05_plus_sample_values,rows vs sample_values,1,0.6666666666666666,0.6666661699612936,47830.0,71615.0,-23785.0,P3_sample_rows_vs_col_values
GEMINI,nhanes_questionnaire.hsq_j,v07_plus_sample_rows,v05_plus_sample_values,rows vs sample_values,1,0.3333333333333333,0.7761340737342834,47830.0,71615.0,-23785.0,P3_sample_rows_vs_col_values
GEMINI,nhanes_questionnaire.puqmec_j,v07_plus_sample_rows,v05_plus_sample_values,rows vs sample_values,1,0.0,0.5079063892364502,47830.0,71615.0,-23785.0,P3_sample_rows_vs_col_values
GEMINI,nhanes_questionnaire.smqshs_j,v07_plus_sample_rows,v05_plus_sample_values,rows vs sample_values,1,0.6666666666666666,0.9756189783414205,47830.0,71615.0,-23785.0,P3_sample_rows_vs_col_values
GEMINI,nhanes_questionnaire.whq_j,v07_plus_sample_rows,v05_plus_sample_values,rows vs sample_values,1,0.3333333333333333,0.8431307872136434,47830.0,71615.0,-23785.0,P3_sample_rows_vs_col_values
GEMINI,nhanes_demographics.demo_j,v07_plus_sample_rows,v06_plus_frequent_values,rows vs frequent_values,1,0.0,0.0,47830.0,68780.0,-20950.0,P3_sample_rows_vs_col_values
GEMINI,nhanes_dietary.ds1tot_j,v07_plus_sample_rows,v06_plus_frequent_values,rows vs frequent_values,1,0.0,0.0,47830.0,68780.0,-20950.0,P3_sample_rows_vs_col_values
GEMINI,nhanes_dietary.ds2ids_j,v07_plus_sample_rows,v06_plus_frequent_values,rows vs frequent_values,1,0.6666666666666666,0.8988761107126871,47830.0,68780.0,-20950.0,P3_sample_rows_vs_col_values
GEMINI,nhanes_dietary.ds2tot_j,v07_plus_sample_rows,v06_plus_frequent_values,rows vs frequent_values,1,0.3333333333333333,0.8102019429206848,47830.0,68780.0,-20950.0,P3_sample_rows_vs_col_values
GEMINI,nhanes_dietary.dsqids_j,v07_plus_sample_rows,v06_plus_frequent_values,rows vs frequent_values,1,0.3333333333333333,0.8856430053710938,47830.0,68780.0,-20950.0,P3_sample_rows_vs_col_values
GEMINI,nhanes_dietary.dsqtot_j,v07_plus_sample_rows,v06_plus_frequent_values,rows vs frequent_values,1,0.3333333333333333,0.8272253076235453,47830.0,68780.0,-20950.0,P3_sample_rows_vs_col_values
GEMINI,nhanes_examination.bmx_j,v07_plus_sample_rows,v06_plus_frequent_values,rows vs frequent_values,1,0.0,0.7784180045127869,47830.0,68780.0,-20950.0,P3_sample_rows_vs_col_values
GEMINI,nhanes_examination.bpx_j,v07_plus_sample_rows,v06_plus_frequent_values,rows vs frequent_values,1,0.3333333333333333,0.8563078840573629,47830.0,68780.0,-20950.0,P3_sample_rows_vs_col_values
GEMINI,nhanes_examination.bpxo_j,v07_plus_sample_rows,v06_plus_frequent_values,rows vs frequent_values,1,0.6666666666666666,0.8774680892626444,47830.0,68780.0,-20950.0,P3_sample_rows_vs_col_values
GEMINI,nhanes_laboratory.cbc_j,v07_plus_sample_rows,v06_plus_frequent_values,rows vs frequent_values,1,0.6666666666666666,0.9619451562563578,47830.0,68780.0,-20950.0,P3_sample_rows_vs_col_values
GEMINI,nhanes_laboratory.fastqx_j,v07_plus_sample_rows,v06_plus_frequent_values,rows vs frequent_values,1,0.0,0.7649477322896322,47830.0,68780.0,-20950.0,P3_sample_rows_vs_col_values
GEMINI,nhanes_laboratory.ghb_j,v07_plus_sample_rows,v06_plus_frequent_values,rows vs frequent_values,1,0.0,0.6726158261299133,47830.0,68780.0,-20950.0,P3_sample_rows_vs_col_values
GEMINI,nhanes_laboratory.hepa_j,v07_plus_sample_rows,v06_plus_frequent_values,rows vs frequent_values,1,0.0,0.638490229845047,47830.0,68780.0,-20950.0,P3_sample_rows_vs_col_values
GEMINI,nhanes_laboratory.ins_j,v07_plus_sample_rows,v06_plus_frequent_values,rows vs frequent_values,1,0.6666666666666666,0.9645154078801473,47830.0,68780.0,-20950.0,P3_sample_rows_vs_col_values
GEMINI,nhanes_laboratory.phthte_j,v07_plus_sample_rows,v06_plus_frequent_values,rows vs frequent_values,1,0.3333333333333333,0.7910203536351522,47830.0,68780.0,-20950.0,P3_sample_rows_vs_col_values
GEMINI,nhanes_laboratory.ssuvcm_j,v07_plus_sample_rows,v06_plus_frequent_values,rows vs frequent_values,1,0.0,0.1892063021659851,47830.0,68780.0,-20950.0,P3_sample_rows_vs_col_values
GEMINI,nhanes_laboratory.uio_j,v07_plus_sample_rows,v06_plus_frequent_values,rows vs frequent_values,1,0.3333333333333333,0.7092865308125814,47830.0,68780.0,-20950.0,P3_sample_rows_vs_col_values
GEMINI,nhanes_laboratory.vic_j,v07_plus_sample_rows,v06_plus_frequent_values,rows vs frequent_values,1,0.6666666666666666,0.9178443749745687,47830.0,68780.0,-20950.0,P3_sample_rows_vs_col_values
GEMINI,nhanes_laboratory.vid_j,v07_plus_sample_rows,v06_plus_frequent_values,rows vs frequent_values,1,0.6666666666666666,0.9124861558278402,47830.0,68780.0,-20950.0,P3_sample_rows_vs_col_values
GEMINI,nhanes_questionnaire.alq_j,v07_plus_sample_rows,v06_plus_frequent_values,rows vs frequent_values,1,0.6666666666666666,0.6666661699612936,47830.0,68780.0,-20950.0,P3_sample_rows_vs_col_values
GEMINI,nhanes_questionnaire.dpq_j,v07_plus_sample_rows,v06_plus_frequent_values,rows vs frequent_values,1,0.0,0.6633010506629944,47830.0,68780.0,-20950.0,P3_sample_rows_vs_col_values
GEMINI,nhanes_questionnaire.hsq_j,v07_plus_sample_rows,v06_plus_frequent_values,rows vs frequent_values,1,0.6666666666666666,0.9396382570266724,47830.0,68780.0,-20950.0,P3_sample_rows_vs_col_values
GEMINI,nhanes_questionnaire.puqmec_j,v07_plus_sample_rows,v06_plus_frequent_values,rows vs frequent_values,1,1.0,0.9999992251396179,47830.0,68780.0,-20950.0,P3_sample_rows_vs_col_values
GEMINI,nhanes_questionnaire.smqshs_j,v07_plus_sample_rows,v06_plus_frequent_values,rows vs frequent_values,1,0.6666666666666666,0.9508206248283386,47830.0,68780.0,-20950.0,P3_sample_rows_vs_col_values
GEMINI,nhanes_questionnaire.whq_j,v07_plus_sample_rows,v06_plus_frequent_values,rows vs frequent_values,1,0.3333333333333333,0.8701508641242981,47830.0,68780.0,-20950.0,P3_sample_rows_vs_col_values
GEMINI,nhanes_demographics.demo_j,v15_sample_rows_vs_sample_values,v07_plus_sample_rows,rows+sample_val vs rows,1,0.0,0.5151573220888773,91876.0,47830.0,44046.0,P3_sample_rows_vs_col_values
GEMINI,nhanes_dietary.ds1tot_j,v15_sample_rows_vs_sample_values,v07_plus_sample_rows,rows+sample_val vs rows,1,0.0,0.7243803938229879,91876.0,47830.0,44046.0,P3_sample_rows_vs_col_values
GEMINI,nhanes_dietary.ds2ids_j,v15_sample_rows_vs_sample_values,v07_plus_sample_rows,rows+sample_val vs rows,1,0.0,0.7587287028630575,91876.0,47830.0,44046.0,P3_sample_rows_vs_col_values
GEMINI,nhanes_dietary.ds2tot_j,v15_sample_rows_vs_sample_values,v07_plus_sample_rows,rows+sample_val vs rows,1,0.0,0.7324164311091105,91876.0,47830.0,44046.0,P3_sample_rows_vs_col_values
GEMINI,nhanes_dietary.dsqids_j,v15_sample_rows_vs_sample_values,v07_plus_sample_rows,rows+sample_val vs rows,1,0.0,0.8137380679448446,91876.0,47830.0,44046.0,P3_sample_rows_vs_col_values
GEMINI,nhanes_dietary.dsqtot_j,v15_sample_rows_vs_sample_values,v07_plus_sample_rows,rows+sample_val vs rows,1,0.3333333333333333,0.9201899965604147,91876.0,47830.0,44046.0,P3_sample_rows_vs_col_values
GEMINI,nhanes_examination.bmx_j,v15_sample_rows_vs_sample_values,v07_plus_sample_rows,rows+sample_val vs rows,1,0.0,0.7784180045127869,91876.0,47830.0,44046.0,P3_sample_rows_vs_col_values
GEMINI,nhanes_examination.bpx_j,v15_sample_rows_vs_sample_values,v07_plus_sample_rows,rows+sample_val vs rows,1,0.3333333333333333,0.7778282364209493,91876.0,47830.0,44046.0,P3_sample_rows_vs_col_values
GEMINI,nhanes_examination.bpxo_j,v15_sample_rows_vs_sample_values,v07_plus_sample_rows,rows+sample_val vs rows,1,0.0,0.8622060020764669,91876.0,47830.0,44046.0,P3_sample_rows_vs_col_values
GEMINI,nhanes_laboratory.cbc_j,v15_sample_rows_vs_sample_values,v07_plus_sample_rows,rows+sample_val vs rows,1,0.0,0.7646254499753317,91876.0,47830.0,44046.0,P3_sample_rows_vs_col_values
GEMINI,nhanes_laboratory.fastqx_j,v15_sample_rows_vs_sample_values,v07_plus_sample_rows,rows+sample_val vs rows,1,0.3333333333333333,0.7505242228507996,91876.0,47830.0,44046.0,P3_sample_rows_vs_col_values
GEMINI,nhanes_laboratory.ghb_j,v15_sample_rows_vs_sample_values,v07_plus_sample_rows,rows+sample_val vs rows,1,0.0,0.3243901252746582,91876.0,47830.0,44046.0,P3_sample_rows_vs_col_values
GEMINI,nhanes_laboratory.hepa_j,v15_sample_rows_vs_sample_values,v07_plus_sample_rows,rows+sample_val vs rows,1,0.8,0.7999995470046997,91876.0,47830.0,44046.0,P3_sample_rows_vs_col_values
GEMINI,nhanes_laboratory.ins_j,v15_sample_rows_vs_sample_values,v07_plus_sample_rows,rows+sample_val vs rows,1,0.0,0.7315716544787089,91876.0,47830.0,44046.0,P3_sample_rows_vs_col_values
GEMINI,nhanes_laboratory.phthte_j,v15_sample_rows_vs_sample_values,v07_plus_sample_rows,rows+sample_val vs rows,1,0.0,0.7095536192258199,91876.0,47830.0,44046.0,P3_sample_rows_vs_col_values
GEMINI,nhanes_laboratory.ssuvcm_j,v15_sample_rows_vs_sample_values,v07_plus_sample_rows,rows+sample_val vs rows,1,0.0,0.44442586104075116,91876.0,47830.0,44046.0,P3_sample_rows_vs_col_values
GEMINI,nhanes_laboratory.uio_j,v15_sample_rows_vs_sample_values,v07_plus_sample_rows,rows+sample_val vs rows,1,0.3333333333333333,0.8197540243466696,91876.0,47830.0,44046.0,P3_sample_rows_vs_col_values
GEMINI,nhanes_laboratory.vic_j,v15_sample_rows_vs_sample_values,v07_plus_sample_rows,rows+sample_val vs rows,1,0.0,0.26981963713963825,91876.0,47830.0,44046.0,P3_sample_rows_vs_col_values
GEMINI,nhanes_laboratory.vid_j,v15_sample_rows_vs_sample_values,v07_plus_sample_rows,rows+sample_val vs rows,1,0.6666666666666666,0.9032913645108541,91876.0,47830.0,44046.0,P3_sample_rows_vs_col_values
GEMINI,nhanes_questionnaire.alq_j,v15_sample_rows_vs_sample_values,v07_plus_sample_rows,rows+sample_val vs rows,1,0.3333333333333333,0.543616771697998,91876.0,47830.0,44046.0,P3_sample_rows_vs_col_values
GEMINI,nhanes_questionnaire.dpq_j,v15_sample_rows_vs_sample_values,v07_plus_sample_rows,rows+sample_val vs rows,1,0.6666666666666666,0.9438926974932352,91876.0,47830.0,44046.0,P3_sample_rows_vs_col_values
GEMINI,nhanes_questionnaire.hsq_j,v15_sample_rows_vs_sample_values,v07_plus_sample_rows,rows+sample_val vs rows,1,0.6666666666666666,0.9266508420308431,91876.0,47830.0,44046.0,P3_sample_rows_vs_col_values
GEMINI,nhanes_questionnaire.puqmec_j,v15_sample_rows_vs_sample_values,v07_plus_sample_rows,rows+sample_val vs rows,1,0.0,0.18643597761789957,91876.0,47830.0,44046.0,P3_sample_rows_vs_col_values
GEMINI,nhanes_questionnaire.smqshs_j,v15_sample_rows_vs_sample_values,v07_plus_sample_rows,rows+sample_val vs rows,1,0.3333333333333333,0.8893008828163147,91876.0,47830.0,44046.0,P3_sample_rows_vs_col_values
GEMINI,nhanes_questionnaire.whq_j,v15_sample_rows_vs_sample_values,v07_plus_sample_rows,rows+sample_val vs rows,1,0.3333333333333333,0.8408214251200358,91876.0,47830.0,44046.0,P3_sample_rows_vs_col_values
GEMINI,nhanes_demographics.demo_j,v15_sample_rows_vs_sample_values,v05_plus_sample_values,rows+sample_val vs sample_val,1,0.3333333333333333,0.5887333154678345,91876.0,71615.0,20261.0,P3_sample_rows_vs_col_values
GEMINI,nhanes_dietary.ds1tot_j,v15_sample_rows_vs_sample_values,v05_plus_sample_values,rows+sample_val vs sample_val,1,0.0,0.7966640392939249,91876.0,71615.0,20261.0,P3_sample_rows_vs_col_values
GEMINI,nhanes_dietary.ds2ids_j,v15_sample_rows_vs_sample_values,v05_plus_sample_values,rows+sample_val vs sample_val,1,0.3333333333333333,0.8917577862739563,91876.0,71615.0,20261.0,P3_sample_rows_vs_col_values
GEMINI,nhanes_dietary.ds2tot_j,v15_sample_rows_vs_sample_values,v05_plus_sample_values,rows+sample_val vs sample_val,1,0.3333333333333333,0.8240441679954529,91876.0,71615.0,20261.0,P3_sample_rows_vs_col_values
GEMINI,nhanes_dietary.dsqids_j,v15_sample_rows_vs_sample_values,v05_plus_sample_values,rows+sample_val vs sample_val,1,0.6666666666666666,0.8422977328300476,91876.0,71615.0,20261.0,P3_sample_rows_vs_col_values
GEMINI,nhanes_dietary.dsqtot_j,v15_sample_rows_vs_sample_values,v05_plus_sample_values,rows+sample_val vs sample_val,1,0.3333333333333333,0.7665272355079651,91876.0,71615.0,20261.0,P3_sample_rows_vs_col_values
GEMINI,nhanes_examination.bmx_j,v15_sample_rows_vs_sample_values,v05_plus_sample_values,rows+sample_val vs sample_val,1,0.3333333333333333,0.8173084457715353,91876.0,71615.0,20261.0,P3_sample_rows_vs_col_values
GEMINI,nhanes_examination.bpx_j,v15_sample_rows_vs_sample_values,v05_plus_sample_values,rows+sample_val vs sample_val,1,0.3333333333333333,0.7545449733734131,91876.0,71615.0,20261.0,P3_sample_rows_vs_col_values
GEMINI,nhanes_examination.bpxo_j,v15_sample_rows_vs_sample_values,v05_plus_sample_values,rows+sample_val vs sample_val,1,0.0,0.7665935357411703,91876.0,71615.0,20261.0,P3_sample_rows_vs_col_values
GEMINI,nhanes_laboratory.cbc_j,v15_sample_rows_vs_sample_values,v05_plus_sample_values,rows+sample_val vs sample_val,1,0.0,0.7646254499753317,91876.0,71615.0,20261.0,P3_sample_rows_vs_col_values
GEMINI,nhanes_laboratory.fastqx_j,v15_sample_rows_vs_sample_values,v05_plus_sample_values,rows+sample_val vs sample_val,1,0.6666666666666666,0.9375895460446676,91876.0,71615.0,20261.0,P3_sample_rows_vs_col_values
GEMINI,nhanes_laboratory.ghb_j,v15_sample_rows_vs_sample_values,v05_plus_sample_values,rows+sample_val vs sample_val,1,0.0,0.5421929160753886,91876.0,71615.0,20261.0,P3_sample_rows_vs_col_values
GEMINI,nhanes_laboratory.hepa_j,v15_sample_rows_vs_sample_values,v05_plus_sample_values,rows+sample_val vs sample_val,1,0.3333333333333333,0.851938803990682,91876.0,71615.0,20261.0,P3_sample_rows_vs_col_values
GEMINI,nhanes_laboratory.ins_j,v15_sample_rows_vs_sample_values,v05_plus_sample_values,rows+sample_val vs sample_val,1,0.0,0.8137543002764384,91876.0,71615.0,20261.0,P3_sample_rows_vs_col_values
GEMINI,nhanes_laboratory.phthte_j,v15_sample_rows_vs_sample_values,v05_plus_sample_values,rows+sample_val vs sample_val,1,0.6666666666666666,0.9955118099848429,91876.0,71615.0,20261.0,P3_sample_rows_vs_col_values
GEMINI,nhanes_laboratory.ssuvcm_j,v15_sample_rows_vs_sample_values,v05_plus_sample_values,rows+sample_val vs sample_val,1,0.0,0.4723695119222005,91876.0,71615.0,20261.0,P3_sample_rows_vs_col_values
GEMINI,nhanes_laboratory.uio_j,v15_sample_rows_vs_sample_values,v05_plus_sample_values,rows+sample_val vs sample_val,1,0.0,0.5307738383611044,91876.0,71615.0,20261.0,P3_sample_rows_vs_col_values
GEMINI,nhanes_laboratory.vic_j,v15_sample_rows_vs_sample_values,v05_plus_sample_values,rows+sample_val vs sample_val,1,0.0,0.26981963713963825,91876.0,71615.0,20261.0,P3_sample_rows_vs_col_values
GEMINI,nhanes_laboratory.vid_j,v15_sample_rows_vs_sample_values,v05_plus_sample_values,rows+sample_val vs sample_val,1,0.6666666666666666,0.8383156458536783,91876.0,71615.0,20261.0,P3_sample_rows_vs_col_values
GEMINI,nhanes_questionnaire.alq_j,v15_sample_rows_vs_sample_values,v05_plus_sample_values,rows+sample_val vs sample_val,1,0.3333333333333333,0.543616771697998,91876.0,71615.0,20261.0,P3_sample_rows_vs_col_values
GEMINI,nhanes_questionnaire.dpq_j,v15_sample_rows_vs_sample_values,v05_plus_sample_values,rows+sample_val vs sample_val,1,0.6666666666666666,0.6666661699612936,91876.0,71615.0,20261.0,P3_sample_rows_vs_col_values
GEMINI,nhanes_questionnaire.hsq_j,v15_sample_rows_vs_sample_values,v05_plus_sample_values,rows+sample_val vs sample_val,1,0.3333333333333333,0.7915931940078735,91876.0,71615.0,20261.0,P3_sample_rows_vs_col_values
GEMINI,nhanes_questionnaire.puqmec_j,v15_sample_rows_vs_sample_values,v05_plus_sample_values,rows+sample_val vs sample_val,1,0.0,0.5817929983139039,91876.0,71615.0,20261.0,P3_sample_rows_vs_col_values
GEMINI,nhanes_questionnaire.smqshs_j,v15_sample_rows_vs_sample_values,v05_plus_sample_values,rows+sample_val vs sample_val,1,0.3333333333333333,0.8807774384816488,91876.0,71615.0,20261.0,P3_sample_rows_vs_col_values
GEMINI,nhanes_questionnaire.whq_j,v15_sample_rows_vs_sample_values,v05_plus_sample_values,rows+sample_val vs sample_val,1,0.3333333333333333,0.9465813835461935,91876.0,71615.0,20261.0,P3_sample_rows_vs_col_values
GEMINI,nhanes_demographics.demo_j,v16_sample_rows_vs_frequent_values,v07_plus_sample_rows,rows+freq_val vs rows,1,0.0,0.7262165943781534,89041.0,47830.0,41211.0,P3_sample_rows_vs_col_values
GEMINI,nhanes_dietary.ds1tot_j,v16_sample_rows_vs_frequent_values,v07_plus_sample_rows,rows+freq_val vs rows,1,0.0,0.7830477158228556,89041.0,47830.0,41211.0,P3_sample_rows_vs_col_values
GEMINI,nhanes_dietary.ds2ids_j,v16_sample_rows_vs_frequent_values,v07_plus_sample_rows,rows+freq_val vs rows,1,0.0,0.0,89041.0,47830.0,41211.0,P3_sample_rows_vs_col_values
GEMINI,nhanes_dietary.ds2tot_j,v16_sample_rows_vs_frequent_values,v07_plus_sample_rows,rows+freq_val vs rows,1,0.6666666666666666,0.9805070161819458,89041.0,47830.0,41211.0,P3_sample_rows_vs_col_values
GEMINI,nhanes_dietary.dsqids_j,v16_sample_rows_vs_frequent_values,v07_plus_sample_rows,rows+freq_val vs rows,1,0.0,0.7159092823664347,89041.0,47830.0,41211.0,P3_sample_rows_vs_col_values
GEMINI,nhanes_dietary.dsqtot_j,v16_sample_rows_vs_frequent_values,v07_plus_sample_rows,rows+freq_val vs rows,1,0.6666666666666666,0.9693999687830607,89041.0,47830.0,41211.0,P3_sample_rows_vs_col_values
GEMINI,nhanes_examination.bmx_j,v16_sample_rows_vs_frequent_values,v07_plus_sample_rows,rows+freq_val vs rows,1,0.0,0.7784180045127869,89041.0,47830.0,41211.0,P3_sample_rows_vs_col_values
GEMINI,nhanes_examination.bpx_j,v16_sample_rows_vs_frequent_values,v07_plus_sample_rows,rows+freq_val vs rows,1,0.6666666666666666,0.8881903290748596,89041.0,47830.0,41211.0,P3_sample_rows_vs_col_values
GEMINI,nhanes_examination.bpxo_j,v16_sample_rows_vs_frequent_values,v07_plus_sample_rows,rows+freq_val vs rows,1,0.3333333333333333,0.7462352712949117,89041.0,47830.0,41211.0,P3_sample_rows_vs_col_values
GEMINI,nhanes_laboratory.cbc_j,v16_sample_rows_vs_frequent_values,v07_plus_sample_rows,rows+freq_val vs rows,1,1.0,0.9999993443489075,89041.0,47830.0,41211.0,P3_sample_rows_vs_col_values
GEMINI,nhanes_laboratory.fastqx_j,v16_sample_rows_vs_frequent_values,v07_plus_sample_rows,rows+freq_val vs rows,1,0.3333333333333333,0.7077760299046835,89041.0,47830.0,41211.0,P3_sample_rows_vs_col_values
GEMINI,nhanes_laboratory.ghb_j,v16_sample_rows_vs_frequent_values,v07_plus_sample_rows,rows+freq_val vs rows,1,0.0,0.557944941520691,89041.0,47830.0,41211.0,P3_sample_rows_vs_col_values
GEMINI,nhanes_laboratory.hepa_j,v16_sample_rows_vs_frequent_values,v07_plus_sample_rows,rows+freq_val vs rows,1,0.4,0.6767390251159668,89041.0,47830.0,41211.0,P3_sample_rows_vs_col_values
GEMINI,nhanes_laboratory.ins_j,v16_sample_rows_vs_frequent_values,v07_plus_sample_rows,rows+freq_val vs rows,1,0.3333333333333333,0.8669167757034302,89041.0,47830.0,41211.0,P3_sample_rows_vs_col_values
GEMINI,nhanes_laboratory.phthte_j,v16_sample_rows_vs_frequent_values,v07_plus_sample_rows,rows+freq_val vs rows,1,0.0,0.7712163329124451,89041.0,47830.0,41211.0,P3_sample_rows_vs_col_values
GEMINI,nhanes_laboratory.ssuvcm_j,v16_sample_rows_vs_frequent_values,v07_plus_sample_rows,rows+freq_val vs rows,1,0.0,0.2236383557319641,89041.0,47830.0,41211.0,P3_sample_rows_vs_col_values
GEMINI,nhanes_laboratory.uio_j,v16_sample_rows_vs_frequent_values,v07_plus_sample_rows,rows+freq_val vs rows,1,0.0,0.6747771898905436,89041.0,47830.0,41211.0,P3_sample_rows_vs_col_values
GEMINI,nhanes_laboratory.vic_j,v16_sample_rows_vs_frequent_values,v07_plus_sample_rows,rows+freq_val vs rows,1,0.0,0.5026948849360148,89041.0,47830.0,41211.0,P3_sample_rows_vs_col_values
GEMINI,nhanes_laboratory.vid_j,v16_sample_rows_vs_frequent_values,v07_plus_sample_rows,rows+freq_val vs rows,1,0.6666666666666666,0.892160435517629,89041.0,47830.0,41211.0,P3_sample_rows_vs_col_values
GEMINI,nhanes_questionnaire.alq_j,v16_sample_rows_vs_frequent_values,v07_plus_sample_rows,rows+freq_val vs rows,1,0.6666666666666666,0.6666661699612936,89041.0,47830.0,41211.0,P3_sample_rows_vs_col_values
GEMINI,nhanes_questionnaire.dpq_j,v16_sample_rows_vs_frequent_values,v07_plus_sample_rows,rows+freq_val vs rows,1,0.6666666666666666,0.6666661699612936,89041.0,47830.0,41211.0,P3_sample_rows_vs_col_values
GEMINI,nhanes_questionnaire.hsq_j,v16_sample_rows_vs_frequent_values,v07_plus_sample_rows,rows+freq_val vs rows,1,0.6666666666666666,0.9396382570266724,89041.0,47830.0,41211.0,P3_sample_rows_vs_col_values
GEMINI,nhanes_questionnaire.puqmec_j,v16_sample_rows_vs_frequent_values,v07_plus_sample_rows,rows+freq_val vs rows,1,0.3333333333333333,0.33333297570546466,89041.0,47830.0,41211.0,P3_sample_rows_vs_col_values
GEMINI,nhanes_questionnaire.smqshs_j,v16_sample_rows_vs_frequent_values,v07_plus_sample_rows,rows+freq_val vs rows,1,0.6666666666666666,0.8405030171076456,89041.0,47830.0,41211.0,P3_sample_rows_vs_col_values
GEMINI,nhanes_questionnaire.whq_j,v16_sample_rows_vs_frequent_values,v07_plus_sample_rows,rows+freq_val vs rows,1,0.3333333333333333,0.7768890261650085,89041.0,47830.0,41211.0,P3_sample_rows_vs_col_values
GEMINI,nhanes_demographics.demo_j,v17_sample_rows_plus_both_values,v07_plus_sample_rows,rows+ambos vs rows,1,0.3333333333333333,0.5436123410860697,130759.0,47830.0,82929.0,P3_sample_rows_vs_col_values
GEMINI,nhanes_dietary.ds1tot_j,v17_sample_rows_plus_both_values,v07_plus_sample_rows,rows+ambos vs rows,1,0.0,0.8212550481160482,130759.0,47830.0,82929.0,P3_sample_rows_vs_col_values
GEMINI,nhanes_dietary.ds2ids_j,v17_sample_rows_plus_both_values,v07_plus_sample_rows,rows+ambos vs rows,1,0.6666666666666666,0.9454847176869711,130759.0,47830.0,82929.0,P3_sample_rows_vs_col_values
GEMINI,nhanes_dietary.ds2tot_j,v17_sample_rows_plus_both_values,v07_plus_sample_rows,rows+ambos vs rows,1,0.3333333333333333,0.647173802057902,130759.0,47830.0,82929.0,P3_sample_rows_vs_col_values
GEMINI,nhanes_dietary.dsqids_j,v17_sample_rows_plus_both_values,v07_plus_sample_rows,rows+ambos vs rows,1,0.0,0.8347492814064026,130759.0,47830.0,82929.0,P3_sample_rows_vs_col_values
GEMINI,nhanes_dietary.dsqtot_j,v17_sample_rows_plus_both_values,v07_plus_sample_rows,rows+ambos vs rows,1,0.0,0.5874072909355164,130759.0,47830.0,82929.0,P3_sample_rows_vs_col_values
GEMINI,nhanes_examination.bmx_j,v17_sample_rows_plus_both_values,v07_plus_sample_rows,rows+ambos vs rows,1,0.0,0.7784180045127869,130759.0,47830.0,82929.0,P3_sample_rows_vs_col_values
GEMINI,nhanes_examination.bpx_j,v17_sample_rows_plus_both_values,v07_plus_sample_rows,rows+ambos vs rows,1,0.3333333333333333,0.7778282364209493,130759.0,47830.0,82929.0,P3_sample_rows_vs_col_values
GEMINI,nhanes_examination.bpxo_j,v17_sample_rows_plus_both_values,v07_plus_sample_rows,rows+ambos vs rows,1,0.3333333333333333,0.7330617308616638,130759.0,47830.0,82929.0,P3_sample_rows_vs_col_values
GEMINI,nhanes_laboratory.cbc_j,v17_sample_rows_plus_both_values,v07_plus_sample_rows,rows+ambos vs rows,1,0.3333333333333333,0.8059687813123068,130759.0,47830.0,82929.0,P3_sample_rows_vs_col_values
GEMINI,nhanes_laboratory.fastqx_j,v17_sample_rows_plus_both_values,v07_plus_sample_rows,rows+ambos vs rows,1,1.0,0.9999992847442627,130759.0,47830.0,82929.0,P3_sample_rows_vs_col_values
GEMINI,nhanes_laboratory.ghb_j,v17_sample_rows_plus_both_values,v07_plus_sample_rows,rows+ambos vs rows,1,0.0,0.503233814239502,130759.0,47830.0,82929.0,P3_sample_rows_vs_col_values
GEMINI,nhanes_laboratory.hepa_j,v17_sample_rows_plus_both_values,v07_plus_sample_rows,rows+ambos vs rows,1,0.5,0.9329323470592499,130759.0,47830.0,82929.0,P3_sample_rows_vs_col_values
GEMINI,nhanes_laboratory.ins_j,v17_sample_rows_plus_both_values,v07_plus_sample_rows,rows+ambos vs rows,1,0.3333333333333333,0.7439524134000143,130759.0,47830.0,82929.0,P3_sample_rows_vs_col_values
GEMINI,nhanes_laboratory.phthte_j,v17_sample_rows_plus_both_values,v07_plus_sample_rows,rows+ambos vs rows,1,0.6666666666666666,0.9071294069290161,130759.0,47830.0,82929.0,P3_sample_rows_vs_col_values
GEMINI,nhanes_laboratory.ssuvcm_j,v17_sample_rows_plus_both_values,v07_plus_sample_rows,rows+ambos vs rows,1,0.0,0.404270867506663,130759.0,47830.0,82929.0,P3_sample_rows_vs_col_values
GEMINI,nhanes_laboratory.uio_j,v17_sample_rows_plus_both_values,v07_plus_sample_rows,rows+ambos vs rows,1,0.3333333333333333,0.8570120533307394,130759.0,47830.0,82929.0,P3_sample_rows_vs_col_values
GEMINI,nhanes_laboratory.vic_j,v17_sample_rows_plus_both_values,v07_plus_sample_rows,rows+ambos vs rows,1,0.0,0.2053504983584086,130759.0,47830.0,82929.0,P3_sample_rows_vs_col_values
GEMINI,nhanes_laboratory.vid_j,v17_sample_rows_plus_both_values,v07_plus_sample_rows,rows+ambos vs rows,1,0.0,0.7880922357241312,130759.0,47830.0,82929.0,P3_sample_rows_vs_col_values
GEMINI,nhanes_questionnaire.alq_j,v17_sample_rows_plus_both_values,v07_plus_sample_rows,rows+ambos vs rows,1,0.6666666666666666,0.6666661699612936,130759.0,47830.0,82929.0,P3_sample_rows_vs_col_values
GEMINI,nhanes_questionnaire.dpq_j,v17_sample_rows_plus_both_values,v07_plus_sample_rows,rows+ambos vs rows,1,0.3333333333333333,0.5737516482671102,130759.0,47830.0,82929.0,P3_sample_rows_vs_col_values
GEMINI,nhanes_questionnaire.hsq_j,v17_sample_rows_plus_both_values,v07_plus_sample_rows,rows+ambos vs rows,1,0.3333333333333333,0.5933177868525187,130759.0,47830.0,82929.0,P3_sample_rows_vs_col_values
GEMINI,nhanes_questionnaire.puqmec_j,v17_sample_rows_plus_both_values,v07_plus_sample_rows,rows+ambos vs rows,1,0.3333333333333333,0.33333297570546466,130759.0,47830.0,82929.0,P3_sample_rows_vs_col_values
GEMINI,nhanes_questionnaire.smqshs_j,v17_sample_rows_plus_both_values,v07_plus_sample_rows,rows+ambos vs rows,1,0.6666666666666666,0.6666662295659384,130759.0,47830.0,82929.0,P3_sample_rows_vs_col_values
GEMINI,nhanes_questionnaire.whq_j,v17_sample_rows_plus_both_values,v07_plus_sample_rows,rows+ambos vs rows,1,0.3333333333333333,0.8431307872136434,130759.0,47830.0,82929.0,P3_sample_rows_vs_col_values
GEMINI,nhanes_demographics.demo_j,v01_full,v25_full_no_sample_rows,full vs full-sem-rows,1,0.3333333333333333,0.9049824476242065,190878.0,170617.0,20261.0,P3_sample_rows_vs_col_values
GEMINI,nhanes_dietary.ds1tot_j,v01_full,v25_full_no_sample_rows,full vs full-sem-rows,1,0.3333333333333333,0.647173802057902,190878.0,170617.0,20261.0,P3_sample_rows_vs_col_values
GEMINI,nhanes_dietary.ds2ids_j,v01_full,v25_full_no_sample_rows,full vs full-sem-rows,1,0.0,0.8086702624956766,190878.0,170617.0,20261.0,P3_sample_rows_vs_col_values
GEMINI,nhanes_dietary.ds2tot_j,v01_full,v25_full_no_sample_rows,full vs full-sem-rows,1,0.0,0.0,190878.0,170617.0,20261.0,P3_sample_rows_vs_col_values
GEMINI,nhanes_dietary.dsqids_j,v01_full,v25_full_no_sample_rows,full vs full-sem-rows,1,0.3333333333333333,0.792413612206777,190878.0,170617.0,20261.0,P3_sample_rows_vs_col_values
GEMINI,nhanes_dietary.dsqtot_j,v01_full,v25_full_no_sample_rows,full vs full-sem-rows,1,0.0,0.6013100544611613,190878.0,170617.0,20261.0,P3_sample_rows_vs_col_values
GEMINI,nhanes_examination.bmx_j,v01_full,v25_full_no_sample_rows,full vs full-sem-rows,1,1.0,0.9999993046124777,190878.0,170617.0,20261.0,P3_sample_rows_vs_col_values
GEMINI,nhanes_examination.bpx_j,v01_full,v25_full_no_sample_rows,full vs full-sem-rows,1,0.3333333333333333,0.8018717964490255,190878.0,170617.0,20261.0,P3_sample_rows_vs_col_values
GEMINI,nhanes_examination.bpxo_j,v01_full,v25_full_no_sample_rows,full vs full-sem-rows,1,0.6666666666666666,0.8835645119349161,190878.0,170617.0,20261.0,P3_sample_rows_vs_col_values
GEMINI,nhanes_laboratory.cbc_j,v01_full,v25_full_no_sample_rows,full vs full-sem-rows,1,0.3333333333333333,0.8594029347101847,190878.0,170617.0,20261.0,P3_sample_rows_vs_col_values
GEMINI,nhanes_laboratory.fastqx_j,v01_full,v25_full_no_sample_rows,full vs full-sem-rows,1,0.6666666666666666,0.9549226959546407,190878.0,170617.0,20261.0,P3_sample_rows_vs_col_values
GEMINI,nhanes_laboratory.ghb_j,v01_full,v25_full_no_sample_rows,full vs full-sem-rows,1,0.0,0.5060651898384094,190878.0,170617.0,20261.0,P3_sample_rows_vs_col_values
GEMINI,nhanes_laboratory.hepa_j,v01_full,v25_full_no_sample_rows,full vs full-sem-rows,1,0.3333333333333333,0.5605646371841431,190878.0,170617.0,20261.0,P3_sample_rows_vs_col_values
GEMINI,nhanes_laboratory.ins_j,v01_full,v25_full_no_sample_rows,full vs full-sem-rows,1,0.4,0.7536398410797119,190878.0,170617.0,20261.0,P3_sample_rows_vs_col_values
GEMINI,nhanes_laboratory.phthte_j,v01_full,v25_full_no_sample_rows,full vs full-sem-rows,1,0.3333333333333333,0.8885114590326945,190878.0,170617.0,20261.0,P3_sample_rows_vs_col_values
GEMINI,nhanes_laboratory.ssuvcm_j,v01_full,v25_full_no_sample_rows,full vs full-sem-rows,1,0.0,0.7024169365564982,190878.0,170617.0,20261.0,P3_sample_rows_vs_col_values
GEMINI,nhanes_laboratory.uio_j,v01_full,v25_full_no_sample_rows,full vs full-sem-rows,1,0.0,0.5448099374771118,190878.0,170617.0,20261.0,P3_sample_rows_vs_col_values
GEMINI,nhanes_laboratory.vic_j,v01_full,v25_full_no_sample_rows,full vs full-sem-rows,1,0.3333333333333333,0.5116936365763346,190878.0,170617.0,20261.0,P3_sample_rows_vs_col_values
GEMINI,nhanes_laboratory.vid_j,v01_full,v25_full_no_sample_rows,full vs full-sem-rows,1,0.3333333333333333,0.743755042552948,190878.0,170617.0,20261.0,P3_sample_rows_vs_col_values
GEMINI,nhanes_questionnaire.alq_j,v01_full,v25_full_no_sample_rows,full vs full-sem-rows,1,0.3333333333333333,0.5257375041643778,190878.0,170617.0,20261.0,P3_sample_rows_vs_col_values
GEMINI,nhanes_questionnaire.dpq_j,v01_full,v25_full_no_sample_rows,full vs full-sem-rows,1,0.3333333333333333,0.5737516482671102,190878.0,170617.0,20261.0,P3_sample_rows_vs_col_values
GEMINI,nhanes_questionnaire.hsq_j,v01_full,v25_full_no_sample_rows,full vs full-sem-rows,1,0.3333333333333333,0.5651276906331381,190878.0,170617.0,20261.0,P3_sample_rows_vs_col_values
GEMINI,nhanes_questionnaire.puqmec_j,v01_full,v25_full_no_sample_rows,full vs full-sem-rows,1,0.6666666666666666,0.6666663885116577,190878.0,170617.0,20261.0,P3_sample_rows_vs_col_values
GEMINI,nhanes_questionnaire.smqshs_j,v01_full,v25_full_no_sample_rows,full vs full-sem-rows,1,0.3333333333333333,0.7749696373939514,190878.0,170617.0,20261.0,P3_sample_rows_vs_col_values
GEMINI,nhanes_questionnaire.whq_j,v01_full,v25_full_no_sample_rows,full vs full-sem-rows,1,0.3333333333333333,0.8378001848856608,190878.0,170617.0,20261.0,P3_sample_rows_vs_col_values
GEMINI,nhanes_demographics.demo_j,v08_fk_plus_sample_values,v05_plus_sample_values,FK+sample_val vs sample_val,1,0.0,0.4051663279533386,71915.0,71615.0,300.0,P4_fk_interaction
GEMINI,nhanes_dietary.ds1tot_j,v08_fk_plus_sample_values,v05_plus_sample_values,FK+sample_val vs sample_val,1,0.6666666666666666,0.9805070161819458,71915.0,71615.0,300.0,P4_fk_interaction
GEMINI,nhanes_dietary.ds2ids_j,v08_fk_plus_sample_values,v05_plus_sample_values,FK+sample_val vs sample_val,1,0.3333333333333333,0.8200443585713705,71915.0,71615.0,300.0,P4_fk_interaction
GEMINI,nhanes_dietary.ds2tot_j,v08_fk_plus_sample_values,v05_plus_sample_values,FK+sample_val vs sample_val,1,0.0,0.47380272547403973,71915.0,71615.0,300.0,P4_fk_interaction
GEMINI,nhanes_dietary.dsqids_j,v08_fk_plus_sample_values,v05_plus_sample_values,FK+sample_val vs sample_val,1,0.6666666666666666,0.8798867265383402,71915.0,71615.0,300.0,P4_fk_interaction
GEMINI,nhanes_dietary.dsqtot_j,v08_fk_plus_sample_values,v05_plus_sample_values,FK+sample_val vs sample_val,1,0.3333333333333333,0.7255631685256958,71915.0,71615.0,300.0,P4_fk_interaction
GEMINI,nhanes_examination.bmx_j,v08_fk_plus_sample_values,v05_plus_sample_values,FK+sample_val vs sample_val,1,0.3333333333333333,0.831499715646108,71915.0,71615.0,300.0,P4_fk_interaction
GEMINI,nhanes_examination.bpx_j,v08_fk_plus_sample_values,v05_plus_sample_values,FK+sample_val vs sample_val,1,0.3333333333333333,0.7809288700421652,71915.0,71615.0,300.0,P4_fk_interaction
GEMINI,nhanes_examination.bpxo_j,v08_fk_plus_sample_values,v05_plus_sample_values,FK+sample_val vs sample_val,1,0.3333333333333333,0.5546616315841675,71915.0,71615.0,300.0,P4_fk_interaction
GEMINI,nhanes_laboratory.cbc_j,v08_fk_plus_sample_values,v05_plus_sample_values,FK+sample_val vs sample_val,1,1.0,0.9999993443489075,71915.0,71615.0,300.0,P4_fk_interaction
GEMINI,nhanes_laboratory.fastqx_j,v08_fk_plus_sample_values,v05_plus_sample_values,FK+sample_val vs sample_val,1,0.0,0.7701582113901774,71915.0,71615.0,300.0,P4_fk_interaction
GEMINI,nhanes_laboratory.ghb_j,v08_fk_plus_sample_values,v05_plus_sample_values,FK+sample_val vs sample_val,1,0.0,0.7696447372436523,71915.0,71615.0,300.0,P4_fk_interaction
GEMINI,nhanes_laboratory.hepa_j,v08_fk_plus_sample_values,v05_plus_sample_values,FK+sample_val vs sample_val,1,0.0,0.597949481010437,71915.0,71615.0,300.0,P4_fk_interaction
GEMINI,nhanes_laboratory.ins_j,v08_fk_plus_sample_values,v05_plus_sample_values,FK+sample_val vs sample_val,1,0.3333333333333333,0.9115295012791952,71915.0,71615.0,300.0,P4_fk_interaction
GEMINI,nhanes_laboratory.phthte_j,v08_fk_plus_sample_values,v05_plus_sample_values,FK+sample_val vs sample_val,1,0.0,0.5260417262713114,71915.0,71615.0,300.0,P4_fk_interaction
GEMINI,nhanes_laboratory.ssuvcm_j,v08_fk_plus_sample_values,v05_plus_sample_values,FK+sample_val vs sample_val,1,0.3333333333333333,0.5918906331062317,71915.0,71615.0,300.0,P4_fk_interaction
GEMINI,nhanes_laboratory.uio_j,v08_fk_plus_sample_values,v05_plus_sample_values,FK+sample_val vs sample_val,1,0.0,0.5188148617744446,71915.0,71615.0,300.0,P4_fk_interaction
GEMINI,nhanes_laboratory.vic_j,v08_fk_plus_sample_values,v05_plus_sample_values,FK+sample_val vs sample_val,1,0.3333333333333333,0.5789291063944498,71915.0,71615.0,300.0,P4_fk_interaction
GEMINI,nhanes_laboratory.vid_j,v08_fk_plus_sample_values,v05_plus_sample_values,FK+sample_val vs sample_val,1,1.0,0.9999992847442627,71915.0,71615.0,300.0,P4_fk_interaction
GEMINI,nhanes_questionnaire.alq_j,v08_fk_plus_sample_values,v05_plus_sample_values,FK+sample_val vs sample_val,1,0.6666666666666666,0.6666661699612936,71915.0,71615.0,300.0,P4_fk_interaction
GEMINI,nhanes_questionnaire.dpq_j,v08_fk_plus_sample_values,v05_plus_sample_values,FK+sample_val vs sample_val,1,0.6666666666666666,0.6666661699612936,71915.0,71615.0,300.0,P4_fk_interaction
GEMINI,nhanes_questionnaire.hsq_j,v08_fk_plus_sample_values,v05_plus_sample_values,FK+sample_val vs sample_val,1,0.6666666666666666,0.9396383166313171,71915.0,71615.0,300.0,P4_fk_interaction
GEMINI,nhanes_questionnaire.puqmec_j,v08_fk_plus_sample_values,v05_plus_sample_values,FK+sample_val vs sample_val,1,0.4,0.7409851551055908,71915.0,71615.0,300.0,P4_fk_interaction
GEMINI,nhanes_questionnaire.smqshs_j,v08_fk_plus_sample_values,v05_plus_sample_values,FK+sample_val vs sample_val,1,1.0,0.9999993840853373,71915.0,71615.0,300.0,P4_fk_interaction
GEMINI,nhanes_questionnaire.whq_j,v08_fk_plus_sample_values,v05_plus_sample_values,FK+sample_val vs sample_val,1,0.6666666666666666,0.6666661898295084,71915.0,71615.0,300.0,P4_fk_interaction
GEMINI,nhanes_demographics.demo_j,v09_fk_plus_frequent_values,v06_plus_frequent_values,FK+freq_val vs freq_val,1,0.0,0.0,69080.0,68780.0,300.0,P4_fk_interaction
GEMINI,nhanes_dietary.ds1tot_j,v09_fk_plus_frequent_values,v06_plus_frequent_values,FK+freq_val vs freq_val,1,0.0,0.0,69080.0,68780.0,300.0,P4_fk_interaction
GEMINI,nhanes_dietary.ds2ids_j,v09_fk_plus_frequent_values,v06_plus_frequent_values,FK+freq_val vs freq_val,1,0.0,0.7331745028495789,69080.0,68780.0,300.0,P4_fk_interaction
GEMINI,nhanes_dietary.ds2tot_j,v09_fk_plus_frequent_values,v06_plus_frequent_values,FK+freq_val vs freq_val,1,0.0,0.7582198977470398,69080.0,68780.0,300.0,P4_fk_interaction
GEMINI,nhanes_dietary.dsqids_j,v09_fk_plus_frequent_values,v06_plus_frequent_values,FK+freq_val vs freq_val,1,0.3333333333333333,0.639780859152476,69080.0,68780.0,300.0,P4_fk_interaction
GEMINI,nhanes_dietary.dsqtot_j,v09_fk_plus_frequent_values,v06_plus_frequent_values,FK+freq_val vs freq_val,1,0.0,0.0,69080.0,68780.0,300.0,P4_fk_interaction
GEMINI,nhanes_examination.bmx_j,v09_fk_plus_frequent_values,v06_plus_frequent_values,FK+freq_val vs freq_val,1,1.0,0.9999993046124777,69080.0,68780.0,300.0,P4_fk_interaction
GEMINI,nhanes_examination.bpx_j,v09_fk_plus_frequent_values,v06_plus_frequent_values,FK+freq_val vs freq_val,1,0.3333333333333333,0.8695214589436849,69080.0,68780.0,300.0,P4_fk_interaction
GEMINI,nhanes_examination.bpxo_j,v09_fk_plus_frequent_values,v06_plus_frequent_values,FK+freq_val vs freq_val,1,0.3333333333333333,0.8489199082056681,69080.0,68780.0,300.0,P4_fk_interaction
GEMINI,nhanes_laboratory.cbc_j,v09_fk_plus_frequent_values,v06_plus_frequent_values,FK+freq_val vs freq_val,1,0.3333333333333333,0.8418758710225424,69080.0,68780.0,300.0,P4_fk_interaction
GEMINI,nhanes_laboratory.fastqx_j,v09_fk_plus_frequent_values,v06_plus_frequent_values,FK+freq_val vs freq_val,1,0.3333333333333333,0.8370199402173361,69080.0,68780.0,300.0,P4_fk_interaction
GEMINI,nhanes_laboratory.ghb_j,v09_fk_plus_frequent_values,v06_plus_frequent_values,FK+freq_val vs freq_val,1,0.4,0.7243611097335816,69080.0,68780.0,300.0,P4_fk_interaction
GEMINI,nhanes_laboratory.hepa_j,v09_fk_plus_frequent_values,v06_plus_frequent_values,FK+freq_val vs freq_val,1,0.4,0.6982076168060303,69080.0,68780.0,300.0,P4_fk_interaction
GEMINI,nhanes_laboratory.ins_j,v09_fk_plus_frequent_values,v06_plus_frequent_values,FK+freq_val vs freq_val,1,0.3333333333333333,0.5887527863184611,69080.0,68780.0,300.0,P4_fk_interaction
GEMINI,nhanes_laboratory.phthte_j,v09_fk_plus_frequent_values,v06_plus_frequent_values,FK+freq_val vs freq_val,1,0.3333333333333333,0.8676204284032186,69080.0,68780.0,300.0,P4_fk_interaction
GEMINI,nhanes_laboratory.ssuvcm_j,v09_fk_plus_frequent_values,v06_plus_frequent_values,FK+freq_val vs freq_val,1,0.3333333333333333,0.5522735317548116,69080.0,68780.0,300.0,P4_fk_interaction
GEMINI,nhanes_laboratory.uio_j,v09_fk_plus_frequent_values,v06_plus_frequent_values,FK+freq_val vs freq_val,1,0.3333333333333333,0.5206516782442728,69080.0,68780.0,300.0,P4_fk_interaction
GEMINI,nhanes_laboratory.vic_j,v09_fk_plus_frequent_values,v06_plus_frequent_values,FK+freq_val vs freq_val,1,0.3333333333333333,0.7507544954617819,69080.0,68780.0,300.0,P4_fk_interaction
GEMINI,nhanes_laboratory.vid_j,v09_fk_plus_frequent_values,v06_plus_frequent_values,FK+freq_val vs freq_val,1,0.6666666666666666,0.8537721633911133,69080.0,68780.0,300.0,P4_fk_interaction
GEMINI,nhanes_questionnaire.alq_j,v09_fk_plus_frequent_values,v06_plus_frequent_values,FK+freq_val vs freq_val,1,0.6666666666666666,0.857617179552714,69080.0,68780.0,300.0,P4_fk_interaction
GEMINI,nhanes_questionnaire.dpq_j,v09_fk_plus_frequent_values,v06_plus_frequent_values,FK+freq_val vs freq_val,1,0.0,0.6987985769907633,69080.0,68780.0,300.0,P4_fk_interaction
GEMINI,nhanes_questionnaire.hsq_j,v09_fk_plus_frequent_values,v06_plus_frequent_values,FK+freq_val vs freq_val,1,0.6666666666666666,0.9353999098141988,69080.0,68780.0,300.0,P4_fk_interaction
GEMINI,nhanes_questionnaire.puqmec_j,v09_fk_plus_frequent_values,v06_plus_frequent_values,FK+freq_val vs freq_val,1,0.0,0.21568886439005533,69080.0,68780.0,300.0,P4_fk_interaction
GEMINI,nhanes_questionnaire.smqshs_j,v09_fk_plus_frequent_values,v06_plus_frequent_values,FK+freq_val vs freq_val,1,0.6666666666666666,0.8681850035985311,69080.0,68780.0,300.0,P4_fk_interaction
GEMINI,nhanes_questionnaire.whq_j,v09_fk_plus_frequent_values,v06_plus_frequent_values,FK+freq_val vs freq_val,1,0.0,0.9064608812332153,69080.0,68780.0,300.0,P4_fk_interaction
GEMINI,nhanes_demographics.demo_j,v10_fk_plus_sample_and_frequent,v08_fk_plus_sample_values,FK+ambos vs FK+sample_val,1,0.3333333333333333,0.5927295486132304,110798.0,71915.0,38883.0,P4_fk_interaction
GEMINI,nhanes_dietary.ds1tot_j,v10_fk_plus_sample_and_frequent,v08_fk_plus_sample_values,FK+ambos vs FK+sample_val,1,0.3333333333333333,0.9260072310765585,110798.0,71915.0,38883.0,P4_fk_interaction
GEMINI,nhanes_dietary.ds2ids_j,v10_fk_plus_sample_and_frequent,v08_fk_plus_sample_values,FK+ambos vs FK+sample_val,1,0.0,0.7465370893478394,110798.0,71915.0,38883.0,P4_fk_interaction
GEMINI,nhanes_dietary.ds2tot_j,v10_fk_plus_sample_and_frequent,v08_fk_plus_sample_values,FK+ambos vs FK+sample_val,1,0.6666666666666666,0.6666661699612936,110798.0,71915.0,38883.0,P4_fk_interaction
GEMINI,nhanes_dietary.dsqids_j,v10_fk_plus_sample_and_frequent,v08_fk_plus_sample_values,FK+ambos vs FK+sample_val,1,0.3333333333333333,0.7568381826082865,110798.0,71915.0,38883.0,P4_fk_interaction
GEMINI,nhanes_dietary.dsqtot_j,v10_fk_plus_sample_and_frequent,v08_fk_plus_sample_values,FK+ambos vs FK+sample_val,1,0.0,0.7634249329566956,110798.0,71915.0,38883.0,P4_fk_interaction
GEMINI,nhanes_examination.bmx_j,v10_fk_plus_sample_and_frequent,v08_fk_plus_sample_values,FK+ambos vs FK+sample_val,1,0.6666666666666666,0.8383515079816183,110798.0,71915.0,38883.0,P4_fk_interaction
GEMINI,nhanes_examination.bpx_j,v10_fk_plus_sample_and_frequent,v08_fk_plus_sample_values,FK+ambos vs FK+sample_val,1,0.3333333333333333,0.7471989393234253,110798.0,71915.0,38883.0,P4_fk_interaction
GEMINI,nhanes_examination.bpxo_j,v10_fk_plus_sample_and_frequent,v08_fk_plus_sample_values,FK+ambos vs FK+sample_val,1,0.3333333333333333,0.544134775797526,110798.0,71915.0,38883.0,P4_fk_interaction
GEMINI,nhanes_laboratory.cbc_j,v10_fk_plus_sample_and_frequent,v08_fk_plus_sample_values,FK+ambos vs FK+sample_val,1,0.0,0.7673144936561584,110798.0,71915.0,38883.0,P4_fk_interaction
GEMINI,nhanes_laboratory.fastqx_j,v10_fk_plus_sample_and_frequent,v08_fk_plus_sample_values,FK+ambos vs FK+sample_val,1,0.0,0.8076719641685486,110798.0,71915.0,38883.0,P4_fk_interaction
GEMINI,nhanes_laboratory.ghb_j,v10_fk_plus_sample_and_frequent,v08_fk_plus_sample_values,FK+ambos vs FK+sample_val,1,0.0,0.5618293484052023,110798.0,71915.0,38883.0,P4_fk_interaction
GEMINI,nhanes_laboratory.hepa_j,v10_fk_plus_sample_and_frequent,v08_fk_plus_sample_values,FK+ambos vs FK+sample_val,1,0.0,0.5171586751937867,110798.0,71915.0,38883.0,P4_fk_interaction
GEMINI,nhanes_laboratory.ins_j,v10_fk_plus_sample_and_frequent,v08_fk_plus_sample_values,FK+ambos vs FK+sample_val,1,0.3333333333333333,0.7757992347081503,110798.0,71915.0,38883.0,P4_fk_interaction
GEMINI,nhanes_laboratory.phthte_j,v10_fk_plus_sample_and_frequent,v08_fk_plus_sample_values,FK+ambos vs FK+sample_val,1,0.0,0.525017261505127,110798.0,71915.0,38883.0,P4_fk_interaction
GEMINI,nhanes_laboratory.ssuvcm_j,v10_fk_plus_sample_and_frequent,v08_fk_plus_sample_values,FK+ambos vs FK+sample_val,1,0.0,0.21918453772862753,110798.0,71915.0,38883.0,P4_fk_interaction
GEMINI,nhanes_laboratory.uio_j,v10_fk_plus_sample_and_frequent,v08_fk_plus_sample_values,FK+ambos vs FK+sample_val,1,0.0,0.4976678093274434,110798.0,71915.0,38883.0,P4_fk_interaction
GEMINI,nhanes_laboratory.vic_j,v10_fk_plus_sample_and_frequent,v08_fk_plus_sample_values,FK+ambos vs FK+sample_val,1,0.0,0.5246616005897522,110798.0,71915.0,38883.0,P4_fk_interaction
GEMINI,nhanes_laboratory.vid_j,v10_fk_plus_sample_and_frequent,v08_fk_plus_sample_values,FK+ambos vs FK+sample_val,1,0.6666666666666666,0.8366189201672872,110798.0,71915.0,38883.0,P4_fk_interaction
GEMINI,nhanes_questionnaire.alq_j,v10_fk_plus_sample_and_frequent,v08_fk_plus_sample_values,FK+ambos vs FK+sample_val,1,0.6666666666666666,0.951632559299469,110798.0,71915.0,38883.0,P4_fk_interaction
GEMINI,nhanes_questionnaire.dpq_j,v10_fk_plus_sample_and_frequent,v08_fk_plus_sample_values,FK+ambos vs FK+sample_val,1,0.6666666666666666,0.6666661699612936,110798.0,71915.0,38883.0,P4_fk_interaction
GEMINI,nhanes_questionnaire.hsq_j,v10_fk_plus_sample_and_frequent,v08_fk_plus_sample_values,FK+ambos vs FK+sample_val,1,0.3333333333333333,0.606305201848348,110798.0,71915.0,38883.0,P4_fk_interaction
GEMINI,nhanes_questionnaire.puqmec_j,v10_fk_plus_sample_and_frequent,v08_fk_plus_sample_values,FK+ambos vs FK+sample_val,1,0.0,0.7722352147102356,110798.0,71915.0,38883.0,P4_fk_interaction
GEMINI,nhanes_questionnaire.smqshs_j,v10_fk_plus_sample_and_frequent,v08_fk_plus_sample_values,FK+ambos vs FK+sample_val,1,0.3333333333333333,0.6570810278256735,110798.0,71915.0,38883.0,P4_fk_interaction
GEMINI,nhanes_questionnaire.whq_j,v10_fk_plus_sample_and_frequent,v08_fk_plus_sample_values,FK+ambos vs FK+sample_val,1,0.6666666666666666,0.9744448661804199,110798.0,71915.0,38883.0,P4_fk_interaction
GEMINI,nhanes_demographics.demo_j,v11_fk_plus_sample_rows,v07_plus_sample_rows,FK+rows vs rows,1,0.3333333333333333,0.8387317260106405,48130.0,47830.0,300.0,P4_fk_interaction
GEMINI,nhanes_dietary.ds1tot_j,v11_fk_plus_sample_rows,v07_plus_sample_rows,FK+rows vs rows,1,0.0,0.7586784958839417,48130.0,47830.0,300.0,P4_fk_interaction
GEMINI,nhanes_dietary.ds2ids_j,v11_fk_plus_sample_rows,v07_plus_sample_rows,FK+rows vs rows,1,0.0,0.7328648368517557,48130.0,47830.0,300.0,P4_fk_interaction
GEMINI,nhanes_dietary.ds2tot_j,v11_fk_plus_sample_rows,v07_plus_sample_rows,FK+rows vs rows,1,0.0,0.6076289415359497,48130.0,47830.0,300.0,P4_fk_interaction
GEMINI,nhanes_dietary.dsqids_j,v11_fk_plus_sample_rows,v07_plus_sample_rows,FK+rows vs rows,1,0.0,0.7713521917661031,48130.0,47830.0,300.0,P4_fk_interaction
GEMINI,nhanes_dietary.dsqtot_j,v11_fk_plus_sample_rows,v07_plus_sample_rows,FK+rows vs rows,1,0.0,0.7450129389762878,48130.0,47830.0,300.0,P4_fk_interaction
GEMINI,nhanes_examination.bmx_j,v11_fk_plus_sample_rows,v07_plus_sample_rows,FK+rows vs rows,1,0.6666666666666666,0.9611088434855143,48130.0,47830.0,300.0,P4_fk_interaction
GEMINI,nhanes_examination.bpx_j,v11_fk_plus_sample_rows,v07_plus_sample_rows,FK+rows vs rows,1,0.3333333333333333,0.7682621479034424,48130.0,47830.0,300.0,P4_fk_interaction
GEMINI,nhanes_examination.bpxo_j,v11_fk_plus_sample_rows,v07_plus_sample_rows,FK+rows vs rows,1,0.6666666666666666,0.846972127755483,48130.0,47830.0,300.0,P4_fk_interaction
GEMINI,nhanes_laboratory.cbc_j,v11_fk_plus_sample_rows,v07_plus_sample_rows,FK+rows vs rows,1,0.3333333333333333,0.8175521890322367,48130.0,47830.0,300.0,P4_fk_interaction
GEMINI,nhanes_laboratory.fastqx_j,v11_fk_plus_sample_rows,v07_plus_sample_rows,FK+rows vs rows,1,0.6666666666666666,0.9734541575113932,48130.0,47830.0,300.0,P4_fk_interaction
GEMINI,nhanes_laboratory.ghb_j,v11_fk_plus_sample_rows,v07_plus_sample_rows,FK+rows vs rows,1,0.4,0.6786385536193847,48130.0,47830.0,300.0,P4_fk_interaction
GEMINI,nhanes_laboratory.hepa_j,v11_fk_plus_sample_rows,v07_plus_sample_rows,FK+rows vs rows,1,0.4,0.6936253786087037,48130.0,47830.0,300.0,P4_fk_interaction
GEMINI,nhanes_laboratory.ins_j,v11_fk_plus_sample_rows,v07_plus_sample_rows,FK+rows vs rows,1,0.0,0.8089898228645325,48130.0,47830.0,300.0,P4_fk_interaction
GEMINI,nhanes_laboratory.phthte_j,v11_fk_plus_sample_rows,v07_plus_sample_rows,FK+rows vs rows,1,0.6666666666666666,0.6666661699612936,48130.0,47830.0,300.0,P4_fk_interaction
GEMINI,nhanes_laboratory.ssuvcm_j,v11_fk_plus_sample_rows,v07_plus_sample_rows,FK+rows vs rows,1,0.0,0.21137926975886026,48130.0,47830.0,300.0,P4_fk_interaction
GEMINI,nhanes_laboratory.uio_j,v11_fk_plus_sample_rows,v07_plus_sample_rows,FK+rows vs rows,1,0.0,0.7182754278182983,48130.0,47830.0,300.0,P4_fk_interaction
GEMINI,nhanes_laboratory.vic_j,v11_fk_plus_sample_rows,v07_plus_sample_rows,FK+rows vs rows,1,0.3333333333333333,0.6031527916590372,48130.0,47830.0,300.0,P4_fk_interaction
GEMINI,nhanes_laboratory.vid_j,v11_fk_plus_sample_rows,v07_plus_sample_rows,FK+rows vs rows,1,0.6666666666666666,0.9015989700953165,48130.0,47830.0,300.0,P4_fk_interaction
GEMINI,nhanes_questionnaire.alq_j,v11_fk_plus_sample_rows,v07_plus_sample_rows,FK+rows vs rows,1,0.6666666666666666,0.6666661699612936,48130.0,47830.0,300.0,P4_fk_interaction
GEMINI,nhanes_questionnaire.dpq_j,v11_fk_plus_sample_rows,v07_plus_sample_rows,FK+rows vs rows,1,1.0,0.9999992251396179,48130.0,47830.0,300.0,P4_fk_interaction
GEMINI,nhanes_questionnaire.hsq_j,v11_fk_plus_sample_rows,v07_plus_sample_rows,FK+rows vs rows,1,0.6666666666666666,0.9624511400858561,48130.0,47830.0,300.0,P4_fk_interaction
GEMINI,nhanes_questionnaire.puqmec_j,v11_fk_plus_sample_rows,v07_plus_sample_rows,FK+rows vs rows,1,0.3333333333333333,0.33333297570546466,48130.0,47830.0,300.0,P4_fk_interaction
GEMINI,nhanes_questionnaire.smqshs_j,v11_fk_plus_sample_rows,v07_plus_sample_rows,FK+rows vs rows,1,0.6666666666666666,0.9508206248283386,48130.0,47830.0,300.0,P4_fk_interaction
GEMINI,nhanes_questionnaire.whq_j,v11_fk_plus_sample_rows,v07_plus_sample_rows,FK+rows vs rows,1,0.3333333333333333,0.9246755838394165,48130.0,47830.0,300.0,P4_fk_interaction
GEMINI,nhanes_demographics.demo_j,v02_plus_fk,v00_baseline,FK isolado vs baseline,1,0.0,0.43278225262959796,27869.0,27569.0,300.0,P4_fk_interaction
GEMINI,nhanes_dietary.ds1tot_j,v02_plus_fk,v00_baseline,FK isolado vs baseline,1,0.0,0.6750552256902059,27869.0,27569.0,300.0,P4_fk_interaction
GEMINI,nhanes_dietary.ds2ids_j,v02_plus_fk,v00_baseline,FK isolado vs baseline,1,0.0,0.7411958773930868,27869.0,27569.0,300.0,P4_fk_interaction
GEMINI,nhanes_dietary.ds2tot_j,v02_plus_fk,v00_baseline,FK isolado vs baseline,1,0.3333333333333333,0.8470171491305033,27869.0,27569.0,300.0,P4_fk_interaction
GEMINI,nhanes_dietary.dsqids_j,v02_plus_fk,v00_baseline,FK isolado vs baseline,1,0.0,0.736086110273997,27869.0,27569.0,300.0,P4_fk_interaction
GEMINI,nhanes_dietary.dsqtot_j,v02_plus_fk,v00_baseline,FK isolado vs baseline,1,0.3333333333333333,0.5613440076510111,27869.0,27569.0,300.0,P4_fk_interaction
GEMINI,nhanes_examination.bmx_j,v02_plus_fk,v00_baseline,FK isolado vs baseline,1,0.3333333333333333,0.8173084457715353,27869.0,27569.0,300.0,P4_fk_interaction
GEMINI,nhanes_examination.bpx_j,v02_plus_fk,v00_baseline,FK isolado vs baseline,1,0.3333333333333333,0.7600569327672323,27869.0,27569.0,300.0,P4_fk_interaction
GEMINI,nhanes_examination.bpxo_j,v02_plus_fk,v00_baseline,FK isolado vs baseline,1,0.3333333333333333,0.8464507460594177,27869.0,27569.0,300.0,P4_fk_interaction
GEMINI,nhanes_laboratory.cbc_j,v02_plus_fk,v00_baseline,FK isolado vs baseline,1,0.3333333333333333,0.8385867277781168,27869.0,27569.0,300.0,P4_fk_interaction
GEMINI,nhanes_laboratory.fastqx_j,v02_plus_fk,v00_baseline,FK isolado vs baseline,1,0.3333333333333333,0.8413823048273722,27869.0,27569.0,300.0,P4_fk_interaction
GEMINI,nhanes_laboratory.ghb_j,v02_plus_fk,v00_baseline,FK isolado vs baseline,1,0.3333333333333333,0.8915710846583048,27869.0,27569.0,300.0,P4_fk_interaction
GEMINI,nhanes_laboratory.hepa_j,v02_plus_fk,v00_baseline,FK isolado vs baseline,1,0.0,0.5758055210113525,27869.0,27569.0,300.0,P4_fk_interaction
GEMINI,nhanes_laboratory.ins_j,v02_plus_fk,v00_baseline,FK isolado vs baseline,1,0.0,0.8089898228645325,27869.0,27569.0,300.0,P4_fk_interaction
GEMINI,nhanes_laboratory.phthte_j,v02_plus_fk,v00_baseline,FK isolado vs baseline,1,0.3333333333333333,0.7583122253417969,27869.0,27569.0,300.0,P4_fk_interaction
GEMINI,nhanes_laboratory.ssuvcm_j,v02_plus_fk,v00_baseline,FK isolado vs baseline,1,0.0,0.19349002838134766,27869.0,27569.0,300.0,P4_fk_interaction
GEMINI,nhanes_laboratory.uio_j,v02_plus_fk,v00_baseline,FK isolado vs baseline,1,0.6666666666666666,0.6666659712791443,27869.0,27569.0,300.0,P4_fk_interaction
GEMINI,nhanes_laboratory.vic_j,v02_plus_fk,v00_baseline,FK isolado vs baseline,1,0.3333333333333333,0.6031527916590372,27869.0,27569.0,300.0,P4_fk_interaction
GEMINI,nhanes_laboratory.vid_j,v02_plus_fk,v00_baseline,FK isolado vs baseline,1,1.0,0.9999992450078329,27869.0,27569.0,300.0,P4_fk_interaction
GEMINI,nhanes_questionnaire.alq_j,v02_plus_fk,v00_baseline,FK isolado vs baseline,1,0.8,0.7999994039535523,27869.0,27569.0,300.0,P4_fk_interaction
GEMINI,nhanes_questionnaire.dpq_j,v02_plus_fk,v00_baseline,FK isolado vs baseline,1,0.0,0.5595942497253418,27869.0,27569.0,300.0,P4_fk_interaction
GEMINI,nhanes_questionnaire.hsq_j,v02_plus_fk,v00_baseline,FK isolado vs baseline,1,0.3333333333333333,0.8317659894625345,27869.0,27569.0,300.0,P4_fk_interaction
GEMINI,nhanes_questionnaire.puqmec_j,v02_plus_fk,v00_baseline,FK isolado vs baseline,1,0.0,0.5563950061798095,27869.0,27569.0,300.0,P4_fk_interaction
GEMINI,nhanes_questionnaire.smqshs_j,v02_plus_fk,v00_baseline,FK isolado vs baseline,1,0.0,0.760499095916748,27869.0,27569.0,300.0,P4_fk_interaction
GEMINI,nhanes_questionnaire.whq_j,v02_plus_fk,v00_baseline,FK isolado vs baseline,1,0.0,0.26894640922546387,27869.0,27569.0,300.0,P4_fk_interaction
GEMINI,nhanes_demographics.demo_j,v12_nullable_plus_sample_values,v05_plus_sample_values,nullable+sample_val vs sample_val,1,0.3333333333333333,0.7909440199534098,74480.0,71615.0,2865.0,P5_nullable_interaction
GEMINI,nhanes_dietary.ds1tot_j,v12_nullable_plus_sample_values,v05_plus_sample_values,nullable+sample_val vs sample_val,1,0.0,0.6641874313354492,74480.0,71615.0,2865.0,P5_nullable_interaction
GEMINI,nhanes_dietary.ds2ids_j,v12_nullable_plus_sample_values,v05_plus_sample_values,nullable+sample_val vs sample_val,1,0.6666666666666666,0.9606354832649231,74480.0,71615.0,2865.0,P5_nullable_interaction
GEMINI,nhanes_dietary.ds2tot_j,v12_nullable_plus_sample_values,v05_plus_sample_values,nullable+sample_val vs sample_val,1,0.0,0.47380272547403973,74480.0,71615.0,2865.0,P5_nullable_interaction
GEMINI,nhanes_dietary.dsqids_j,v12_nullable_plus_sample_values,v05_plus_sample_values,nullable+sample_val vs sample_val,1,0.3333333333333333,0.7877833644549052,74480.0,71615.0,2865.0,P5_nullable_interaction
GEMINI,nhanes_dietary.dsqtot_j,v12_nullable_plus_sample_values,v05_plus_sample_values,nullable+sample_val vs sample_val,1,0.3333333333333333,0.5189690391222636,74480.0,71615.0,2865.0,P5_nullable_interaction
GEMINI,nhanes_examination.bmx_j,v12_nullable_plus_sample_values,v05_plus_sample_values,nullable+sample_val vs sample_val,1,0.3333333333333333,0.8173084457715353,74480.0,71615.0,2865.0,P5_nullable_interaction
GEMINI,nhanes_examination.bpx_j,v12_nullable_plus_sample_values,v05_plus_sample_values,nullable+sample_val vs sample_val,1,0.3333333333333333,0.728814939657847,74480.0,71615.0,2865.0,P5_nullable_interaction
GEMINI,nhanes_examination.bpxo_j,v12_nullable_plus_sample_values,v05_plus_sample_values,nullable+sample_val vs sample_val,1,0.0,0.7221792538960775,74480.0,71615.0,2865.0,P5_nullable_interaction
GEMINI,nhanes_laboratory.cbc_j,v12_nullable_plus_sample_values,v05_plus_sample_values,nullable+sample_val vs sample_val,1,0.0,0.7646254499753317,74480.0,71615.0,2865.0,P5_nullable_interaction
GEMINI,nhanes_laboratory.fastqx_j,v12_nullable_plus_sample_values,v05_plus_sample_values,nullable+sample_val vs sample_val,1,0.0,0.5171170035998026,74480.0,71615.0,2865.0,P5_nullable_interaction
GEMINI,nhanes_laboratory.ghb_j,v12_nullable_plus_sample_values,v05_plus_sample_values,nullable+sample_val vs sample_val,1,0.0,0.6335932970046997,74480.0,71615.0,2865.0,P5_nullable_interaction
GEMINI,nhanes_laboratory.hepa_j,v12_nullable_plus_sample_values,v05_plus_sample_values,nullable+sample_val vs sample_val,1,0.4,0.6777072668075561,74480.0,71615.0,2865.0,P5_nullable_interaction
GEMINI,nhanes_laboratory.ins_j,v12_nullable_plus_sample_values,v05_plus_sample_values,nullable+sample_val vs sample_val,1,0.0,0.7610572775204977,74480.0,71615.0,2865.0,P5_nullable_interaction
GEMINI,nhanes_laboratory.phthte_j,v12_nullable_plus_sample_values,v05_plus_sample_values,nullable+sample_val vs sample_val,1,0.3333333333333333,0.8098704616228739,74480.0,71615.0,2865.0,P5_nullable_interaction
GEMINI,nhanes_laboratory.ssuvcm_j,v12_nullable_plus_sample_values,v05_plus_sample_values,nullable+sample_val vs sample_val,1,0.3333333333333333,0.7737436691919962,74480.0,71615.0,2865.0,P5_nullable_interaction
GEMINI,nhanes_laboratory.uio_j,v12_nullable_plus_sample_values,v05_plus_sample_values,nullable+sample_val vs sample_val,1,0.6666666666666666,0.9158332745234171,74480.0,71615.0,2865.0,P5_nullable_interaction
GEMINI,nhanes_laboratory.vic_j,v12_nullable_plus_sample_values,v05_plus_sample_values,nullable+sample_val vs sample_val,1,0.3333333333333333,0.6134042541186014,74480.0,71615.0,2865.0,P5_nullable_interaction
GEMINI,nhanes_laboratory.vid_j,v12_nullable_plus_sample_values,v05_plus_sample_values,nullable+sample_val vs sample_val,1,0.6666666666666666,0.838081161181132,74480.0,71615.0,2865.0,P5_nullable_interaction
GEMINI,nhanes_questionnaire.alq_j,v12_nullable_plus_sample_values,v05_plus_sample_values,nullable+sample_val vs sample_val,1,0.3333333333333333,0.543616771697998,74480.0,71615.0,2865.0,P5_nullable_interaction
GEMINI,nhanes_questionnaire.dpq_j,v12_nullable_plus_sample_values,v05_plus_sample_values,nullable+sample_val vs sample_val,1,0.6666666666666666,0.6666661699612936,74480.0,71615.0,2865.0,P5_nullable_interaction
GEMINI,nhanes_questionnaire.hsq_j,v12_nullable_plus_sample_values,v05_plus_sample_values,nullable+sample_val vs sample_val,1,1.0,0.9999991257985433,74480.0,71615.0,2865.0,P5_nullable_interaction
GEMINI,nhanes_questionnaire.puqmec_j,v12_nullable_plus_sample_values,v05_plus_sample_values,nullable+sample_val vs sample_val,1,0.0,0.7417497932910919,74480.0,71615.0,2865.0,P5_nullable_interaction
GEMINI,nhanes_questionnaire.smqshs_j,v12_nullable_plus_sample_values,v05_plus_sample_values,nullable+sample_val vs sample_val,1,0.6666666666666666,0.9571381409962972,74480.0,71615.0,2865.0,P5_nullable_interaction
GEMINI,nhanes_questionnaire.whq_j,v12_nullable_plus_sample_values,v05_plus_sample_values,nullable+sample_val vs sample_val,1,0.3333333333333333,0.9465813835461935,74480.0,71615.0,2865.0,P5_nullable_interaction
GEMINI,nhanes_demographics.demo_j,v13_nullable_plus_frequent_values,v06_plus_frequent_values,nullable+freq_val vs freq_val,1,0.0,0.0,71645.0,68780.0,2865.0,P5_nullable_interaction
GEMINI,nhanes_dietary.ds1tot_j,v13_nullable_plus_frequent_values,v06_plus_frequent_values,nullable+freq_val vs freq_val,1,0.0,0.0,71645.0,68780.0,2865.0,P5_nullable_interaction
GEMINI,nhanes_dietary.ds2ids_j,v13_nullable_plus_frequent_values,v06_plus_frequent_values,nullable+freq_val vs freq_val,1,0.0,0.7775415182113647,71645.0,68780.0,2865.0,P5_nullable_interaction
GEMINI,nhanes_dietary.ds2tot_j,v13_nullable_plus_frequent_values,v06_plus_frequent_values,nullable+freq_val vs freq_val,1,0.3333333333333333,0.5468485554059347,71645.0,68780.0,2865.0,P5_nullable_interaction
GEMINI,nhanes_dietary.dsqids_j,v13_nullable_plus_frequent_values,v06_plus_frequent_values,nullable+freq_val vs freq_val,1,0.3333333333333333,0.639780859152476,71645.0,68780.0,2865.0,P5_nullable_interaction
GEMINI,nhanes_dietary.dsqtot_j,v13_nullable_plus_frequent_values,v06_plus_frequent_values,nullable+freq_val vs freq_val,1,0.0,0.6846088965733846,71645.0,68780.0,2865.0,P5_nullable_interaction
GEMINI,nhanes_examination.bmx_j,v13_nullable_plus_frequent_values,v06_plus_frequent_values,nullable+freq_val vs freq_val,1,1.0,0.9999993046124777,71645.0,68780.0,2865.0,P5_nullable_interaction
GEMINI,nhanes_examination.bpx_j,v13_nullable_plus_frequent_values,v06_plus_frequent_values,nullable+freq_val vs freq_val,1,0.3333333333333333,0.7326542139053345,71645.0,68780.0,2865.0,P5_nullable_interaction
GEMINI,nhanes_examination.bpxo_j,v13_nullable_plus_frequent_values,v06_plus_frequent_values,nullable+freq_val vs freq_val,1,0.6666666666666666,0.6666664481163025,71645.0,68780.0,2865.0,P5_nullable_interaction
GEMINI,nhanes_laboratory.cbc_j,v13_nullable_plus_frequent_values,v06_plus_frequent_values,nullable+freq_val vs freq_val,1,0.3333333333333333,0.8090913494427999,71645.0,68780.0,2865.0,P5_nullable_interaction
GEMINI,nhanes_laboratory.fastqx_j,v13_nullable_plus_frequent_values,v06_plus_frequent_values,nullable+freq_val vs freq_val,1,0.0,0.5314774910608927,71645.0,68780.0,2865.0,P5_nullable_interaction
GEMINI,nhanes_laboratory.ghb_j,v13_nullable_plus_frequent_values,v06_plus_frequent_values,nullable+freq_val vs freq_val,1,0.0,0.6205992698669434,71645.0,68780.0,2865.0,P5_nullable_interaction
GEMINI,nhanes_laboratory.hepa_j,v13_nullable_plus_frequent_values,v06_plus_frequent_values,nullable+freq_val vs freq_val,1,0.0,0.498206639289856,71645.0,68780.0,2865.0,P5_nullable_interaction
GEMINI,nhanes_laboratory.ins_j,v13_nullable_plus_frequent_values,v06_plus_frequent_values,nullable+freq_val vs freq_val,1,0.4,0.6584416389465332,71645.0,68780.0,2865.0,P5_nullable_interaction
GEMINI,nhanes_laboratory.phthte_j,v13_nullable_plus_frequent_values,v06_plus_frequent_values,nullable+freq_val vs freq_val,1,0.3333333333333333,0.6222350796063741,71645.0,68780.0,2865.0,P5_nullable_interaction
GEMINI,nhanes_laboratory.ssuvcm_j,v13_nullable_plus_frequent_values,v06_plus_frequent_values,nullable+freq_val vs freq_val,1,0.0,0.43371377388636273,71645.0,68780.0,2865.0,P5_nullable_interaction
GEMINI,nhanes_laboratory.uio_j,v13_nullable_plus_frequent_values,v06_plus_frequent_values,nullable+freq_val vs freq_val,1,0.3333333333333333,0.3333331147829692,71645.0,68780.0,2865.0,P5_nullable_interaction
GEMINI,nhanes_laboratory.vic_j,v13_nullable_plus_frequent_values,v06_plus_frequent_values,nullable+freq_val vs freq_val,1,1.0,0.9999992648760477,71645.0,68780.0,2865.0,P5_nullable_interaction
GEMINI,nhanes_laboratory.vid_j,v13_nullable_plus_frequent_values,v06_plus_frequent_values,nullable+freq_val vs freq_val,1,0.3333333333333333,0.7686175306638082,71645.0,68780.0,2865.0,P5_nullable_interaction
GEMINI,nhanes_questionnaire.alq_j,v13_nullable_plus_frequent_values,v06_plus_frequent_values,nullable+freq_val vs freq_val,1,0.3333333333333333,0.8466128905614217,71645.0,68780.0,2865.0,P5_nullable_interaction
GEMINI,nhanes_questionnaire.dpq_j,v13_nullable_plus_frequent_values,v06_plus_frequent_values,nullable+freq_val vs freq_val,1,0.0,0.38607452313105267,71645.0,68780.0,2865.0,P5_nullable_interaction
GEMINI,nhanes_questionnaire.hsq_j,v13_nullable_plus_frequent_values,v06_plus_frequent_values,nullable+freq_val vs freq_val,1,0.6666666666666666,0.9402333299318949,71645.0,68780.0,2865.0,P5_nullable_interaction
GEMINI,nhanes_questionnaire.puqmec_j,v13_nullable_plus_frequent_values,v06_plus_frequent_values,nullable+freq_val vs freq_val,1,1.0,0.9999992251396179,71645.0,68780.0,2865.0,P5_nullable_interaction
GEMINI,nhanes_questionnaire.smqshs_j,v13_nullable_plus_frequent_values,v06_plus_frequent_values,nullable+freq_val vs freq_val,1,0.3333333333333333,0.8314488728841146,71645.0,68780.0,2865.0,P5_nullable_interaction
GEMINI,nhanes_questionnaire.whq_j,v13_nullable_plus_frequent_values,v06_plus_frequent_values,nullable+freq_val vs freq_val,1,0.0,0.8425284822781881,71645.0,68780.0,2865.0,P5_nullable_interaction
GEMINI,nhanes_demographics.demo_j,v14_nullable_plus_numeric_stats,v04_plus_numeric_stats,nullable+numeric_stats vs numeric_stats,1,0.3333333333333333,0.7804630597432455,71536.0,68671.0,2865.0,P5_nullable_interaction
GEMINI,nhanes_dietary.ds1tot_j,v14_nullable_plus_numeric_stats,v04_plus_numeric_stats,nullable+numeric_stats vs numeric_stats,1,0.0,0.7492690881093343,71536.0,68671.0,2865.0,P5_nullable_interaction
GEMINI,nhanes_dietary.ds2ids_j,v14_nullable_plus_numeric_stats,v04_plus_numeric_stats,nullable+numeric_stats vs numeric_stats,1,0.0,0.8018825650215149,71536.0,68671.0,2865.0,P5_nullable_interaction
GEMINI,nhanes_dietary.ds2tot_j,v14_nullable_plus_numeric_stats,v04_plus_numeric_stats,nullable+numeric_stats vs numeric_stats,1,0.0,0.716683049996694,71536.0,68671.0,2865.0,P5_nullable_interaction
GEMINI,nhanes_dietary.dsqids_j,v14_nullable_plus_numeric_stats,v04_plus_numeric_stats,nullable+numeric_stats vs numeric_stats,1,0.0,0.7637671828269958,71536.0,68671.0,2865.0,P5_nullable_interaction
GEMINI,nhanes_dietary.dsqtot_j,v14_nullable_plus_numeric_stats,v04_plus_numeric_stats,nullable+numeric_stats vs numeric_stats,1,0.0,0.7251562476158142,71536.0,68671.0,2865.0,P5_nullable_interaction
GEMINI,nhanes_examination.bmx_j,v14_nullable_plus_numeric_stats,v04_plus_numeric_stats,nullable+numeric_stats vs numeric_stats,1,0.6666666666666666,0.6666662096977234,71536.0,68671.0,2865.0,P5_nullable_interaction
GEMINI,nhanes_examination.bpx_j,v14_nullable_plus_numeric_stats,v04_plus_numeric_stats,nullable+numeric_stats vs numeric_stats,1,0.3333333333333333,0.7762851516405741,71536.0,68671.0,2865.0,P5_nullable_interaction
GEMINI,nhanes_examination.bpxo_j,v14_nullable_plus_numeric_stats,v04_plus_numeric_stats,nullable+numeric_stats vs numeric_stats,1,0.3333333333333333,0.6215729117393494,71536.0,68671.0,2865.0,P5_nullable_interaction
GEMINI,nhanes_laboratory.cbc_j,v14_nullable_plus_numeric_stats,v04_plus_numeric_stats,nullable+numeric_stats vs numeric_stats,1,0.0,0.5156060655911764,71536.0,68671.0,2865.0,P5_nullable_interaction
GEMINI,nhanes_laboratory.fastqx_j,v14_nullable_plus_numeric_stats,v04_plus_numeric_stats,nullable+numeric_stats vs numeric_stats,1,0.0,0.6334443688392639,71536.0,68671.0,2865.0,P5_nullable_interaction
GEMINI,nhanes_laboratory.ghb_j,v14_nullable_plus_numeric_stats,v04_plus_numeric_stats,nullable+numeric_stats vs numeric_stats,1,0.0,0.49616098403930664,71536.0,68671.0,2865.0,P5_nullable_interaction
GEMINI,nhanes_laboratory.hepa_j,v14_nullable_plus_numeric_stats,v04_plus_numeric_stats,nullable+numeric_stats vs numeric_stats,1,0.3333333333333333,0.5237948497136434,71536.0,68671.0,2865.0,P5_nullable_interaction
GEMINI,nhanes_laboratory.ins_j,v14_nullable_plus_numeric_stats,v04_plus_numeric_stats,nullable+numeric_stats vs numeric_stats,1,0.3333333333333333,0.8237070043881735,71536.0,68671.0,2865.0,P5_nullable_interaction
GEMINI,nhanes_laboratory.phthte_j,v14_nullable_plus_numeric_stats,v04_plus_numeric_stats,nullable+numeric_stats vs numeric_stats,1,0.0,0.7159990270932516,71536.0,68671.0,2865.0,P5_nullable_interaction
GEMINI,nhanes_laboratory.ssuvcm_j,v14_nullable_plus_numeric_stats,v04_plus_numeric_stats,nullable+numeric_stats vs numeric_stats,1,0.0,0.46204447746276855,71536.0,68671.0,2865.0,P5_nullable_interaction
GEMINI,nhanes_laboratory.uio_j,v14_nullable_plus_numeric_stats,v04_plus_numeric_stats,nullable+numeric_stats vs numeric_stats,1,0.0,0.49727197488149005,71536.0,68671.0,2865.0,P5_nullable_interaction
GEMINI,nhanes_laboratory.vic_j,v14_nullable_plus_numeric_stats,v04_plus_numeric_stats,nullable+numeric_stats vs numeric_stats,1,0.0,0.41156206528345746,71536.0,68671.0,2865.0,P5_nullable_interaction
GEMINI,nhanes_laboratory.vid_j,v14_nullable_plus_numeric_stats,v04_plus_numeric_stats,nullable+numeric_stats vs numeric_stats,1,0.0,0.694054901599884,71536.0,68671.0,2865.0,P5_nullable_interaction
GEMINI,nhanes_questionnaire.alq_j,v14_nullable_plus_numeric_stats,v04_plus_numeric_stats,nullable+numeric_stats vs numeric_stats,1,0.6666666666666666,0.6666661699612936,71536.0,68671.0,2865.0,P5_nullable_interaction
GEMINI,nhanes_questionnaire.dpq_j,v14_nullable_plus_numeric_stats,v04_plus_numeric_stats,nullable+numeric_stats vs numeric_stats,1,1.0,0.999999205271403,71536.0,68671.0,2865.0,P5_nullable_interaction
GEMINI,nhanes_questionnaire.hsq_j,v14_nullable_plus_numeric_stats,v04_plus_numeric_stats,nullable+numeric_stats vs numeric_stats,1,0.6666666666666666,0.6666660110155741,71536.0,68671.0,2865.0,P5_nullable_interaction
GEMINI,nhanes_questionnaire.puqmec_j,v14_nullable_plus_numeric_stats,v04_plus_numeric_stats,nullable+numeric_stats vs numeric_stats,1,0.3333333333333333,0.5958213011423746,71536.0,68671.0,2865.0,P5_nullable_interaction
GEMINI,nhanes_questionnaire.smqshs_j,v14_nullable_plus_numeric_stats,v04_plus_numeric_stats,nullable+numeric_stats vs numeric_stats,1,0.3333333333333333,0.83468625942866,71536.0,68671.0,2865.0,P5_nullable_interaction
GEMINI,nhanes_questionnaire.whq_j,v14_nullable_plus_numeric_stats,v04_plus_numeric_stats,nullable+numeric_stats vs numeric_stats,1,0.6666666666666666,0.8594433267911276,71536.0,68671.0,2865.0,P5_nullable_interaction
GEMINI,nhanes_demographics.demo_j,v03_plus_nullable,v00_baseline,nullable isolado vs baseline,1,0.0,0.4588790535926819,30409.0,27569.0,2840.0,P5_nullable_interaction
GEMINI,nhanes_dietary.ds1tot_j,v03_plus_nullable,v00_baseline,nullable isolado vs baseline,1,0.3333333333333333,0.5811596711476644,30409.0,27569.0,2840.0,P5_nullable_interaction
GEMINI,nhanes_dietary.ds2ids_j,v03_plus_nullable,v00_baseline,nullable isolado vs baseline,1,0.0,0.6683563391367594,30409.0,27569.0,2840.0,P5_nullable_interaction
GEMINI,nhanes_dietary.ds2tot_j,v03_plus_nullable,v00_baseline,nullable isolado vs baseline,1,0.0,0.7339545488357544,30409.0,27569.0,2840.0,P5_nullable_interaction
GEMINI,nhanes_dietary.dsqids_j,v03_plus_nullable,v00_baseline,nullable isolado vs baseline,1,1.0,0.9999992450078329,30409.0,27569.0,2840.0,P5_nullable_interaction
GEMINI,nhanes_dietary.dsqtot_j,v03_plus_nullable,v00_baseline,nullable isolado vs baseline,1,0.0,0.7259968519210815,30409.0,27569.0,2840.0,P5_nullable_interaction
GEMINI,nhanes_examination.bmx_j,v03_plus_nullable,v00_baseline,nullable isolado vs baseline,1,0.3333333333333333,0.8173084457715353,30409.0,27569.0,2840.0,P5_nullable_interaction
GEMINI,nhanes_examination.bpx_j,v03_plus_nullable,v00_baseline,nullable isolado vs baseline,1,0.6666666666666666,0.9138771295547485,30409.0,27569.0,2840.0,P5_nullable_interaction
GEMINI,nhanes_examination.bpxo_j,v03_plus_nullable,v00_baseline,nullable isolado vs baseline,1,0.0,0.5814461906750997,30409.0,27569.0,2840.0,P5_nullable_interaction
GEMINI,nhanes_laboratory.cbc_j,v03_plus_nullable,v00_baseline,nullable isolado vs baseline,1,0.6666666666666666,0.8799300591150919,30409.0,27569.0,2840.0,P5_nullable_interaction
GEMINI,nhanes_laboratory.fastqx_j,v03_plus_nullable,v00_baseline,nullable isolado vs baseline,1,0.3333333333333333,0.5156917572021484,30409.0,27569.0,2840.0,P5_nullable_interaction
GEMINI,nhanes_laboratory.ghb_j,v03_plus_nullable,v00_baseline,nullable isolado vs baseline,1,0.0,0.7593067089716593,30409.0,27569.0,2840.0,P5_nullable_interaction
GEMINI,nhanes_laboratory.hepa_j,v03_plus_nullable,v00_baseline,nullable isolado vs baseline,1,0.0,0.6856591701507568,30409.0,27569.0,2840.0,P5_nullable_interaction
GEMINI,nhanes_laboratory.ins_j,v03_plus_nullable,v00_baseline,nullable isolado vs baseline,1,0.0,0.8089898228645325,30409.0,27569.0,2840.0,P5_nullable_interaction
GEMINI,nhanes_laboratory.phthte_j,v03_plus_nullable,v00_baseline,nullable isolado vs baseline,1,0.0,0.6398389339447021,30409.0,27569.0,2840.0,P5_nullable_interaction
GEMINI,nhanes_laboratory.ssuvcm_j,v03_plus_nullable,v00_baseline,nullable isolado vs baseline,1,0.0,0.2268815835316976,30409.0,27569.0,2840.0,P5_nullable_interaction
GEMINI,nhanes_laboratory.uio_j,v03_plus_nullable,v00_baseline,nullable isolado vs baseline,1,0.0,0.47858621676762897,30409.0,27569.0,2840.0,P5_nullable_interaction
GEMINI,nhanes_laboratory.vic_j,v03_plus_nullable,v00_baseline,nullable isolado vs baseline,1,0.0,0.7477214535077413,30409.0,27569.0,2840.0,P5_nullable_interaction
GEMINI,nhanes_laboratory.vid_j,v03_plus_nullable,v00_baseline,nullable isolado vs baseline,1,0.6666666666666666,0.8453768491744995,30409.0,27569.0,2840.0,P5_nullable_interaction
GEMINI,nhanes_questionnaire.alq_j,v03_plus_nullable,v00_baseline,nullable isolado vs baseline,1,0.0,0.49593188762664797,30409.0,27569.0,2840.0,P5_nullable_interaction
GEMINI,nhanes_questionnaire.dpq_j,v03_plus_nullable,v00_baseline,nullable isolado vs baseline,1,1.0,0.9999993840853373,30409.0,27569.0,2840.0,P5_nullable_interaction
GEMINI,nhanes_questionnaire.hsq_j,v03_plus_nullable,v00_baseline,nullable isolado vs baseline,1,0.3333333333333333,0.9202540119489034,30409.0,27569.0,2840.0,P5_nullable_interaction
GEMINI,nhanes_questionnaire.puqmec_j,v03_plus_nullable,v00_baseline,nullable isolado vs baseline,1,0.4,0.39999985694885254,30409.0,27569.0,2840.0,P5_nullable_interaction
GEMINI,nhanes_questionnaire.smqshs_j,v03_plus_nullable,v00_baseline,nullable isolado vs baseline,1,0.6666666666666666,0.6666662295659384,30409.0,27569.0,2840.0,P5_nullable_interaction
GEMINI,nhanes_questionnaire.whq_j,v03_plus_nullable,v00_baseline,nullable isolado vs baseline,1,0.0,0.26894640922546387,30409.0,27569.0,2840.0,P5_nullable_interaction
GEMINI,nhanes_demographics.demo_j,v00_baseline,v01_full,v00_baseline vs v01_full,1,0.3333333333333333,0.5887335538864136,27569.0,190878.0,-163309.0,P7_vs_full
GEMINI,nhanes_dietary.ds1tot_j,v00_baseline,v01_full,v00_baseline vs v01_full,1,0.0,0.5309886336326599,27569.0,190878.0,-163309.0,P7_vs_full
GEMINI,nhanes_dietary.ds2ids_j,v00_baseline,v01_full,v00_baseline vs v01_full,1,0.0,0.5620714028676351,27569.0,190878.0,-163309.0,P7_vs_full
GEMINI,nhanes_dietary.ds2tot_j,v00_baseline,v01_full,v00_baseline vs v01_full,1,0.0,0.47500793139139813,27569.0,190878.0,-163309.0,P7_vs_full
GEMINI,nhanes_dietary.dsqids_j,v00_baseline,v01_full,v00_baseline vs v01_full,1,0.3333333333333333,0.506446917851766,27569.0,190878.0,-163309.0,P7_vs_full
GEMINI,nhanes_dietary.dsqtot_j,v00_baseline,v01_full,v00_baseline vs v01_full,1,0.0,0.7012994090716044,27569.0,190878.0,-163309.0,P7_vs_full
GEMINI,nhanes_examination.bmx_j,v00_baseline,v01_full,v00_baseline vs v01_full,1,0.3333333333333333,0.8173084457715353,27569.0,190878.0,-163309.0,P7_vs_full
GEMINI,nhanes_examination.bpx_j,v00_baseline,v01_full,v00_baseline vs v01_full,1,0.3333333333333333,0.7619360486666361,27569.0,190878.0,-163309.0,P7_vs_full
GEMINI,nhanes_examination.bpxo_j,v00_baseline,v01_full,v00_baseline vs v01_full,1,0.3333333333333333,0.8685775001843771,27569.0,190878.0,-163309.0,P7_vs_full
GEMINI,nhanes_laboratory.cbc_j,v00_baseline,v01_full,v00_baseline vs v01_full,1,0.3333333333333333,0.8026796380678812,27569.0,190878.0,-163309.0,P7_vs_full
GEMINI,nhanes_laboratory.fastqx_j,v00_baseline,v01_full,v00_baseline vs v01_full,1,0.3333333333333333,0.7372661034266154,27569.0,190878.0,-163309.0,P7_vs_full
GEMINI,nhanes_laboratory.ghb_j,v00_baseline,v01_full,v00_baseline vs v01_full,1,0.0,0.6708946426709493,27569.0,190878.0,-163309.0,P7_vs_full
GEMINI,nhanes_laboratory.hepa_j,v00_baseline,v01_full,v00_baseline vs v01_full,1,0.0,0.5758055210113525,27569.0,190878.0,-163309.0,P7_vs_full
GEMINI,nhanes_laboratory.ins_j,v00_baseline,v01_full,v00_baseline vs v01_full,1,0.3333333333333333,0.7522693872451782,27569.0,190878.0,-163309.0,P7_vs_full
GEMINI,nhanes_laboratory.phthte_j,v00_baseline,v01_full,v00_baseline vs v01_full,1,0.0,0.6070951620737711,27569.0,190878.0,-163309.0,P7_vs_full
GEMINI,nhanes_laboratory.ssuvcm_j,v00_baseline,v01_full,v00_baseline vs v01_full,1,0.0,0.3838115135828654,27569.0,190878.0,-163309.0,P7_vs_full
GEMINI,nhanes_laboratory.uio_j,v00_baseline,v01_full,v00_baseline vs v01_full,1,0.3333333333333333,0.6102124253908793,27569.0,190878.0,-163309.0,P7_vs_full
GEMINI,nhanes_laboratory.vic_j,v00_baseline,v01_full,v00_baseline vs v01_full,1,0.3333333333333333,0.5936250487963358,27569.0,190878.0,-163309.0,P7_vs_full
GEMINI,nhanes_laboratory.vid_j,v00_baseline,v01_full,v00_baseline vs v01_full,1,0.6666666666666666,0.9136364261309305,27569.0,190878.0,-163309.0,P7_vs_full
GEMINI,nhanes_questionnaire.alq_j,v00_baseline,v01_full,v00_baseline vs v01_full,1,0.6666666666666666,0.6666661699612936,27569.0,190878.0,-163309.0,P7_vs_full
GEMINI,nhanes_questionnaire.dpq_j,v00_baseline,v01_full,v00_baseline vs v01_full,1,0.6666666666666666,0.6666661699612936,27569.0,190878.0,-163309.0,P7_vs_full
GEMINI,nhanes_questionnaire.hsq_j,v00_baseline,v01_full,v00_baseline vs v01_full,1,0.3333333333333333,0.5810245871543884,27569.0,190878.0,-163309.0,P7_vs_full
GEMINI,nhanes_questionnaire.puqmec_j,v00_baseline,v01_full,v00_baseline vs v01_full,1,0.0,0.5165844678878784,27569.0,190878.0,-163309.0,P7_vs_full
GEMINI,nhanes_questionnaire.smqshs_j,v00_baseline,v01_full,v00_baseline vs v01_full,1,0.6666666666666666,0.6666662295659384,27569.0,190878.0,-163309.0,P7_vs_full
GEMINI,nhanes_questionnaire.whq_j,v00_baseline,v01_full,v00_baseline vs v01_full,1,0.0,0.7734134991963705,27569.0,190878.0,-163309.0,P7_vs_full
GEMINI,nhanes_demographics.demo_j,v02_plus_fk,v01_full,v02_plus_fk vs v01_full,1,0.0,0.20347867409388223,27869.0,190878.0,-163009.0,P7_vs_full
GEMINI,nhanes_dietary.ds1tot_j,v02_plus_fk,v01_full,v02_plus_fk vs v01_full,1,0.0,0.726577083269755,27869.0,190878.0,-163009.0,P7_vs_full
GEMINI,nhanes_dietary.ds2ids_j,v02_plus_fk,v01_full,v02_plus_fk vs v01_full,1,0.0,0.7685545285542806,27869.0,190878.0,-163009.0,P7_vs_full
GEMINI,nhanes_dietary.ds2tot_j,v02_plus_fk,v01_full,v02_plus_fk vs v01_full,1,0.0,0.5002972682317098,27869.0,190878.0,-163009.0,P7_vs_full
GEMINI,nhanes_dietary.dsqids_j,v02_plus_fk,v01_full,v02_plus_fk vs v01_full,1,0.0,0.7946214477221171,27869.0,190878.0,-163009.0,P7_vs_full
GEMINI,nhanes_dietary.dsqtot_j,v02_plus_fk,v01_full,v02_plus_fk vs v01_full,1,0.0,0.7248579462369283,27869.0,190878.0,-163009.0,P7_vs_full
GEMINI,nhanes_examination.bmx_j,v02_plus_fk,v01_full,v02_plus_fk vs v01_full,1,1.0,0.9999993046124777,27869.0,190878.0,-163009.0,P7_vs_full
GEMINI,nhanes_examination.bpx_j,v02_plus_fk,v01_full,v02_plus_fk vs v01_full,1,0.3333333333333333,0.7889529665311178,27869.0,190878.0,-163009.0,P7_vs_full
GEMINI,nhanes_examination.bpxo_j,v02_plus_fk,v01_full,v02_plus_fk vs v01_full,1,0.6666666666666666,0.887656052907308,27869.0,190878.0,-163009.0,P7_vs_full
GEMINI,nhanes_laboratory.cbc_j,v02_plus_fk,v01_full,v02_plus_fk vs v01_full,1,0.3333333333333333,0.8879839777946472,27869.0,190878.0,-163009.0,P7_vs_full
GEMINI,nhanes_laboratory.fastqx_j,v02_plus_fk,v01_full,v02_plus_fk vs v01_full,1,0.0,0.6889232993125916,27869.0,190878.0,-163009.0,P7_vs_full
GEMINI,nhanes_laboratory.ghb_j,v02_plus_fk,v01_full,v02_plus_fk vs v01_full,1,0.0,0.6984269420305887,27869.0,190878.0,-163009.0,P7_vs_full
GEMINI,nhanes_laboratory.hepa_j,v02_plus_fk,v01_full,v02_plus_fk vs v01_full,1,0.6666666666666666,0.6666662891705831,27869.0,190878.0,-163009.0,P7_vs_full
GEMINI,nhanes_laboratory.ins_j,v02_plus_fk,v01_full,v02_plus_fk vs v01_full,1,0.3333333333333333,0.8414231737454733,27869.0,190878.0,-163009.0,P7_vs_full
GEMINI,nhanes_laboratory.phthte_j,v02_plus_fk,v01_full,v02_plus_fk vs v01_full,1,0.0,0.7889538407325745,27869.0,190878.0,-163009.0,P7_vs_full
GEMINI,nhanes_laboratory.ssuvcm_j,v02_plus_fk,v01_full,v02_plus_fk vs v01_full,1,0.0,0.5395099322001139,27869.0,190878.0,-163009.0,P7_vs_full
GEMINI,nhanes_laboratory.uio_j,v02_plus_fk,v01_full,v02_plus_fk vs v01_full,1,0.6666666666666666,0.9435455600420634,27869.0,190878.0,-163009.0,P7_vs_full
GEMINI,nhanes_laboratory.vic_j,v02_plus_fk,v01_full,v02_plus_fk vs v01_full,1,0.3333333333333333,0.5609418551127116,27869.0,190878.0,-163009.0,P7_vs_full
GEMINI,nhanes_laboratory.vid_j,v02_plus_fk,v01_full,v02_plus_fk vs v01_full,1,0.6666666666666666,0.9136364261309305,27869.0,190878.0,-163009.0,P7_vs_full
GEMINI,nhanes_questionnaire.alq_j,v02_plus_fk,v01_full,v02_plus_fk vs v01_full,1,0.8,0.7999994039535523,27869.0,190878.0,-163009.0,P7_vs_full
GEMINI,nhanes_questionnaire.dpq_j,v02_plus_fk,v01_full,v02_plus_fk vs v01_full,1,0.0,0.2269224166870117,27869.0,190878.0,-163009.0,P7_vs_full
GEMINI,nhanes_questionnaire.hsq_j,v02_plus_fk,v01_full,v02_plus_fk vs v01_full,1,0.3333333333333333,0.7906588713328043,27869.0,190878.0,-163009.0,P7_vs_full
GEMINI,nhanes_questionnaire.puqmec_j,v02_plus_fk,v01_full,v02_plus_fk vs v01_full,1,0.0,0.4697762131690979,27869.0,190878.0,-163009.0,P7_vs_full
GEMINI,nhanes_questionnaire.smqshs_j,v02_plus_fk,v01_full,v02_plus_fk vs v01_full,1,0.0,0.760499095916748,27869.0,190878.0,-163009.0,P7_vs_full
GEMINI,nhanes_questionnaire.whq_j,v02_plus_fk,v01_full,v02_plus_fk vs v01_full,1,0.3333333333333333,0.3333330949147542,27869.0,190878.0,-163009.0,P7_vs_full
GEMINI,nhanes_demographics.demo_j,v03_plus_nullable,v01_full,v03_plus_nullable vs v01_full,1,0.3333333333333333,0.7711270650227865,30409.0,190878.0,-160469.0,P7_vs_full
GEMINI,nhanes_dietary.ds1tot_j,v03_plus_nullable,v01_full,v03_plus_nullable vs v01_full,1,0.0,0.4732665419578552,30409.0,190878.0,-160469.0,P7_vs_full
GEMINI,nhanes_dietary.ds2ids_j,v03_plus_nullable,v01_full,v03_plus_nullable vs v01_full,1,0.0,0.5885884364446005,30409.0,190878.0,-160469.0,P7_vs_full
GEMINI,nhanes_dietary.ds2tot_j,v03_plus_nullable,v01_full,v03_plus_nullable vs v01_full,1,0.0,0.5118576486905416,30409.0,190878.0,-160469.0,P7_vs_full
GEMINI,nhanes_dietary.dsqids_j,v03_plus_nullable,v01_full,v03_plus_nullable vs v01_full,1,0.3333333333333333,0.506446917851766,30409.0,190878.0,-160469.0,P7_vs_full
GEMINI,nhanes_dietary.dsqtot_j,v03_plus_nullable,v01_full,v03_plus_nullable vs v01_full,1,0.0,0.7857460379600525,30409.0,190878.0,-160469.0,P7_vs_full
GEMINI,nhanes_examination.bmx_j,v03_plus_nullable,v01_full,v03_plus_nullable vs v01_full,1,1.0,0.9999993046124777,30409.0,190878.0,-160469.0,P7_vs_full
GEMINI,nhanes_examination.bpx_j,v03_plus_nullable,v01_full,v03_plus_nullable vs v01_full,1,0.3333333333333333,0.7737232049306234,30409.0,190878.0,-160469.0,P7_vs_full
GEMINI,nhanes_examination.bpxo_j,v03_plus_nullable,v01_full,v03_plus_nullable vs v01_full,1,0.3333333333333333,0.8153564929962158,30409.0,190878.0,-160469.0,P7_vs_full
GEMINI,nhanes_laboratory.cbc_j,v03_plus_nullable,v01_full,v03_plus_nullable vs v01_full,1,0.3333333333333333,0.8594029347101847,30409.0,190878.0,-160469.0,P7_vs_full
GEMINI,nhanes_laboratory.fastqx_j,v03_plus_nullable,v01_full,v03_plus_nullable vs v01_full,1,0.0,0.4955109755198161,30409.0,190878.0,-160469.0,P7_vs_full
GEMINI,nhanes_laboratory.ghb_j,v03_plus_nullable,v01_full,v03_plus_nullable vs v01_full,1,0.0,0.6478709777196249,30409.0,190878.0,-160469.0,P7_vs_full
GEMINI,nhanes_laboratory.hepa_j,v03_plus_nullable,v01_full,v03_plus_nullable vs v01_full,1,0.0,0.6243576288223267,30409.0,190878.0,-160469.0,P7_vs_full
GEMINI,nhanes_laboratory.ins_j,v03_plus_nullable,v01_full,v03_plus_nullable vs v01_full,1,0.3333333333333333,0.8414231737454733,30409.0,190878.0,-160469.0,P7_vs_full
GEMINI,nhanes_laboratory.phthte_j,v03_plus_nullable,v01_full,v03_plus_nullable vs v01_full,1,0.0,0.696019450823466,30409.0,190878.0,-160469.0,P7_vs_full
GEMINI,nhanes_laboratory.ssuvcm_j,v03_plus_nullable,v01_full,v03_plus_nullable vs v01_full,1,0.0,0.4399672945340474,30409.0,190878.0,-160469.0,P7_vs_full
GEMINI,nhanes_laboratory.uio_j,v03_plus_nullable,v01_full,v03_plus_nullable vs v01_full,1,0.0,0.43365995089213055,30409.0,190878.0,-160469.0,P7_vs_full
GEMINI,nhanes_laboratory.vic_j,v03_plus_nullable,v01_full,v03_plus_nullable vs v01_full,1,0.0,0.672032356262207,30409.0,190878.0,-160469.0,P7_vs_full
GEMINI,nhanes_laboratory.vid_j,v03_plus_nullable,v01_full,v03_plus_nullable vs v01_full,1,0.6666666666666666,0.878439207871755,30409.0,190878.0,-160469.0,P7_vs_full
GEMINI,nhanes_questionnaire.alq_j,v03_plus_nullable,v01_full,v03_plus_nullable vs v01_full,1,0.0,0.2824798822402954,30409.0,190878.0,-160469.0,P7_vs_full
GEMINI,nhanes_questionnaire.dpq_j,v03_plus_nullable,v01_full,v03_plus_nullable vs v01_full,1,0.6666666666666666,0.6666661699612936,30409.0,190878.0,-160469.0,P7_vs_full
GEMINI,nhanes_questionnaire.hsq_j,v03_plus_nullable,v01_full,v03_plus_nullable vs v01_full,1,0.3333333333333333,0.746990422407786,30409.0,190878.0,-160469.0,P7_vs_full
GEMINI,nhanes_questionnaire.puqmec_j,v03_plus_nullable,v01_full,v03_plus_nullable vs v01_full,1,0.0,0.49924739201863605,30409.0,190878.0,-160469.0,P7_vs_full
GEMINI,nhanes_questionnaire.smqshs_j,v03_plus_nullable,v01_full,v03_plus_nullable vs v01_full,1,0.6666666666666666,0.6666662295659384,30409.0,190878.0,-160469.0,P7_vs_full
GEMINI,nhanes_questionnaire.whq_j,v03_plus_nullable,v01_full,v03_plus_nullable vs v01_full,1,0.3333333333333333,0.3333330949147542,30409.0,190878.0,-160469.0,P7_vs_full
GEMINI,nhanes_demographics.demo_j,v04_plus_numeric_stats,v01_full,v04_plus_numeric_stats vs v01_full,1,0.3333333333333333,0.8683075904846191,68671.0,190878.0,-122207.0,P7_vs_full
GEMINI,nhanes_dietary.ds1tot_j,v04_plus_numeric_stats,v01_full,v04_plus_numeric_stats vs v01_full,1,0.0,0.7180476586023966,68671.0,190878.0,-122207.0,P7_vs_full
GEMINI,nhanes_dietary.ds2ids_j,v04_plus_numeric_stats,v01_full,v04_plus_numeric_stats vs v01_full,1,0.0,0.7637923757235209,68671.0,190878.0,-122207.0,P7_vs_full
GEMINI,nhanes_dietary.ds2tot_j,v04_plus_numeric_stats,v01_full,v04_plus_numeric_stats vs v01_full,1,0.0,0.5061291058858236,68671.0,190878.0,-122207.0,P7_vs_full
GEMINI,nhanes_dietary.dsqids_j,v04_plus_numeric_stats,v01_full,v04_plus_numeric_stats vs v01_full,1,0.0,0.4753758708635966,68671.0,190878.0,-122207.0,P7_vs_full
GEMINI,nhanes_dietary.dsqtot_j,v04_plus_numeric_stats,v01_full,v04_plus_numeric_stats vs v01_full,1,0.0,0.8448811173439026,68671.0,190878.0,-122207.0,P7_vs_full
GEMINI,nhanes_examination.bmx_j,v04_plus_numeric_stats,v01_full,v04_plus_numeric_stats vs v01_full,1,1.0,0.9999993046124777,68671.0,190878.0,-122207.0,P7_vs_full
GEMINI,nhanes_examination.bpx_j,v04_plus_numeric_stats,v01_full,v04_plus_numeric_stats vs v01_full,1,0.3333333333333333,0.8193355600039164,68671.0,190878.0,-122207.0,P7_vs_full
GEMINI,nhanes_examination.bpxo_j,v04_plus_numeric_stats,v01_full,v04_plus_numeric_stats vs v01_full,1,0.6666666666666666,0.8835645119349161,68671.0,190878.0,-122207.0,P7_vs_full
GEMINI,nhanes_laboratory.cbc_j,v04_plus_numeric_stats,v01_full,v04_plus_numeric_stats vs v01_full,1,0.0,0.5156060655911764,68671.0,190878.0,-122207.0,P7_vs_full
GEMINI,nhanes_laboratory.fastqx_j,v04_plus_numeric_stats,v01_full,v04_plus_numeric_stats vs v01_full,1,0.3333333333333333,0.7718633611996969,68671.0,190878.0,-122207.0,P7_vs_full
GEMINI,nhanes_laboratory.ghb_j,v04_plus_numeric_stats,v01_full,v04_plus_numeric_stats vs v01_full,1,0.0,0.6326373616854349,68671.0,190878.0,-122207.0,P7_vs_full
GEMINI,nhanes_laboratory.hepa_j,v04_plus_numeric_stats,v01_full,v04_plus_numeric_stats vs v01_full,1,0.3333333333333333,0.5605646371841431,68671.0,190878.0,-122207.0,P7_vs_full
GEMINI,nhanes_laboratory.ins_j,v04_plus_numeric_stats,v01_full,v04_plus_numeric_stats vs v01_full,1,1.0,0.9999992648760477,68671.0,190878.0,-122207.0,P7_vs_full
GEMINI,nhanes_laboratory.phthte_j,v04_plus_numeric_stats,v01_full,v04_plus_numeric_stats vs v01_full,1,0.3333333333333333,0.8451768358548483,68671.0,190878.0,-122207.0,P7_vs_full
GEMINI,nhanes_laboratory.ssuvcm_j,v04_plus_numeric_stats,v01_full,v04_plus_numeric_stats vs v01_full,1,0.0,0.3999541799227397,68671.0,190878.0,-122207.0,P7_vs_full
GEMINI,nhanes_laboratory.uio_j,v04_plus_numeric_stats,v01_full,v04_plus_numeric_stats vs v01_full,1,0.0,0.5288395285606384,68671.0,190878.0,-122207.0,P7_vs_full
GEMINI,nhanes_laboratory.vic_j,v04_plus_numeric_stats,v01_full,v04_plus_numeric_stats vs v01_full,1,0.0,0.5992610653241476,68671.0,190878.0,-122207.0,P7_vs_full
GEMINI,nhanes_laboratory.vid_j,v04_plus_numeric_stats,v01_full,v04_plus_numeric_stats vs v01_full,1,0.3333333333333333,0.7848206361134847,68671.0,190878.0,-122207.0,P7_vs_full
GEMINI,nhanes_questionnaire.alq_j,v04_plus_numeric_stats,v01_full,v04_plus_numeric_stats vs v01_full,1,0.6666666666666666,0.857617179552714,68671.0,190878.0,-122207.0,P7_vs_full
GEMINI,nhanes_questionnaire.dpq_j,v04_plus_numeric_stats,v01_full,v04_plus_numeric_stats vs v01_full,1,0.6666666666666666,0.9694140752156576,68671.0,190878.0,-122207.0,P7_vs_full
GEMINI,nhanes_questionnaire.hsq_j,v04_plus_numeric_stats,v01_full,v04_plus_numeric_stats vs v01_full,1,0.3333333333333333,0.5651276906331381,68671.0,190878.0,-122207.0,P7_vs_full
GEMINI,nhanes_questionnaire.puqmec_j,v04_plus_numeric_stats,v01_full,v04_plus_numeric_stats vs v01_full,1,0.0,0.49199501673380536,68671.0,190878.0,-122207.0,P7_vs_full
GEMINI,nhanes_questionnaire.smqshs_j,v04_plus_numeric_stats,v01_full,v04_plus_numeric_stats vs v01_full,1,0.3333333333333333,0.6331674853960673,68671.0,190878.0,-122207.0,P7_vs_full
GEMINI,nhanes_questionnaire.whq_j,v04_plus_numeric_stats,v01_full,v04_plus_numeric_stats vs v01_full,1,0.3333333333333333,0.6388025283813477,68671.0,190878.0,-122207.0,P7_vs_full
GEMINI,nhanes_demographics.demo_j,v05_plus_sample_values,v01_full,v05_plus_sample_values vs v01_full,1,0.3333333333333333,0.5930900971094767,71615.0,190878.0,-119263.0,P7_vs_full
GEMINI,nhanes_dietary.ds1tot_j,v05_plus_sample_values,v01_full,v05_plus_sample_values vs v01_full,1,0.6666666666666666,0.8465704321861267,71615.0,190878.0,-119263.0,P7_vs_full
GEMINI,nhanes_dietary.ds2ids_j,v05_plus_sample_values,v01_full,v05_plus_sample_values vs v01_full,1,0.0,0.835179885228475,71615.0,190878.0,-119263.0,P7_vs_full
GEMINI,nhanes_dietary.ds2tot_j,v05_plus_sample_values,v01_full,v05_plus_sample_values vs v01_full,1,0.0,0.48894351720809937,71615.0,190878.0,-119263.0,P7_vs_full
GEMINI,nhanes_dietary.dsqids_j,v05_plus_sample_values,v01_full,v05_plus_sample_values vs v01_full,1,0.3333333333333333,0.8176517089207967,71615.0,190878.0,-119263.0,P7_vs_full
GEMINI,nhanes_dietary.dsqtot_j,v05_plus_sample_values,v01_full,v05_plus_sample_values vs v01_full,1,0.0,0.6663460731506348,71615.0,190878.0,-119263.0,P7_vs_full
GEMINI,nhanes_examination.bmx_j,v05_plus_sample_values,v01_full,v05_plus_sample_values vs v01_full,1,0.3333333333333333,0.8173084457715353,71615.0,190878.0,-119263.0,P7_vs_full
GEMINI,nhanes_examination.bpx_j,v05_plus_sample_values,v01_full,v05_plus_sample_values vs v01_full,1,0.3333333333333333,0.7544505993525187,71615.0,190878.0,-119263.0,P7_vs_full
GEMINI,nhanes_examination.bpxo_j,v05_plus_sample_values,v01_full,v05_plus_sample_values vs v01_full,1,0.6666666666666666,0.8835645119349161,71615.0,190878.0,-119263.0,P7_vs_full
GEMINI,nhanes_laboratory.cbc_j,v05_plus_sample_values,v01_full,v05_plus_sample_values vs v01_full,1,0.3333333333333333,0.8026796380678812,71615.0,190878.0,-119263.0,P7_vs_full
GEMINI,nhanes_laboratory.fastqx_j,v05_plus_sample_values,v01_full,v05_plus_sample_values vs v01_full,1,0.0,0.8519638578097025,71615.0,190878.0,-119263.0,P7_vs_full
GEMINI,nhanes_laboratory.ghb_j,v05_plus_sample_values,v01_full,v05_plus_sample_values vs v01_full,1,0.0,0.7529295086860657,71615.0,190878.0,-119263.0,P7_vs_full
GEMINI,nhanes_laboratory.hepa_j,v05_plus_sample_values,v01_full,v05_plus_sample_values vs v01_full,1,0.6666666666666666,0.6666662891705831,71615.0,190878.0,-119263.0,P7_vs_full
GEMINI,nhanes_laboratory.ins_j,v05_plus_sample_values,v01_full,v05_plus_sample_values vs v01_full,1,0.3333333333333333,0.9115295012791952,71615.0,190878.0,-119263.0,P7_vs_full
GEMINI,nhanes_laboratory.phthte_j,v05_plus_sample_values,v01_full,v05_plus_sample_values vs v01_full,1,0.3333333333333333,0.6222350796063741,71615.0,190878.0,-119263.0,P7_vs_full
GEMINI,nhanes_laboratory.ssuvcm_j,v05_plus_sample_values,v01_full,v05_plus_sample_values vs v01_full,1,0.0,0.5297866066296896,71615.0,190878.0,-119263.0,P7_vs_full
GEMINI,nhanes_laboratory.uio_j,v05_plus_sample_values,v01_full,v05_plus_sample_values vs v01_full,1,0.0,0.5222441156705221,71615.0,190878.0,-119263.0,P7_vs_full
GEMINI,nhanes_laboratory.vic_j,v05_plus_sample_values,v01_full,v05_plus_sample_values vs v01_full,1,0.3333333333333333,0.5936250487963358,71615.0,190878.0,-119263.0,P7_vs_full
GEMINI,nhanes_laboratory.vid_j,v05_plus_sample_values,v01_full,v05_plus_sample_values vs v01_full,1,0.6666666666666666,0.892160435517629,71615.0,190878.0,-119263.0,P7_vs_full
GEMINI,nhanes_questionnaire.alq_j,v05_plus_sample_values,v01_full,v05_plus_sample_values vs v01_full,1,0.6666666666666666,0.6666661699612936,71615.0,190878.0,-119263.0,P7_vs_full
GEMINI,nhanes_questionnaire.dpq_j,v05_plus_sample_values,v01_full,v05_plus_sample_values vs v01_full,1,0.6666666666666666,0.9694140752156576,71615.0,190878.0,-119263.0,P7_vs_full
GEMINI,nhanes_questionnaire.hsq_j,v05_plus_sample_values,v01_full,v05_plus_sample_values vs v01_full,1,0.3333333333333333,0.5651276906331381,71615.0,190878.0,-119263.0,P7_vs_full
GEMINI,nhanes_questionnaire.puqmec_j,v05_plus_sample_values,v01_full,v05_plus_sample_values vs v01_full,1,0.4,0.7485661745071411,71615.0,190878.0,-119263.0,P7_vs_full
GEMINI,nhanes_questionnaire.smqshs_j,v05_plus_sample_values,v01_full,v05_plus_sample_values vs v01_full,1,0.6666666666666666,0.6666662295659384,71615.0,190878.0,-119263.0,P7_vs_full
GEMINI,nhanes_questionnaire.whq_j,v05_plus_sample_values,v01_full,v05_plus_sample_values vs v01_full,1,0.3333333333333333,0.8401095469792684,71615.0,190878.0,-119263.0,P7_vs_full
GEMINI,nhanes_demographics.demo_j,v06_plus_frequent_values,v01_full,v06_plus_frequent_values vs v01_full,1,0.0,0.0,68780.0,190878.0,-122098.0,P7_vs_full
GEMINI,nhanes_dietary.ds1tot_j,v06_plus_frequent_values,v01_full,v06_plus_frequent_values vs v01_full,1,0.0,0.0,68780.0,190878.0,-122098.0,P7_vs_full
GEMINI,nhanes_dietary.ds2ids_j,v06_plus_frequent_values,v01_full,v06_plus_frequent_values vs v01_full,1,0.3333333333333333,0.9207482735315958,68780.0,190878.0,-122098.0,P7_vs_full
GEMINI,nhanes_dietary.ds2tot_j,v06_plus_frequent_values,v01_full,v06_plus_frequent_values vs v01_full,1,0.3333333333333333,0.5468485554059347,68780.0,190878.0,-122098.0,P7_vs_full
GEMINI,nhanes_dietary.dsqids_j,v06_plus_frequent_values,v01_full,v06_plus_frequent_values vs v01_full,1,0.0,0.603914201259613,68780.0,190878.0,-122098.0,P7_vs_full
GEMINI,nhanes_dietary.dsqtot_j,v06_plus_frequent_values,v01_full,v06_plus_frequent_values vs v01_full,1,0.3333333333333333,0.8499923745791117,68780.0,190878.0,-122098.0,P7_vs_full
GEMINI,nhanes_examination.bmx_j,v06_plus_frequent_values,v01_full,v06_plus_frequent_values vs v01_full,1,1.0,0.9999993046124777,68780.0,190878.0,-122098.0,P7_vs_full
GEMINI,nhanes_examination.bpx_j,v06_plus_frequent_values,v01_full,v06_plus_frequent_values vs v01_full,1,0.3333333333333333,0.7959606250127157,68780.0,190878.0,-122098.0,P7_vs_full
GEMINI,nhanes_examination.bpxo_j,v06_plus_frequent_values,v01_full,v06_plus_frequent_values vs v01_full,1,0.6666666666666666,0.9236697951952616,68780.0,190878.0,-122098.0,P7_vs_full
GEMINI,nhanes_laboratory.cbc_j,v06_plus_frequent_values,v01_full,v06_plus_frequent_values vs v01_full,1,0.0,0.7646254499753317,68780.0,190878.0,-122098.0,P7_vs_full
GEMINI,nhanes_laboratory.fastqx_j,v06_plus_frequent_values,v01_full,v06_plus_frequent_values vs v01_full,1,0.3333333333333333,0.6094971497853597,68780.0,190878.0,-122098.0,P7_vs_full
GEMINI,nhanes_laboratory.ghb_j,v06_plus_frequent_values,v01_full,v06_plus_frequent_values vs v01_full,1,0.0,0.6058287143707275,68780.0,190878.0,-122098.0,P7_vs_full
GEMINI,nhanes_laboratory.hepa_j,v06_plus_frequent_values,v01_full,v06_plus_frequent_values vs v01_full,1,0.0,0.5739744186401368,68780.0,190878.0,-122098.0,P7_vs_full
GEMINI,nhanes_laboratory.ins_j,v06_plus_frequent_values,v01_full,v06_plus_frequent_values vs v01_full,1,0.3333333333333333,0.7999940514564514,68780.0,190878.0,-122098.0,P7_vs_full
GEMINI,nhanes_laboratory.phthte_j,v06_plus_frequent_values,v01_full,v06_plus_frequent_values vs v01_full,1,0.6666666666666666,0.9679087201754252,68780.0,190878.0,-122098.0,P7_vs_full
GEMINI,nhanes_laboratory.ssuvcm_j,v06_plus_frequent_values,v01_full,v06_plus_frequent_values vs v01_full,1,0.0,0.5297866066296896,68780.0,190878.0,-122098.0,P7_vs_full
GEMINI,nhanes_laboratory.uio_j,v06_plus_frequent_values,v01_full,v06_plus_frequent_values vs v01_full,1,0.6666666666666666,0.8378605643908182,68780.0,190878.0,-122098.0,P7_vs_full
GEMINI,nhanes_laboratory.vic_j,v06_plus_frequent_values,v01_full,v06_plus_frequent_values vs v01_full,1,0.3333333333333333,0.5793732404708862,68780.0,190878.0,-122098.0,P7_vs_full
GEMINI,nhanes_laboratory.vid_j,v06_plus_frequent_values,v01_full,v06_plus_frequent_values vs v01_full,1,0.6666666666666666,0.9124861558278402,68780.0,190878.0,-122098.0,P7_vs_full
GEMINI,nhanes_questionnaire.alq_j,v06_plus_frequent_values,v01_full,v06_plus_frequent_values vs v01_full,1,0.6666666666666666,0.857617179552714,68780.0,190878.0,-122098.0,P7_vs_full
GEMINI,nhanes_questionnaire.dpq_j,v06_plus_frequent_values,v01_full,v06_plus_frequent_values vs v01_full,1,0.0,0.38607452313105267,68780.0,190878.0,-122098.0,P7_vs_full
GEMINI,nhanes_questionnaire.hsq_j,v06_plus_frequent_values,v01_full,v06_plus_frequent_values vs v01_full,1,0.3333333333333333,0.5651276906331381,68780.0,190878.0,-122098.0,P7_vs_full
GEMINI,nhanes_questionnaire.puqmec_j,v06_plus_frequent_values,v01_full,v06_plus_frequent_values vs v01_full,1,0.0,0.4517509738604228,68780.0,190878.0,-122098.0,P7_vs_full
GEMINI,nhanes_questionnaire.smqshs_j,v06_plus_frequent_values,v01_full,v06_plus_frequent_values vs v01_full,1,0.6666666666666666,0.6666662295659384,68780.0,190878.0,-122098.0,P7_vs_full
GEMINI,nhanes_questionnaire.whq_j,v06_plus_frequent_values,v01_full,v06_plus_frequent_values vs v01_full,1,0.3333333333333333,0.6411118904749552,68780.0,190878.0,-122098.0,P7_vs_full
GEMINI,nhanes_demographics.demo_j,v07_plus_sample_rows,v01_full,v07_plus_sample_rows vs v01_full,1,0.6666666666666666,0.9009815653165182,47830.0,190878.0,-143048.0,P7_vs_full
GEMINI,nhanes_dietary.ds1tot_j,v07_plus_sample_rows,v01_full,v07_plus_sample_rows vs v01_full,1,0.0,0.8137263456980387,47830.0,190878.0,-143048.0,P7_vs_full
GEMINI,nhanes_dietary.ds2ids_j,v07_plus_sample_rows,v01_full,v07_plus_sample_rows vs v01_full,1,0.0,0.8196253180503845,47830.0,190878.0,-143048.0,P7_vs_full
GEMINI,nhanes_dietary.ds2tot_j,v07_plus_sample_rows,v01_full,v07_plus_sample_rows vs v01_full,1,0.6666666666666666,0.6666661302248637,47830.0,190878.0,-143048.0,P7_vs_full
GEMINI,nhanes_dietary.dsqids_j,v07_plus_sample_rows,v01_full,v07_plus_sample_rows vs v01_full,1,0.3333333333333333,0.6159921288490295,47830.0,190878.0,-143048.0,P7_vs_full
GEMINI,nhanes_dietary.dsqtot_j,v07_plus_sample_rows,v01_full,v07_plus_sample_rows vs v01_full,1,0.0,0.7837454875310262,47830.0,190878.0,-143048.0,P7_vs_full
GEMINI,nhanes_examination.bmx_j,v07_plus_sample_rows,v01_full,v07_plus_sample_rows vs v01_full,1,0.0,0.7784180045127869,47830.0,190878.0,-143048.0,P7_vs_full
GEMINI,nhanes_examination.bpx_j,v07_plus_sample_rows,v01_full,v07_plus_sample_rows vs v01_full,1,0.3333333333333333,0.7777338624000549,47830.0,190878.0,-143048.0,P7_vs_full
GEMINI,nhanes_examination.bpxo_j,v07_plus_sample_rows,v01_full,v07_plus_sample_rows vs v01_full,1,0.3333333333333333,0.8011383215586344,47830.0,190878.0,-143048.0,P7_vs_full
GEMINI,nhanes_laboratory.cbc_j,v07_plus_sample_rows,v01_full,v07_plus_sample_rows vs v01_full,1,0.3333333333333333,0.8026796380678812,47830.0,190878.0,-143048.0,P7_vs_full
GEMINI,nhanes_laboratory.fastqx_j,v07_plus_sample_rows,v01_full,v07_plus_sample_rows vs v01_full,1,0.0,0.6938045024871826,47830.0,190878.0,-143048.0,P7_vs_full
GEMINI,nhanes_laboratory.ghb_j,v07_plus_sample_rows,v01_full,v07_plus_sample_rows vs v01_full,1,0.0,0.30515687465667723,47830.0,190878.0,-143048.0,P7_vs_full
GEMINI,nhanes_laboratory.hepa_j,v07_plus_sample_rows,v01_full,v07_plus_sample_rows vs v01_full,1,0.4,0.6934071779251099,47830.0,190878.0,-143048.0,P7_vs_full
GEMINI,nhanes_laboratory.ins_j,v07_plus_sample_rows,v01_full,v07_plus_sample_rows vs v01_full,1,0.3333333333333333,0.818580150604248,47830.0,190878.0,-143048.0,P7_vs_full
GEMINI,nhanes_laboratory.phthte_j,v07_plus_sample_rows,v01_full,v07_plus_sample_rows vs v01_full,1,0.3333333333333333,0.8177664478619894,47830.0,190878.0,-143048.0,P7_vs_full
GEMINI,nhanes_laboratory.ssuvcm_j,v07_plus_sample_rows,v01_full,v07_plus_sample_rows vs v01_full,1,0.0,0.3783157269159953,47830.0,190878.0,-143048.0,P7_vs_full
GEMINI,nhanes_laboratory.uio_j,v07_plus_sample_rows,v01_full,v07_plus_sample_rows vs v01_full,1,0.6666666666666666,0.8714253306388855,47830.0,190878.0,-143048.0,P7_vs_full
GEMINI,nhanes_laboratory.vic_j,v07_plus_sample_rows,v01_full,v07_plus_sample_rows vs v01_full,1,0.3333333333333333,0.5936250487963358,47830.0,190878.0,-143048.0,P7_vs_full
GEMINI,nhanes_laboratory.vid_j,v07_plus_sample_rows,v01_full,v07_plus_sample_rows vs v01_full,1,1.0,0.9999993642171224,47830.0,190878.0,-143048.0,P7_vs_full
GEMINI,nhanes_questionnaire.alq_j,v07_plus_sample_rows,v01_full,v07_plus_sample_rows vs v01_full,1,0.6666666666666666,0.6666661699612936,47830.0,190878.0,-143048.0,P7_vs_full
GEMINI,nhanes_questionnaire.dpq_j,v07_plus_sample_rows,v01_full,v07_plus_sample_rows vs v01_full,1,0.6666666666666666,0.6666661699612936,47830.0,190878.0,-143048.0,P7_vs_full
GEMINI,nhanes_questionnaire.hsq_j,v07_plus_sample_rows,v01_full,v07_plus_sample_rows vs v01_full,1,0.3333333333333333,0.5810245871543884,47830.0,190878.0,-143048.0,P7_vs_full
GEMINI,nhanes_questionnaire.puqmec_j,v07_plus_sample_rows,v01_full,v07_plus_sample_rows vs v01_full,1,0.0,0.4517509738604228,47830.0,190878.0,-143048.0,P7_vs_full
GEMINI,nhanes_questionnaire.smqshs_j,v07_plus_sample_rows,v01_full,v07_plus_sample_rows vs v01_full,1,0.6666666666666666,0.6666662295659384,47830.0,190878.0,-143048.0,P7_vs_full
GEMINI,nhanes_questionnaire.whq_j,v07_plus_sample_rows,v01_full,v07_plus_sample_rows vs v01_full,1,0.6666666666666666,0.8457059065500895,47830.0,190878.0,-143048.0,P7_vs_full
GEMINI,nhanes_demographics.demo_j,v08_fk_plus_sample_values,v01_full,v08_fk_plus_sample_values vs v01_full,1,0.0,0.5627135833104452,71915.0,190878.0,-118963.0,P7_vs_full
GEMINI,nhanes_dietary.ds1tot_j,v08_fk_plus_sample_values,v01_full,v08_fk_plus_sample_values vs v01_full,1,0.3333333333333333,0.827078104019165,71915.0,190878.0,-118963.0,P7_vs_full
GEMINI,nhanes_dietary.ds2ids_j,v08_fk_plus_sample_values,v01_full,v08_fk_plus_sample_values vs v01_full,1,0.0,0.8634723623593649,71915.0,190878.0,-118963.0,P7_vs_full
GEMINI,nhanes_dietary.ds2tot_j,v08_fk_plus_sample_values,v01_full,v08_fk_plus_sample_values vs v01_full,1,0.3333333333333333,0.647173802057902,71915.0,190878.0,-118963.0,P7_vs_full
GEMINI,nhanes_dietary.dsqids_j,v08_fk_plus_sample_values,v01_full,v08_fk_plus_sample_values vs v01_full,1,0.3333333333333333,0.8375034729639689,71915.0,190878.0,-118963.0,P7_vs_full
GEMINI,nhanes_dietary.dsqtot_j,v08_fk_plus_sample_values,v01_full,v08_fk_plus_sample_values vs v01_full,1,0.3333333333333333,0.8286770184834799,71915.0,190878.0,-118963.0,P7_vs_full
GEMINI,nhanes_examination.bmx_j,v08_fk_plus_sample_values,v01_full,v08_fk_plus_sample_values vs v01_full,1,0.6666666666666666,0.8383515079816183,71915.0,190878.0,-118963.0,P7_vs_full
GEMINI,nhanes_examination.bpx_j,v08_fk_plus_sample_values,v01_full,v08_fk_plus_sample_values vs v01_full,1,0.6666666666666666,0.8739045262336731,71915.0,190878.0,-118963.0,P7_vs_full
GEMINI,nhanes_examination.bpxo_j,v08_fk_plus_sample_values,v01_full,v08_fk_plus_sample_values vs v01_full,1,0.3333333333333333,0.544134775797526,71915.0,190878.0,-118963.0,P7_vs_full
GEMINI,nhanes_laboratory.cbc_j,v08_fk_plus_sample_values,v01_full,v08_fk_plus_sample_values vs v01_full,1,0.3333333333333333,0.8026796380678812,71915.0,190878.0,-118963.0,P7_vs_full
GEMINI,nhanes_laboratory.fastqx_j,v08_fk_plus_sample_values,v01_full,v08_fk_plus_sample_values vs v01_full,1,0.0,0.6897803942362467,71915.0,190878.0,-118963.0,P7_vs_full
GEMINI,nhanes_laboratory.ghb_j,v08_fk_plus_sample_values,v01_full,v08_fk_plus_sample_values vs v01_full,1,0.3333333333333333,0.6298166116078695,71915.0,190878.0,-118963.0,P7_vs_full
GEMINI,nhanes_laboratory.hepa_j,v08_fk_plus_sample_values,v01_full,v08_fk_plus_sample_values vs v01_full,1,0.0,0.597949481010437,71915.0,190878.0,-118963.0,P7_vs_full
GEMINI,nhanes_laboratory.ins_j,v08_fk_plus_sample_values,v01_full,v08_fk_plus_sample_values vs v01_full,1,1.0,0.9999992648760477,71915.0,190878.0,-118963.0,P7_vs_full
GEMINI,nhanes_laboratory.phthte_j,v08_fk_plus_sample_values,v01_full,v08_fk_plus_sample_values vs v01_full,1,0.3333333333333333,0.8164380590120951,71915.0,190878.0,-118963.0,P7_vs_full
GEMINI,nhanes_laboratory.ssuvcm_j,v08_fk_plus_sample_values,v01_full,v08_fk_plus_sample_values vs v01_full,1,0.0,0.5739054679870605,71915.0,190878.0,-118963.0,P7_vs_full
GEMINI,nhanes_laboratory.uio_j,v08_fk_plus_sample_values,v01_full,v08_fk_plus_sample_values vs v01_full,1,0.0,0.564376691977183,71915.0,190878.0,-118963.0,P7_vs_full
GEMINI,nhanes_laboratory.vic_j,v08_fk_plus_sample_values,v01_full,v08_fk_plus_sample_values vs v01_full,1,0.3333333333333333,0.747711181640625,71915.0,190878.0,-118963.0,P7_vs_full
GEMINI,nhanes_laboratory.vid_j,v08_fk_plus_sample_values,v01_full,v08_fk_plus_sample_values vs v01_full,1,0.6666666666666666,0.892160435517629,71915.0,190878.0,-118963.0,P7_vs_full
GEMINI,nhanes_questionnaire.alq_j,v08_fk_plus_sample_values,v01_full,v08_fk_plus_sample_values vs v01_full,1,0.6666666666666666,0.9444711605707804,71915.0,190878.0,-118963.0,P7_vs_full
GEMINI,nhanes_questionnaire.dpq_j,v08_fk_plus_sample_values,v01_full,v08_fk_plus_sample_values vs v01_full,1,0.6666666666666666,0.6666661699612936,71915.0,190878.0,-118963.0,P7_vs_full
GEMINI,nhanes_questionnaire.hsq_j,v08_fk_plus_sample_values,v01_full,v08_fk_plus_sample_values vs v01_full,1,0.3333333333333333,0.5810245871543884,71915.0,190878.0,-118963.0,P7_vs_full
GEMINI,nhanes_questionnaire.puqmec_j,v08_fk_plus_sample_values,v01_full,v08_fk_plus_sample_values vs v01_full,1,0.3333333333333333,0.8958910504976908,71915.0,190878.0,-118963.0,P7_vs_full
GEMINI,nhanes_questionnaire.smqshs_j,v08_fk_plus_sample_values,v01_full,v08_fk_plus_sample_values vs v01_full,1,0.6666666666666666,0.6666662295659384,71915.0,190878.0,-118963.0,P7_vs_full
GEMINI,nhanes_questionnaire.whq_j,v08_fk_plus_sample_values,v01_full,v08_fk_plus_sample_values vs v01_full,1,0.3333333333333333,0.6411118904749552,71915.0,190878.0,-118963.0,P7_vs_full
GEMINI,nhanes_demographics.demo_j,v09_fk_plus_frequent_values,v01_full,v09_fk_plus_frequent_values vs v01_full,1,0.0,0.4846399426460266,69080.0,190878.0,-121798.0,P7_vs_full
GEMINI,nhanes_dietary.ds1tot_j,v09_fk_plus_frequent_values,v01_full,v09_fk_plus_frequent_values vs v01_full,1,0.6666666666666666,0.6666661302248637,69080.0,190878.0,-121798.0,P7_vs_full
GEMINI,nhanes_dietary.ds2ids_j,v09_fk_plus_frequent_values,v01_full,v09_fk_plus_frequent_values vs v01_full,1,0.0,0.7266171971956888,69080.0,190878.0,-121798.0,P7_vs_full
GEMINI,nhanes_dietary.ds2tot_j,v09_fk_plus_frequent_values,v01_full,v09_fk_plus_frequent_values vs v01_full,1,0.0,0.4732665419578552,69080.0,190878.0,-121798.0,P7_vs_full
GEMINI,nhanes_dietary.dsqids_j,v09_fk_plus_frequent_values,v01_full,v09_fk_plus_frequent_values vs v01_full,1,0.6666666666666666,0.9641328056653341,69080.0,190878.0,-121798.0,P7_vs_full
GEMINI,nhanes_dietary.dsqtot_j,v09_fk_plus_frequent_values,v01_full,v09_fk_plus_frequent_values vs v01_full,1,0.0,0.0,69080.0,190878.0,-121798.0,P7_vs_full
GEMINI,nhanes_examination.bmx_j,v09_fk_plus_frequent_values,v01_full,v09_fk_plus_frequent_values vs v01_full,1,1.0,0.9999993046124777,69080.0,190878.0,-121798.0,P7_vs_full
GEMINI,nhanes_examination.bpx_j,v09_fk_plus_frequent_values,v01_full,v09_fk_plus_frequent_values vs v01_full,1,0.3333333333333333,0.7927867770195007,69080.0,190878.0,-121798.0,P7_vs_full
GEMINI,nhanes_examination.bpxo_j,v09_fk_plus_frequent_values,v01_full,v09_fk_plus_frequent_values vs v01_full,1,0.3333333333333333,0.800741950670878,69080.0,190878.0,-121798.0,P7_vs_full
GEMINI,nhanes_laboratory.cbc_j,v09_fk_plus_frequent_values,v01_full,v09_fk_plus_frequent_values vs v01_full,1,0.3333333333333333,0.8594029347101847,69080.0,190878.0,-121798.0,P7_vs_full
GEMINI,nhanes_laboratory.fastqx_j,v09_fk_plus_frequent_values,v01_full,v09_fk_plus_frequent_values vs v01_full,1,0.3333333333333333,0.8109333316485087,69080.0,190878.0,-121798.0,P7_vs_full
GEMINI,nhanes_laboratory.ghb_j,v09_fk_plus_frequent_values,v01_full,v09_fk_plus_frequent_values vs v01_full,1,0.0,0.6349578301111857,69080.0,190878.0,-121798.0,P7_vs_full
GEMINI,nhanes_laboratory.hepa_j,v09_fk_plus_frequent_values,v01_full,v09_fk_plus_frequent_values vs v01_full,1,0.0,0.5176288882891337,69080.0,190878.0,-121798.0,P7_vs_full
GEMINI,nhanes_laboratory.ins_j,v09_fk_plus_frequent_values,v01_full,v09_fk_plus_frequent_values vs v01_full,1,0.0,0.4379262526830037,69080.0,190878.0,-121798.0,P7_vs_full
GEMINI,nhanes_laboratory.phthte_j,v09_fk_plus_frequent_values,v01_full,v09_fk_plus_frequent_values vs v01_full,1,0.3333333333333333,0.8451768358548483,69080.0,190878.0,-121798.0,P7_vs_full
GEMINI,nhanes_laboratory.ssuvcm_j,v09_fk_plus_frequent_values,v01_full,v09_fk_plus_frequent_values vs v01_full,1,0.0,0.41995881001154584,69080.0,190878.0,-121798.0,P7_vs_full
GEMINI,nhanes_laboratory.uio_j,v09_fk_plus_frequent_values,v01_full,v09_fk_plus_frequent_values vs v01_full,1,0.3333333333333333,0.5985363324483236,69080.0,190878.0,-121798.0,P7_vs_full
GEMINI,nhanes_laboratory.vic_j,v09_fk_plus_frequent_values,v01_full,v09_fk_plus_frequent_values vs v01_full,1,0.3333333333333333,0.6117909153302511,69080.0,190878.0,-121798.0,P7_vs_full
GEMINI,nhanes_laboratory.vid_j,v09_fk_plus_frequent_values,v01_full,v09_fk_plus_frequent_values vs v01_full,1,0.6666666666666666,0.9452812671661377,69080.0,190878.0,-121798.0,P7_vs_full
GEMINI,nhanes_questionnaire.alq_j,v09_fk_plus_frequent_values,v01_full,v09_fk_plus_frequent_values vs v01_full,1,1.0,0.9999992251396179,69080.0,190878.0,-121798.0,P7_vs_full
GEMINI,nhanes_questionnaire.dpq_j,v09_fk_plus_frequent_values,v01_full,v09_fk_plus_frequent_values vs v01_full,1,0.0,0.42595454057057697,69080.0,190878.0,-121798.0,P7_vs_full
GEMINI,nhanes_questionnaire.hsq_j,v09_fk_plus_frequent_values,v01_full,v09_fk_plus_frequent_values vs v01_full,1,0.3333333333333333,0.5380754272143046,69080.0,190878.0,-121798.0,P7_vs_full
GEMINI,nhanes_questionnaire.puqmec_j,v09_fk_plus_frequent_values,v01_full,v09_fk_plus_frequent_values vs v01_full,1,0.0,0.46614917119344074,69080.0,190878.0,-121798.0,P7_vs_full
GEMINI,nhanes_questionnaire.smqshs_j,v09_fk_plus_frequent_values,v01_full,v09_fk_plus_frequent_values vs v01_full,1,0.6666666666666666,0.841778039932251,69080.0,190878.0,-121798.0,P7_vs_full
GEMINI,nhanes_questionnaire.whq_j,v09_fk_plus_frequent_values,v01_full,v09_fk_plus_frequent_values vs v01_full,1,0.3333333333333333,0.6388025283813477,69080.0,190878.0,-121798.0,P7_vs_full
GEMINI,nhanes_demographics.demo_j,v10_fk_plus_sample_and_frequent,v01_full,v10_fk_plus_sample_and_frequent vs v01_full,1,0.0,0.764303962389628,110798.0,190878.0,-80080.0,P7_vs_full
GEMINI,nhanes_dietary.ds1tot_j,v10_fk_plus_sample_and_frequent,v01_full,v10_fk_plus_sample_and_frequent vs v01_full,1,0.6666666666666666,0.8553894956906637,110798.0,190878.0,-80080.0,P7_vs_full
GEMINI,nhanes_dietary.ds2ids_j,v10_fk_plus_sample_and_frequent,v01_full,v10_fk_plus_sample_and_frequent vs v01_full,1,0.0,0.8166340986887614,110798.0,190878.0,-80080.0,P7_vs_full
GEMINI,nhanes_dietary.ds2tot_j,v10_fk_plus_sample_and_frequent,v01_full,v10_fk_plus_sample_and_frequent vs v01_full,1,0.6666666666666666,0.9805068969726562,110798.0,190878.0,-80080.0,P7_vs_full
GEMINI,nhanes_dietary.dsqids_j,v10_fk_plus_sample_and_frequent,v01_full,v10_fk_plus_sample_and_frequent vs v01_full,1,0.3333333333333333,0.8595121304194132,110798.0,190878.0,-80080.0,P7_vs_full
GEMINI,nhanes_dietary.dsqtot_j,v10_fk_plus_sample_and_frequent,v01_full,v10_fk_plus_sample_and_frequent vs v01_full,1,0.0,0.8437119325002035,110798.0,190878.0,-80080.0,P7_vs_full
GEMINI,nhanes_examination.bmx_j,v10_fk_plus_sample_and_frequent,v01_full,v10_fk_plus_sample_and_frequent vs v01_full,1,1.0,0.9999993046124777,110798.0,190878.0,-80080.0,P7_vs_full
GEMINI,nhanes_examination.bpx_j,v10_fk_plus_sample_and_frequent,v01_full,v10_fk_plus_sample_and_frequent vs v01_full,1,0.3333333333333333,0.7331790725390116,110798.0,190878.0,-80080.0,P7_vs_full
GEMINI,nhanes_examination.bpxo_j,v10_fk_plus_sample_and_frequent,v01_full,v10_fk_plus_sample_and_frequent vs v01_full,1,1.0,0.999999463558197,110798.0,190878.0,-80080.0,P7_vs_full
GEMINI,nhanes_laboratory.cbc_j,v10_fk_plus_sample_and_frequent,v01_full,v10_fk_plus_sample_and_frequent vs v01_full,1,0.3333333333333333,0.8295961618423462,110798.0,190878.0,-80080.0,P7_vs_full
GEMINI,nhanes_laboratory.fastqx_j,v10_fk_plus_sample_and_frequent,v01_full,v10_fk_plus_sample_and_frequent vs v01_full,1,0.0,0.7276743849118551,110798.0,190878.0,-80080.0,P7_vs_full
GEMINI,nhanes_laboratory.ghb_j,v10_fk_plus_sample_and_frequent,v01_full,v10_fk_plus_sample_and_frequent vs v01_full,1,0.0,0.5053010582923889,110798.0,190878.0,-80080.0,P7_vs_full
GEMINI,nhanes_laboratory.hepa_j,v10_fk_plus_sample_and_frequent,v01_full,v10_fk_plus_sample_and_frequent vs v01_full,1,0.0,0.571664035320282,110798.0,190878.0,-80080.0,P7_vs_full
GEMINI,nhanes_laboratory.ins_j,v10_fk_plus_sample_and_frequent,v01_full,v10_fk_plus_sample_and_frequent vs v01_full,1,0.3333333333333333,0.7757992347081503,110798.0,190878.0,-80080.0,P7_vs_full
GEMINI,nhanes_laboratory.phthte_j,v10_fk_plus_sample_and_frequent,v01_full,v10_fk_plus_sample_and_frequent vs v01_full,1,0.0,0.5901443163553873,110798.0,190878.0,-80080.0,P7_vs_full
GEMINI,nhanes_laboratory.ssuvcm_j,v10_fk_plus_sample_and_frequent,v01_full,v10_fk_plus_sample_and_frequent vs v01_full,1,0.0,0.43749866882960003,110798.0,190878.0,-80080.0,P7_vs_full
GEMINI,nhanes_laboratory.uio_j,v10_fk_plus_sample_and_frequent,v01_full,v10_fk_plus_sample_and_frequent vs v01_full,1,0.6666666666666666,0.8574333786964417,110798.0,190878.0,-80080.0,P7_vs_full
GEMINI,nhanes_laboratory.vic_j,v10_fk_plus_sample_and_frequent,v01_full,v10_fk_plus_sample_and_frequent vs v01_full,1,0.0,0.4005221525828044,110798.0,190878.0,-80080.0,P7_vs_full
GEMINI,nhanes_laboratory.vid_j,v10_fk_plus_sample_and_frequent,v01_full,v10_fk_plus_sample_and_frequent vs v01_full,1,0.6666666666666666,0.8880934119224548,110798.0,190878.0,-80080.0,P7_vs_full
GEMINI,nhanes_questionnaire.alq_j,v10_fk_plus_sample_and_frequent,v01_full,v10_fk_plus_sample_and_frequent vs v01_full,1,0.6666666666666666,0.9237671693166097,110798.0,190878.0,-80080.0,P7_vs_full
GEMINI,nhanes_questionnaire.dpq_j,v10_fk_plus_sample_and_frequent,v01_full,v10_fk_plus_sample_and_frequent vs v01_full,1,0.6666666666666666,0.9694140752156576,110798.0,190878.0,-80080.0,P7_vs_full
GEMINI,nhanes_questionnaire.hsq_j,v10_fk_plus_sample_and_frequent,v01_full,v10_fk_plus_sample_and_frequent vs v01_full,1,0.3333333333333333,0.5557650923728943,110798.0,190878.0,-80080.0,P7_vs_full
GEMINI,nhanes_questionnaire.puqmec_j,v10_fk_plus_sample_and_frequent,v01_full,v10_fk_plus_sample_and_frequent vs v01_full,1,0.3333333333333333,0.763820211092631,110798.0,190878.0,-80080.0,P7_vs_full
GEMINI,nhanes_questionnaire.smqshs_j,v10_fk_plus_sample_and_frequent,v01_full,v10_fk_plus_sample_and_frequent vs v01_full,1,0.3333333333333333,0.6570810278256735,110798.0,190878.0,-80080.0,P7_vs_full
GEMINI,nhanes_questionnaire.whq_j,v10_fk_plus_sample_and_frequent,v01_full,v10_fk_plus_sample_and_frequent vs v01_full,1,0.6666666666666666,0.6666662295659384,110798.0,190878.0,-80080.0,P7_vs_full
GEMINI,nhanes_demographics.demo_j,v11_fk_plus_sample_rows,v01_full,v11_fk_plus_sample_rows vs v01_full,1,0.0,0.739713986714681,48130.0,190878.0,-142748.0,P7_vs_full
GEMINI,nhanes_dietary.ds1tot_j,v11_fk_plus_sample_rows,v01_full,v11_fk_plus_sample_rows vs v01_full,1,0.0,0.47500793139139813,48130.0,190878.0,-142748.0,P7_vs_full
GEMINI,nhanes_dietary.ds2ids_j,v11_fk_plus_sample_rows,v01_full,v11_fk_plus_sample_rows vs v01_full,1,0.0,0.7830741206804911,48130.0,190878.0,-142748.0,P7_vs_full
GEMINI,nhanes_dietary.ds2tot_j,v11_fk_plus_sample_rows,v01_full,v11_fk_plus_sample_rows vs v01_full,1,0.0,0.6989965240160624,48130.0,190878.0,-142748.0,P7_vs_full
GEMINI,nhanes_dietary.dsqids_j,v11_fk_plus_sample_rows,v01_full,v11_fk_plus_sample_rows vs v01_full,1,0.3333333333333333,0.829604705174764,48130.0,190878.0,-142748.0,P7_vs_full
GEMINI,nhanes_dietary.dsqtot_j,v11_fk_plus_sample_rows,v01_full,v11_fk_plus_sample_rows vs v01_full,1,0.0,0.7331671714782715,48130.0,190878.0,-142748.0,P7_vs_full
GEMINI,nhanes_examination.bmx_j,v11_fk_plus_sample_rows,v01_full,v11_fk_plus_sample_rows vs v01_full,1,0.3333333333333333,0.8173084457715353,48130.0,190878.0,-142748.0,P7_vs_full
GEMINI,nhanes_examination.bpx_j,v11_fk_plus_sample_rows,v01_full,v11_fk_plus_sample_rows vs v01_full,1,0.3333333333333333,0.7927867770195007,48130.0,190878.0,-142748.0,P7_vs_full
GEMINI,nhanes_examination.bpxo_j,v11_fk_plus_sample_rows,v01_full,v11_fk_plus_sample_rows vs v01_full,1,0.3333333333333333,0.8575683434804281,48130.0,190878.0,-142748.0,P7_vs_full
GEMINI,nhanes_laboratory.cbc_j,v11_fk_plus_sample_rows,v01_full,v11_fk_plus_sample_rows vs v01_full,1,0.6666666666666666,0.9152342478434244,48130.0,190878.0,-142748.0,P7_vs_full
GEMINI,nhanes_laboratory.fastqx_j,v11_fk_plus_sample_rows,v01_full,v11_fk_plus_sample_rows vs v01_full,1,0.0,0.6818770170211792,48130.0,190878.0,-142748.0,P7_vs_full
GEMINI,nhanes_laboratory.ghb_j,v11_fk_plus_sample_rows,v01_full,v11_fk_plus_sample_rows vs v01_full,1,0.0,0.4313562512397766,48130.0,190878.0,-142748.0,P7_vs_full
GEMINI,nhanes_laboratory.hepa_j,v11_fk_plus_sample_rows,v01_full,v11_fk_plus_sample_rows vs v01_full,1,0.6666666666666666,0.6666662891705831,48130.0,190878.0,-142748.0,P7_vs_full
GEMINI,nhanes_laboratory.ins_j,v11_fk_plus_sample_rows,v01_full,v11_fk_plus_sample_rows vs v01_full,1,0.3333333333333333,0.7751124103864034,48130.0,190878.0,-142748.0,P7_vs_full
GEMINI,nhanes_laboratory.phthte_j,v11_fk_plus_sample_rows,v01_full,v11_fk_plus_sample_rows vs v01_full,1,0.3333333333333333,0.7793944279352824,48130.0,190878.0,-142748.0,P7_vs_full
GEMINI,nhanes_laboratory.ssuvcm_j,v11_fk_plus_sample_rows,v01_full,v11_fk_plus_sample_rows vs v01_full,1,0.0,0.5893475214640299,48130.0,190878.0,-142748.0,P7_vs_full
GEMINI,nhanes_laboratory.uio_j,v11_fk_plus_sample_rows,v01_full,v11_fk_plus_sample_rows vs v01_full,1,0.0,0.7944946885108948,48130.0,190878.0,-142748.0,P7_vs_full
GEMINI,nhanes_laboratory.vic_j,v11_fk_plus_sample_rows,v01_full,v11_fk_plus_sample_rows vs v01_full,1,0.3333333333333333,0.5609418551127116,48130.0,190878.0,-142748.0,P7_vs_full
GEMINI,nhanes_laboratory.vid_j,v11_fk_plus_sample_rows,v01_full,v11_fk_plus_sample_rows vs v01_full,1,0.6666666666666666,0.9015989700953165,48130.0,190878.0,-142748.0,P7_vs_full
GEMINI,nhanes_questionnaire.alq_j,v11_fk_plus_sample_rows,v01_full,v11_fk_plus_sample_rows vs v01_full,1,1.0,0.9999992251396179,48130.0,190878.0,-142748.0,P7_vs_full
GEMINI,nhanes_questionnaire.dpq_j,v11_fk_plus_sample_rows,v01_full,v11_fk_plus_sample_rows vs v01_full,1,0.6666666666666666,0.6666661699612936,48130.0,190878.0,-142748.0,P7_vs_full
GEMINI,nhanes_questionnaire.hsq_j,v11_fk_plus_sample_rows,v01_full,v11_fk_plus_sample_rows vs v01_full,1,0.3333333333333333,0.5660505294799805,48130.0,190878.0,-142748.0,P7_vs_full
GEMINI,nhanes_questionnaire.puqmec_j,v11_fk_plus_sample_rows,v01_full,v11_fk_plus_sample_rows vs v01_full,1,0.0,0.7199217875798544,48130.0,190878.0,-142748.0,P7_vs_full
GEMINI,nhanes_questionnaire.smqshs_j,v11_fk_plus_sample_rows,v01_full,v11_fk_plus_sample_rows vs v01_full,1,0.6666666666666666,0.6666662295659384,48130.0,190878.0,-142748.0,P7_vs_full
GEMINI,nhanes_questionnaire.whq_j,v11_fk_plus_sample_rows,v01_full,v11_fk_plus_sample_rows vs v01_full,1,0.3333333333333333,0.6388025283813477,48130.0,190878.0,-142748.0,P7_vs_full
GEMINI,nhanes_demographics.demo_j,v12_nullable_plus_sample_values,v01_full,v12_nullable_plus_sample_values vs v01_full,1,0.6666666666666666,0.9013079007466634,74480.0,190878.0,-116398.0,P7_vs_full
GEMINI,nhanes_dietary.ds1tot_j,v12_nullable_plus_sample_values,v01_full,v12_nullable_plus_sample_values vs v01_full,1,0.0,0.47500793139139813,74480.0,190878.0,-116398.0,P7_vs_full
GEMINI,nhanes_dietary.ds2ids_j,v12_nullable_plus_sample_values,v01_full,v12_nullable_plus_sample_values vs v01_full,1,0.3333333333333333,0.8745435873667399,74480.0,190878.0,-116398.0,P7_vs_full
GEMINI,nhanes_dietary.ds2tot_j,v12_nullable_plus_sample_values,v01_full,v12_nullable_plus_sample_values vs v01_full,1,0.3333333333333333,0.647173802057902,74480.0,190878.0,-116398.0,P7_vs_full
GEMINI,nhanes_dietary.dsqids_j,v12_nullable_plus_sample_values,v01_full,v12_nullable_plus_sample_values vs v01_full,1,0.3333333333333333,0.8269536892573038,74480.0,190878.0,-116398.0,P7_vs_full
GEMINI,nhanes_dietary.dsqtot_j,v12_nullable_plus_sample_values,v01_full,v12_nullable_plus_sample_values vs v01_full,1,0.3333333333333333,0.8156457543373108,74480.0,190878.0,-116398.0,P7_vs_full
GEMINI,nhanes_examination.bmx_j,v12_nullable_plus_sample_values,v01_full,v12_nullable_plus_sample_values vs v01_full,1,1.0,0.9999993046124777,74480.0,190878.0,-116398.0,P7_vs_full
GEMINI,nhanes_examination.bpx_j,v12_nullable_plus_sample_values,v01_full,v12_nullable_plus_sample_values vs v01_full,1,0.3333333333333333,0.7660749157269796,74480.0,190878.0,-116398.0,P7_vs_full
GEMINI,nhanes_examination.bpxo_j,v12_nullable_plus_sample_values,v01_full,v12_nullable_plus_sample_values vs v01_full,1,0.0,0.7243409554163615,74480.0,190878.0,-116398.0,P7_vs_full
GEMINI,nhanes_laboratory.cbc_j,v12_nullable_plus_sample_values,v01_full,v12_nullable_plus_sample_values vs v01_full,1,0.6666666666666666,0.9619454344113668,74480.0,190878.0,-116398.0,P7_vs_full
GEMINI,nhanes_laboratory.fastqx_j,v12_nullable_plus_sample_values,v01_full,v12_nullable_plus_sample_values vs v01_full,1,0.3333333333333333,0.5689008434613546,74480.0,190878.0,-116398.0,P7_vs_full
GEMINI,nhanes_laboratory.ghb_j,v12_nullable_plus_sample_values,v01_full,v12_nullable_plus_sample_values vs v01_full,1,0.0,0.570022439956665,74480.0,190878.0,-116398.0,P7_vs_full
GEMINI,nhanes_laboratory.hepa_j,v12_nullable_plus_sample_values,v01_full,v12_nullable_plus_sample_values vs v01_full,1,0.4,0.6777072668075561,74480.0,190878.0,-116398.0,P7_vs_full
GEMINI,nhanes_laboratory.ins_j,v12_nullable_plus_sample_values,v01_full,v12_nullable_plus_sample_values vs v01_full,1,0.3333333333333333,0.7986422578493754,74480.0,190878.0,-116398.0,P7_vs_full
GEMINI,nhanes_laboratory.phthte_j,v12_nullable_plus_sample_values,v01_full,v12_nullable_plus_sample_values vs v01_full,1,0.6666666666666666,0.913959801197052,74480.0,190878.0,-116398.0,P7_vs_full
GEMINI,nhanes_laboratory.ssuvcm_j,v12_nullable_plus_sample_values,v01_full,v12_nullable_plus_sample_values vs v01_full,1,0.0,0.45263801018397015,74480.0,190878.0,-116398.0,P7_vs_full
GEMINI,nhanes_laboratory.uio_j,v12_nullable_plus_sample_values,v01_full,v12_nullable_plus_sample_values vs v01_full,1,0.0,0.4800468484560649,74480.0,190878.0,-116398.0,P7_vs_full
GEMINI,nhanes_laboratory.vic_j,v12_nullable_plus_sample_values,v01_full,v12_nullable_plus_sample_values vs v01_full,1,0.3333333333333333,0.5596213936805725,74480.0,190878.0,-116398.0,P7_vs_full
GEMINI,nhanes_laboratory.vid_j,v12_nullable_plus_sample_values,v01_full,v12_nullable_plus_sample_values vs v01_full,1,0.6666666666666666,0.6666661699612936,74480.0,190878.0,-116398.0,P7_vs_full
GEMINI,nhanes_questionnaire.alq_j,v12_nullable_plus_sample_values,v01_full,v12_nullable_plus_sample_values vs v01_full,1,0.6666666666666666,0.8769498268763224,74480.0,190878.0,-116398.0,P7_vs_full
GEMINI,nhanes_questionnaire.dpq_j,v12_nullable_plus_sample_values,v01_full,v12_nullable_plus_sample_values vs v01_full,1,0.6666666666666666,0.6666661699612936,74480.0,190878.0,-116398.0,P7_vs_full
GEMINI,nhanes_questionnaire.hsq_j,v12_nullable_plus_sample_values,v01_full,v12_nullable_plus_sample_values vs v01_full,1,0.3333333333333333,0.5651276906331381,74480.0,190878.0,-116398.0,P7_vs_full
GEMINI,nhanes_questionnaire.puqmec_j,v12_nullable_plus_sample_values,v01_full,v12_nullable_plus_sample_values vs v01_full,1,0.0,0.644929027557373,74480.0,190878.0,-116398.0,P7_vs_full
GEMINI,nhanes_questionnaire.smqshs_j,v12_nullable_plus_sample_values,v01_full,v12_nullable_plus_sample_values vs v01_full,1,0.6666666666666666,0.6666662295659384,74480.0,190878.0,-116398.0,P7_vs_full
GEMINI,nhanes_questionnaire.whq_j,v12_nullable_plus_sample_values,v01_full,v12_nullable_plus_sample_values vs v01_full,1,0.3333333333333333,0.8378001848856608,74480.0,190878.0,-116398.0,P7_vs_full
GEMINI,nhanes_demographics.demo_j,v13_nullable_plus_frequent_values,v01_full,v13_nullable_plus_frequent_values vs v01_full,1,0.3333333333333333,0.7922005653381348,71645.0,190878.0,-119233.0,P7_vs_full
GEMINI,nhanes_dietary.ds1tot_j,v13_nullable_plus_frequent_values,v01_full,v13_nullable_plus_frequent_values vs v01_full,1,0.3333333333333333,0.827078104019165,71645.0,190878.0,-119233.0,P7_vs_full
GEMINI,nhanes_dietary.ds2ids_j,v13_nullable_plus_frequent_values,v01_full,v13_nullable_plus_frequent_values vs v01_full,1,0.0,0.8166340986887614,71645.0,190878.0,-119233.0,P7_vs_full
GEMINI,nhanes_dietary.ds2tot_j,v13_nullable_plus_frequent_values,v01_full,v13_nullable_plus_frequent_values vs v01_full,1,1.0,0.9999992251396179,71645.0,190878.0,-119233.0,P7_vs_full
GEMINI,nhanes_dietary.dsqids_j,v13_nullable_plus_frequent_values,v01_full,v13_nullable_plus_frequent_values vs v01_full,1,0.3333333333333333,0.8595121304194132,71645.0,190878.0,-119233.0,P7_vs_full
GEMINI,nhanes_dietary.dsqtot_j,v13_nullable_plus_frequent_values,v01_full,v13_nullable_plus_frequent_values vs v01_full,1,0.0,0.7331671714782715,71645.0,190878.0,-119233.0,P7_vs_full
GEMINI,nhanes_examination.bmx_j,v13_nullable_plus_frequent_values,v01_full,v13_nullable_plus_frequent_values vs v01_full,1,1.0,0.9999993046124777,71645.0,190878.0,-119233.0,P7_vs_full
GEMINI,nhanes_examination.bpx_j,v13_nullable_plus_frequent_values,v01_full,v13_nullable_plus_frequent_values vs v01_full,1,0.3333333333333333,0.7560557921727499,71645.0,190878.0,-119233.0,P7_vs_full
GEMINI,nhanes_examination.bpxo_j,v13_nullable_plus_frequent_values,v01_full,v13_nullable_plus_frequent_values vs v01_full,1,0.3333333333333333,0.5903366804122925,71645.0,190878.0,-119233.0,P7_vs_full
GEMINI,nhanes_laboratory.cbc_j,v13_nullable_plus_frequent_values,v01_full,v13_nullable_plus_frequent_values vs v01_full,1,0.3333333333333333,0.7558505535125732,71645.0,190878.0,-119233.0,P7_vs_full
GEMINI,nhanes_laboratory.fastqx_j,v13_nullable_plus_frequent_values,v01_full,v13_nullable_plus_frequent_values vs v01_full,1,0.0,0.79988032579422,71645.0,190878.0,-119233.0,P7_vs_full
GEMINI,nhanes_laboratory.ghb_j,v13_nullable_plus_frequent_values,v01_full,v13_nullable_plus_frequent_values vs v01_full,1,0.0,0.4313562512397766,71645.0,190878.0,-119233.0,P7_vs_full
GEMINI,nhanes_laboratory.hepa_j,v13_nullable_plus_frequent_values,v01_full,v13_nullable_plus_frequent_values vs v01_full,1,0.0,0.5202980240186056,71645.0,190878.0,-119233.0,P7_vs_full
GEMINI,nhanes_laboratory.ins_j,v13_nullable_plus_frequent_values,v01_full,v13_nullable_plus_frequent_values vs v01_full,1,0.4,0.7414907693862915,71645.0,190878.0,-119233.0,P7_vs_full
GEMINI,nhanes_laboratory.phthte_j,v13_nullable_plus_frequent_values,v01_full,v13_nullable_plus_frequent_values vs v01_full,1,0.3333333333333333,0.6222350796063741,71645.0,190878.0,-119233.0,P7_vs_full
GEMINI,nhanes_laboratory.ssuvcm_j,v13_nullable_plus_frequent_values,v01_full,v13_nullable_plus_frequent_values vs v01_full,1,0.0,0.4653947949409485,71645.0,190878.0,-119233.0,P7_vs_full
GEMINI,nhanes_laboratory.uio_j,v13_nullable_plus_frequent_values,v01_full,v13_nullable_plus_frequent_values vs v01_full,1,0.3333333333333333,0.3333331147829692,71645.0,190878.0,-119233.0,P7_vs_full
GEMINI,nhanes_laboratory.vic_j,v13_nullable_plus_frequent_values,v01_full,v13_nullable_plus_frequent_values vs v01_full,1,0.3333333333333333,0.5793732404708862,71645.0,190878.0,-119233.0,P7_vs_full
GEMINI,nhanes_laboratory.vid_j,v13_nullable_plus_frequent_values,v01_full,v13_nullable_plus_frequent_values vs v01_full,1,0.3333333333333333,0.8601266344388326,71645.0,190878.0,-119233.0,P7_vs_full
GEMINI,nhanes_questionnaire.alq_j,v13_nullable_plus_frequent_values,v01_full,v13_nullable_plus_frequent_values vs v01_full,1,0.6666666666666666,0.9889949361483256,71645.0,190878.0,-119233.0,P7_vs_full
GEMINI,nhanes_questionnaire.dpq_j,v13_nullable_plus_frequent_values,v01_full,v13_nullable_plus_frequent_values vs v01_full,1,0.6666666666666666,0.9694140752156576,71645.0,190878.0,-119233.0,P7_vs_full
GEMINI,nhanes_questionnaire.hsq_j,v13_nullable_plus_frequent_values,v01_full,v13_nullable_plus_frequent_values vs v01_full,1,0.3333333333333333,0.7688246369361877,71645.0,190878.0,-119233.0,P7_vs_full
GEMINI,nhanes_questionnaire.puqmec_j,v13_nullable_plus_frequent_values,v01_full,v13_nullable_plus_frequent_values vs v01_full,1,0.0,0.4517509738604228,71645.0,190878.0,-119233.0,P7_vs_full
GEMINI,nhanes_questionnaire.smqshs_j,v13_nullable_plus_frequent_values,v01_full,v13_nullable_plus_frequent_values vs v01_full,1,0.3333333333333333,0.8050419092178345,71645.0,190878.0,-119233.0,P7_vs_full
GEMINI,nhanes_questionnaire.whq_j,v13_nullable_plus_frequent_values,v01_full,v13_nullable_plus_frequent_values vs v01_full,1,0.3333333333333333,0.5748701294263204,71645.0,190878.0,-119233.0,P7_vs_full
GEMINI,nhanes_demographics.demo_j,v14_nullable_plus_numeric_stats,v01_full,v14_nullable_plus_numeric_stats vs v01_full,1,0.3333333333333333,0.5407292048136393,71536.0,190878.0,-119342.0,P7_vs_full
GEMINI,nhanes_dietary.ds1tot_j,v14_nullable_plus_numeric_stats,v01_full,v14_nullable_plus_numeric_stats vs v01_full,1,0.0,0.6546133955319723,71536.0,190878.0,-119342.0,P7_vs_full
GEMINI,nhanes_dietary.ds2ids_j,v14_nullable_plus_numeric_stats,v01_full,v14_nullable_plus_numeric_stats vs v01_full,1,0.0,0.6858325997988383,71536.0,190878.0,-119342.0,P7_vs_full
GEMINI,nhanes_dietary.ds2tot_j,v14_nullable_plus_numeric_stats,v01_full,v14_nullable_plus_numeric_stats vs v01_full,1,0.3333333333333333,0.5313499768575033,71536.0,190878.0,-119342.0,P7_vs_full
GEMINI,nhanes_dietary.dsqids_j,v14_nullable_plus_numeric_stats,v01_full,v14_nullable_plus_numeric_stats vs v01_full,1,0.0,0.7361310124397278,71536.0,190878.0,-119342.0,P7_vs_full
GEMINI,nhanes_dietary.dsqtot_j,v14_nullable_plus_numeric_stats,v01_full,v14_nullable_plus_numeric_stats vs v01_full,1,0.0,0.7967529694239298,71536.0,190878.0,-119342.0,P7_vs_full
GEMINI,nhanes_examination.bmx_j,v14_nullable_plus_numeric_stats,v01_full,v14_nullable_plus_numeric_stats vs v01_full,1,0.6666666666666666,0.6666662096977234,71536.0,190878.0,-119342.0,P7_vs_full
GEMINI,nhanes_examination.bpx_j,v14_nullable_plus_numeric_stats,v01_full,v14_nullable_plus_numeric_stats vs v01_full,1,0.3333333333333333,0.8417022228240967,71536.0,190878.0,-119342.0,P7_vs_full
GEMINI,nhanes_examination.bpxo_j,v14_nullable_plus_numeric_stats,v01_full,v14_nullable_plus_numeric_stats vs v01_full,1,0.3333333333333333,0.6215729117393494,71536.0,190878.0,-119342.0,P7_vs_full
GEMINI,nhanes_laboratory.cbc_j,v14_nullable_plus_numeric_stats,v01_full,v14_nullable_plus_numeric_stats vs v01_full,1,1.0,0.9999996225039164,71536.0,190878.0,-119342.0,P7_vs_full
GEMINI,nhanes_laboratory.fastqx_j,v14_nullable_plus_numeric_stats,v01_full,v14_nullable_plus_numeric_stats vs v01_full,1,0.3333333333333333,0.8080209493637085,71536.0,190878.0,-119342.0,P7_vs_full
GEMINI,nhanes_laboratory.ghb_j,v14_nullable_plus_numeric_stats,v01_full,v14_nullable_plus_numeric_stats vs v01_full,1,0.0,0.5027463038762411,71536.0,190878.0,-119342.0,P7_vs_full
GEMINI,nhanes_laboratory.hepa_j,v14_nullable_plus_numeric_stats,v01_full,v14_nullable_plus_numeric_stats vs v01_full,1,0.6666666666666666,0.8988653620084127,71536.0,190878.0,-119342.0,P7_vs_full
GEMINI,nhanes_laboratory.ins_j,v14_nullable_plus_numeric_stats,v01_full,v14_nullable_plus_numeric_stats vs v01_full,1,0.3333333333333333,0.8237070043881735,71536.0,190878.0,-119342.0,P7_vs_full
GEMINI,nhanes_laboratory.phthte_j,v14_nullable_plus_numeric_stats,v01_full,v14_nullable_plus_numeric_stats vs v01_full,1,0.3333333333333333,0.8244825601577759,71536.0,190878.0,-119342.0,P7_vs_full
GEMINI,nhanes_laboratory.ssuvcm_j,v14_nullable_plus_numeric_stats,v01_full,v14_nullable_plus_numeric_stats vs v01_full,1,0.0,0.21866637468338013,71536.0,190878.0,-119342.0,P7_vs_full
GEMINI,nhanes_laboratory.uio_j,v14_nullable_plus_numeric_stats,v01_full,v14_nullable_plus_numeric_stats vs v01_full,1,0.0,0.5222441156705221,71536.0,190878.0,-119342.0,P7_vs_full
GEMINI,nhanes_laboratory.vic_j,v14_nullable_plus_numeric_stats,v01_full,v14_nullable_plus_numeric_stats vs v01_full,1,0.3333333333333333,0.5609418551127116,71536.0,190878.0,-119342.0,P7_vs_full
GEMINI,nhanes_laboratory.vid_j,v14_nullable_plus_numeric_stats,v01_full,v14_nullable_plus_numeric_stats vs v01_full,1,0.6666666666666666,0.9092336297035217,71536.0,190878.0,-119342.0,P7_vs_full
GEMINI,nhanes_questionnaire.alq_j,v14_nullable_plus_numeric_stats,v01_full,v14_nullable_plus_numeric_stats vs v01_full,1,0.6666666666666666,0.6666661699612936,71536.0,190878.0,-119342.0,P7_vs_full
GEMINI,nhanes_questionnaire.dpq_j,v14_nullable_plus_numeric_stats,v01_full,v14_nullable_plus_numeric_stats vs v01_full,1,0.6666666666666666,0.9694140752156576,71536.0,190878.0,-119342.0,P7_vs_full
GEMINI,nhanes_questionnaire.hsq_j,v14_nullable_plus_numeric_stats,v01_full,v14_nullable_plus_numeric_stats vs v01_full,1,0.3333333333333333,0.746990422407786,71536.0,190878.0,-119342.0,P7_vs_full
GEMINI,nhanes_questionnaire.puqmec_j,v14_nullable_plus_numeric_stats,v01_full,v14_nullable_plus_numeric_stats vs v01_full,1,0.0,0.7106075485547384,71536.0,190878.0,-119342.0,P7_vs_full
GEMINI,nhanes_questionnaire.smqshs_j,v14_nullable_plus_numeric_stats,v01_full,v14_nullable_plus_numeric_stats vs v01_full,1,0.6666666666666666,0.841778039932251,71536.0,190878.0,-119342.0,P7_vs_full
GEMINI,nhanes_questionnaire.whq_j,v14_nullable_plus_numeric_stats,v01_full,v14_nullable_plus_numeric_stats vs v01_full,1,0.3333333333333333,0.8378001848856608,71536.0,190878.0,-119342.0,P7_vs_full
GEMINI,nhanes_demographics.demo_j,v15_sample_rows_vs_sample_values,v01_full,v15_sample_rows_vs_sample_values vs v01_full,1,0.0,0.5151573220888773,91876.0,190878.0,-99002.0,P7_vs_full
GEMINI,nhanes_dietary.ds1tot_j,v15_sample_rows_vs_sample_values,v01_full,v15_sample_rows_vs_sample_values vs v01_full,1,0.0,0.7020966211954752,91876.0,190878.0,-99002.0,P7_vs_full
GEMINI,nhanes_dietary.ds2ids_j,v15_sample_rows_vs_sample_values,v01_full,v15_sample_rows_vs_sample_values vs v01_full,1,0.0,0.8166340986887614,91876.0,190878.0,-99002.0,P7_vs_full
GEMINI,nhanes_dietary.ds2tot_j,v15_sample_rows_vs_sample_values,v01_full,v15_sample_rows_vs_sample_values vs v01_full,1,0.0,0.4732665419578552,91876.0,190878.0,-99002.0,P7_vs_full
GEMINI,nhanes_dietary.dsqids_j,v15_sample_rows_vs_sample_values,v01_full,v15_sample_rows_vs_sample_values vs v01_full,1,0.3333333333333333,0.7939324378967285,91876.0,190878.0,-99002.0,P7_vs_full
GEMINI,nhanes_dietary.dsqtot_j,v15_sample_rows_vs_sample_values,v01_full,v15_sample_rows_vs_sample_values vs v01_full,1,0.0,0.7404997746149699,91876.0,190878.0,-99002.0,P7_vs_full
GEMINI,nhanes_examination.bmx_j,v15_sample_rows_vs_sample_values,v01_full,v15_sample_rows_vs_sample_values vs v01_full,1,1.0,0.9999993046124777,91876.0,190878.0,-99002.0,P7_vs_full
GEMINI,nhanes_examination.bpx_j,v15_sample_rows_vs_sample_values,v01_full,v15_sample_rows_vs_sample_values vs v01_full,1,0.6666666666666666,0.9501699010531107,91876.0,190878.0,-99002.0,P7_vs_full
GEMINI,nhanes_examination.bpxo_j,v15_sample_rows_vs_sample_values,v01_full,v15_sample_rows_vs_sample_values vs v01_full,1,0.0,0.7346138755480448,91876.0,190878.0,-99002.0,P7_vs_full
GEMINI,nhanes_laboratory.cbc_j,v15_sample_rows_vs_sample_values,v01_full,v15_sample_rows_vs_sample_values vs v01_full,1,0.6666666666666666,0.9619454344113668,91876.0,190878.0,-99002.0,P7_vs_full
GEMINI,nhanes_laboratory.fastqx_j,v15_sample_rows_vs_sample_values,v01_full,v15_sample_rows_vs_sample_values vs v01_full,1,0.3333333333333333,0.9143734773000082,91876.0,190878.0,-99002.0,P7_vs_full
GEMINI,nhanes_laboratory.ghb_j,v15_sample_rows_vs_sample_values,v01_full,v15_sample_rows_vs_sample_values vs v01_full,1,0.3333333333333333,0.8719555338223776,91876.0,190878.0,-99002.0,P7_vs_full
GEMINI,nhanes_laboratory.hepa_j,v15_sample_rows_vs_sample_values,v01_full,v15_sample_rows_vs_sample_values vs v01_full,1,0.3333333333333333,0.5778393149375916,91876.0,190878.0,-99002.0,P7_vs_full
GEMINI,nhanes_laboratory.ins_j,v15_sample_rows_vs_sample_values,v01_full,v15_sample_rows_vs_sample_values vs v01_full,1,0.0,0.8476004004478455,91876.0,190878.0,-99002.0,P7_vs_full
GEMINI,nhanes_laboratory.phthte_j,v15_sample_rows_vs_sample_values,v01_full,v15_sample_rows_vs_sample_values vs v01_full,1,0.3333333333333333,0.6181115905443827,91876.0,190878.0,-99002.0,P7_vs_full
GEMINI,nhanes_laboratory.ssuvcm_j,v15_sample_rows_vs_sample_values,v01_full,v15_sample_rows_vs_sample_values vs v01_full,1,0.0,0.7501622637112936,91876.0,190878.0,-99002.0,P7_vs_full
GEMINI,nhanes_laboratory.uio_j,v15_sample_rows_vs_sample_values,v01_full,v15_sample_rows_vs_sample_values vs v01_full,1,0.3333333333333333,0.909925103187561,91876.0,190878.0,-99002.0,P7_vs_full
GEMINI,nhanes_laboratory.vic_j,v15_sample_rows_vs_sample_values,v01_full,v15_sample_rows_vs_sample_values vs v01_full,1,0.0,0.2276087005933126,91876.0,190878.0,-99002.0,P7_vs_full
GEMINI,nhanes_laboratory.vid_j,v15_sample_rows_vs_sample_values,v01_full,v15_sample_rows_vs_sample_values vs v01_full,1,0.6666666666666666,0.9032913645108541,91876.0,190878.0,-99002.0,P7_vs_full
GEMINI,nhanes_questionnaire.alq_j,v15_sample_rows_vs_sample_values,v01_full,v15_sample_rows_vs_sample_values vs v01_full,1,0.3333333333333333,0.7962835232416788,91876.0,190878.0,-99002.0,P7_vs_full
GEMINI,nhanes_questionnaire.dpq_j,v15_sample_rows_vs_sample_values,v01_full,v15_sample_rows_vs_sample_values vs v01_full,1,0.6666666666666666,0.6666661699612936,91876.0,190878.0,-99002.0,P7_vs_full
GEMINI,nhanes_questionnaire.hsq_j,v15_sample_rows_vs_sample_values,v01_full,v15_sample_rows_vs_sample_values vs v01_full,1,0.3333333333333333,0.5663286050160726,91876.0,190878.0,-99002.0,P7_vs_full
GEMINI,nhanes_questionnaire.puqmec_j,v15_sample_rows_vs_sample_values,v01_full,v15_sample_rows_vs_sample_values vs v01_full,1,0.0,0.7418325742085775,91876.0,190878.0,-99002.0,P7_vs_full
GEMINI,nhanes_questionnaire.smqshs_j,v15_sample_rows_vs_sample_values,v01_full,v15_sample_rows_vs_sample_values vs v01_full,1,0.3333333333333333,0.6299300988515218,91876.0,190878.0,-99002.0,P7_vs_full
GEMINI,nhanes_questionnaire.whq_j,v15_sample_rows_vs_sample_values,v01_full,v15_sample_rows_vs_sample_values vs v01_full,1,0.3333333333333333,0.8378001848856608,91876.0,190878.0,-99002.0,P7_vs_full
GEMINI,nhanes_demographics.demo_j,v16_sample_rows_vs_frequent_values,v01_full,v16_sample_rows_vs_frequent_values vs v01_full,1,0.0,0.5327743291854858,89041.0,190878.0,-101837.0,P7_vs_full
GEMINI,nhanes_dietary.ds1tot_j,v16_sample_rows_vs_frequent_values,v01_full,v16_sample_rows_vs_frequent_values vs v01_full,1,0.6666666666666666,0.6666661302248637,89041.0,190878.0,-101837.0,P7_vs_full
GEMINI,nhanes_dietary.ds2ids_j,v16_sample_rows_vs_frequent_values,v01_full,v16_sample_rows_vs_frequent_values vs v01_full,1,0.0,0.0,89041.0,190878.0,-101837.0,P7_vs_full
GEMINI,nhanes_dietary.ds2tot_j,v16_sample_rows_vs_frequent_values,v01_full,v16_sample_rows_vs_frequent_values vs v01_full,1,0.3333333333333333,0.647173802057902,89041.0,190878.0,-101837.0,P7_vs_full
GEMINI,nhanes_dietary.dsqids_j,v16_sample_rows_vs_frequent_values,v01_full,v16_sample_rows_vs_frequent_values vs v01_full,1,0.3333333333333333,0.8595121304194132,89041.0,190878.0,-101837.0,P7_vs_full
GEMINI,nhanes_dietary.dsqtot_j,v16_sample_rows_vs_frequent_values,v01_full,v16_sample_rows_vs_frequent_values vs v01_full,1,0.0,0.7560632427533468,89041.0,190878.0,-101837.0,P7_vs_full
GEMINI,nhanes_examination.bmx_j,v16_sample_rows_vs_frequent_values,v01_full,v16_sample_rows_vs_frequent_values vs v01_full,1,1.0,0.9999993046124777,89041.0,190878.0,-101837.0,P7_vs_full
GEMINI,nhanes_examination.bpx_j,v16_sample_rows_vs_frequent_values,v01_full,v16_sample_rows_vs_frequent_values vs v01_full,1,0.3333333333333333,0.8183571894963583,89041.0,190878.0,-101837.0,P7_vs_full
GEMINI,nhanes_examination.bpxo_j,v16_sample_rows_vs_frequent_values,v01_full,v16_sample_rows_vs_frequent_values vs v01_full,1,0.3333333333333333,0.7252263029416403,89041.0,190878.0,-101837.0,P7_vs_full
GEMINI,nhanes_laboratory.cbc_j,v16_sample_rows_vs_frequent_values,v01_full,v16_sample_rows_vs_frequent_values vs v01_full,1,0.3333333333333333,0.8026796380678812,89041.0,190878.0,-101837.0,P7_vs_full
GEMINI,nhanes_laboratory.fastqx_j,v16_sample_rows_vs_frequent_values,v01_full,v16_sample_rows_vs_frequent_values vs v01_full,1,0.0,0.8208499948183695,89041.0,190878.0,-101837.0,P7_vs_full
GEMINI,nhanes_laboratory.ghb_j,v16_sample_rows_vs_frequent_values,v01_full,v16_sample_rows_vs_frequent_values vs v01_full,1,0.0,0.563844641049703,89041.0,190878.0,-101837.0,P7_vs_full
GEMINI,nhanes_laboratory.hepa_j,v16_sample_rows_vs_frequent_values,v01_full,v16_sample_rows_vs_frequent_values vs v01_full,1,0.3333333333333333,0.5563454230626425,89041.0,190878.0,-101837.0,P7_vs_full
GEMINI,nhanes_laboratory.ins_j,v16_sample_rows_vs_frequent_values,v01_full,v16_sample_rows_vs_frequent_values vs v01_full,1,0.3333333333333333,0.8258439898490906,89041.0,190878.0,-101837.0,P7_vs_full
GEMINI,nhanes_laboratory.phthte_j,v16_sample_rows_vs_frequent_values,v01_full,v16_sample_rows_vs_frequent_values vs v01_full,1,0.0,0.8142345547676086,89041.0,190878.0,-101837.0,P7_vs_full
GEMINI,nhanes_laboratory.ssuvcm_j,v16_sample_rows_vs_frequent_values,v01_full,v16_sample_rows_vs_frequent_values vs v01_full,1,0.0,0.8163569370905558,89041.0,190878.0,-101837.0,P7_vs_full
GEMINI,nhanes_laboratory.uio_j,v16_sample_rows_vs_frequent_values,v01_full,v16_sample_rows_vs_frequent_values vs v01_full,1,0.0,0.6774633526802063,89041.0,190878.0,-101837.0,P7_vs_full
GEMINI,nhanes_laboratory.vic_j,v16_sample_rows_vs_frequent_values,v01_full,v16_sample_rows_vs_frequent_values vs v01_full,1,0.0,0.715242326259613,89041.0,190878.0,-101837.0,P7_vs_full
GEMINI,nhanes_laboratory.vid_j,v16_sample_rows_vs_frequent_values,v01_full,v16_sample_rows_vs_frequent_values vs v01_full,1,0.6666666666666666,0.892160435517629,89041.0,190878.0,-101837.0,P7_vs_full
GEMINI,nhanes_questionnaire.alq_j,v16_sample_rows_vs_frequent_values,v01_full,v16_sample_rows_vs_frequent_values vs v01_full,1,0.6666666666666666,0.9444711605707804,89041.0,190878.0,-101837.0,P7_vs_full
GEMINI,nhanes_questionnaire.dpq_j,v16_sample_rows_vs_frequent_values,v01_full,v16_sample_rows_vs_frequent_values vs v01_full,1,0.6666666666666666,0.8823231856028239,89041.0,190878.0,-101837.0,P7_vs_full
GEMINI,nhanes_questionnaire.hsq_j,v16_sample_rows_vs_frequent_values,v01_full,v16_sample_rows_vs_frequent_values vs v01_full,1,0.3333333333333333,0.5651276906331381,89041.0,190878.0,-101837.0,P7_vs_full
GEMINI,nhanes_questionnaire.puqmec_j,v16_sample_rows_vs_frequent_values,v01_full,v16_sample_rows_vs_frequent_values vs v01_full,1,0.0,0.7324203451474508,89041.0,190878.0,-101837.0,P7_vs_full
GEMINI,nhanes_questionnaire.smqshs_j,v16_sample_rows_vs_frequent_values,v01_full,v16_sample_rows_vs_frequent_values vs v01_full,1,0.6666666666666666,0.8649210135142008,89041.0,190878.0,-101837.0,P7_vs_full
GEMINI,nhanes_questionnaire.whq_j,v16_sample_rows_vs_frequent_values,v01_full,v16_sample_rows_vs_frequent_values vs v01_full,1,0.3333333333333333,0.7846607367197672,89041.0,190878.0,-101837.0,P7_vs_full
GEMINI,nhanes_demographics.demo_j,v17_sample_rows_plus_both_values,v01_full,v17_sample_rows_plus_both_values vs v01_full,1,0.3333333333333333,0.5436123410860697,130759.0,190878.0,-60119.0,P7_vs_full
GEMINI,nhanes_dietary.ds1tot_j,v17_sample_rows_plus_both_values,v01_full,v17_sample_rows_plus_both_values vs v01_full,1,0.6666666666666666,0.6666661302248637,130759.0,190878.0,-60119.0,P7_vs_full
GEMINI,nhanes_dietary.ds2ids_j,v17_sample_rows_plus_both_values,v01_full,v17_sample_rows_plus_both_values vs v01_full,1,0.0,0.8813845713933309,130759.0,190878.0,-60119.0,P7_vs_full
GEMINI,nhanes_dietary.ds2tot_j,v17_sample_rows_plus_both_values,v01_full,v17_sample_rows_plus_both_values vs v01_full,1,0.3333333333333333,0.8421893318494161,130759.0,190878.0,-60119.0,P7_vs_full
GEMINI,nhanes_dietary.dsqids_j,v17_sample_rows_plus_both_values,v01_full,v17_sample_rows_plus_both_values vs v01_full,1,0.3333333333333333,0.8269536892573038,130759.0,190878.0,-60119.0,P7_vs_full
GEMINI,nhanes_dietary.dsqtot_j,v17_sample_rows_plus_both_values,v01_full,v17_sample_rows_plus_both_values vs v01_full,1,0.0,0.5955142776171366,130759.0,190878.0,-60119.0,P7_vs_full
GEMINI,nhanes_examination.bmx_j,v17_sample_rows_plus_both_values,v01_full,v17_sample_rows_plus_both_values vs v01_full,1,1.0,0.9999993046124777,130759.0,190878.0,-60119.0,P7_vs_full
GEMINI,nhanes_examination.bpx_j,v17_sample_rows_plus_both_values,v01_full,v17_sample_rows_plus_both_values vs v01_full,1,0.6666666666666666,0.9501699010531107,130759.0,190878.0,-60119.0,P7_vs_full
GEMINI,nhanes_examination.bpxo_j,v17_sample_rows_plus_both_values,v01_full,v17_sample_rows_plus_both_values vs v01_full,1,0.3333333333333333,0.6822853883107504,130759.0,190878.0,-60119.0,P7_vs_full
GEMINI,nhanes_laboratory.cbc_j,v17_sample_rows_plus_both_values,v01_full,v17_sample_rows_plus_both_values vs v01_full,1,0.6666666666666666,0.9333643913269043,130759.0,190878.0,-60119.0,P7_vs_full
GEMINI,nhanes_laboratory.fastqx_j,v17_sample_rows_plus_both_values,v01_full,v17_sample_rows_plus_both_values vs v01_full,1,0.0,0.6938045024871826,130759.0,190878.0,-60119.0,P7_vs_full
GEMINI,nhanes_laboratory.ghb_j,v17_sample_rows_plus_both_values,v01_full,v17_sample_rows_plus_both_values vs v01_full,1,0.3333333333333333,0.8083518346150717,130759.0,190878.0,-60119.0,P7_vs_full
GEMINI,nhanes_laboratory.hepa_j,v17_sample_rows_plus_both_values,v01_full,v17_sample_rows_plus_both_values vs v01_full,1,0.4,0.6389666557312011,130759.0,190878.0,-60119.0,P7_vs_full
GEMINI,nhanes_laboratory.ins_j,v17_sample_rows_plus_both_values,v01_full,v17_sample_rows_plus_both_values vs v01_full,1,0.0,0.5994714895884196,130759.0,190878.0,-60119.0,P7_vs_full
GEMINI,nhanes_laboratory.phthte_j,v17_sample_rows_plus_both_values,v01_full,v17_sample_rows_plus_both_values vs v01_full,1,0.3333333333333333,0.8988198836644491,130759.0,190878.0,-60119.0,P7_vs_full
GEMINI,nhanes_laboratory.ssuvcm_j,v17_sample_rows_plus_both_values,v01_full,v17_sample_rows_plus_both_values vs v01_full,1,0.0,0.6450996796290079,130759.0,190878.0,-60119.0,P7_vs_full
GEMINI,nhanes_laboratory.uio_j,v17_sample_rows_plus_both_values,v01_full,v17_sample_rows_plus_both_values vs v01_full,1,0.3333333333333333,0.607260505358378,130759.0,190878.0,-60119.0,P7_vs_full
GEMINI,nhanes_laboratory.vic_j,v17_sample_rows_plus_both_values,v01_full,v17_sample_rows_plus_both_values vs v01_full,1,0.0,0.17233691612879434,130759.0,190878.0,-60119.0,P7_vs_full
GEMINI,nhanes_laboratory.vid_j,v17_sample_rows_plus_both_values,v01_full,v17_sample_rows_plus_both_values vs v01_full,1,0.0,0.7880922357241312,130759.0,190878.0,-60119.0,P7_vs_full
GEMINI,nhanes_questionnaire.alq_j,v17_sample_rows_plus_both_values,v01_full,v17_sample_rows_plus_both_values vs v01_full,1,0.6666666666666666,0.6666661699612936,130759.0,190878.0,-60119.0,P7_vs_full
GEMINI,nhanes_questionnaire.dpq_j,v17_sample_rows_plus_both_values,v01_full,v17_sample_rows_plus_both_values vs v01_full,1,0.3333333333333333,0.8764995535214742,130759.0,190878.0,-60119.0,P7_vs_full
GEMINI,nhanes_questionnaire.hsq_j,v17_sample_rows_plus_both_values,v01_full,v17_sample_rows_plus_both_values vs v01_full,1,0.6666666666666666,0.8996617992719015,130759.0,190878.0,-60119.0,P7_vs_full
GEMINI,nhanes_questionnaire.puqmec_j,v17_sample_rows_plus_both_values,v01_full,v17_sample_rows_plus_both_values vs v01_full,1,0.0,0.7393019398053488,130759.0,190878.0,-60119.0,P7_vs_full
GEMINI,nhanes_questionnaire.smqshs_j,v17_sample_rows_plus_both_values,v01_full,v17_sample_rows_plus_both_values vs v01_full,1,0.6666666666666666,0.842973510424296,130759.0,190878.0,-60119.0,P7_vs_full
GEMINI,nhanes_questionnaire.whq_j,v17_sample_rows_plus_both_values,v01_full,v17_sample_rows_plus_both_values vs v01_full,1,0.3333333333333333,0.8401095469792684,130759.0,190878.0,-60119.0,P7_vs_full
GEMINI,nhanes_demographics.demo_j,v18_fk_nullable_sample_values,v01_full,v18_fk_nullable_sample_values vs v01_full,1,0.3333333333333333,0.810200830300649,74780.0,190878.0,-116098.0,P7_vs_full
GEMINI,nhanes_dietary.ds1tot_j,v18_fk_nullable_sample_values,v01_full,v18_fk_nullable_sample_values vs v01_full,1,0.6666666666666666,0.6666661302248637,74780.0,190878.0,-116098.0,P7_vs_full
GEMINI,nhanes_dietary.ds2ids_j,v18_fk_nullable_sample_values,v01_full,v18_fk_nullable_sample_values vs v01_full,1,0.0,0.7734206318855286,74780.0,190878.0,-116098.0,P7_vs_full
GEMINI,nhanes_dietary.ds2tot_j,v18_fk_nullable_sample_values,v01_full,v18_fk_nullable_sample_values vs v01_full,1,0.6666666666666666,0.6666661302248637,74780.0,190878.0,-116098.0,P7_vs_full
GEMINI,nhanes_dietary.dsqids_j,v18_fk_nullable_sample_values,v01_full,v18_fk_nullable_sample_values vs v01_full,1,0.3333333333333333,0.8375034729639689,74780.0,190878.0,-116098.0,P7_vs_full
GEMINI,nhanes_dietary.dsqtot_j,v18_fk_nullable_sample_values,v01_full,v18_fk_nullable_sample_values vs v01_full,1,0.0,0.6980794469515482,74780.0,190878.0,-116098.0,P7_vs_full
GEMINI,nhanes_examination.bmx_j,v18_fk_nullable_sample_values,v01_full,v18_fk_nullable_sample_values vs v01_full,1,0.3333333333333333,0.8173084457715353,74780.0,190878.0,-116098.0,P7_vs_full
GEMINI,nhanes_examination.bpx_j,v18_fk_nullable_sample_values,v01_full,v18_fk_nullable_sample_values vs v01_full,1,0.3333333333333333,0.8018717964490255,74780.0,190878.0,-116098.0,P7_vs_full
GEMINI,nhanes_examination.bpxo_j,v18_fk_nullable_sample_values,v01_full,v18_fk_nullable_sample_values vs v01_full,1,0.3333333333333333,0.5482814311981201,74780.0,190878.0,-116098.0,P7_vs_full
GEMINI,nhanes_laboratory.cbc_j,v18_fk_nullable_sample_values,v01_full,v18_fk_nullable_sample_values vs v01_full,1,0.3333333333333333,0.8026796380678812,74780.0,190878.0,-116098.0,P7_vs_full
GEMINI,nhanes_laboratory.fastqx_j,v18_fk_nullable_sample_values,v01_full,v18_fk_nullable_sample_values vs v01_full,1,0.3333333333333333,0.5960507790247599,74780.0,190878.0,-116098.0,P7_vs_full
GEMINI,nhanes_laboratory.ghb_j,v18_fk_nullable_sample_values,v01_full,v18_fk_nullable_sample_values vs v01_full,1,0.3333333333333333,0.6298166116078695,74780.0,190878.0,-116098.0,P7_vs_full
GEMINI,nhanes_laboratory.hepa_j,v18_fk_nullable_sample_values,v01_full,v18_fk_nullable_sample_values vs v01_full,1,0.4,0.6476047992706299,74780.0,190878.0,-116098.0,P7_vs_full
GEMINI,nhanes_laboratory.ins_j,v18_fk_nullable_sample_values,v01_full,v18_fk_nullable_sample_values vs v01_full,1,0.3333333333333333,0.7454107602437338,74780.0,190878.0,-116098.0,P7_vs_full
GEMINI,nhanes_laboratory.phthte_j,v18_fk_nullable_sample_values,v01_full,v18_fk_nullable_sample_values vs v01_full,1,0.3333333333333333,0.850946843624115,74780.0,190878.0,-116098.0,P7_vs_full
GEMINI,nhanes_laboratory.ssuvcm_j,v18_fk_nullable_sample_values,v01_full,v18_fk_nullable_sample_values vs v01_full,1,0.0,0.689136823018392,74780.0,190878.0,-116098.0,P7_vs_full
GEMINI,nhanes_laboratory.uio_j,v18_fk_nullable_sample_values,v01_full,v18_fk_nullable_sample_values vs v01_full,1,1.0,0.9999993642171224,74780.0,190878.0,-116098.0,P7_vs_full
GEMINI,nhanes_laboratory.vic_j,v18_fk_nullable_sample_values,v01_full,v18_fk_nullable_sample_values vs v01_full,1,0.3333333333333333,0.5609418551127116,74780.0,190878.0,-116098.0,P7_vs_full
GEMINI,nhanes_laboratory.vid_j,v18_fk_nullable_sample_values,v01_full,v18_fk_nullable_sample_values vs v01_full,1,0.6666666666666666,0.892160435517629,74780.0,190878.0,-116098.0,P7_vs_full
GEMINI,nhanes_questionnaire.alq_j,v18_fk_nullable_sample_values,v01_full,v18_fk_nullable_sample_values vs v01_full,1,0.6666666666666666,0.9444711605707804,74780.0,190878.0,-116098.0,P7_vs_full
GEMINI,nhanes_questionnaire.dpq_j,v18_fk_nullable_sample_values,v01_full,v18_fk_nullable_sample_values vs v01_full,1,0.6666666666666666,0.6666661699612936,74780.0,190878.0,-116098.0,P7_vs_full
GEMINI,nhanes_questionnaire.hsq_j,v18_fk_nullable_sample_values,v01_full,v18_fk_nullable_sample_values vs v01_full,1,0.3333333333333333,0.5660505294799805,74780.0,190878.0,-116098.0,P7_vs_full
GEMINI,nhanes_questionnaire.puqmec_j,v18_fk_nullable_sample_values,v01_full,v18_fk_nullable_sample_values vs v01_full,1,1.0,0.9999995032946268,74780.0,190878.0,-116098.0,P7_vs_full
GEMINI,nhanes_questionnaire.smqshs_j,v18_fk_nullable_sample_values,v01_full,v18_fk_nullable_sample_values vs v01_full,1,0.6666666666666666,0.6666662295659384,74780.0,190878.0,-116098.0,P7_vs_full
GEMINI,nhanes_questionnaire.whq_j,v18_fk_nullable_sample_values,v01_full,v18_fk_nullable_sample_values vs v01_full,1,0.3333333333333333,0.6388025283813477,74780.0,190878.0,-116098.0,P7_vs_full
GEMINI,nhanes_demographics.demo_j,v19_fk_nullable_frequent_values,v01_full,v19_fk_nullable_frequent_values vs v01_full,1,0.3333333333333333,0.8274053335189819,71945.0,190878.0,-118933.0,P7_vs_full
GEMINI,nhanes_dietary.ds1tot_j,v19_fk_nullable_frequent_values,v01_full,v19_fk_nullable_frequent_values vs v01_full,1,0.6666666666666666,0.8553894956906637,71945.0,190878.0,-118933.0,P7_vs_full
GEMINI,nhanes_dietary.ds2ids_j,v19_fk_nullable_frequent_values,v01_full,v19_fk_nullable_frequent_values vs v01_full,1,0.0,0.8218080997467041,71945.0,190878.0,-118933.0,P7_vs_full
GEMINI,nhanes_dietary.ds2tot_j,v19_fk_nullable_frequent_values,v01_full,v19_fk_nullable_frequent_values vs v01_full,1,0.6666666666666666,0.6666661302248637,71945.0,190878.0,-118933.0,P7_vs_full
GEMINI,nhanes_dietary.dsqids_j,v19_fk_nullable_frequent_values,v01_full,v19_fk_nullable_frequent_values vs v01_full,1,0.6666666666666666,0.8455429474512736,71945.0,190878.0,-118933.0,P7_vs_full
GEMINI,nhanes_dietary.dsqtot_j,v19_fk_nullable_frequent_values,v01_full,v19_fk_nullable_frequent_values vs v01_full,1,0.0,0.849479059378306,71945.0,190878.0,-118933.0,P7_vs_full
GEMINI,nhanes_examination.bmx_j,v19_fk_nullable_frequent_values,v01_full,v19_fk_nullable_frequent_values vs v01_full,1,0.3333333333333333,0.8173084457715353,71945.0,190878.0,-118933.0,P7_vs_full
GEMINI,nhanes_examination.bpx_j,v19_fk_nullable_frequent_values,v01_full,v19_fk_nullable_frequent_values vs v01_full,1,0.3333333333333333,0.8018717964490255,71945.0,190878.0,-118933.0,P7_vs_full
GEMINI,nhanes_examination.bpxo_j,v19_fk_nullable_frequent_values,v01_full,v19_fk_nullable_frequent_values vs v01_full,1,0.3333333333333333,0.7475235064824423,71945.0,190878.0,-118933.0,P7_vs_full
GEMINI,nhanes_laboratory.cbc_j,v19_fk_nullable_frequent_values,v01_full,v19_fk_nullable_frequent_values vs v01_full,1,0.3333333333333333,0.8026796380678812,71945.0,190878.0,-118933.0,P7_vs_full
GEMINI,nhanes_laboratory.fastqx_j,v19_fk_nullable_frequent_values,v01_full,v19_fk_nullable_frequent_values vs v01_full,1,0.0,0.7403179208437601,71945.0,190878.0,-118933.0,P7_vs_full
GEMINI,nhanes_laboratory.ghb_j,v19_fk_nullable_frequent_values,v01_full,v19_fk_nullable_frequent_values vs v01_full,1,0.0,0.3328070163726807,71945.0,190878.0,-118933.0,P7_vs_full
GEMINI,nhanes_laboratory.hepa_j,v19_fk_nullable_frequent_values,v01_full,v19_fk_nullable_frequent_values vs v01_full,1,0.4,0.6726775646209717,71945.0,190878.0,-118933.0,P7_vs_full
GEMINI,nhanes_laboratory.ins_j,v19_fk_nullable_frequent_values,v01_full,v19_fk_nullable_frequent_values vs v01_full,1,0.6666666666666666,0.8720158139864603,71945.0,190878.0,-118933.0,P7_vs_full
GEMINI,nhanes_laboratory.phthte_j,v19_fk_nullable_frequent_values,v01_full,v19_fk_nullable_frequent_values vs v01_full,1,0.3333333333333333,0.8893207311630249,71945.0,190878.0,-118933.0,P7_vs_full
GEMINI,nhanes_laboratory.ssuvcm_j,v19_fk_nullable_frequent_values,v01_full,v19_fk_nullable_frequent_values vs v01_full,1,0.0,0.5017974774042765,71945.0,190878.0,-118933.0,P7_vs_full
GEMINI,nhanes_laboratory.uio_j,v19_fk_nullable_frequent_values,v01_full,v19_fk_nullable_frequent_values vs v01_full,1,0.0,0.5032508770624796,71945.0,190878.0,-118933.0,P7_vs_full
GEMINI,nhanes_laboratory.vic_j,v19_fk_nullable_frequent_values,v01_full,v19_fk_nullable_frequent_values vs v01_full,1,0.0,0.41562851270039874,71945.0,190878.0,-118933.0,P7_vs_full
GEMINI,nhanes_laboratory.vid_j,v19_fk_nullable_frequent_values,v01_full,v19_fk_nullable_frequent_values vs v01_full,1,0.6666666666666666,0.9452812671661377,71945.0,190878.0,-118933.0,P7_vs_full
GEMINI,nhanes_questionnaire.alq_j,v19_fk_nullable_frequent_values,v01_full,v19_fk_nullable_frequent_values vs v01_full,1,1.0,0.9999992251396179,71945.0,190878.0,-118933.0,P7_vs_full
GEMINI,nhanes_questionnaire.dpq_j,v19_fk_nullable_frequent_values,v01_full,v19_fk_nullable_frequent_values vs v01_full,1,0.6666666666666666,0.9694140752156576,71945.0,190878.0,-118933.0,P7_vs_full
GEMINI,nhanes_questionnaire.hsq_j,v19_fk_nullable_frequent_values,v01_full,v19_fk_nullable_frequent_values vs v01_full,1,0.3333333333333333,0.7260498801867167,71945.0,190878.0,-118933.0,P7_vs_full
GEMINI,nhanes_questionnaire.puqmec_j,v19_fk_nullable_frequent_values,v01_full,v19_fk_nullable_frequent_values vs v01_full,1,0.0,0.42522192001342773,71945.0,190878.0,-118933.0,P7_vs_full
GEMINI,nhanes_questionnaire.smqshs_j,v19_fk_nullable_frequent_values,v01_full,v19_fk_nullable_frequent_values vs v01_full,1,0.6666666666666666,0.6666662295659384,71945.0,190878.0,-118933.0,P7_vs_full
GEMINI,nhanes_questionnaire.whq_j,v19_fk_nullable_frequent_values,v01_full,v19_fk_nullable_frequent_values vs v01_full,1,0.3333333333333333,0.810944934686025,71945.0,190878.0,-118933.0,P7_vs_full
GEMINI,nhanes_demographics.demo_j,v20_fk_nullable_both_values,v01_full,v20_fk_nullable_both_values vs v01_full,1,0.6666666666666666,0.6666663289070129,113663.0,190878.0,-77215.0,P7_vs_full
GEMINI,nhanes_dietary.ds1tot_j,v20_fk_nullable_both_values,v01_full,v20_fk_nullable_both_values vs v01_full,1,0.6666666666666666,0.8553894956906637,113663.0,190878.0,-77215.0,P7_vs_full
GEMINI,nhanes_dietary.ds2ids_j,v20_fk_nullable_both_values,v01_full,v20_fk_nullable_both_values vs v01_full,1,0.3333333333333333,0.9166122277577718,113663.0,190878.0,-77215.0,P7_vs_full
GEMINI,nhanes_dietary.ds2tot_j,v20_fk_nullable_both_values,v01_full,v20_fk_nullable_both_values vs v01_full,1,0.3333333333333333,0.6293604771296183,113663.0,190878.0,-77215.0,P7_vs_full
GEMINI,nhanes_dietary.dsqids_j,v20_fk_nullable_both_values,v01_full,v20_fk_nullable_both_values vs v01_full,1,0.0,0.7940240303675333,113663.0,190878.0,-77215.0,P7_vs_full
GEMINI,nhanes_dietary.dsqtot_j,v20_fk_nullable_both_values,v01_full,v20_fk_nullable_both_values vs v01_full,1,0.0,0.742057224114736,113663.0,190878.0,-77215.0,P7_vs_full
GEMINI,nhanes_examination.bmx_j,v20_fk_nullable_both_values,v01_full,v20_fk_nullable_both_values vs v01_full,1,1.0,0.9999993046124777,113663.0,190878.0,-77215.0,P7_vs_full
GEMINI,nhanes_examination.bpx_j,v20_fk_nullable_both_values,v01_full,v20_fk_nullable_both_values vs v01_full,1,0.3333333333333333,0.7758918007214864,113663.0,190878.0,-77215.0,P7_vs_full
GEMINI,nhanes_examination.bpxo_j,v20_fk_nullable_both_values,v01_full,v20_fk_nullable_both_values vs v01_full,1,0.3333333333333333,0.7495330373446146,113663.0,190878.0,-77215.0,P7_vs_full
GEMINI,nhanes_laboratory.cbc_j,v20_fk_nullable_both_values,v01_full,v20_fk_nullable_both_values vs v01_full,1,0.3333333333333333,0.8026796380678812,113663.0,190878.0,-77215.0,P7_vs_full
GEMINI,nhanes_laboratory.fastqx_j,v20_fk_nullable_both_values,v01_full,v20_fk_nullable_both_values vs v01_full,1,0.3333333333333333,0.8970404664675394,113663.0,190878.0,-77215.0,P7_vs_full
GEMINI,nhanes_laboratory.ghb_j,v20_fk_nullable_both_values,v01_full,v20_fk_nullable_both_values vs v01_full,1,0.3333333333333333,0.8298435012499491,113663.0,190878.0,-77215.0,P7_vs_full
GEMINI,nhanes_laboratory.hepa_j,v20_fk_nullable_both_values,v01_full,v20_fk_nullable_both_values vs v01_full,1,0.6666666666666666,0.9021601478258768,113663.0,190878.0,-77215.0,P7_vs_full
GEMINI,nhanes_laboratory.ins_j,v20_fk_nullable_both_values,v01_full,v20_fk_nullable_both_values vs v01_full,1,0.3333333333333333,0.614943246046702,113663.0,190878.0,-77215.0,P7_vs_full
GEMINI,nhanes_laboratory.phthte_j,v20_fk_nullable_both_values,v01_full,v20_fk_nullable_both_values vs v01_full,1,0.3333333333333333,0.8177664478619894,113663.0,190878.0,-77215.0,P7_vs_full
GEMINI,nhanes_laboratory.ssuvcm_j,v20_fk_nullable_both_values,v01_full,v20_fk_nullable_both_values vs v01_full,1,0.0,0.5166246294975281,113663.0,190878.0,-77215.0,P7_vs_full
GEMINI,nhanes_laboratory.uio_j,v20_fk_nullable_both_values,v01_full,v20_fk_nullable_both_values vs v01_full,1,0.3333333333333333,0.6016134023666382,113663.0,190878.0,-77215.0,P7_vs_full
GEMINI,nhanes_laboratory.vic_j,v20_fk_nullable_both_values,v01_full,v20_fk_nullable_both_values vs v01_full,1,0.0,0.20473653078079224,113663.0,190878.0,-77215.0,P7_vs_full
GEMINI,nhanes_laboratory.vid_j,v20_fk_nullable_both_values,v01_full,v20_fk_nullable_both_values vs v01_full,1,0.3333333333333333,0.7925222516059875,113663.0,190878.0,-77215.0,P7_vs_full
GEMINI,nhanes_questionnaire.alq_j,v20_fk_nullable_both_values,v01_full,v20_fk_nullable_both_values vs v01_full,1,0.3333333333333333,0.7818856438000997,113663.0,190878.0,-77215.0,P7_vs_full
GEMINI,nhanes_questionnaire.dpq_j,v20_fk_nullable_both_values,v01_full,v20_fk_nullable_both_values vs v01_full,1,1.0,0.9999991655349731,113663.0,190878.0,-77215.0,P7_vs_full
GEMINI,nhanes_questionnaire.hsq_j,v20_fk_nullable_both_values,v01_full,v20_fk_nullable_both_values vs v01_full,1,0.0,0.849671483039856,113663.0,190878.0,-77215.0,P7_vs_full
GEMINI,nhanes_questionnaire.puqmec_j,v20_fk_nullable_both_values,v01_full,v20_fk_nullable_both_values vs v01_full,1,0.0,0.4517509738604228,113663.0,190878.0,-77215.0,P7_vs_full
GEMINI,nhanes_questionnaire.smqshs_j,v20_fk_nullable_both_values,v01_full,v20_fk_nullable_both_values vs v01_full,1,0.3333333333333333,0.8269268274307251,113663.0,190878.0,-77215.0,P7_vs_full
GEMINI,nhanes_questionnaire.whq_j,v20_fk_nullable_both_values,v01_full,v20_fk_nullable_both_values vs v01_full,1,0.6666666666666666,0.6666662295659384,113663.0,190878.0,-77215.0,P7_vs_full
GEMINI,nhanes_demographics.demo_j,v21_fk_nullable_sample_rows,v01_full,v21_fk_nullable_sample_rows vs v01_full,1,0.0,0.771132250626882,50970.0,190878.0,-139908.0,P7_vs_full
GEMINI,nhanes_dietary.ds1tot_j,v21_fk_nullable_sample_rows,v01_full,v21_fk_nullable_sample_rows vs v01_full,1,0.3333333333333333,0.7215889493624369,50970.0,190878.0,-139908.0,P7_vs_full
GEMINI,nhanes_dietary.ds2ids_j,v21_fk_nullable_sample_rows,v01_full,v21_fk_nullable_sample_rows vs v01_full,1,0.0,0.7598902384440104,50970.0,190878.0,-139908.0,P7_vs_full
GEMINI,nhanes_dietary.ds2tot_j,v21_fk_nullable_sample_rows,v01_full,v21_fk_nullable_sample_rows vs v01_full,1,0.3333333333333333,0.7250543236732483,50970.0,190878.0,-139908.0,P7_vs_full
GEMINI,nhanes_dietary.dsqids_j,v21_fk_nullable_sample_rows,v01_full,v21_fk_nullable_sample_rows vs v01_full,1,0.0,0.5365968545277914,50970.0,190878.0,-139908.0,P7_vs_full
GEMINI,nhanes_dietary.dsqtot_j,v21_fk_nullable_sample_rows,v01_full,v21_fk_nullable_sample_rows vs v01_full,1,0.0,0.7544936935106913,50970.0,190878.0,-139908.0,P7_vs_full
GEMINI,nhanes_examination.bmx_j,v21_fk_nullable_sample_rows,v01_full,v21_fk_nullable_sample_rows vs v01_full,1,0.3333333333333333,0.8173084457715353,50970.0,190878.0,-139908.0,P7_vs_full
GEMINI,nhanes_examination.bpx_j,v21_fk_nullable_sample_rows,v01_full,v21_fk_nullable_sample_rows vs v01_full,1,0.3333333333333333,0.7258072098096212,50970.0,190878.0,-139908.0,P7_vs_full
GEMINI,nhanes_examination.bpxo_j,v21_fk_nullable_sample_rows,v01_full,v21_fk_nullable_sample_rows vs v01_full,1,0.6666666666666666,0.8476181626319885,50970.0,190878.0,-139908.0,P7_vs_full
GEMINI,nhanes_laboratory.cbc_j,v21_fk_nullable_sample_rows,v01_full,v21_fk_nullable_sample_rows vs v01_full,1,0.6666666666666666,0.9260381658871969,50970.0,190878.0,-139908.0,P7_vs_full
GEMINI,nhanes_laboratory.fastqx_j,v21_fk_nullable_sample_rows,v01_full,v21_fk_nullable_sample_rows vs v01_full,1,0.3333333333333333,0.743961234887441,50970.0,190878.0,-139908.0,P7_vs_full
GEMINI,nhanes_laboratory.ghb_j,v21_fk_nullable_sample_rows,v01_full,v21_fk_nullable_sample_rows vs v01_full,1,0.0,0.4313562512397766,50970.0,190878.0,-139908.0,P7_vs_full
GEMINI,nhanes_laboratory.hepa_j,v21_fk_nullable_sample_rows,v01_full,v21_fk_nullable_sample_rows vs v01_full,1,0.4,0.6619933128356934,50970.0,190878.0,-139908.0,P7_vs_full
GEMINI,nhanes_laboratory.ins_j,v21_fk_nullable_sample_rows,v01_full,v21_fk_nullable_sample_rows vs v01_full,1,0.3333333333333333,0.8601145545641581,50970.0,190878.0,-139908.0,P7_vs_full
GEMINI,nhanes_laboratory.phthte_j,v21_fk_nullable_sample_rows,v01_full,v21_fk_nullable_sample_rows vs v01_full,1,0.3333333333333333,0.8975755373636881,50970.0,190878.0,-139908.0,P7_vs_full
GEMINI,nhanes_laboratory.ssuvcm_j,v21_fk_nullable_sample_rows,v01_full,v21_fk_nullable_sample_rows vs v01_full,1,0.0,0.6075857679049174,50970.0,190878.0,-139908.0,P7_vs_full
GEMINI,nhanes_laboratory.uio_j,v21_fk_nullable_sample_rows,v01_full,v21_fk_nullable_sample_rows vs v01_full,1,0.6666666666666666,0.8714253306388855,50970.0,190878.0,-139908.0,P7_vs_full
GEMINI,nhanes_laboratory.vic_j,v21_fk_nullable_sample_rows,v01_full,v21_fk_nullable_sample_rows vs v01_full,1,0.3333333333333333,0.6117909153302511,50970.0,190878.0,-139908.0,P7_vs_full
GEMINI,nhanes_laboratory.vid_j,v21_fk_nullable_sample_rows,v01_full,v21_fk_nullable_sample_rows vs v01_full,1,0.6666666666666666,0.8394267559051514,50970.0,190878.0,-139908.0,P7_vs_full
GEMINI,nhanes_questionnaire.alq_j,v21_fk_nullable_sample_rows,v01_full,v21_fk_nullable_sample_rows vs v01_full,1,0.6666666666666666,0.6666661699612936,50970.0,190878.0,-139908.0,P7_vs_full
GEMINI,nhanes_questionnaire.dpq_j,v21_fk_nullable_sample_rows,v01_full,v21_fk_nullable_sample_rows vs v01_full,1,0.6666666666666666,0.9694140752156576,50970.0,190878.0,-139908.0,P7_vs_full
GEMINI,nhanes_questionnaire.hsq_j,v21_fk_nullable_sample_rows,v01_full,v21_fk_nullable_sample_rows vs v01_full,1,0.3333333333333333,0.5651276906331381,50970.0,190878.0,-139908.0,P7_vs_full
GEMINI,nhanes_questionnaire.puqmec_j,v21_fk_nullable_sample_rows,v01_full,v21_fk_nullable_sample_rows vs v01_full,1,0.0,0.44841285546620685,50970.0,190878.0,-139908.0,P7_vs_full
GEMINI,nhanes_questionnaire.smqshs_j,v21_fk_nullable_sample_rows,v01_full,v21_fk_nullable_sample_rows vs v01_full,1,0.6666666666666666,0.6666662295659384,50970.0,190878.0,-139908.0,P7_vs_full
GEMINI,nhanes_questionnaire.whq_j,v21_fk_nullable_sample_rows,v01_full,v21_fk_nullable_sample_rows vs v01_full,1,0.3333333333333333,0.6411118904749552,50970.0,190878.0,-139908.0,P7_vs_full
GEMINI,nhanes_demographics.demo_j,v22_fk_nullable_sample_rows_plus_frequent,v01_full,v22_fk_nullable_sample_rows_plus_frequent vs v01_full,1,0.0,0.21204333305358886,92206.0,190878.0,-98672.0,P7_vs_full
GEMINI,nhanes_dietary.ds1tot_j,v22_fk_nullable_sample_rows_plus_frequent,v01_full,v22_fk_nullable_sample_rows_plus_frequent vs v01_full,1,0.6666666666666666,0.8465704321861267,92206.0,190878.0,-98672.0,P7_vs_full
GEMINI,nhanes_dietary.ds2ids_j,v22_fk_nullable_sample_rows_plus_frequent,v01_full,v22_fk_nullable_sample_rows_plus_frequent vs v01_full,1,0.0,0.8124919931093851,92206.0,190878.0,-98672.0,P7_vs_full
GEMINI,nhanes_dietary.ds2tot_j,v22_fk_nullable_sample_rows_plus_frequent,v01_full,v22_fk_nullable_sample_rows_plus_frequent vs v01_full,1,0.6666666666666666,0.8616816600163778,92206.0,190878.0,-98672.0,P7_vs_full
GEMINI,nhanes_dietary.dsqids_j,v22_fk_nullable_sample_rows_plus_frequent,v01_full,v22_fk_nullable_sample_rows_plus_frequent vs v01_full,1,0.3333333333333333,0.8375034729639689,92206.0,190878.0,-98672.0,P7_vs_full
GEMINI,nhanes_dietary.dsqtot_j,v22_fk_nullable_sample_rows_plus_frequent,v01_full,v22_fk_nullable_sample_rows_plus_frequent vs v01_full,1,0.0,0.7676068941752116,92206.0,190878.0,-98672.0,P7_vs_full
GEMINI,nhanes_examination.bmx_j,v22_fk_nullable_sample_rows_plus_frequent,v01_full,v22_fk_nullable_sample_rows_plus_frequent vs v01_full,1,0.0,0.7784180045127869,92206.0,190878.0,-98672.0,P7_vs_full
GEMINI,nhanes_examination.bpx_j,v22_fk_nullable_sample_rows_plus_frequent,v01_full,v22_fk_nullable_sample_rows_plus_frequent vs v01_full,1,0.3333333333333333,0.8018717964490255,92206.0,190878.0,-98672.0,P7_vs_full
GEMINI,nhanes_examination.bpxo_j,v22_fk_nullable_sample_rows_plus_frequent,v01_full,v22_fk_nullable_sample_rows_plus_frequent vs v01_full,1,0.3333333333333333,0.8072348435719808,92206.0,190878.0,-98672.0,P7_vs_full
GEMINI,nhanes_laboratory.cbc_j,v22_fk_nullable_sample_rows_plus_frequent,v01_full,v22_fk_nullable_sample_rows_plus_frequent vs v01_full,1,0.6666666666666666,0.9260381658871969,92206.0,190878.0,-98672.0,P7_vs_full
GEMINI,nhanes_laboratory.fastqx_j,v22_fk_nullable_sample_rows_plus_frequent,v01_full,v22_fk_nullable_sample_rows_plus_frequent vs v01_full,1,0.0,0.73740553855896,92206.0,190878.0,-98672.0,P7_vs_full
GEMINI,nhanes_laboratory.ghb_j,v22_fk_nullable_sample_rows_plus_frequent,v01_full,v22_fk_nullable_sample_rows_plus_frequent vs v01_full,1,0.0,0.8122370441754659,92206.0,190878.0,-98672.0,P7_vs_full
GEMINI,nhanes_laboratory.hepa_j,v22_fk_nullable_sample_rows_plus_frequent,v01_full,v22_fk_nullable_sample_rows_plus_frequent vs v01_full,1,0.3333333333333333,0.8083507617314657,92206.0,190878.0,-98672.0,P7_vs_full
GEMINI,nhanes_laboratory.ins_j,v22_fk_nullable_sample_rows_plus_frequent,v01_full,v22_fk_nullable_sample_rows_plus_frequent vs v01_full,1,0.6666666666666666,0.8650497396787008,92206.0,190878.0,-98672.0,P7_vs_full
GEMINI,nhanes_laboratory.phthte_j,v22_fk_nullable_sample_rows_plus_frequent,v01_full,v22_fk_nullable_sample_rows_plus_frequent vs v01_full,1,0.0,0.5518140196800232,92206.0,190878.0,-98672.0,P7_vs_full
GEMINI,nhanes_laboratory.ssuvcm_j,v22_fk_nullable_sample_rows_plus_frequent,v01_full,v22_fk_nullable_sample_rows_plus_frequent vs v01_full,1,0.0,0.4615280032157898,92206.0,190878.0,-98672.0,P7_vs_full
GEMINI,nhanes_laboratory.uio_j,v22_fk_nullable_sample_rows_plus_frequent,v01_full,v22_fk_nullable_sample_rows_plus_frequent vs v01_full,1,0.3333333333333333,0.9581945737202963,92206.0,190878.0,-98672.0,P7_vs_full
GEMINI,nhanes_laboratory.vic_j,v22_fk_nullable_sample_rows_plus_frequent,v01_full,v22_fk_nullable_sample_rows_plus_frequent vs v01_full,1,0.0,0.4075814485549927,92206.0,190878.0,-98672.0,P7_vs_full
GEMINI,nhanes_laboratory.vid_j,v22_fk_nullable_sample_rows_plus_frequent,v01_full,v22_fk_nullable_sample_rows_plus_frequent vs v01_full,1,0.6666666666666666,0.892160435517629,92206.0,190878.0,-98672.0,P7_vs_full
GEMINI,nhanes_questionnaire.alq_j,v22_fk_nullable_sample_rows_plus_frequent,v01_full,v22_fk_nullable_sample_rows_plus_frequent vs v01_full,1,0.6666666666666666,0.8639827569325765,92206.0,190878.0,-98672.0,P7_vs_full
GEMINI,nhanes_questionnaire.dpq_j,v22_fk_nullable_sample_rows_plus_frequent,v01_full,v22_fk_nullable_sample_rows_plus_frequent vs v01_full,1,0.6666666666666666,0.6666661699612936,92206.0,190878.0,-98672.0,P7_vs_full
GEMINI,nhanes_questionnaire.hsq_j,v22_fk_nullable_sample_rows_plus_frequent,v01_full,v22_fk_nullable_sample_rows_plus_frequent vs v01_full,1,0.3333333333333333,0.5660505294799805,92206.0,190878.0,-98672.0,P7_vs_full
GEMINI,nhanes_questionnaire.puqmec_j,v22_fk_nullable_sample_rows_plus_frequent,v01_full,v22_fk_nullable_sample_rows_plus_frequent vs v01_full,1,0.0,0.5421011686325073,92206.0,190878.0,-98672.0,P7_vs_full
GEMINI,nhanes_questionnaire.smqshs_j,v22_fk_nullable_sample_rows_plus_frequent,v01_full,v22_fk_nullable_sample_rows_plus_frequent vs v01_full,1,0.3333333333333333,0.8050419092178345,92206.0,190878.0,-98672.0,P7_vs_full
GEMINI,nhanes_questionnaire.whq_j,v22_fk_nullable_sample_rows_plus_frequent,v01_full,v22_fk_nullable_sample_rows_plus_frequent vs v01_full,1,0.3333333333333333,0.8401095469792684,92206.0,190878.0,-98672.0,P7_vs_full
GEMINI,nhanes_demographics.demo_j,v23_fk_nullable_sample_rows_plus_sample_values,v01_full,v23_fk_nullable_sample_rows_plus_sample_values vs v01_full,1,0.0,0.5053987503051758,95041.0,190878.0,-95837.0,P7_vs_full
GEMINI,nhanes_dietary.ds1tot_j,v23_fk_nullable_sample_rows_plus_sample_values,v01_full,v23_fk_nullable_sample_rows_plus_sample_values vs v01_full,1,0.0,0.6890206336975098,95041.0,190878.0,-95837.0,P7_vs_full
GEMINI,nhanes_dietary.ds2ids_j,v23_fk_nullable_sample_rows_plus_sample_values,v01_full,v23_fk_nullable_sample_rows_plus_sample_values vs v01_full,1,0.0,0.835179885228475,95041.0,190878.0,-95837.0,P7_vs_full
GEMINI,nhanes_dietary.ds2tot_j,v23_fk_nullable_sample_rows_plus_sample_values,v01_full,v23_fk_nullable_sample_rows_plus_sample_values vs v01_full,1,0.3333333333333333,0.7353556553522745,95041.0,190878.0,-95837.0,P7_vs_full
GEMINI,nhanes_dietary.dsqids_j,v23_fk_nullable_sample_rows_plus_sample_values,v01_full,v23_fk_nullable_sample_rows_plus_sample_values vs v01_full,1,0.3333333333333333,0.7674670616785685,95041.0,190878.0,-95837.0,P7_vs_full
GEMINI,nhanes_dietary.dsqtot_j,v23_fk_nullable_sample_rows_plus_sample_values,v01_full,v23_fk_nullable_sample_rows_plus_sample_values vs v01_full,1,0.0,0.8012387951215109,95041.0,190878.0,-95837.0,P7_vs_full
GEMINI,nhanes_examination.bmx_j,v23_fk_nullable_sample_rows_plus_sample_values,v01_full,v23_fk_nullable_sample_rows_plus_sample_values vs v01_full,1,0.3333333333333333,0.8173084457715353,95041.0,190878.0,-95837.0,P7_vs_full
GEMINI,nhanes_examination.bpx_j,v23_fk_nullable_sample_rows_plus_sample_values,v01_full,v23_fk_nullable_sample_rows_plus_sample_values vs v01_full,1,0.3333333333333333,0.8197012146313986,95041.0,190878.0,-95837.0,P7_vs_full
GEMINI,nhanes_examination.bpxo_j,v23_fk_nullable_sample_rows_plus_sample_values,v01_full,v23_fk_nullable_sample_rows_plus_sample_values vs v01_full,1,0.3333333333333333,0.5283618966738383,95041.0,190878.0,-95837.0,P7_vs_full
GEMINI,nhanes_laboratory.cbc_j,v23_fk_nullable_sample_rows_plus_sample_values,v01_full,v23_fk_nullable_sample_rows_plus_sample_values vs v01_full,1,0.3333333333333333,0.8026796380678812,95041.0,190878.0,-95837.0,P7_vs_full
GEMINI,nhanes_laboratory.fastqx_j,v23_fk_nullable_sample_rows_plus_sample_values,v01_full,v23_fk_nullable_sample_rows_plus_sample_values vs v01_full,1,0.0,0.7703841129938761,95041.0,190878.0,-95837.0,P7_vs_full
GEMINI,nhanes_laboratory.ghb_j,v23_fk_nullable_sample_rows_plus_sample_values,v01_full,v23_fk_nullable_sample_rows_plus_sample_values vs v01_full,1,0.3333333333333333,0.838634192943573,95041.0,190878.0,-95837.0,P7_vs_full
GEMINI,nhanes_laboratory.hepa_j,v23_fk_nullable_sample_rows_plus_sample_values,v01_full,v23_fk_nullable_sample_rows_plus_sample_values vs v01_full,1,0.4,0.6726775646209717,95041.0,190878.0,-95837.0,P7_vs_full
GEMINI,nhanes_laboratory.ins_j,v23_fk_nullable_sample_rows_plus_sample_values,v01_full,v23_fk_nullable_sample_rows_plus_sample_values vs v01_full,1,0.3333333333333333,0.7681463360786438,95041.0,190878.0,-95837.0,P7_vs_full
GEMINI,nhanes_laboratory.phthte_j,v23_fk_nullable_sample_rows_plus_sample_values,v01_full,v23_fk_nullable_sample_rows_plus_sample_values vs v01_full,1,0.3333333333333333,0.881024181842804,95041.0,190878.0,-95837.0,P7_vs_full
GEMINI,nhanes_laboratory.ssuvcm_j,v23_fk_nullable_sample_rows_plus_sample_values,v01_full,v23_fk_nullable_sample_rows_plus_sample_values vs v01_full,1,0.3333333333333333,0.9164958000183105,95041.0,190878.0,-95837.0,P7_vs_full
GEMINI,nhanes_laboratory.uio_j,v23_fk_nullable_sample_rows_plus_sample_values,v01_full,v23_fk_nullable_sample_rows_plus_sample_values vs v01_full,1,0.6666666666666666,0.9821681380271912,95041.0,190878.0,-95837.0,P7_vs_full
GEMINI,nhanes_laboratory.vic_j,v23_fk_nullable_sample_rows_plus_sample_values,v01_full,v23_fk_nullable_sample_rows_plus_sample_values vs v01_full,1,0.0,0.5253300468126932,95041.0,190878.0,-95837.0,P7_vs_full
GEMINI,nhanes_laboratory.vid_j,v23_fk_nullable_sample_rows_plus_sample_values,v01_full,v23_fk_nullable_sample_rows_plus_sample_values vs v01_full,1,0.6666666666666666,0.9102184176445007,95041.0,190878.0,-95837.0,P7_vs_full
GEMINI,nhanes_questionnaire.alq_j,v23_fk_nullable_sample_rows_plus_sample_values,v01_full,v23_fk_nullable_sample_rows_plus_sample_values vs v01_full,1,0.6666666666666666,0.6666661699612936,95041.0,190878.0,-95837.0,P7_vs_full
GEMINI,nhanes_questionnaire.dpq_j,v23_fk_nullable_sample_rows_plus_sample_values,v01_full,v23_fk_nullable_sample_rows_plus_sample_values vs v01_full,1,0.6666666666666666,0.8823231856028239,95041.0,190878.0,-95837.0,P7_vs_full
GEMINI,nhanes_questionnaire.hsq_j,v23_fk_nullable_sample_rows_plus_sample_values,v01_full,v23_fk_nullable_sample_rows_plus_sample_values vs v01_full,1,0.3333333333333333,0.5651276906331381,95041.0,190878.0,-95837.0,P7_vs_full
GEMINI,nhanes_questionnaire.puqmec_j,v23_fk_nullable_sample_rows_plus_sample_values,v01_full,v23_fk_nullable_sample_rows_plus_sample_values vs v01_full,1,0.0,0.5546594460805258,95041.0,190878.0,-95837.0,P7_vs_full
GEMINI,nhanes_questionnaire.smqshs_j,v23_fk_nullable_sample_rows_plus_sample_values,v01_full,v23_fk_nullable_sample_rows_plus_sample_values vs v01_full,1,0.3333333333333333,0.6552837292353312,95041.0,190878.0,-95837.0,P7_vs_full
GEMINI,nhanes_questionnaire.whq_j,v23_fk_nullable_sample_rows_plus_sample_values,v01_full,v23_fk_nullable_sample_rows_plus_sample_values vs v01_full,1,0.3333333333333333,0.6388025283813477,95041.0,190878.0,-95837.0,P7_vs_full
GEMINI,nhanes_demographics.demo_j,v24_full_no_numeric_stats,v01_full,v24_full_no_numeric_stats vs v01_full,1,0.0,0.5627135833104452,151501.0,190878.0,-39377.0,P7_vs_full
GEMINI,nhanes_dietary.ds1tot_j,v24_full_no_numeric_stats,v01_full,v24_full_no_numeric_stats vs v01_full,1,0.6666666666666666,0.6666661302248637,151501.0,190878.0,-39377.0,P7_vs_full
GEMINI,nhanes_dietary.ds2ids_j,v24_full_no_numeric_stats,v01_full,v24_full_no_numeric_stats vs v01_full,1,0.6666666666666666,0.971172054608663,151501.0,190878.0,-39377.0,P7_vs_full
GEMINI,nhanes_dietary.ds2tot_j,v24_full_no_numeric_stats,v01_full,v24_full_no_numeric_stats vs v01_full,1,0.0,0.6989965240160624,151501.0,190878.0,-39377.0,P7_vs_full
GEMINI,nhanes_dietary.dsqids_j,v24_full_no_numeric_stats,v01_full,v24_full_no_numeric_stats vs v01_full,1,0.6666666666666666,0.8455429474512736,151501.0,190878.0,-39377.0,P7_vs_full
GEMINI,nhanes_dietary.dsqtot_j,v24_full_no_numeric_stats,v01_full,v24_full_no_numeric_stats vs v01_full,1,0.3333333333333333,0.9011386632919312,151501.0,190878.0,-39377.0,P7_vs_full
GEMINI,nhanes_examination.bmx_j,v24_full_no_numeric_stats,v01_full,v24_full_no_numeric_stats vs v01_full,1,1.0,0.9999993046124777,151501.0,190878.0,-39377.0,P7_vs_full
GEMINI,nhanes_examination.bpx_j,v24_full_no_numeric_stats,v01_full,v24_full_no_numeric_stats vs v01_full,1,0.3333333333333333,0.7927867770195007,151501.0,190878.0,-39377.0,P7_vs_full
GEMINI,nhanes_examination.bpxo_j,v24_full_no_numeric_stats,v01_full,v24_full_no_numeric_stats vs v01_full,1,0.6666666666666666,0.8613493243853251,151501.0,190878.0,-39377.0,P7_vs_full
GEMINI,nhanes_laboratory.cbc_j,v24_full_no_numeric_stats,v01_full,v24_full_no_numeric_stats vs v01_full,1,0.0,0.8213487466176351,151501.0,190878.0,-39377.0,P7_vs_full
GEMINI,nhanes_laboratory.fastqx_j,v24_full_no_numeric_stats,v01_full,v24_full_no_numeric_stats vs v01_full,1,0.3333333333333333,0.9143734773000082,151501.0,190878.0,-39377.0,P7_vs_full
GEMINI,nhanes_laboratory.ghb_j,v24_full_no_numeric_stats,v01_full,v24_full_no_numeric_stats vs v01_full,1,0.3333333333333333,0.7969455520311991,151501.0,190878.0,-39377.0,P7_vs_full
GEMINI,nhanes_laboratory.hepa_j,v24_full_no_numeric_stats,v01_full,v24_full_no_numeric_stats vs v01_full,1,0.4,0.6619933128356934,151501.0,190878.0,-39377.0,P7_vs_full
GEMINI,nhanes_laboratory.ins_j,v24_full_no_numeric_stats,v01_full,v24_full_no_numeric_stats vs v01_full,1,0.3333333333333333,0.5158396561940511,151501.0,190878.0,-39377.0,P7_vs_full
GEMINI,nhanes_laboratory.phthte_j,v24_full_no_numeric_stats,v01_full,v24_full_no_numeric_stats vs v01_full,1,0.0,0.882466197013855,151501.0,190878.0,-39377.0,P7_vs_full
GEMINI,nhanes_laboratory.ssuvcm_j,v24_full_no_numeric_stats,v01_full,v24_full_no_numeric_stats vs v01_full,1,0.0,0.44724611441294354,151501.0,190878.0,-39377.0,P7_vs_full
GEMINI,nhanes_laboratory.uio_j,v24_full_no_numeric_stats,v01_full,v24_full_no_numeric_stats vs v01_full,1,0.0,0.8558964729309082,151501.0,190878.0,-39377.0,P7_vs_full
GEMINI,nhanes_laboratory.vic_j,v24_full_no_numeric_stats,v01_full,v24_full_no_numeric_stats vs v01_full,1,0.0,0.2276087005933126,151501.0,190878.0,-39377.0,P7_vs_full
GEMINI,nhanes_laboratory.vid_j,v24_full_no_numeric_stats,v01_full,v24_full_no_numeric_stats vs v01_full,1,0.6666666666666666,0.9452812671661377,151501.0,190878.0,-39377.0,P7_vs_full
GEMINI,nhanes_questionnaire.alq_j,v24_full_no_numeric_stats,v01_full,v24_full_no_numeric_stats vs v01_full,1,0.6666666666666666,0.9672444264094034,151501.0,190878.0,-39377.0,P7_vs_full
GEMINI,nhanes_questionnaire.dpq_j,v24_full_no_numeric_stats,v01_full,v24_full_no_numeric_stats vs v01_full,1,0.6666666666666666,0.6666661699612936,151501.0,190878.0,-39377.0,P7_vs_full
GEMINI,nhanes_questionnaire.hsq_j,v24_full_no_numeric_stats,v01_full,v24_full_no_numeric_stats vs v01_full,1,0.3333333333333333,0.5441871484120687,151501.0,190878.0,-39377.0,P7_vs_full
GEMINI,nhanes_questionnaire.puqmec_j,v24_full_no_numeric_stats,v01_full,v24_full_no_numeric_stats vs v01_full,1,0.3333333333333333,0.5531222820281982,151501.0,190878.0,-39377.0,P7_vs_full
GEMINI,nhanes_questionnaire.smqshs_j,v24_full_no_numeric_stats,v01_full,v24_full_no_numeric_stats vs v01_full,1,0.3333333333333333,0.6552837292353312,151501.0,190878.0,-39377.0,P7_vs_full
GEMINI,nhanes_questionnaire.whq_j,v24_full_no_numeric_stats,v01_full,v24_full_no_numeric_stats vs v01_full,1,0.3333333333333333,0.8401095469792684,151501.0,190878.0,-39377.0,P7_vs_full
GEMINI,nhanes_demographics.demo_j,v25_full_no_sample_rows,v01_full,v25_full_no_sample_rows vs v01_full,1,0.3333333333333333,0.9049824476242065,170617.0,190878.0,-20261.0,P7_vs_full
GEMINI,nhanes_dietary.ds1tot_j,v25_full_no_sample_rows,v01_full,v25_full_no_sample_rows vs v01_full,1,0.3333333333333333,0.647173802057902,170617.0,190878.0,-20261.0,P7_vs_full
GEMINI,nhanes_dietary.ds2ids_j,v25_full_no_sample_rows,v01_full,v25_full_no_sample_rows vs v01_full,1,0.0,0.8086702624956766,170617.0,190878.0,-20261.0,P7_vs_full
GEMINI,nhanes_dietary.ds2tot_j,v25_full_no_sample_rows,v01_full,v25_full_no_sample_rows vs v01_full,1,0.0,0.0,170617.0,190878.0,-20261.0,P7_vs_full
GEMINI,nhanes_dietary.dsqids_j,v25_full_no_sample_rows,v01_full,v25_full_no_sample_rows vs v01_full,1,0.3333333333333333,0.792413612206777,170617.0,190878.0,-20261.0,P7_vs_full
GEMINI,nhanes_dietary.dsqtot_j,v25_full_no_sample_rows,v01_full,v25_full_no_sample_rows vs v01_full,1,0.0,0.6013100544611613,170617.0,190878.0,-20261.0,P7_vs_full
GEMINI,nhanes_examination.bmx_j,v25_full_no_sample_rows,v01_full,v25_full_no_sample_rows vs v01_full,1,1.0,0.9999993046124777,170617.0,190878.0,-20261.0,P7_vs_full
GEMINI,nhanes_examination.bpx_j,v25_full_no_sample_rows,v01_full,v25_full_no_sample_rows vs v01_full,1,0.3333333333333333,0.8018717964490255,170617.0,190878.0,-20261.0,P7_vs_full
GEMINI,nhanes_examination.bpxo_j,v25_full_no_sample_rows,v01_full,v25_full_no_sample_rows vs v01_full,1,0.6666666666666666,0.8835645119349161,170617.0,190878.0,-20261.0,P7_vs_full
GEMINI,nhanes_laboratory.cbc_j,v25_full_no_sample_rows,v01_full,v25_full_no_sample_rows vs v01_full,1,0.3333333333333333,0.8594029347101847,170617.0,190878.0,-20261.0,P7_vs_full
GEMINI,nhanes_laboratory.fastqx_j,v25_full_no_sample_rows,v01_full,v25_full_no_sample_rows vs v01_full,1,0.6666666666666666,0.9549226959546407,170617.0,190878.0,-20261.0,P7_vs_full
GEMINI,nhanes_laboratory.ghb_j,v25_full_no_sample_rows,v01_full,v25_full_no_sample_rows vs v01_full,1,0.0,0.5060651898384094,170617.0,190878.0,-20261.0,P7_vs_full
GEMINI,nhanes_laboratory.hepa_j,v25_full_no_sample_rows,v01_full,v25_full_no_sample_rows vs v01_full,1,0.3333333333333333,0.5605646371841431,170617.0,190878.0,-20261.0,P7_vs_full
GEMINI,nhanes_laboratory.ins_j,v25_full_no_sample_rows,v01_full,v25_full_no_sample_rows vs v01_full,1,0.4,0.7536398410797119,170617.0,190878.0,-20261.0,P7_vs_full
GEMINI,nhanes_laboratory.phthte_j,v25_full_no_sample_rows,v01_full,v25_full_no_sample_rows vs v01_full,1,0.3333333333333333,0.8885114590326945,170617.0,190878.0,-20261.0,P7_vs_full
GEMINI,nhanes_laboratory.ssuvcm_j,v25_full_no_sample_rows,v01_full,v25_full_no_sample_rows vs v01_full,1,0.0,0.7024169365564982,170617.0,190878.0,-20261.0,P7_vs_full
GEMINI,nhanes_laboratory.uio_j,v25_full_no_sample_rows,v01_full,v25_full_no_sample_rows vs v01_full,1,0.0,0.5448099374771118,170617.0,190878.0,-20261.0,P7_vs_full
GEMINI,nhanes_laboratory.vic_j,v25_full_no_sample_rows,v01_full,v25_full_no_sample_rows vs v01_full,1,0.3333333333333333,0.5116936365763346,170617.0,190878.0,-20261.0,P7_vs_full
GEMINI,nhanes_laboratory.vid_j,v25_full_no_sample_rows,v01_full,v25_full_no_sample_rows vs v01_full,1,0.3333333333333333,0.743755042552948,170617.0,190878.0,-20261.0,P7_vs_full
GEMINI,nhanes_questionnaire.alq_j,v25_full_no_sample_rows,v01_full,v25_full_no_sample_rows vs v01_full,1,0.3333333333333333,0.5257375041643778,170617.0,190878.0,-20261.0,P7_vs_full
GEMINI,nhanes_questionnaire.dpq_j,v25_full_no_sample_rows,v01_full,v25_full_no_sample_rows vs v01_full,1,0.3333333333333333,0.5737516482671102,170617.0,190878.0,-20261.0,P7_vs_full
GEMINI,nhanes_questionnaire.hsq_j,v25_full_no_sample_rows,v01_full,v25_full_no_sample_rows vs v01_full,1,0.3333333333333333,0.5651276906331381,170617.0,190878.0,-20261.0,P7_vs_full
GEMINI,nhanes_questionnaire.puqmec_j,v25_full_no_sample_rows,v01_full,v25_full_no_sample_rows vs v01_full,1,0.6666666666666666,0.6666663885116577,170617.0,190878.0,-20261.0,P7_vs_full
GEMINI,nhanes_questionnaire.smqshs_j,v25_full_no_sample_rows,v01_full,v25_full_no_sample_rows vs v01_full,1,0.3333333333333333,0.7749696373939514,170617.0,190878.0,-20261.0,P7_vs_full
GEMINI,nhanes_questionnaire.whq_j,v25_full_no_sample_rows,v01_full,v25_full_no_sample_rows vs v01_full,1,0.3333333333333333,0.8378001848856608,170617.0,190878.0,-20261.0,P7_vs_full
