LLM_Model,Tabela,Variante_A,Variante_B,Comparacao,Runs_Comparados,HardDice_mean,SoftDice_mean,TokensIn_A_mean,TokensIn_B_mean,Delta_TokensIn,RQ
GEMINI,public.ta_medicamento_catmat,v02_plus_fk,v00_baseline,FK vs baseline,1,0.3333333333333333,0.750050961971283,27156.0,23246.0,3910.0,P1_isolated_effects
GEMINI,public.ta_tecido_mole,v02_plus_fk,v00_baseline,FK vs baseline,1,0.0,0.6814263463020325,27156.0,23246.0,3910.0,P1_isolated_effects
GEMINI,public.ta_vacinacao,v02_plus_fk,v00_baseline,FK vs baseline,1,0.3333333333333333,0.9305771787961324,27156.0,23246.0,3910.0,P1_isolated_effects
GEMINI,public.tb_antecedente,v02_plus_fk,v00_baseline,FK vs baseline,1,0.3333333333333333,0.8598952293395996,27156.0,23246.0,3910.0,P1_isolated_effects
GEMINI,public.tb_ciap_ms,v02_plus_fk,v00_baseline,FK vs baseline,1,0.3333333333333333,0.9248069723447164,27156.0,23246.0,3910.0,P1_isolated_effects
GEMINI,public.tb_cidadao,v02_plus_fk,v00_baseline,FK vs baseline,1,0.6666666666666666,0.6666662891705831,27156.0,23246.0,3910.0,P1_isolated_effects
GEMINI,public.tb_cuidado_compartilhado_evol,v02_plus_fk,v00_baseline,FK vs baseline,1,0.0,0.842848002910614,27156.0,23246.0,3910.0,P1_isolated_effects
GEMINI,public.tb_dim_catmat,v02_plus_fk,v00_baseline,FK vs baseline,1,0.3333333333333333,0.8560275435447693,27156.0,23246.0,3910.0,P1_isolated_effects
GEMINI,public.tb_evolucao_odonto,v02_plus_fk,v00_baseline,FK vs baseline,1,0.6666666666666666,0.8872384230295817,27156.0,23246.0,3910.0,P1_isolated_effects
GEMINI,public.tb_evolucao_subjetivo,v02_plus_fk,v00_baseline,FK vs baseline,1,1.0,0.999999483426412,27156.0,23246.0,3910.0,P1_isolated_effects
GEMINI,public.tb_exame_hemoglobina_glicada,v02_plus_fk,v00_baseline,FK vs baseline,1,0.8,0.7999995231628418,27156.0,23246.0,3910.0,P1_isolated_effects
GEMINI,public.tb_exame_prenatal,v02_plus_fk,v00_baseline,FK vs baseline,1,0.6666666666666666,0.8475416700045267,27156.0,23246.0,3910.0,P1_isolated_effects
GEMINI,public.tb_fat_atend_odonto_problemas,v02_plus_fk,v00_baseline,FK vs baseline,1,0.6666666666666666,0.9064969023068746,27156.0,23246.0,3910.0,P1_isolated_effects
GEMINI,public.tb_fat_rel_op_risco_cardio,v02_plus_fk,v00_baseline,FK vs baseline,1,0.0,0.739387591679891,27156.0,23246.0,3910.0,P1_isolated_effects
GEMINI,public.tb_historico_dados_fao,v02_plus_fk,v00_baseline,FK vs baseline,1,0.6666666666666666,0.9509551525115967,27156.0,23246.0,3910.0,P1_isolated_effects
GEMINI,public.tb_justificativa_prontuario,v02_plus_fk,v00_baseline,FK vs baseline,1,0.6666666666666666,0.8685922026634216,27156.0,23246.0,3910.0,P1_isolated_effects
GEMINI,public.tb_lembrete_evolucao,v02_plus_fk,v00_baseline,FK vs baseline,1,0.3333333333333333,0.8218887249628702,27156.0,23246.0,3910.0,P1_isolated_effects
GEMINI,public.tb_medicamento_uso_continuo,v02_plus_fk,v00_baseline,FK vs baseline,1,0.3333333333333333,0.5376876393953959,27156.0,23246.0,3910.0,P1_isolated_effects
GEMINI,public.tb_medicao,v02_plus_fk,v00_baseline,FK vs baseline,1,0.3333333333333333,0.7751497626304626,27156.0,23246.0,3910.0,P1_isolated_effects
GEMINI,public.tb_odontograma,v02_plus_fk,v00_baseline,FK vs baseline,1,0.3333333333333333,0.7898152073224386,27156.0,23246.0,3910.0,P1_isolated_effects
GEMINI,public.tb_problema,v02_plus_fk,v00_baseline,FK vs baseline,1,0.0,0.7588602900505066,27156.0,23246.0,3910.0,P1_isolated_effects
GEMINI,public.tb_proced_exame_especifico,v02_plus_fk,v00_baseline,FK vs baseline,1,0.0,0.6201774120330811,27156.0,23246.0,3910.0,P1_isolated_effects
GEMINI,public.tb_raca_cor,v02_plus_fk,v00_baseline,FK vs baseline,1,0.0,0.6639588475227356,27156.0,23246.0,3910.0,P1_isolated_effects
GEMINI,public.tb_tipo_glicemia,v02_plus_fk,v00_baseline,FK vs baseline,1,0.4,0.7733320713043212,27156.0,23246.0,3910.0,P1_isolated_effects
GEMINI,public.ta_medicamento_catmat,v03_plus_nullable,v00_baseline,nullable vs baseline,1,0.3333333333333333,0.8988214532534281,24687.0,23246.0,1441.0,P1_isolated_effects
GEMINI,public.ta_tecido_mole,v03_plus_nullable,v00_baseline,nullable vs baseline,1,0.0,0.7119307319323221,24687.0,23246.0,1441.0,P1_isolated_effects
GEMINI,public.ta_vacinacao,v03_plus_nullable,v00_baseline,nullable vs baseline,1,0.3333333333333333,0.795847753683726,24687.0,23246.0,1441.0,P1_isolated_effects
GEMINI,public.tb_antecedente,v03_plus_nullable,v00_baseline,nullable vs baseline,1,0.3333333333333333,0.9120370745658875,24687.0,23246.0,1441.0,P1_isolated_effects
GEMINI,public.tb_ciap_ms,v03_plus_nullable,v00_baseline,nullable vs baseline,1,0.3333333333333333,0.9131017923355103,24687.0,23246.0,1441.0,P1_isolated_effects
GEMINI,public.tb_cidadao,v03_plus_nullable,v00_baseline,nullable vs baseline,1,0.6666666666666666,0.6666662891705831,24687.0,23246.0,1441.0,P1_isolated_effects
GEMINI,public.tb_cuidado_compartilhado_evol,v03_plus_nullable,v00_baseline,nullable vs baseline,1,0.3333333333333333,0.9076701005299886,24687.0,23246.0,1441.0,P1_isolated_effects
GEMINI,public.tb_dim_catmat,v03_plus_nullable,v00_baseline,nullable vs baseline,1,1.0,0.9999996622403463,24687.0,23246.0,1441.0,P1_isolated_effects
GEMINI,public.tb_evolucao_odonto,v03_plus_nullable,v00_baseline,nullable vs baseline,1,0.3333333333333333,0.814882496992747,24687.0,23246.0,1441.0,P1_isolated_effects
GEMINI,public.tb_evolucao_subjetivo,v03_plus_nullable,v00_baseline,nullable vs baseline,1,1.0,0.999999483426412,24687.0,23246.0,1441.0,P1_isolated_effects
GEMINI,public.tb_exame_hemoglobina_glicada,v03_plus_nullable,v00_baseline,nullable vs baseline,1,0.4,0.7607133150100708,24687.0,23246.0,1441.0,P1_isolated_effects
GEMINI,public.tb_exame_prenatal,v03_plus_nullable,v00_baseline,nullable vs baseline,1,0.3333333333333333,0.5847451090812683,24687.0,23246.0,1441.0,P1_isolated_effects
GEMINI,public.tb_fat_atend_odonto_problemas,v03_plus_nullable,v00_baseline,nullable vs baseline,1,0.6666666666666666,0.9676525394121805,24687.0,23246.0,1441.0,P1_isolated_effects
GEMINI,public.tb_fat_rel_op_risco_cardio,v03_plus_nullable,v00_baseline,nullable vs baseline,1,0.3333333333333333,0.8846278190612793,24687.0,23246.0,1441.0,P1_isolated_effects
GEMINI,public.tb_historico_dados_fao,v03_plus_nullable,v00_baseline,nullable vs baseline,1,0.3333333333333333,0.8971331318219503,24687.0,23246.0,1441.0,P1_isolated_effects
GEMINI,public.tb_justificativa_prontuario,v03_plus_nullable,v00_baseline,nullable vs baseline,1,1.0,0.9999995628992716,24687.0,23246.0,1441.0,P1_isolated_effects
GEMINI,public.tb_lembrete_evolucao,v03_plus_nullable,v00_baseline,nullable vs baseline,1,0.3333333333333333,0.8134351174036661,24687.0,23246.0,1441.0,P1_isolated_effects
GEMINI,public.tb_medicamento_uso_continuo,v03_plus_nullable,v00_baseline,nullable vs baseline,1,0.3333333333333333,0.803839365641276,24687.0,23246.0,1441.0,P1_isolated_effects
GEMINI,public.tb_medicao,v03_plus_nullable,v00_baseline,nullable vs baseline,1,0.0,0.7193219860394796,24687.0,23246.0,1441.0,P1_isolated_effects
GEMINI,public.tb_odontograma,v03_plus_nullable,v00_baseline,nullable vs baseline,1,0.3333333333333333,0.8165466984113058,24687.0,23246.0,1441.0,P1_isolated_effects
GEMINI,public.tb_problema,v03_plus_nullable,v00_baseline,nullable vs baseline,1,0.3333333333333333,0.7802385091781616,24687.0,23246.0,1441.0,P1_isolated_effects
GEMINI,public.tb_proced_exame_especifico,v03_plus_nullable,v00_baseline,nullable vs baseline,1,0.0,0.8280822038650513,24687.0,23246.0,1441.0,P1_isolated_effects
GEMINI,public.tb_raca_cor,v03_plus_nullable,v00_baseline,nullable vs baseline,1,0.0,0.6971892714500427,24687.0,23246.0,1441.0,P1_isolated_effects
GEMINI,public.tb_tipo_glicemia,v03_plus_nullable,v00_baseline,nullable vs baseline,1,0.8,0.7999994039535523,24687.0,23246.0,1441.0,P1_isolated_effects
GEMINI,public.ta_medicamento_catmat,v04_plus_numeric_stats,v00_baseline,numeric_stats vs baseline,1,0.0,0.7736900448799133,33821.0,23246.0,10575.0,P1_isolated_effects
GEMINI,public.ta_tecido_mole,v04_plus_numeric_stats,v00_baseline,numeric_stats vs baseline,1,0.0,0.7241095105806986,33821.0,23246.0,10575.0,P1_isolated_effects
GEMINI,public.ta_vacinacao,v04_plus_numeric_stats,v00_baseline,numeric_stats vs baseline,1,0.6666666666666666,0.8940188686052958,33821.0,23246.0,10575.0,P1_isolated_effects
GEMINI,public.tb_antecedente,v04_plus_numeric_stats,v00_baseline,numeric_stats vs baseline,1,0.3333333333333333,0.8306542038917542,33821.0,23246.0,10575.0,P1_isolated_effects
GEMINI,public.tb_ciap_ms,v04_plus_numeric_stats,v00_baseline,numeric_stats vs baseline,1,0.3333333333333333,0.6592613259951273,33821.0,23246.0,10575.0,P1_isolated_effects
GEMINI,public.tb_cidadao,v04_plus_numeric_stats,v00_baseline,numeric_stats vs baseline,1,0.6666666666666666,0.8658130963643392,33821.0,23246.0,10575.0,P1_isolated_effects
GEMINI,public.tb_cuidado_compartilhado_evol,v04_plus_numeric_stats,v00_baseline,numeric_stats vs baseline,1,0.0,0.8545608123143514,33821.0,23246.0,10575.0,P1_isolated_effects
GEMINI,public.tb_dim_catmat,v04_plus_numeric_stats,v00_baseline,numeric_stats vs baseline,1,0.3333333333333333,0.51201331615448,33821.0,23246.0,10575.0,P1_isolated_effects
GEMINI,public.tb_evolucao_odonto,v04_plus_numeric_stats,v00_baseline,numeric_stats vs baseline,1,0.3333333333333333,0.8018671075503031,33821.0,23246.0,10575.0,P1_isolated_effects
GEMINI,public.tb_evolucao_subjetivo,v04_plus_numeric_stats,v00_baseline,numeric_stats vs baseline,1,1.0,0.999999483426412,33821.0,23246.0,10575.0,P1_isolated_effects
GEMINI,public.tb_exame_hemoglobina_glicada,v04_plus_numeric_stats,v00_baseline,numeric_stats vs baseline,1,0.4,0.7607133150100708,33821.0,23246.0,10575.0,P1_isolated_effects
GEMINI,public.tb_exame_prenatal,v04_plus_numeric_stats,v00_baseline,numeric_stats vs baseline,1,0.3333333333333333,0.5847451090812683,33821.0,23246.0,10575.0,P1_isolated_effects
GEMINI,public.tb_fat_atend_odonto_problemas,v04_plus_numeric_stats,v00_baseline,numeric_stats vs baseline,1,0.3333333333333333,0.806210994720459,33821.0,23246.0,10575.0,P1_isolated_effects
GEMINI,public.tb_fat_rel_op_risco_cardio,v04_plus_numeric_stats,v00_baseline,numeric_stats vs baseline,1,0.0,0.7132658362388611,33821.0,23246.0,10575.0,P1_isolated_effects
GEMINI,public.tb_historico_dados_fao,v04_plus_numeric_stats,v00_baseline,numeric_stats vs baseline,1,0.3333333333333333,0.8971331318219503,33821.0,23246.0,10575.0,P1_isolated_effects
GEMINI,public.tb_justificativa_prontuario,v04_plus_numeric_stats,v00_baseline,numeric_stats vs baseline,1,0.0,0.7604411840438843,33821.0,23246.0,10575.0,P1_isolated_effects
GEMINI,public.tb_lembrete_evolucao,v04_plus_numeric_stats,v00_baseline,numeric_stats vs baseline,1,1.0,0.9999990661938986,33821.0,23246.0,10575.0,P1_isolated_effects
GEMINI,public.tb_medicamento_uso_continuo,v04_plus_numeric_stats,v00_baseline,numeric_stats vs baseline,1,0.0,0.8469688892364502,33821.0,23246.0,10575.0,P1_isolated_effects
GEMINI,public.tb_medicao,v04_plus_numeric_stats,v00_baseline,numeric_stats vs baseline,1,0.6666666666666666,0.900918205579122,33821.0,23246.0,10575.0,P1_isolated_effects
GEMINI,public.tb_odontograma,v04_plus_numeric_stats,v00_baseline,numeric_stats vs baseline,1,0.3333333333333333,0.8374982078870138,33821.0,23246.0,10575.0,P1_isolated_effects
GEMINI,public.tb_problema,v04_plus_numeric_stats,v00_baseline,numeric_stats vs baseline,1,0.0,0.769539455572764,33821.0,23246.0,10575.0,P1_isolated_effects
GEMINI,public.tb_proced_exame_especifico,v04_plus_numeric_stats,v00_baseline,numeric_stats vs baseline,1,0.0,0.8280822038650513,33821.0,23246.0,10575.0,P1_isolated_effects
GEMINI,public.tb_raca_cor,v04_plus_numeric_stats,v00_baseline,numeric_stats vs baseline,1,0.0,0.6687061786651611,33821.0,23246.0,10575.0,P1_isolated_effects
GEMINI,public.tb_tipo_glicemia,v04_plus_numeric_stats,v00_baseline,numeric_stats vs baseline,1,0.4,0.7013123989105224,33821.0,23246.0,10575.0,P1_isolated_effects
GEMINI,public.ta_medicamento_catmat,v05_plus_sample_values,v00_baseline,sample_values vs baseline,1,0.0,0.9043868780136108,61106.0,23246.0,37860.0,P1_isolated_effects
GEMINI,public.ta_tecido_mole,v05_plus_sample_values,v00_baseline,sample_values vs baseline,1,0.3333333333333333,0.6166763504346212,61106.0,23246.0,37860.0,P1_isolated_effects
GEMINI,public.ta_vacinacao,v05_plus_sample_values,v00_baseline,sample_values vs baseline,1,0.3333333333333333,0.8317510286966959,61106.0,23246.0,37860.0,P1_isolated_effects
GEMINI,public.tb_antecedente,v05_plus_sample_values,v00_baseline,sample_values vs baseline,1,0.3333333333333333,0.7793589035669962,61106.0,23246.0,37860.0,P1_isolated_effects
GEMINI,public.tb_ciap_ms,v05_plus_sample_values,v00_baseline,sample_values vs baseline,1,0.0,0.47790757815043133,61106.0,23246.0,37860.0,P1_isolated_effects
GEMINI,public.tb_cidadao,v05_plus_sample_values,v00_baseline,sample_values vs baseline,1,0.6666666666666666,0.8939124743143717,61106.0,23246.0,37860.0,P1_isolated_effects
GEMINI,public.tb_cuidado_compartilhado_evol,v05_plus_sample_values,v00_baseline,sample_values vs baseline,1,0.3333333333333333,0.779553234577179,61106.0,23246.0,37860.0,P1_isolated_effects
GEMINI,public.tb_dim_catmat,v05_plus_sample_values,v00_baseline,sample_values vs baseline,1,0.3333333333333333,0.7619012594223022,61106.0,23246.0,37860.0,P1_isolated_effects
GEMINI,public.tb_evolucao_odonto,v05_plus_sample_values,v00_baseline,sample_values vs baseline,1,0.3333333333333333,0.7794188857078552,61106.0,23246.0,37860.0,P1_isolated_effects
GEMINI,public.tb_evolucao_subjetivo,v05_plus_sample_values,v00_baseline,sample_values vs baseline,1,0.0,0.5941543380419413,61106.0,23246.0,37860.0,P1_isolated_effects
GEMINI,public.tb_exame_hemoglobina_glicada,v05_plus_sample_values,v00_baseline,sample_values vs baseline,1,0.0,0.7629518508911133,61106.0,23246.0,37860.0,P1_isolated_effects
GEMINI,public.tb_exame_prenatal,v05_plus_sample_values,v00_baseline,sample_values vs baseline,1,0.3333333333333333,0.5847451090812683,61106.0,23246.0,37860.0,P1_isolated_effects
GEMINI,public.tb_fat_atend_odonto_problemas,v05_plus_sample_values,v00_baseline,sample_values vs baseline,1,0.6666666666666666,0.9676525394121805,61106.0,23246.0,37860.0,P1_isolated_effects
GEMINI,public.tb_fat_rel_op_risco_cardio,v05_plus_sample_values,v00_baseline,sample_values vs baseline,1,0.0,0.5385756095250448,61106.0,23246.0,37860.0,P1_isolated_effects
GEMINI,public.tb_historico_dados_fao,v05_plus_sample_values,v00_baseline,sample_values vs baseline,1,0.0,0.700114369392395,61106.0,23246.0,37860.0,P1_isolated_effects
GEMINI,public.tb_justificativa_prontuario,v05_plus_sample_values,v00_baseline,sample_values vs baseline,1,0.0,0.8484237194061279,61106.0,23246.0,37860.0,P1_isolated_effects
GEMINI,public.tb_lembrete_evolucao,v05_plus_sample_values,v00_baseline,sample_values vs baseline,1,0.0,0.20292764902114868,61106.0,23246.0,37860.0,P1_isolated_effects
GEMINI,public.tb_medicamento_uso_continuo,v05_plus_sample_values,v00_baseline,sample_values vs baseline,1,0.3333333333333333,0.803839365641276,61106.0,23246.0,37860.0,P1_isolated_effects
GEMINI,public.tb_medicao,v05_plus_sample_values,v00_baseline,sample_values vs baseline,1,0.3333333333333333,0.7708951632181803,61106.0,23246.0,37860.0,P1_isolated_effects
GEMINI,public.tb_odontograma,v05_plus_sample_values,v00_baseline,sample_values vs baseline,1,0.3333333333333333,0.8165466984113058,61106.0,23246.0,37860.0,P1_isolated_effects
GEMINI,public.tb_problema,v05_plus_sample_values,v00_baseline,sample_values vs baseline,1,0.3333333333333333,0.5796408653259277,61106.0,23246.0,37860.0,P1_isolated_effects
GEMINI,public.tb_proced_exame_especifico,v05_plus_sample_values,v00_baseline,sample_values vs baseline,1,0.3333333333333333,0.7393752932548523,61106.0,23246.0,37860.0,P1_isolated_effects
GEMINI,public.tb_raca_cor,v05_plus_sample_values,v00_baseline,sample_values vs baseline,1,0.3333333333333333,0.7840332388877869,61106.0,23246.0,37860.0,P1_isolated_effects
GEMINI,public.tb_tipo_glicemia,v05_plus_sample_values,v00_baseline,sample_values vs baseline,1,0.0,0.6819629192352294,61106.0,23246.0,37860.0,P1_isolated_effects
GEMINI,public.ta_medicamento_catmat,v06_plus_frequent_values,v00_baseline,frequent_values vs baseline,1,0.3333333333333333,0.9388324022293091,42895.0,23246.0,19649.0,P1_isolated_effects
GEMINI,public.ta_tecido_mole,v06_plus_frequent_values,v00_baseline,frequent_values vs baseline,1,0.3333333333333333,0.8242242137591044,42895.0,23246.0,19649.0,P1_isolated_effects
GEMINI,public.ta_vacinacao,v06_plus_frequent_values,v00_baseline,frequent_values vs baseline,1,0.3333333333333333,0.8934258222579956,42895.0,23246.0,19649.0,P1_isolated_effects
GEMINI,public.tb_antecedente,v06_plus_frequent_values,v00_baseline,frequent_values vs baseline,1,0.3333333333333333,0.8421487410863241,42895.0,23246.0,19649.0,P1_isolated_effects
GEMINI,public.tb_ciap_ms,v06_plus_frequent_values,v00_baseline,frequent_values vs baseline,1,0.0,0.49727370341618854,42895.0,23246.0,19649.0,P1_isolated_effects
GEMINI,public.tb_cidadao,v06_plus_frequent_values,v00_baseline,frequent_values vs baseline,1,0.6666666666666666,0.8821043570836385,42895.0,23246.0,19649.0,P1_isolated_effects
GEMINI,public.tb_cuidado_compartilhado_evol,v06_plus_frequent_values,v00_baseline,frequent_values vs baseline,1,0.0,0.559206505616506,42895.0,23246.0,19649.0,P1_isolated_effects
GEMINI,public.tb_dim_catmat,v06_plus_frequent_values,v00_baseline,frequent_values vs baseline,1,0.3333333333333333,0.8975993196169535,42895.0,23246.0,19649.0,P1_isolated_effects
GEMINI,public.tb_evolucao_odonto,v06_plus_frequent_values,v00_baseline,frequent_values vs baseline,1,0.0,0.7103522618611654,42895.0,23246.0,19649.0,P1_isolated_effects
GEMINI,public.tb_evolucao_subjetivo,v06_plus_frequent_values,v00_baseline,frequent_values vs baseline,1,0.3333333333333333,0.5056723952293396,42895.0,23246.0,19649.0,P1_isolated_effects
GEMINI,public.tb_exame_hemoglobina_glicada,v06_plus_frequent_values,v00_baseline,frequent_values vs baseline,1,0.4,0.7607133150100708,42895.0,23246.0,19649.0,P1_isolated_effects
GEMINI,public.tb_exame_prenatal,v06_plus_frequent_values,v00_baseline,frequent_values vs baseline,1,0.6666666666666666,0.9381040533383688,42895.0,23246.0,19649.0,P1_isolated_effects
GEMINI,public.tb_fat_atend_odonto_problemas,v06_plus_frequent_values,v00_baseline,frequent_values vs baseline,1,0.3333333333333333,0.6378742257754008,42895.0,23246.0,19649.0,P1_isolated_effects
GEMINI,public.tb_fat_rel_op_risco_cardio,v06_plus_frequent_values,v00_baseline,frequent_values vs baseline,1,0.3333333333333333,0.7747564911842346,42895.0,23246.0,19649.0,P1_isolated_effects
GEMINI,public.tb_historico_dados_fao,v06_plus_frequent_values,v00_baseline,frequent_values vs baseline,1,0.0,0.2232972780863444,42895.0,23246.0,19649.0,P1_isolated_effects
GEMINI,public.tb_justificativa_prontuario,v06_plus_frequent_values,v00_baseline,frequent_values vs baseline,1,0.0,0.784021000067393,42895.0,23246.0,19649.0,P1_isolated_effects
GEMINI,public.tb_lembrete_evolucao,v06_plus_frequent_values,v00_baseline,frequent_values vs baseline,1,0.3333333333333333,0.7948139309883118,42895.0,23246.0,19649.0,P1_isolated_effects
GEMINI,public.tb_medicamento_uso_continuo,v06_plus_frequent_values,v00_baseline,frequent_values vs baseline,1,0.3333333333333333,0.803839365641276,42895.0,23246.0,19649.0,P1_isolated_effects
GEMINI,public.tb_medicao,v06_plus_frequent_values,v00_baseline,frequent_values vs baseline,1,0.3333333333333333,0.7352494200070699,42895.0,23246.0,19649.0,P1_isolated_effects
GEMINI,public.tb_odontograma,v06_plus_frequent_values,v00_baseline,frequent_values vs baseline,1,0.3333333333333333,0.8374982078870138,42895.0,23246.0,19649.0,P1_isolated_effects
GEMINI,public.tb_problema,v06_plus_frequent_values,v00_baseline,frequent_values vs baseline,1,0.3333333333333333,0.8211846550305685,42895.0,23246.0,19649.0,P1_isolated_effects
GEMINI,public.tb_proced_exame_especifico,v06_plus_frequent_values,v00_baseline,frequent_values vs baseline,1,0.0,0.823066771030426,42895.0,23246.0,19649.0,P1_isolated_effects
GEMINI,public.tb_raca_cor,v06_plus_frequent_values,v00_baseline,frequent_values vs baseline,1,0.0,0.7335189382235209,42895.0,23246.0,19649.0,P1_isolated_effects
GEMINI,public.tb_tipo_glicemia,v06_plus_frequent_values,v00_baseline,frequent_values vs baseline,1,0.4,0.7733320713043212,42895.0,23246.0,19649.0,P1_isolated_effects
GEMINI,public.ta_medicamento_catmat,v07_plus_sample_rows,v00_baseline,sample_rows vs baseline,1,0.0,0.7292252779006958,37322.0,23246.0,14076.0,P1_isolated_effects
GEMINI,public.ta_tecido_mole,v07_plus_sample_rows,v00_baseline,sample_rows vs baseline,1,0.0,0.6916730999946594,37322.0,23246.0,14076.0,P1_isolated_effects
GEMINI,public.ta_vacinacao,v07_plus_sample_rows,v00_baseline,sample_rows vs baseline,1,0.6666666666666666,0.910232663154602,37322.0,23246.0,14076.0,P1_isolated_effects
GEMINI,public.tb_antecedente,v07_plus_sample_rows,v00_baseline,sample_rows vs baseline,1,0.3333333333333333,0.7882249553998312,37322.0,23246.0,14076.0,P1_isolated_effects
GEMINI,public.tb_ciap_ms,v07_plus_sample_rows,v00_baseline,sample_rows vs baseline,1,0.0,0.44031163056691486,37322.0,23246.0,14076.0,P1_isolated_effects
GEMINI,public.tb_cidadao,v07_plus_sample_rows,v00_baseline,sample_rows vs baseline,1,0.6666666666666666,0.6666662891705831,37322.0,23246.0,14076.0,P1_isolated_effects
GEMINI,public.tb_cuidado_compartilhado_evol,v07_plus_sample_rows,v00_baseline,sample_rows vs baseline,1,0.0,0.8390222390492758,37322.0,23246.0,14076.0,P1_isolated_effects
GEMINI,public.tb_dim_catmat,v07_plus_sample_rows,v00_baseline,sample_rows vs baseline,1,0.0,0.649194339911143,37322.0,23246.0,14076.0,P1_isolated_effects
GEMINI,public.tb_evolucao_odonto,v07_plus_sample_rows,v00_baseline,sample_rows vs baseline,1,0.0,0.7104988694190979,37322.0,23246.0,14076.0,P1_isolated_effects
GEMINI,public.tb_evolucao_subjetivo,v07_plus_sample_rows,v00_baseline,sample_rows vs baseline,1,0.0,0.5354370872179667,37322.0,23246.0,14076.0,P1_isolated_effects
GEMINI,public.tb_exame_hemoglobina_glicada,v07_plus_sample_rows,v00_baseline,sample_rows vs baseline,1,0.6666666666666666,0.6666662693023682,37322.0,23246.0,14076.0,P1_isolated_effects
GEMINI,public.tb_exame_prenatal,v07_plus_sample_rows,v00_baseline,sample_rows vs baseline,1,0.3333333333333333,0.5847451090812683,37322.0,23246.0,14076.0,P1_isolated_effects
GEMINI,public.tb_fat_atend_odonto_problemas,v07_plus_sample_rows,v00_baseline,sample_rows vs baseline,1,0.0,0.5477723677953085,37322.0,23246.0,14076.0,P1_isolated_effects
GEMINI,public.tb_fat_rel_op_risco_cardio,v07_plus_sample_rows,v00_baseline,sample_rows vs baseline,1,0.0,0.6842820644378662,37322.0,23246.0,14076.0,P1_isolated_effects
GEMINI,public.tb_historico_dados_fao,v07_plus_sample_rows,v00_baseline,sample_rows vs baseline,1,0.3333333333333333,0.8709492087364197,37322.0,23246.0,14076.0,P1_isolated_effects
GEMINI,public.tb_justificativa_prontuario,v07_plus_sample_rows,v00_baseline,sample_rows vs baseline,1,0.3333333333333333,0.8142764767011007,37322.0,23246.0,14076.0,P1_isolated_effects
GEMINI,public.tb_lembrete_evolucao,v07_plus_sample_rows,v00_baseline,sample_rows vs baseline,1,0.3333333333333333,0.5518173774083456,37322.0,23246.0,14076.0,P1_isolated_effects
GEMINI,public.tb_medicamento_uso_continuo,v07_plus_sample_rows,v00_baseline,sample_rows vs baseline,1,0.3333333333333333,0.803839365641276,37322.0,23246.0,14076.0,P1_isolated_effects
GEMINI,public.tb_medicao,v07_plus_sample_rows,v00_baseline,sample_rows vs baseline,1,0.6666666666666666,0.8807612260182699,37322.0,23246.0,14076.0,P1_isolated_effects
GEMINI,public.tb_odontograma,v07_plus_sample_rows,v00_baseline,sample_rows vs baseline,1,0.3333333333333333,0.8165466984113058,37322.0,23246.0,14076.0,P1_isolated_effects
GEMINI,public.tb_problema,v07_plus_sample_rows,v00_baseline,sample_rows vs baseline,1,0.0,0.4840885599454244,37322.0,23246.0,14076.0,P1_isolated_effects
GEMINI,public.tb_proced_exame_especifico,v07_plus_sample_rows,v00_baseline,sample_rows vs baseline,1,0.0,0.7097602883974711,37322.0,23246.0,14076.0,P1_isolated_effects
GEMINI,public.tb_raca_cor,v07_plus_sample_rows,v00_baseline,sample_rows vs baseline,1,0.3333333333333333,0.6055955688158671,37322.0,23246.0,14076.0,P1_isolated_effects
GEMINI,public.tb_tipo_glicemia,v07_plus_sample_rows,v00_baseline,sample_rows vs baseline,1,0.5,0.9666650891304016,37322.0,23246.0,14076.0,P1_isolated_effects
GEMINI,public.ta_medicamento_catmat,v04_plus_numeric_stats,v00_baseline,numeric_stats sozinho,1,0.0,0.7736900448799133,33821.0,23246.0,10575.0,P2_numeric_stats
GEMINI,public.ta_tecido_mole,v04_plus_numeric_stats,v00_baseline,numeric_stats sozinho,1,0.0,0.7241095105806986,33821.0,23246.0,10575.0,P2_numeric_stats
GEMINI,public.ta_vacinacao,v04_plus_numeric_stats,v00_baseline,numeric_stats sozinho,1,0.6666666666666666,0.8940188686052958,33821.0,23246.0,10575.0,P2_numeric_stats
GEMINI,public.tb_antecedente,v04_plus_numeric_stats,v00_baseline,numeric_stats sozinho,1,0.3333333333333333,0.8306542038917542,33821.0,23246.0,10575.0,P2_numeric_stats
GEMINI,public.tb_ciap_ms,v04_plus_numeric_stats,v00_baseline,numeric_stats sozinho,1,0.3333333333333333,0.6592613259951273,33821.0,23246.0,10575.0,P2_numeric_stats
GEMINI,public.tb_cidadao,v04_plus_numeric_stats,v00_baseline,numeric_stats sozinho,1,0.6666666666666666,0.8658130963643392,33821.0,23246.0,10575.0,P2_numeric_stats
GEMINI,public.tb_cuidado_compartilhado_evol,v04_plus_numeric_stats,v00_baseline,numeric_stats sozinho,1,0.0,0.8545608123143514,33821.0,23246.0,10575.0,P2_numeric_stats
GEMINI,public.tb_dim_catmat,v04_plus_numeric_stats,v00_baseline,numeric_stats sozinho,1,0.3333333333333333,0.51201331615448,33821.0,23246.0,10575.0,P2_numeric_stats
GEMINI,public.tb_evolucao_odonto,v04_plus_numeric_stats,v00_baseline,numeric_stats sozinho,1,0.3333333333333333,0.8018671075503031,33821.0,23246.0,10575.0,P2_numeric_stats
GEMINI,public.tb_evolucao_subjetivo,v04_plus_numeric_stats,v00_baseline,numeric_stats sozinho,1,1.0,0.999999483426412,33821.0,23246.0,10575.0,P2_numeric_stats
GEMINI,public.tb_exame_hemoglobina_glicada,v04_plus_numeric_stats,v00_baseline,numeric_stats sozinho,1,0.4,0.7607133150100708,33821.0,23246.0,10575.0,P2_numeric_stats
GEMINI,public.tb_exame_prenatal,v04_plus_numeric_stats,v00_baseline,numeric_stats sozinho,1,0.3333333333333333,0.5847451090812683,33821.0,23246.0,10575.0,P2_numeric_stats
GEMINI,public.tb_fat_atend_odonto_problemas,v04_plus_numeric_stats,v00_baseline,numeric_stats sozinho,1,0.3333333333333333,0.806210994720459,33821.0,23246.0,10575.0,P2_numeric_stats
GEMINI,public.tb_fat_rel_op_risco_cardio,v04_plus_numeric_stats,v00_baseline,numeric_stats sozinho,1,0.0,0.7132658362388611,33821.0,23246.0,10575.0,P2_numeric_stats
GEMINI,public.tb_historico_dados_fao,v04_plus_numeric_stats,v00_baseline,numeric_stats sozinho,1,0.3333333333333333,0.8971331318219503,33821.0,23246.0,10575.0,P2_numeric_stats
GEMINI,public.tb_justificativa_prontuario,v04_plus_numeric_stats,v00_baseline,numeric_stats sozinho,1,0.0,0.7604411840438843,33821.0,23246.0,10575.0,P2_numeric_stats
GEMINI,public.tb_lembrete_evolucao,v04_plus_numeric_stats,v00_baseline,numeric_stats sozinho,1,1.0,0.9999990661938986,33821.0,23246.0,10575.0,P2_numeric_stats
GEMINI,public.tb_medicamento_uso_continuo,v04_plus_numeric_stats,v00_baseline,numeric_stats sozinho,1,0.0,0.8469688892364502,33821.0,23246.0,10575.0,P2_numeric_stats
GEMINI,public.tb_medicao,v04_plus_numeric_stats,v00_baseline,numeric_stats sozinho,1,0.6666666666666666,0.900918205579122,33821.0,23246.0,10575.0,P2_numeric_stats
GEMINI,public.tb_odontograma,v04_plus_numeric_stats,v00_baseline,numeric_stats sozinho,1,0.3333333333333333,0.8374982078870138,33821.0,23246.0,10575.0,P2_numeric_stats
GEMINI,public.tb_problema,v04_plus_numeric_stats,v00_baseline,numeric_stats sozinho,1,0.0,0.769539455572764,33821.0,23246.0,10575.0,P2_numeric_stats
GEMINI,public.tb_proced_exame_especifico,v04_plus_numeric_stats,v00_baseline,numeric_stats sozinho,1,0.0,0.8280822038650513,33821.0,23246.0,10575.0,P2_numeric_stats
GEMINI,public.tb_raca_cor,v04_plus_numeric_stats,v00_baseline,numeric_stats sozinho,1,0.0,0.6687061786651611,33821.0,23246.0,10575.0,P2_numeric_stats
GEMINI,public.tb_tipo_glicemia,v04_plus_numeric_stats,v00_baseline,numeric_stats sozinho,1,0.4,0.7013123989105224,33821.0,23246.0,10575.0,P2_numeric_stats
GEMINI,public.ta_medicamento_catmat,v14_nullable_plus_numeric_stats,v03_plus_nullable,numeric_stats + nullable vs nullable,1,0.3333333333333333,0.6004950006802877,35396.0,24687.0,10709.0,P2_numeric_stats
GEMINI,public.ta_tecido_mole,v14_nullable_plus_numeric_stats,v03_plus_nullable,numeric_stats + nullable vs nullable,1,0.6666666666666666,0.8649407625198364,35396.0,24687.0,10709.0,P2_numeric_stats
GEMINI,public.ta_vacinacao,v14_nullable_plus_numeric_stats,v03_plus_nullable,numeric_stats + nullable vs nullable,1,0.3333333333333333,0.8312399983406067,35396.0,24687.0,10709.0,P2_numeric_stats
GEMINI,public.tb_antecedente,v14_nullable_plus_numeric_stats,v03_plus_nullable,numeric_stats + nullable vs nullable,1,0.6666666666666666,0.9001350601514181,35396.0,24687.0,10709.0,P2_numeric_stats
GEMINI,public.tb_ciap_ms,v14_nullable_plus_numeric_stats,v03_plus_nullable,numeric_stats + nullable vs nullable,1,0.3333333333333333,0.514246940612793,35396.0,24687.0,10709.0,P2_numeric_stats
GEMINI,public.tb_cidadao,v14_nullable_plus_numeric_stats,v03_plus_nullable,numeric_stats + nullable vs nullable,1,0.6666666666666666,0.6666662891705831,35396.0,24687.0,10709.0,P2_numeric_stats
GEMINI,public.tb_cuidado_compartilhado_evol,v14_nullable_plus_numeric_stats,v03_plus_nullable,numeric_stats + nullable vs nullable,1,0.3333333333333333,0.8851636648178101,35396.0,24687.0,10709.0,P2_numeric_stats
GEMINI,public.tb_dim_catmat,v14_nullable_plus_numeric_stats,v03_plus_nullable,numeric_stats + nullable vs nullable,1,0.3333333333333333,0.8975993196169535,35396.0,24687.0,10709.0,P2_numeric_stats
GEMINI,public.tb_evolucao_odonto,v14_nullable_plus_numeric_stats,v03_plus_nullable,numeric_stats + nullable vs nullable,1,0.3333333333333333,0.8082300027211508,35396.0,24687.0,10709.0,P2_numeric_stats
GEMINI,public.tb_evolucao_subjetivo,v14_nullable_plus_numeric_stats,v03_plus_nullable,numeric_stats + nullable vs nullable,1,0.6666666666666666,0.9592646757761637,35396.0,24687.0,10709.0,P2_numeric_stats
GEMINI,public.tb_exame_hemoglobina_glicada,v14_nullable_plus_numeric_stats,v03_plus_nullable,numeric_stats + nullable vs nullable,1,0.0,0.6384629011154175,35396.0,24687.0,10709.0,P2_numeric_stats
GEMINI,public.tb_exame_prenatal,v14_nullable_plus_numeric_stats,v03_plus_nullable,numeric_stats + nullable vs nullable,1,0.6666666666666666,0.9180781642595927,35396.0,24687.0,10709.0,P2_numeric_stats
GEMINI,public.tb_fat_atend_odonto_problemas,v14_nullable_plus_numeric_stats,v03_plus_nullable,numeric_stats + nullable vs nullable,1,0.3333333333333333,0.8017941117286682,35396.0,24687.0,10709.0,P2_numeric_stats
GEMINI,public.tb_fat_rel_op_risco_cardio,v14_nullable_plus_numeric_stats,v03_plus_nullable,numeric_stats + nullable vs nullable,1,0.6666666666666666,0.9390766024589539,35396.0,24687.0,10709.0,P2_numeric_stats
GEMINI,public.tb_historico_dados_fao,v14_nullable_plus_numeric_stats,v03_plus_nullable,numeric_stats + nullable vs nullable,1,0.0,0.610569973786672,35396.0,24687.0,10709.0,P2_numeric_stats
GEMINI,public.tb_justificativa_prontuario,v14_nullable_plus_numeric_stats,v03_plus_nullable,numeric_stats + nullable vs nullable,1,0.0,0.7472354571024576,35396.0,24687.0,10709.0,P2_numeric_stats
GEMINI,public.tb_lembrete_evolucao,v14_nullable_plus_numeric_stats,v03_plus_nullable,numeric_stats + nullable vs nullable,1,0.3333333333333333,0.8134351174036661,35396.0,24687.0,10709.0,P2_numeric_stats
GEMINI,public.tb_medicamento_uso_continuo,v14_nullable_plus_numeric_stats,v03_plus_nullable,numeric_stats + nullable vs nullable,1,0.6666666666666666,0.9698230028152466,35396.0,24687.0,10709.0,P2_numeric_stats
GEMINI,public.tb_medicao,v14_nullable_plus_numeric_stats,v03_plus_nullable,numeric_stats + nullable vs nullable,1,0.3333333333333333,0.8999802668889364,35396.0,24687.0,10709.0,P2_numeric_stats
GEMINI,public.tb_odontograma,v14_nullable_plus_numeric_stats,v03_plus_nullable,numeric_stats + nullable vs nullable,1,0.3333333333333333,0.8165466984113058,35396.0,24687.0,10709.0,P2_numeric_stats
GEMINI,public.tb_problema,v14_nullable_plus_numeric_stats,v03_plus_nullable,numeric_stats + nullable vs nullable,1,0.0,0.706638514995575,35396.0,24687.0,10709.0,P2_numeric_stats
GEMINI,public.tb_proced_exame_especifico,v14_nullable_plus_numeric_stats,v03_plus_nullable,numeric_stats + nullable vs nullable,1,0.0,0.7809672951698303,35396.0,24687.0,10709.0,P2_numeric_stats
GEMINI,public.tb_raca_cor,v14_nullable_plus_numeric_stats,v03_plus_nullable,numeric_stats + nullable vs nullable,1,0.6666666666666666,0.8715861241022745,35396.0,24687.0,10709.0,P2_numeric_stats
GEMINI,public.tb_tipo_glicemia,v14_nullable_plus_numeric_stats,v03_plus_nullable,numeric_stats + nullable vs nullable,1,0.3333333333333333,0.8688788215319315,35396.0,24687.0,10709.0,P2_numeric_stats
GEMINI,public.ta_medicamento_catmat,v01_full,v24_full_no_numeric_stats,full vs full-sem-numeric_stats,1,0.3333333333333333,0.9311639865239462,118078.0,108668.0,9410.0,P2_numeric_stats
GEMINI,public.ta_tecido_mole,v01_full,v24_full_no_numeric_stats,full vs full-sem-numeric_stats,1,0.0,0.7541545232137045,118078.0,108668.0,9410.0,P2_numeric_stats
GEMINI,public.ta_vacinacao,v01_full,v24_full_no_numeric_stats,full vs full-sem-numeric_stats,1,1.0,0.999999205271403,118078.0,108668.0,9410.0,P2_numeric_stats
GEMINI,public.tb_antecedente,v01_full,v24_full_no_numeric_stats,full vs full-sem-numeric_stats,1,0.6666666666666666,0.9287619590759277,118078.0,108668.0,9410.0,P2_numeric_stats
GEMINI,public.tb_ciap_ms,v01_full,v24_full_no_numeric_stats,full vs full-sem-numeric_stats,1,0.0,0.4513198534647624,118078.0,108668.0,9410.0,P2_numeric_stats
GEMINI,public.tb_cidadao,v01_full,v24_full_no_numeric_stats,full vs full-sem-numeric_stats,1,0.6666666666666666,0.935151219367981,118078.0,108668.0,9410.0,P2_numeric_stats
GEMINI,public.tb_cuidado_compartilhado_evol,v01_full,v24_full_no_numeric_stats,full vs full-sem-numeric_stats,1,0.6666666666666666,0.9269707202911377,118078.0,108668.0,9410.0,P2_numeric_stats
GEMINI,public.tb_dim_catmat,v01_full,v24_full_no_numeric_stats,full vs full-sem-numeric_stats,1,0.3333333333333333,0.8617345293362936,118078.0,108668.0,9410.0,P2_numeric_stats
GEMINI,public.tb_evolucao_odonto,v01_full,v24_full_no_numeric_stats,full vs full-sem-numeric_stats,1,0.0,0.7109725475311279,118078.0,108668.0,9410.0,P2_numeric_stats
GEMINI,public.tb_evolucao_subjetivo,v01_full,v24_full_no_numeric_stats,full vs full-sem-numeric_stats,1,0.6666666666666666,0.9453339576721191,118078.0,108668.0,9410.0,P2_numeric_stats
GEMINI,public.tb_exame_hemoglobina_glicada,v01_full,v24_full_no_numeric_stats,full vs full-sem-numeric_stats,1,0.8,0.7999995231628418,118078.0,108668.0,9410.0,P2_numeric_stats
GEMINI,public.tb_exame_prenatal,v01_full,v24_full_no_numeric_stats,full vs full-sem-numeric_stats,1,0.6666666666666666,0.8580059210459391,118078.0,108668.0,9410.0,P2_numeric_stats
GEMINI,public.tb_fat_atend_odonto_problemas,v01_full,v24_full_no_numeric_stats,full vs full-sem-numeric_stats,1,0.3333333333333333,0.7960519989331564,118078.0,108668.0,9410.0,P2_numeric_stats
GEMINI,public.tb_fat_rel_op_risco_cardio,v01_full,v24_full_no_numeric_stats,full vs full-sem-numeric_stats,1,0.6666666666666666,0.9333668351173401,118078.0,108668.0,9410.0,P2_numeric_stats
GEMINI,public.tb_historico_dados_fao,v01_full,v24_full_no_numeric_stats,full vs full-sem-numeric_stats,1,0.3333333333333333,0.9160987337430319,118078.0,108668.0,9410.0,P2_numeric_stats
GEMINI,public.tb_justificativa_prontuario,v01_full,v24_full_no_numeric_stats,full vs full-sem-numeric_stats,1,0.0,0.8429292639096578,118078.0,108668.0,9410.0,P2_numeric_stats
GEMINI,public.tb_lembrete_evolucao,v01_full,v24_full_no_numeric_stats,full vs full-sem-numeric_stats,1,0.3333333333333333,0.7984131574630737,118078.0,108668.0,9410.0,P2_numeric_stats
GEMINI,public.tb_medicamento_uso_continuo,v01_full,v24_full_no_numeric_stats,full vs full-sem-numeric_stats,1,0.3333333333333333,0.8290420373280843,118078.0,108668.0,9410.0,P2_numeric_stats
GEMINI,public.tb_medicao,v01_full,v24_full_no_numeric_stats,full vs full-sem-numeric_stats,1,0.3333333333333333,0.9053378701210022,118078.0,108668.0,9410.0,P2_numeric_stats
GEMINI,public.tb_odontograma,v01_full,v24_full_no_numeric_stats,full vs full-sem-numeric_stats,1,0.3333333333333333,0.7902637322743734,118078.0,108668.0,9410.0,P2_numeric_stats
GEMINI,public.tb_problema,v01_full,v24_full_no_numeric_stats,full vs full-sem-numeric_stats,1,0.3333333333333333,0.854465107123057,118078.0,108668.0,9410.0,P2_numeric_stats
GEMINI,public.tb_proced_exame_especifico,v01_full,v24_full_no_numeric_stats,full vs full-sem-numeric_stats,1,0.0,0.9168775677680969,118078.0,108668.0,9410.0,P2_numeric_stats
GEMINI,public.tb_raca_cor,v01_full,v24_full_no_numeric_stats,full vs full-sem-numeric_stats,1,0.3333333333333333,0.6013309558232626,118078.0,108668.0,9410.0,P2_numeric_stats
GEMINI,public.tb_tipo_glicemia,v01_full,v24_full_no_numeric_stats,full vs full-sem-numeric_stats,1,0.3333333333333333,0.762186586856842,118078.0,108668.0,9410.0,P2_numeric_stats
GEMINI,public.ta_medicamento_catmat,v07_plus_sample_rows,v05_plus_sample_values,rows vs sample_values,1,0.0,0.7802024881045023,37322.0,61106.0,-23784.0,P3_sample_rows_vs_col_values
GEMINI,public.ta_tecido_mole,v07_plus_sample_rows,v05_plus_sample_values,rows vs sample_values,1,0.0,0.6604276895523071,37322.0,61106.0,-23784.0,P3_sample_rows_vs_col_values
GEMINI,public.ta_vacinacao,v07_plus_sample_rows,v05_plus_sample_values,rows vs sample_values,1,0.3333333333333333,0.6493751009305319,37322.0,61106.0,-23784.0,P3_sample_rows_vs_col_values
GEMINI,public.tb_antecedente,v07_plus_sample_rows,v05_plus_sample_values,rows vs sample_values,1,0.0,0.5009420911471049,37322.0,61106.0,-23784.0,P3_sample_rows_vs_col_values
GEMINI,public.tb_ciap_ms,v07_plus_sample_rows,v05_plus_sample_values,rows vs sample_values,1,0.0,0.27711596091588336,37322.0,61106.0,-23784.0,P3_sample_rows_vs_col_values
GEMINI,public.tb_cidadao,v07_plus_sample_rows,v05_plus_sample_values,rows vs sample_values,1,0.6666666666666666,0.6666662891705831,37322.0,61106.0,-23784.0,P3_sample_rows_vs_col_values
GEMINI,public.tb_cuidado_compartilhado_evol,v07_plus_sample_rows,v05_plus_sample_values,rows vs sample_values,1,0.0,0.5789011716842651,37322.0,61106.0,-23784.0,P3_sample_rows_vs_col_values
GEMINI,public.tb_dim_catmat,v07_plus_sample_rows,v05_plus_sample_values,rows vs sample_values,1,0.0,0.7074384888013204,37322.0,61106.0,-23784.0,P3_sample_rows_vs_col_values
GEMINI,public.tb_evolucao_odonto,v07_plus_sample_rows,v05_plus_sample_values,rows vs sample_values,1,0.0,0.7881269454956055,37322.0,61106.0,-23784.0,P3_sample_rows_vs_col_values
GEMINI,public.tb_evolucao_subjetivo,v07_plus_sample_rows,v05_plus_sample_values,rows vs sample_values,1,0.0,0.6860454082489014,37322.0,61106.0,-23784.0,P3_sample_rows_vs_col_values
GEMINI,public.tb_exame_hemoglobina_glicada,v07_plus_sample_rows,v05_plus_sample_values,rows vs sample_values,1,0.0,0.7578022281328837,37322.0,61106.0,-23784.0,P3_sample_rows_vs_col_values
GEMINI,public.tb_exame_prenatal,v07_plus_sample_rows,v05_plus_sample_values,rows vs sample_values,1,0.6666666666666666,0.947716474533081,37322.0,61106.0,-23784.0,P3_sample_rows_vs_col_values
GEMINI,public.tb_fat_atend_odonto_problemas,v07_plus_sample_rows,v05_plus_sample_values,rows vs sample_values,1,0.0,0.5238805810610453,37322.0,61106.0,-23784.0,P3_sample_rows_vs_col_values
GEMINI,public.tb_fat_rel_op_risco_cardio,v07_plus_sample_rows,v05_plus_sample_values,rows vs sample_values,1,0.3333333333333333,0.7750378251075745,37322.0,61106.0,-23784.0,P3_sample_rows_vs_col_values
GEMINI,public.tb_historico_dados_fao,v07_plus_sample_rows,v05_plus_sample_values,rows vs sample_values,1,0.0,0.4667087395985921,37322.0,61106.0,-23784.0,P3_sample_rows_vs_col_values
GEMINI,public.tb_justificativa_prontuario,v07_plus_sample_rows,v05_plus_sample_values,rows vs sample_values,1,0.0,0.7802051305770874,37322.0,61106.0,-23784.0,P3_sample_rows_vs_col_values
GEMINI,public.tb_lembrete_evolucao,v07_plus_sample_rows,v05_plus_sample_values,rows vs sample_values,1,0.0,0.4124572277069092,37322.0,61106.0,-23784.0,P3_sample_rows_vs_col_values
GEMINI,public.tb_medicamento_uso_continuo,v07_plus_sample_rows,v05_plus_sample_values,rows vs sample_values,1,1.0,0.9999993244806925,37322.0,61106.0,-23784.0,P3_sample_rows_vs_col_values
GEMINI,public.tb_medicao,v07_plus_sample_rows,v05_plus_sample_values,rows vs sample_values,1,0.3333333333333333,0.8066409826278687,37322.0,61106.0,-23784.0,P3_sample_rows_vs_col_values
GEMINI,public.tb_odontograma,v07_plus_sample_rows,v05_plus_sample_values,rows vs sample_values,1,1.0,0.9999992450078329,37322.0,61106.0,-23784.0,P3_sample_rows_vs_col_values
GEMINI,public.tb_problema,v07_plus_sample_rows,v05_plus_sample_values,rows vs sample_values,1,0.0,0.7773444453875223,37322.0,61106.0,-23784.0,P3_sample_rows_vs_col_values
GEMINI,public.tb_proced_exame_especifico,v07_plus_sample_rows,v05_plus_sample_values,rows vs sample_values,1,0.0,0.9426020185152689,37322.0,61106.0,-23784.0,P3_sample_rows_vs_col_values
GEMINI,public.tb_raca_cor,v07_plus_sample_rows,v05_plus_sample_values,rows vs sample_values,1,0.6666666666666666,0.6666663885116577,37322.0,61106.0,-23784.0,P3_sample_rows_vs_col_values
GEMINI,public.tb_tipo_glicemia,v07_plus_sample_rows,v05_plus_sample_values,rows vs sample_values,1,0.4,0.7086301803588867,37322.0,61106.0,-23784.0,P3_sample_rows_vs_col_values
GEMINI,public.ta_medicamento_catmat,v07_plus_sample_rows,v06_plus_frequent_values,rows vs frequent_values,1,0.0,0.7069001396497091,37322.0,42895.0,-5573.0,P3_sample_rows_vs_col_values
GEMINI,public.ta_tecido_mole,v07_plus_sample_rows,v06_plus_frequent_values,rows vs frequent_values,1,0.0,0.5241048733393351,37322.0,42895.0,-5573.0,P3_sample_rows_vs_col_values
GEMINI,public.ta_vacinacao,v07_plus_sample_rows,v06_plus_frequent_values,rows vs frequent_values,1,0.3333333333333333,0.8260176777839661,37322.0,42895.0,-5573.0,P3_sample_rows_vs_col_values
GEMINI,public.tb_antecedente,v07_plus_sample_rows,v06_plus_frequent_values,rows vs frequent_values,1,0.6666666666666666,0.9037193854649862,37322.0,42895.0,-5573.0,P3_sample_rows_vs_col_values
GEMINI,public.tb_ciap_ms,v07_plus_sample_rows,v06_plus_frequent_values,rows vs frequent_values,1,0.0,0.49819743633270264,37322.0,42895.0,-5573.0,P3_sample_rows_vs_col_values
GEMINI,public.tb_cidadao,v07_plus_sample_rows,v06_plus_frequent_values,rows vs frequent_values,1,0.6666666666666666,0.6666662891705831,37322.0,42895.0,-5573.0,P3_sample_rows_vs_col_values
GEMINI,public.tb_cuidado_compartilhado_evol,v07_plus_sample_rows,v06_plus_frequent_values,rows vs frequent_values,1,0.3333333333333333,0.6246914863586426,37322.0,42895.0,-5573.0,P3_sample_rows_vs_col_values
GEMINI,public.tb_dim_catmat,v07_plus_sample_rows,v06_plus_frequent_values,rows vs frequent_values,1,0.0,0.694567064444224,37322.0,42895.0,-5573.0,P3_sample_rows_vs_col_values
GEMINI,public.tb_evolucao_odonto,v07_plus_sample_rows,v06_plus_frequent_values,rows vs frequent_values,1,0.3333333333333333,0.5887865225474039,37322.0,42895.0,-5573.0,P3_sample_rows_vs_col_values
GEMINI,public.tb_evolucao_subjetivo,v07_plus_sample_rows,v06_plus_frequent_values,rows vs frequent_values,1,0.0,0.26774964729944867,37322.0,42895.0,-5573.0,P3_sample_rows_vs_col_values
GEMINI,public.tb_exame_hemoglobina_glicada,v07_plus_sample_rows,v06_plus_frequent_values,rows vs frequent_values,1,0.4,0.7607133150100708,37322.0,42895.0,-5573.0,P3_sample_rows_vs_col_values
GEMINI,public.tb_exame_prenatal,v07_plus_sample_rows,v06_plus_frequent_values,rows vs frequent_values,1,0.3333333333333333,0.7609217961629232,37322.0,42895.0,-5573.0,P3_sample_rows_vs_col_values
GEMINI,public.tb_fat_atend_odonto_problemas,v07_plus_sample_rows,v06_plus_frequent_values,rows vs frequent_values,1,0.0,0.7117658654848734,37322.0,42895.0,-5573.0,P3_sample_rows_vs_col_values
GEMINI,public.tb_fat_rel_op_risco_cardio,v07_plus_sample_rows,v06_plus_frequent_values,rows vs frequent_values,1,0.3333333333333333,0.8502008517583212,37322.0,42895.0,-5573.0,P3_sample_rows_vs_col_values
GEMINI,public.tb_historico_dados_fao,v07_plus_sample_rows,v06_plus_frequent_values,rows vs frequent_values,1,0.0,0.4076386292775472,37322.0,42895.0,-5573.0,P3_sample_rows_vs_col_values
GEMINI,public.tb_justificativa_prontuario,v07_plus_sample_rows,v06_plus_frequent_values,rows vs frequent_values,1,0.0,0.7552488048871359,37322.0,42895.0,-5573.0,P3_sample_rows_vs_col_values
GEMINI,public.tb_lembrete_evolucao,v07_plus_sample_rows,v06_plus_frequent_values,rows vs frequent_values,1,0.3333333333333333,0.5747083425521851,37322.0,42895.0,-5573.0,P3_sample_rows_vs_col_values
GEMINI,public.tb_medicamento_uso_continuo,v07_plus_sample_rows,v06_plus_frequent_values,rows vs frequent_values,1,1.0,0.9999993244806925,37322.0,42895.0,-5573.0,P3_sample_rows_vs_col_values
GEMINI,public.tb_medicao,v07_plus_sample_rows,v06_plus_frequent_values,rows vs frequent_values,1,0.3333333333333333,0.7310238480567932,37322.0,42895.0,-5573.0,P3_sample_rows_vs_col_values
GEMINI,public.tb_odontograma,v07_plus_sample_rows,v06_plus_frequent_values,rows vs frequent_values,1,0.6666666666666666,0.9227426250775655,37322.0,42895.0,-5573.0,P3_sample_rows_vs_col_values
GEMINI,public.tb_problema,v07_plus_sample_rows,v06_plus_frequent_values,rows vs frequent_values,1,0.0,0.5348224441210429,37322.0,42895.0,-5573.0,P3_sample_rows_vs_col_values
GEMINI,public.tb_proced_exame_especifico,v07_plus_sample_rows,v06_plus_frequent_values,rows vs frequent_values,1,0.3333333333333333,0.7885932723681132,37322.0,42895.0,-5573.0,P3_sample_rows_vs_col_values
GEMINI,public.tb_raca_cor,v07_plus_sample_rows,v06_plus_frequent_values,rows vs frequent_values,1,0.3333333333333333,0.5745730598767599,37322.0,42895.0,-5573.0,P3_sample_rows_vs_col_values
GEMINI,public.tb_tipo_glicemia,v07_plus_sample_rows,v06_plus_frequent_values,rows vs frequent_values,1,0.8,0.7999993324279785,37322.0,42895.0,-5573.0,P3_sample_rows_vs_col_values
GEMINI,public.ta_medicamento_catmat,v15_sample_rows_vs_sample_values,v07_plus_sample_rows,rows+sample_val vs rows,1,0.3333333333333333,0.5687525471051534,75182.0,37322.0,37860.0,P3_sample_rows_vs_col_values
GEMINI,public.ta_tecido_mole,v15_sample_rows_vs_sample_values,v07_plus_sample_rows,rows+sample_val vs rows,1,0.0,0.5241048733393351,75182.0,37322.0,37860.0,P3_sample_rows_vs_col_values
GEMINI,public.ta_vacinacao,v15_sample_rows_vs_sample_values,v07_plus_sample_rows,rows+sample_val vs rows,1,0.3333333333333333,0.8099075357119242,75182.0,37322.0,37860.0,P3_sample_rows_vs_col_values
GEMINI,public.tb_antecedente,v15_sample_rows_vs_sample_values,v07_plus_sample_rows,rows+sample_val vs rows,1,0.3333333333333333,0.7405353983243307,75182.0,37322.0,37860.0,P3_sample_rows_vs_col_values
GEMINI,public.tb_ciap_ms,v15_sample_rows_vs_sample_values,v07_plus_sample_rows,rows+sample_val vs rows,1,0.3333333333333333,0.6014640132586161,75182.0,37322.0,37860.0,P3_sample_rows_vs_col_values
GEMINI,public.tb_cidadao,v15_sample_rows_vs_sample_values,v07_plus_sample_rows,rows+sample_val vs rows,1,0.6666666666666666,0.6666662891705831,75182.0,37322.0,37860.0,P3_sample_rows_vs_col_values
GEMINI,public.tb_cuidado_compartilhado_evol,v15_sample_rows_vs_sample_values,v07_plus_sample_rows,rows+sample_val vs rows,1,0.0,0.5533537666002909,75182.0,37322.0,37860.0,P3_sample_rows_vs_col_values
GEMINI,public.tb_dim_catmat,v15_sample_rows_vs_sample_values,v07_plus_sample_rows,rows+sample_val vs rows,1,0.0,0.7015525301297506,75182.0,37322.0,37860.0,P3_sample_rows_vs_col_values
GEMINI,public.tb_evolucao_odonto,v15_sample_rows_vs_sample_values,v07_plus_sample_rows,rows+sample_val vs rows,1,0.0,0.6873577038447062,75182.0,37322.0,37860.0,P3_sample_rows_vs_col_values
GEMINI,public.tb_evolucao_subjetivo,v15_sample_rows_vs_sample_values,v07_plus_sample_rows,rows+sample_val vs rows,1,0.0,0.6761928995450338,75182.0,37322.0,37860.0,P3_sample_rows_vs_col_values
GEMINI,public.tb_exame_hemoglobina_glicada,v15_sample_rows_vs_sample_values,v07_plus_sample_rows,rows+sample_val vs rows,1,1.0,0.9999993244806925,75182.0,37322.0,37860.0,P3_sample_rows_vs_col_values
GEMINI,public.tb_exame_prenatal,v15_sample_rows_vs_sample_values,v07_plus_sample_rows,rows+sample_val vs rows,1,0.3333333333333333,0.9034561514854431,75182.0,37322.0,37860.0,P3_sample_rows_vs_col_values
GEMINI,public.tb_fat_atend_odonto_problemas,v15_sample_rows_vs_sample_values,v07_plus_sample_rows,rows+sample_val vs rows,1,0.0,0.7320015827814738,75182.0,37322.0,37860.0,P3_sample_rows_vs_col_values
GEMINI,public.tb_fat_rel_op_risco_cardio,v15_sample_rows_vs_sample_values,v07_plus_sample_rows,rows+sample_val vs rows,1,0.3333333333333333,0.5876733660697937,75182.0,37322.0,37860.0,P3_sample_rows_vs_col_values
GEMINI,public.tb_historico_dados_fao,v15_sample_rows_vs_sample_values,v07_plus_sample_rows,rows+sample_val vs rows,1,0.0,0.492775817712148,75182.0,37322.0,37860.0,P3_sample_rows_vs_col_values
GEMINI,public.tb_justificativa_prontuario,v15_sample_rows_vs_sample_values,v07_plus_sample_rows,rows+sample_val vs rows,1,0.3333333333333333,0.8171703020731608,75182.0,37322.0,37860.0,P3_sample_rows_vs_col_values
GEMINI,public.tb_lembrete_evolucao,v15_sample_rows_vs_sample_values,v07_plus_sample_rows,rows+sample_val vs rows,1,0.0,0.6758880615234375,75182.0,37322.0,37860.0,P3_sample_rows_vs_col_values
GEMINI,public.tb_medicamento_uso_continuo,v15_sample_rows_vs_sample_values,v07_plus_sample_rows,rows+sample_val vs rows,1,1.0,0.9999993244806925,75182.0,37322.0,37860.0,P3_sample_rows_vs_col_values
GEMINI,public.tb_medicao,v15_sample_rows_vs_sample_values,v07_plus_sample_rows,rows+sample_val vs rows,1,0.6666666666666666,0.9125409921010336,75182.0,37322.0,37860.0,P3_sample_rows_vs_col_values
GEMINI,public.tb_odontograma,v15_sample_rows_vs_sample_values,v07_plus_sample_rows,rows+sample_val vs rows,1,1.0,0.9999992450078329,75182.0,37322.0,37860.0,P3_sample_rows_vs_col_values
GEMINI,public.tb_problema,v15_sample_rows_vs_sample_values,v07_plus_sample_rows,rows+sample_val vs rows,1,0.0,0.525909960269928,75182.0,37322.0,37860.0,P3_sample_rows_vs_col_values
GEMINI,public.tb_proced_exame_especifico,v15_sample_rows_vs_sample_values,v07_plus_sample_rows,rows+sample_val vs rows,1,0.6666666666666666,0.9259289900461832,75182.0,37322.0,37860.0,P3_sample_rows_vs_col_values
GEMINI,public.tb_raca_cor,v15_sample_rows_vs_sample_values,v07_plus_sample_rows,rows+sample_val vs rows,1,0.6666666666666666,0.8360311190287272,75182.0,37322.0,37860.0,P3_sample_rows_vs_col_values
GEMINI,public.tb_tipo_glicemia,v15_sample_rows_vs_sample_values,v07_plus_sample_rows,rows+sample_val vs rows,1,0.4,0.7733320713043212,75182.0,37322.0,37860.0,P3_sample_rows_vs_col_values
GEMINI,public.ta_medicamento_catmat,v15_sample_rows_vs_sample_values,v05_plus_sample_values,rows+sample_val vs sample_val,1,0.0,0.7955334981282552,75182.0,61106.0,14076.0,P3_sample_rows_vs_col_values
GEMINI,public.ta_tecido_mole,v15_sample_rows_vs_sample_values,v05_plus_sample_values,rows+sample_val vs sample_val,1,0.3333333333333333,0.7898235519727071,75182.0,61106.0,14076.0,P3_sample_rows_vs_col_values
GEMINI,public.ta_vacinacao,v15_sample_rows_vs_sample_values,v05_plus_sample_values,rows+sample_val vs sample_val,1,0.3333333333333333,0.7427653272946676,75182.0,61106.0,14076.0,P3_sample_rows_vs_col_values
GEMINI,public.tb_antecedente,v15_sample_rows_vs_sample_values,v05_plus_sample_values,rows+sample_val vs sample_val,1,0.3333333333333333,0.8586670358975729,75182.0,61106.0,14076.0,P3_sample_rows_vs_col_values
GEMINI,public.tb_ciap_ms,v15_sample_rows_vs_sample_values,v05_plus_sample_values,rows+sample_val vs sample_val,1,0.3333333333333333,0.6104491154352824,75182.0,61106.0,14076.0,P3_sample_rows_vs_col_values
GEMINI,public.tb_cidadao,v15_sample_rows_vs_sample_values,v05_plus_sample_values,rows+sample_val vs sample_val,1,0.6666666666666666,0.6666662891705831,75182.0,61106.0,14076.0,P3_sample_rows_vs_col_values
GEMINI,public.tb_cuidado_compartilhado_evol,v15_sample_rows_vs_sample_values,v05_plus_sample_values,rows+sample_val vs sample_val,1,0.3333333333333333,0.8892235358556112,75182.0,61106.0,14076.0,P3_sample_rows_vs_col_values
GEMINI,public.tb_dim_catmat,v15_sample_rows_vs_sample_values,v05_plus_sample_values,rows+sample_val vs sample_val,1,0.3333333333333333,0.8222922484079996,75182.0,61106.0,14076.0,P3_sample_rows_vs_col_values
GEMINI,public.tb_evolucao_odonto,v15_sample_rows_vs_sample_values,v05_plus_sample_values,rows+sample_val vs sample_val,1,0.3333333333333333,0.8800522486368815,75182.0,61106.0,14076.0,P3_sample_rows_vs_col_values
GEMINI,public.tb_evolucao_subjetivo,v15_sample_rows_vs_sample_values,v05_plus_sample_values,rows+sample_val vs sample_val,1,0.6666666666666666,0.885337769985199,75182.0,61106.0,14076.0,P3_sample_rows_vs_col_values
GEMINI,public.tb_exame_hemoglobina_glicada,v15_sample_rows_vs_sample_values,v05_plus_sample_values,rows+sample_val vs sample_val,1,0.0,0.7578022281328837,75182.0,61106.0,14076.0,P3_sample_rows_vs_col_values
GEMINI,public.tb_exame_prenatal,v15_sample_rows_vs_sample_values,v05_plus_sample_values,rows+sample_val vs sample_val,1,0.6666666666666666,0.955738882223765,75182.0,61106.0,14076.0,P3_sample_rows_vs_col_values
GEMINI,public.tb_fat_atend_odonto_problemas,v15_sample_rows_vs_sample_values,v05_plus_sample_values,rows+sample_val vs sample_val,1,0.6666666666666666,0.6666660706202189,75182.0,61106.0,14076.0,P3_sample_rows_vs_col_values
GEMINI,public.tb_fat_rel_op_risco_cardio,v15_sample_rows_vs_sample_values,v05_plus_sample_values,rows+sample_val vs sample_val,1,0.3333333333333333,0.7446220715840658,75182.0,61106.0,14076.0,P3_sample_rows_vs_col_values
GEMINI,public.tb_historico_dados_fao,v15_sample_rows_vs_sample_values,v05_plus_sample_values,rows+sample_val vs sample_val,1,0.0,0.6234832207361857,75182.0,61106.0,14076.0,P3_sample_rows_vs_col_values
GEMINI,public.tb_justificativa_prontuario,v15_sample_rows_vs_sample_values,v05_plus_sample_values,rows+sample_val vs sample_val,1,0.0,0.8560881018638611,75182.0,61106.0,14076.0,P3_sample_rows_vs_col_values
GEMINI,public.tb_lembrete_evolucao,v15_sample_rows_vs_sample_values,v05_plus_sample_values,rows+sample_val vs sample_val,1,0.3333333333333333,0.60811448097229,75182.0,61106.0,14076.0,P3_sample_rows_vs_col_values
GEMINI,public.tb_medicamento_uso_continuo,v15_sample_rows_vs_sample_values,v05_plus_sample_values,rows+sample_val vs sample_val,1,1.0,0.9999993244806925,75182.0,61106.0,14076.0,P3_sample_rows_vs_col_values
GEMINI,public.tb_medicao,v15_sample_rows_vs_sample_values,v05_plus_sample_values,rows+sample_val vs sample_val,1,0.3333333333333333,0.8176522652308146,75182.0,61106.0,14076.0,P3_sample_rows_vs_col_values
GEMINI,public.tb_odontograma,v15_sample_rows_vs_sample_values,v05_plus_sample_values,rows+sample_val vs sample_val,1,1.0,0.9999992450078329,75182.0,61106.0,14076.0,P3_sample_rows_vs_col_values
GEMINI,public.tb_problema,v15_sample_rows_vs_sample_values,v05_plus_sample_values,rows+sample_val vs sample_val,1,0.3333333333333333,0.7773581147193909,75182.0,61106.0,14076.0,P3_sample_rows_vs_col_values
GEMINI,public.tb_proced_exame_especifico,v15_sample_rows_vs_sample_values,v05_plus_sample_values,rows+sample_val vs sample_val,1,0.0,0.8856738607088724,75182.0,61106.0,14076.0,P3_sample_rows_vs_col_values
GEMINI,public.tb_raca_cor,v15_sample_rows_vs_sample_values,v05_plus_sample_values,rows+sample_val vs sample_val,1,0.3333333333333333,0.5026979446411133,75182.0,61106.0,14076.0,P3_sample_rows_vs_col_values
GEMINI,public.tb_tipo_glicemia,v15_sample_rows_vs_sample_values,v05_plus_sample_values,rows+sample_val vs sample_val,1,0.0,0.8272778789202372,75182.0,61106.0,14076.0,P3_sample_rows_vs_col_values
GEMINI,public.ta_medicamento_catmat,v16_sample_rows_vs_frequent_values,v07_plus_sample_rows,rows+freq_val vs rows,1,0.0,0.7069001396497091,56971.0,37322.0,19649.0,P3_sample_rows_vs_col_values
GEMINI,public.ta_tecido_mole,v16_sample_rows_vs_frequent_values,v07_plus_sample_rows,rows+freq_val vs rows,1,0.0,0.5241048733393351,56971.0,37322.0,19649.0,P3_sample_rows_vs_col_values
GEMINI,public.ta_vacinacao,v16_sample_rows_vs_frequent_values,v07_plus_sample_rows,rows+freq_val vs rows,1,0.3333333333333333,0.8577571908632914,56971.0,37322.0,19649.0,P3_sample_rows_vs_col_values
GEMINI,public.tb_antecedente,v16_sample_rows_vs_frequent_values,v07_plus_sample_rows,rows+freq_val vs rows,1,0.3333333333333333,0.7977061072985331,56971.0,37322.0,19649.0,P3_sample_rows_vs_col_values
GEMINI,public.tb_ciap_ms,v16_sample_rows_vs_frequent_values,v07_plus_sample_rows,rows+freq_val vs rows,1,0.0,0.4396990140279134,56971.0,37322.0,19649.0,P3_sample_rows_vs_col_values
GEMINI,public.tb_cidadao,v16_sample_rows_vs_frequent_values,v07_plus_sample_rows,rows+freq_val vs rows,1,0.6666666666666666,0.6666662891705831,56971.0,37322.0,19649.0,P3_sample_rows_vs_col_values
GEMINI,public.tb_cuidado_compartilhado_evol,v16_sample_rows_vs_frequent_values,v07_plus_sample_rows,rows+freq_val vs rows,1,0.3333333333333333,0.8591661055882772,56971.0,37322.0,19649.0,P3_sample_rows_vs_col_values
GEMINI,public.tb_dim_catmat,v16_sample_rows_vs_frequent_values,v07_plus_sample_rows,rows+freq_val vs rows,1,0.3333333333333333,0.766931931177775,56971.0,37322.0,19649.0,P3_sample_rows_vs_col_values
GEMINI,public.tb_evolucao_odonto,v16_sample_rows_vs_frequent_values,v07_plus_sample_rows,rows+freq_val vs rows,1,0.0,0.7750978072484335,56971.0,37322.0,19649.0,P3_sample_rows_vs_col_values
GEMINI,public.tb_evolucao_subjetivo,v16_sample_rows_vs_frequent_values,v07_plus_sample_rows,rows+freq_val vs rows,1,0.3333333333333333,0.7255083719889323,56971.0,37322.0,19649.0,P3_sample_rows_vs_col_values
GEMINI,public.tb_exame_hemoglobina_glicada,v16_sample_rows_vs_frequent_values,v07_plus_sample_rows,rows+freq_val vs rows,1,0.6666666666666666,0.9672608176867167,56971.0,37322.0,19649.0,P3_sample_rows_vs_col_values
GEMINI,public.tb_exame_prenatal,v16_sample_rows_vs_frequent_values,v07_plus_sample_rows,rows+freq_val vs rows,1,0.6666666666666666,0.947716474533081,56971.0,37322.0,19649.0,P3_sample_rows_vs_col_values
GEMINI,public.tb_fat_atend_odonto_problemas,v16_sample_rows_vs_frequent_values,v07_plus_sample_rows,rows+freq_val vs rows,1,0.0,0.698938270409902,56971.0,37322.0,19649.0,P3_sample_rows_vs_col_values
GEMINI,public.tb_fat_rel_op_risco_cardio,v16_sample_rows_vs_frequent_values,v07_plus_sample_rows,rows+freq_val vs rows,1,0.3333333333333333,0.8109410405158997,56971.0,37322.0,19649.0,P3_sample_rows_vs_col_values
GEMINI,public.tb_historico_dados_fao,v16_sample_rows_vs_frequent_values,v07_plus_sample_rows,rows+freq_val vs rows,1,0.0,0.4797091285387675,56971.0,37322.0,19649.0,P3_sample_rows_vs_col_values
GEMINI,public.tb_justificativa_prontuario,v16_sample_rows_vs_frequent_values,v07_plus_sample_rows,rows+freq_val vs rows,1,0.3333333333333333,0.8557717601458231,56971.0,37322.0,19649.0,P3_sample_rows_vs_col_values
GEMINI,public.tb_lembrete_evolucao,v16_sample_rows_vs_frequent_values,v07_plus_sample_rows,rows+freq_val vs rows,1,0.3333333333333333,0.8836956818898519,56971.0,37322.0,19649.0,P3_sample_rows_vs_col_values
GEMINI,public.tb_medicamento_uso_continuo,v16_sample_rows_vs_frequent_values,v07_plus_sample_rows,rows+freq_val vs rows,1,1.0,0.9999993244806925,56971.0,37322.0,19649.0,P3_sample_rows_vs_col_values
GEMINI,public.tb_medicao,v16_sample_rows_vs_frequent_values,v07_plus_sample_rows,rows+freq_val vs rows,1,0.3333333333333333,0.7720655202865601,56971.0,37322.0,19649.0,P3_sample_rows_vs_col_values
GEMINI,public.tb_odontograma,v16_sample_rows_vs_frequent_values,v07_plus_sample_rows,rows+freq_val vs rows,1,0.0,0.7079084316889445,56971.0,37322.0,19649.0,P3_sample_rows_vs_col_values
GEMINI,public.tb_problema,v16_sample_rows_vs_frequent_values,v07_plus_sample_rows,rows+freq_val vs rows,1,0.0,0.7626444697380066,56971.0,37322.0,19649.0,P3_sample_rows_vs_col_values
GEMINI,public.tb_proced_exame_especifico,v16_sample_rows_vs_frequent_values,v07_plus_sample_rows,rows+freq_val vs rows,1,0.0,0.7690666913986206,56971.0,37322.0,19649.0,P3_sample_rows_vs_col_values
GEMINI,public.tb_raca_cor,v16_sample_rows_vs_frequent_values,v07_plus_sample_rows,rows+freq_val vs rows,1,0.6666666666666666,0.9205460747083029,56971.0,37322.0,19649.0,P3_sample_rows_vs_col_values
GEMINI,public.tb_tipo_glicemia,v16_sample_rows_vs_frequent_values,v07_plus_sample_rows,rows+freq_val vs rows,1,0.8,0.7999993324279785,56971.0,37322.0,19649.0,P3_sample_rows_vs_col_values
GEMINI,public.ta_medicamento_catmat,v17_sample_rows_plus_both_values,v07_plus_sample_rows,rows+ambos vs rows,1,0.0,0.7745456298192342,93609.0,37322.0,56287.0,P3_sample_rows_vs_col_values
GEMINI,public.ta_tecido_mole,v17_sample_rows_plus_both_values,v07_plus_sample_rows,rows+ambos vs rows,1,0.0,0.5241048733393351,93609.0,37322.0,56287.0,P3_sample_rows_vs_col_values
GEMINI,public.ta_vacinacao,v17_sample_rows_plus_both_values,v07_plus_sample_rows,rows+ambos vs rows,1,0.3333333333333333,0.8110402822494507,93609.0,37322.0,56287.0,P3_sample_rows_vs_col_values
GEMINI,public.tb_antecedente,v17_sample_rows_plus_both_values,v07_plus_sample_rows,rows+ambos vs rows,1,0.0,0.5009420911471049,93609.0,37322.0,56287.0,P3_sample_rows_vs_col_values
GEMINI,public.tb_ciap_ms,v17_sample_rows_plus_both_values,v07_plus_sample_rows,rows+ambos vs rows,1,0.0,0.6085196534792582,93609.0,37322.0,56287.0,P3_sample_rows_vs_col_values
GEMINI,public.tb_cidadao,v17_sample_rows_plus_both_values,v07_plus_sample_rows,rows+ambos vs rows,1,0.6666666666666666,0.6666662891705831,93609.0,37322.0,56287.0,P3_sample_rows_vs_col_values
GEMINI,public.tb_cuidado_compartilhado_evol,v17_sample_rows_plus_both_values,v07_plus_sample_rows,rows+ambos vs rows,1,0.0,0.5825973550478617,93609.0,37322.0,56287.0,P3_sample_rows_vs_col_values
GEMINI,public.tb_dim_catmat,v17_sample_rows_plus_both_values,v07_plus_sample_rows,rows+ambos vs rows,1,0.0,0.694567064444224,93609.0,37322.0,56287.0,P3_sample_rows_vs_col_values
GEMINI,public.tb_evolucao_odonto,v17_sample_rows_plus_both_values,v07_plus_sample_rows,rows+ambos vs rows,1,0.0,0.6873577038447062,93609.0,37322.0,56287.0,P3_sample_rows_vs_col_values
GEMINI,public.tb_evolucao_subjetivo,v17_sample_rows_plus_both_values,v07_plus_sample_rows,rows+ambos vs rows,1,0.0,0.7458750406901041,93609.0,37322.0,56287.0,P3_sample_rows_vs_col_values
GEMINI,public.tb_exame_hemoglobina_glicada,v17_sample_rows_plus_both_values,v07_plus_sample_rows,rows+ambos vs rows,1,0.0,0.5778344472249349,93609.0,37322.0,56287.0,P3_sample_rows_vs_col_values
GEMINI,public.tb_exame_prenatal,v17_sample_rows_plus_both_values,v07_plus_sample_rows,rows+ambos vs rows,1,0.6666666666666666,0.9180782039960226,93609.0,37322.0,56287.0,P3_sample_rows_vs_col_values
GEMINI,public.tb_fat_atend_odonto_problemas,v17_sample_rows_plus_both_values,v07_plus_sample_rows,rows+ambos vs rows,1,0.0,0.6489181121190389,93609.0,37322.0,56287.0,P3_sample_rows_vs_col_values
GEMINI,public.tb_fat_rel_op_risco_cardio,v17_sample_rows_plus_both_values,v07_plus_sample_rows,rows+ambos vs rows,1,0.3333333333333333,0.7750378251075745,93609.0,37322.0,56287.0,P3_sample_rows_vs_col_values
GEMINI,public.tb_historico_dados_fao,v17_sample_rows_plus_both_values,v07_plus_sample_rows,rows+ambos vs rows,1,0.0,0.22260556618372598,93609.0,37322.0,56287.0,P3_sample_rows_vs_col_values
GEMINI,public.tb_justificativa_prontuario,v17_sample_rows_plus_both_values,v07_plus_sample_rows,rows+ambos vs rows,1,0.3333333333333333,0.850024958451589,93609.0,37322.0,56287.0,P3_sample_rows_vs_col_values
GEMINI,public.tb_lembrete_evolucao,v17_sample_rows_plus_both_values,v07_plus_sample_rows,rows+ambos vs rows,1,0.0,0.6485636631647745,93609.0,37322.0,56287.0,P3_sample_rows_vs_col_values
GEMINI,public.tb_medicamento_uso_continuo,v17_sample_rows_plus_both_values,v07_plus_sample_rows,rows+ambos vs rows,1,1.0,0.9999993244806925,93609.0,37322.0,56287.0,P3_sample_rows_vs_col_values
GEMINI,public.tb_medicao,v17_sample_rows_plus_both_values,v07_plus_sample_rows,rows+ambos vs rows,1,0.3333333333333333,0.805662473042806,93609.0,37322.0,56287.0,P3_sample_rows_vs_col_values
GEMINI,public.tb_odontograma,v17_sample_rows_plus_both_values,v07_plus_sample_rows,rows+ambos vs rows,1,0.0,0.7173963387807211,93609.0,37322.0,56287.0,P3_sample_rows_vs_col_values
GEMINI,public.tb_problema,v17_sample_rows_plus_both_values,v07_plus_sample_rows,rows+ambos vs rows,1,0.0,0.6652409831682841,93609.0,37322.0,56287.0,P3_sample_rows_vs_col_values
GEMINI,public.tb_proced_exame_especifico,v17_sample_rows_plus_both_values,v07_plus_sample_rows,rows+ambos vs rows,1,0.6666666666666666,0.9259289900461832,93609.0,37322.0,56287.0,P3_sample_rows_vs_col_values
GEMINI,public.tb_raca_cor,v17_sample_rows_plus_both_values,v07_plus_sample_rows,rows+ambos vs rows,1,0.6666666666666666,0.8360311190287272,93609.0,37322.0,56287.0,P3_sample_rows_vs_col_values
GEMINI,public.tb_tipo_glicemia,v17_sample_rows_plus_both_values,v07_plus_sample_rows,rows+ambos vs rows,1,0.4,0.7086301803588867,93609.0,37322.0,56287.0,P3_sample_rows_vs_col_values
GEMINI,public.ta_medicamento_catmat,v01_full,v25_full_no_sample_rows,full vs full-sem-rows,1,0.6666666666666666,0.9780511657396952,118078.0,104004.0,14074.0,P3_sample_rows_vs_col_values
GEMINI,public.ta_tecido_mole,v01_full,v25_full_no_sample_rows,full vs full-sem-rows,1,0.0,0.4798196156819661,118078.0,104004.0,14074.0,P3_sample_rows_vs_col_values
GEMINI,public.ta_vacinacao,v01_full,v25_full_no_sample_rows,full vs full-sem-rows,1,1.0,0.999999205271403,118078.0,104004.0,14074.0,P3_sample_rows_vs_col_values
GEMINI,public.tb_antecedente,v01_full,v25_full_no_sample_rows,full vs full-sem-rows,1,0.0,0.7548485000928243,118078.0,104004.0,14074.0,P3_sample_rows_vs_col_values
GEMINI,public.tb_ciap_ms,v01_full,v25_full_no_sample_rows,full vs full-sem-rows,1,0.0,0.23124603430430093,118078.0,104004.0,14074.0,P3_sample_rows_vs_col_values
GEMINI,public.tb_cidadao,v01_full,v25_full_no_sample_rows,full vs full-sem-rows,1,0.6666666666666666,0.8483242193857828,118078.0,104004.0,14074.0,P3_sample_rows_vs_col_values
GEMINI,public.tb_cuidado_compartilhado_evol,v01_full,v25_full_no_sample_rows,full vs full-sem-rows,1,0.6666666666666666,0.9269707202911377,118078.0,104004.0,14074.0,P3_sample_rows_vs_col_values
GEMINI,public.tb_dim_catmat,v01_full,v25_full_no_sample_rows,full vs full-sem-rows,1,0.0,0.8106785813967387,118078.0,104004.0,14074.0,P3_sample_rows_vs_col_values
GEMINI,public.tb_evolucao_odonto,v01_full,v25_full_no_sample_rows,full vs full-sem-rows,1,0.0,0.7994467616081238,118078.0,104004.0,14074.0,P3_sample_rows_vs_col_values
GEMINI,public.tb_evolucao_subjetivo,v01_full,v25_full_no_sample_rows,full vs full-sem-rows,1,0.6666666666666666,0.9179149866104126,118078.0,104004.0,14074.0,P3_sample_rows_vs_col_values
GEMINI,public.tb_exame_hemoglobina_glicada,v01_full,v25_full_no_sample_rows,full vs full-sem-rows,1,0.8,0.7999995231628418,118078.0,104004.0,14074.0,P3_sample_rows_vs_col_values
GEMINI,public.tb_exame_prenatal,v01_full,v25_full_no_sample_rows,full vs full-sem-rows,1,0.6666666666666666,0.8606136639912924,118078.0,104004.0,14074.0,P3_sample_rows_vs_col_values
GEMINI,public.tb_fat_atend_odonto_problemas,v01_full,v25_full_no_sample_rows,full vs full-sem-rows,1,0.0,0.7234015464782715,118078.0,104004.0,14074.0,P3_sample_rows_vs_col_values
GEMINI,public.tb_fat_rel_op_risco_cardio,v01_full,v25_full_no_sample_rows,full vs full-sem-rows,1,0.3333333333333333,0.867928703625997,118078.0,104004.0,14074.0,P3_sample_rows_vs_col_values
GEMINI,public.tb_historico_dados_fao,v01_full,v25_full_no_sample_rows,full vs full-sem-rows,1,0.6666666666666666,0.8770890831947327,118078.0,104004.0,14074.0,P3_sample_rows_vs_col_values
GEMINI,public.tb_justificativa_prontuario,v01_full,v25_full_no_sample_rows,full vs full-sem-rows,1,0.0,0.6039159893989563,118078.0,104004.0,14074.0,P3_sample_rows_vs_col_values
GEMINI,public.tb_lembrete_evolucao,v01_full,v25_full_no_sample_rows,full vs full-sem-rows,1,0.3333333333333333,0.8189272284507751,118078.0,104004.0,14074.0,P3_sample_rows_vs_col_values
GEMINI,public.tb_medicamento_uso_continuo,v01_full,v25_full_no_sample_rows,full vs full-sem-rows,1,0.0,0.7991956671079,118078.0,104004.0,14074.0,P3_sample_rows_vs_col_values
GEMINI,public.tb_medicao,v01_full,v25_full_no_sample_rows,full vs full-sem-rows,1,1.0,0.999999205271403,118078.0,104004.0,14074.0,P3_sample_rows_vs_col_values
GEMINI,public.tb_odontograma,v01_full,v25_full_no_sample_rows,full vs full-sem-rows,1,0.3333333333333333,0.8244747916857401,118078.0,104004.0,14074.0,P3_sample_rows_vs_col_values
GEMINI,public.tb_problema,v01_full,v25_full_no_sample_rows,full vs full-sem-rows,1,0.3333333333333333,0.6045320630073547,118078.0,104004.0,14074.0,P3_sample_rows_vs_col_values
GEMINI,public.tb_proced_exame_especifico,v01_full,v25_full_no_sample_rows,full vs full-sem-rows,1,1.0,0.999999483426412,118078.0,104004.0,14074.0,P3_sample_rows_vs_col_values
GEMINI,public.tb_raca_cor,v01_full,v25_full_no_sample_rows,full vs full-sem-rows,1,0.3333333333333333,0.5813783407211304,118078.0,104004.0,14074.0,P3_sample_rows_vs_col_values
GEMINI,public.tb_tipo_glicemia,v01_full,v25_full_no_sample_rows,full vs full-sem-rows,1,0.6666666666666666,0.9229187170664469,118078.0,104004.0,14074.0,P3_sample_rows_vs_col_values
GEMINI,public.ta_medicamento_catmat,v08_fk_plus_sample_values,v05_plus_sample_values,FK+sample_val vs sample_val,1,0.3333333333333333,0.9186667601267496,65016.0,61106.0,3910.0,P4_fk_interaction
GEMINI,public.ta_tecido_mole,v08_fk_plus_sample_values,v05_plus_sample_values,FK+sample_val vs sample_val,1,0.3333333333333333,0.5410715540250143,65016.0,61106.0,3910.0,P4_fk_interaction
GEMINI,public.ta_vacinacao,v08_fk_plus_sample_values,v05_plus_sample_values,FK+sample_val vs sample_val,1,0.3333333333333333,0.7476612130800883,65016.0,61106.0,3910.0,P4_fk_interaction
GEMINI,public.tb_antecedente,v08_fk_plus_sample_values,v05_plus_sample_values,FK+sample_val vs sample_val,1,0.0,0.7836782137552897,65016.0,61106.0,3910.0,P4_fk_interaction
GEMINI,public.tb_ciap_ms,v08_fk_plus_sample_values,v05_plus_sample_values,FK+sample_val vs sample_val,1,0.3333333333333333,0.8394257227579752,65016.0,61106.0,3910.0,P4_fk_interaction
GEMINI,public.tb_cidadao,v08_fk_plus_sample_values,v05_plus_sample_values,FK+sample_val vs sample_val,1,0.6666666666666666,0.6666662891705831,65016.0,61106.0,3910.0,P4_fk_interaction
GEMINI,public.tb_cuidado_compartilhado_evol,v08_fk_plus_sample_values,v05_plus_sample_values,FK+sample_val vs sample_val,1,0.3333333333333333,0.8991552193959554,65016.0,61106.0,3910.0,P4_fk_interaction
GEMINI,public.tb_dim_catmat,v08_fk_plus_sample_values,v05_plus_sample_values,FK+sample_val vs sample_val,1,0.3333333333333333,0.805980900923411,65016.0,61106.0,3910.0,P4_fk_interaction
GEMINI,public.tb_evolucao_odonto,v08_fk_plus_sample_values,v05_plus_sample_values,FK+sample_val vs sample_val,1,0.6666666666666666,0.8963201642036438,65016.0,61106.0,3910.0,P4_fk_interaction
GEMINI,public.tb_evolucao_subjetivo,v08_fk_plus_sample_values,v05_plus_sample_values,FK+sample_val vs sample_val,1,0.6666666666666666,0.8367698192596436,65016.0,61106.0,3910.0,P4_fk_interaction
GEMINI,public.tb_exame_hemoglobina_glicada,v08_fk_plus_sample_values,v05_plus_sample_values,FK+sample_val vs sample_val,1,0.0,0.7250329454739889,65016.0,61106.0,3910.0,P4_fk_interaction
GEMINI,public.tb_exame_prenatal,v08_fk_plus_sample_values,v05_plus_sample_values,FK+sample_val vs sample_val,1,0.3333333333333333,0.8029454549153646,65016.0,61106.0,3910.0,P4_fk_interaction
GEMINI,public.tb_fat_atend_odonto_problemas,v08_fk_plus_sample_values,v05_plus_sample_values,FK+sample_val vs sample_val,1,0.3333333333333333,0.6378742257754008,65016.0,61106.0,3910.0,P4_fk_interaction
GEMINI,public.tb_fat_rel_op_risco_cardio,v08_fk_plus_sample_values,v05_plus_sample_values,FK+sample_val vs sample_val,1,0.3333333333333333,0.613736112912496,65016.0,61106.0,3910.0,P4_fk_interaction
GEMINI,public.tb_historico_dados_fao,v08_fk_plus_sample_values,v05_plus_sample_values,FK+sample_val vs sample_val,1,0.0,0.5425146818161011,65016.0,61106.0,3910.0,P4_fk_interaction
GEMINI,public.tb_justificativa_prontuario,v08_fk_plus_sample_values,v05_plus_sample_values,FK+sample_val vs sample_val,1,0.0,0.8509723544120789,65016.0,61106.0,3910.0,P4_fk_interaction
GEMINI,public.tb_lembrete_evolucao,v08_fk_plus_sample_values,v05_plus_sample_values,FK+sample_val vs sample_val,1,0.6666666666666666,0.9378416736920675,65016.0,61106.0,3910.0,P4_fk_interaction
GEMINI,public.tb_medicamento_uso_continuo,v08_fk_plus_sample_values,v05_plus_sample_values,FK+sample_val vs sample_val,1,1.0,0.9999993244806925,65016.0,61106.0,3910.0,P4_fk_interaction
GEMINI,public.tb_medicao,v08_fk_plus_sample_values,v05_plus_sample_values,FK+sample_val vs sample_val,1,0.3333333333333333,0.5798845688501993,65016.0,61106.0,3910.0,P4_fk_interaction
GEMINI,public.tb_odontograma,v08_fk_plus_sample_values,v05_plus_sample_values,FK+sample_val vs sample_val,1,0.6666666666666666,0.9227426250775655,65016.0,61106.0,3910.0,P4_fk_interaction
GEMINI,public.tb_problema,v08_fk_plus_sample_values,v05_plus_sample_values,FK+sample_val vs sample_val,1,0.0,0.48341025908788043,65016.0,61106.0,3910.0,P4_fk_interaction
GEMINI,public.tb_proced_exame_especifico,v08_fk_plus_sample_values,v05_plus_sample_values,FK+sample_val vs sample_val,1,0.3333333333333333,0.8891328175862631,65016.0,61106.0,3910.0,P4_fk_interaction
GEMINI,public.tb_raca_cor,v08_fk_plus_sample_values,v05_plus_sample_values,FK+sample_val vs sample_val,1,0.3333333333333333,0.7886556585629781,65016.0,61106.0,3910.0,P4_fk_interaction
GEMINI,public.tb_tipo_glicemia,v08_fk_plus_sample_values,v05_plus_sample_values,FK+sample_val vs sample_val,1,0.6666666666666666,0.9810158809026083,65016.0,61106.0,3910.0,P4_fk_interaction
GEMINI,public.ta_medicamento_catmat,v09_fk_plus_frequent_values,v06_plus_frequent_values,FK+freq_val vs freq_val,1,1.0,0.999999463558197,46805.0,42895.0,3910.0,P4_fk_interaction
GEMINI,public.ta_tecido_mole,v09_fk_plus_frequent_values,v06_plus_frequent_values,FK+freq_val vs freq_val,1,1.0,0.9999993244806925,46805.0,42895.0,3910.0,P4_fk_interaction
GEMINI,public.ta_vacinacao,v09_fk_plus_frequent_values,v06_plus_frequent_values,FK+freq_val vs freq_val,1,0.3333333333333333,0.8196855187416077,46805.0,42895.0,3910.0,P4_fk_interaction
GEMINI,public.tb_antecedente,v09_fk_plus_frequent_values,v06_plus_frequent_values,FK+freq_val vs freq_val,1,0.0,0.675237754980723,46805.0,42895.0,3910.0,P4_fk_interaction
GEMINI,public.tb_ciap_ms,v09_fk_plus_frequent_values,v06_plus_frequent_values,FK+freq_val vs freq_val,1,0.0,0.5428216854731241,46805.0,42895.0,3910.0,P4_fk_interaction
GEMINI,public.tb_cidadao,v09_fk_plus_frequent_values,v06_plus_frequent_values,FK+freq_val vs freq_val,1,0.6666666666666666,0.6666662891705831,46805.0,42895.0,3910.0,P4_fk_interaction
GEMINI,public.tb_cuidado_compartilhado_evol,v09_fk_plus_frequent_values,v06_plus_frequent_values,FK+freq_val vs freq_val,1,0.6666666666666666,0.6666661103566488,46805.0,42895.0,3910.0,P4_fk_interaction
GEMINI,public.tb_dim_catmat,v09_fk_plus_frequent_values,v06_plus_frequent_values,FK+freq_val vs freq_val,1,0.3333333333333333,0.826424241065979,46805.0,42895.0,3910.0,P4_fk_interaction
GEMINI,public.tb_evolucao_odonto,v09_fk_plus_frequent_values,v06_plus_frequent_values,FK+freq_val vs freq_val,1,0.3333333333333333,0.6299188534418741,46805.0,42895.0,3910.0,P4_fk_interaction
GEMINI,public.tb_evolucao_subjetivo,v09_fk_plus_frequent_values,v06_plus_frequent_values,FK+freq_val vs freq_val,1,0.0,0.44171541929244995,46805.0,42895.0,3910.0,P4_fk_interaction
GEMINI,public.tb_exame_hemoglobina_glicada,v09_fk_plus_frequent_values,v06_plus_frequent_values,FK+freq_val vs freq_val,1,0.5,0.9508916437625885,46805.0,42895.0,3910.0,P4_fk_interaction
GEMINI,public.tb_exame_prenatal,v09_fk_plus_frequent_values,v06_plus_frequent_values,FK+freq_val vs freq_val,1,0.3333333333333333,0.7530133525530497,46805.0,42895.0,3910.0,P4_fk_interaction
GEMINI,public.tb_fat_atend_odonto_problemas,v09_fk_plus_frequent_values,v06_plus_frequent_values,FK+freq_val vs freq_val,1,0.3333333333333333,0.7956805030504862,46805.0,42895.0,3910.0,P4_fk_interaction
GEMINI,public.tb_fat_rel_op_risco_cardio,v09_fk_plus_frequent_values,v06_plus_frequent_values,FK+freq_val vs freq_val,1,0.6666666666666666,0.9507595896720886,46805.0,42895.0,3910.0,P4_fk_interaction
GEMINI,public.tb_historico_dados_fao,v09_fk_plus_frequent_values,v06_plus_frequent_values,FK+freq_val vs freq_val,1,0.3333333333333333,0.7866210142771403,46805.0,42895.0,3910.0,P4_fk_interaction
GEMINI,public.tb_justificativa_prontuario,v09_fk_plus_frequent_values,v06_plus_frequent_values,FK+freq_val vs freq_val,1,0.0,0.8015754818916321,46805.0,42895.0,3910.0,P4_fk_interaction
GEMINI,public.tb_lembrete_evolucao,v09_fk_plus_frequent_values,v06_plus_frequent_values,FK+freq_val vs freq_val,1,0.0,0.6309574445088705,46805.0,42895.0,3910.0,P4_fk_interaction
GEMINI,public.tb_medicamento_uso_continuo,v09_fk_plus_frequent_values,v06_plus_frequent_values,FK+freq_val vs freq_val,1,1.0,0.9999993244806925,46805.0,42895.0,3910.0,P4_fk_interaction
GEMINI,public.tb_medicao,v09_fk_plus_frequent_values,v06_plus_frequent_values,FK+freq_val vs freq_val,1,0.6666666666666666,0.8448757727940878,46805.0,42895.0,3910.0,P4_fk_interaction
GEMINI,public.tb_odontograma,v09_fk_plus_frequent_values,v06_plus_frequent_values,FK+freq_val vs freq_val,1,0.3333333333333333,0.8374982078870138,46805.0,42895.0,3910.0,P4_fk_interaction
GEMINI,public.tb_problema,v09_fk_plus_frequent_values,v06_plus_frequent_values,FK+freq_val vs freq_val,1,0.3333333333333333,0.5952340761820475,46805.0,42895.0,3910.0,P4_fk_interaction
GEMINI,public.tb_proced_exame_especifico,v09_fk_plus_frequent_values,v06_plus_frequent_values,FK+freq_val vs freq_val,1,0.0,0.8658728003501892,46805.0,42895.0,3910.0,P4_fk_interaction
GEMINI,public.tb_raca_cor,v09_fk_plus_frequent_values,v06_plus_frequent_values,FK+freq_val vs freq_val,1,0.6666666666666666,0.8879088958104452,46805.0,42895.0,3910.0,P4_fk_interaction
GEMINI,public.tb_tipo_glicemia,v09_fk_plus_frequent_values,v06_plus_frequent_values,FK+freq_val vs freq_val,1,1.0,0.9999992847442627,46805.0,42895.0,3910.0,P4_fk_interaction
GEMINI,public.ta_medicamento_catmat,v10_fk_plus_sample_and_frequent,v08_fk_plus_sample_values,FK+ambos vs FK+sample_val,1,0.6666666666666666,0.9683127403259277,83443.0,65016.0,18427.0,P4_fk_interaction
GEMINI,public.ta_tecido_mole,v10_fk_plus_sample_and_frequent,v08_fk_plus_sample_values,FK+ambos vs FK+sample_val,1,0.6666666666666666,0.6666660706202189,83443.0,65016.0,18427.0,P4_fk_interaction
GEMINI,public.ta_vacinacao,v10_fk_plus_sample_and_frequent,v08_fk_plus_sample_values,FK+ambos vs FK+sample_val,1,0.3333333333333333,0.6345884203910828,83443.0,65016.0,18427.0,P4_fk_interaction
GEMINI,public.tb_antecedente,v10_fk_plus_sample_and_frequent,v08_fk_plus_sample_values,FK+ambos vs FK+sample_val,1,0.0,0.6596123377482096,83443.0,65016.0,18427.0,P4_fk_interaction
GEMINI,public.tb_ciap_ms,v10_fk_plus_sample_and_frequent,v08_fk_plus_sample_values,FK+ambos vs FK+sample_val,1,0.0,0.7585302591323853,83443.0,65016.0,18427.0,P4_fk_interaction
GEMINI,public.tb_cidadao,v10_fk_plus_sample_and_frequent,v08_fk_plus_sample_values,FK+ambos vs FK+sample_val,1,0.3333333333333333,0.8355006774266561,83443.0,65016.0,18427.0,P4_fk_interaction
GEMINI,public.tb_cuidado_compartilhado_evol,v10_fk_plus_sample_and_frequent,v08_fk_plus_sample_values,FK+ambos vs FK+sample_val,1,0.0,0.8937046925226847,83443.0,65016.0,18427.0,P4_fk_interaction
GEMINI,public.tb_dim_catmat,v10_fk_plus_sample_and_frequent,v08_fk_plus_sample_values,FK+ambos vs FK+sample_val,1,0.3333333333333333,0.8629934191703796,83443.0,65016.0,18427.0,P4_fk_interaction
GEMINI,public.tb_evolucao_odonto,v10_fk_plus_sample_and_frequent,v08_fk_plus_sample_values,FK+ambos vs FK+sample_val,1,0.3333333333333333,0.8197794357935587,83443.0,65016.0,18427.0,P4_fk_interaction
GEMINI,public.tb_evolucao_subjetivo,v10_fk_plus_sample_and_frequent,v08_fk_plus_sample_values,FK+ambos vs FK+sample_val,1,0.3333333333333333,0.680799663066864,83443.0,65016.0,18427.0,P4_fk_interaction
GEMINI,public.tb_exame_hemoglobina_glicada,v10_fk_plus_sample_and_frequent,v08_fk_plus_sample_values,FK+ambos vs FK+sample_val,1,0.6666666666666666,0.9144461154937744,83443.0,65016.0,18427.0,P4_fk_interaction
GEMINI,public.tb_exame_prenatal,v10_fk_plus_sample_and_frequent,v08_fk_plus_sample_values,FK+ambos vs FK+sample_val,1,0.6666666666666666,0.8415380120277405,83443.0,65016.0,18427.0,P4_fk_interaction
GEMINI,public.tb_fat_atend_odonto_problemas,v10_fk_plus_sample_and_frequent,v08_fk_plus_sample_values,FK+ambos vs FK+sample_val,1,0.3333333333333333,0.8606024185816447,83443.0,65016.0,18427.0,P4_fk_interaction
GEMINI,public.tb_fat_rel_op_risco_cardio,v10_fk_plus_sample_and_frequent,v08_fk_plus_sample_values,FK+ambos vs FK+sample_val,1,0.3333333333333333,0.7658713857332865,83443.0,65016.0,18427.0,P4_fk_interaction
GEMINI,public.tb_historico_dados_fao,v10_fk_plus_sample_and_frequent,v08_fk_plus_sample_values,FK+ambos vs FK+sample_val,1,0.0,0.6911189158757528,83443.0,65016.0,18427.0,P4_fk_interaction
GEMINI,public.tb_justificativa_prontuario,v10_fk_plus_sample_and_frequent,v08_fk_plus_sample_values,FK+ambos vs FK+sample_val,1,0.3333333333333333,0.832917312781016,83443.0,65016.0,18427.0,P4_fk_interaction
GEMINI,public.tb_lembrete_evolucao,v10_fk_plus_sample_and_frequent,v08_fk_plus_sample_values,FK+ambos vs FK+sample_val,1,0.3333333333333333,0.7817858258883158,83443.0,65016.0,18427.0,P4_fk_interaction
GEMINI,public.tb_medicamento_uso_continuo,v10_fk_plus_sample_and_frequent,v08_fk_plus_sample_values,FK+ambos vs FK+sample_val,1,1.0,0.9999993244806925,83443.0,65016.0,18427.0,P4_fk_interaction
GEMINI,public.tb_medicao,v10_fk_plus_sample_and_frequent,v08_fk_plus_sample_values,FK+ambos vs FK+sample_val,1,0.3333333333333333,0.5798845688501993,83443.0,65016.0,18427.0,P4_fk_interaction
GEMINI,public.tb_odontograma,v10_fk_plus_sample_and_frequent,v08_fk_plus_sample_values,FK+ambos vs FK+sample_val,1,1.0,0.999999205271403,83443.0,65016.0,18427.0,P4_fk_interaction
GEMINI,public.tb_problema,v10_fk_plus_sample_and_frequent,v08_fk_plus_sample_values,FK+ambos vs FK+sample_val,1,0.0,0.5133153398831686,83443.0,65016.0,18427.0,P4_fk_interaction
GEMINI,public.tb_proced_exame_especifico,v10_fk_plus_sample_and_frequent,v08_fk_plus_sample_values,FK+ambos vs FK+sample_val,1,1.0,0.9999992648760477,83443.0,65016.0,18427.0,P4_fk_interaction
GEMINI,public.tb_raca_cor,v10_fk_plus_sample_and_frequent,v08_fk_plus_sample_values,FK+ambos vs FK+sample_val,1,1.0,0.9999992450078329,83443.0,65016.0,18427.0,P4_fk_interaction
GEMINI,public.tb_tipo_glicemia,v10_fk_plus_sample_and_frequent,v08_fk_plus_sample_values,FK+ambos vs FK+sample_val,1,0.0,0.845296839872996,83443.0,65016.0,18427.0,P4_fk_interaction
GEMINI,public.ta_medicamento_catmat,v11_fk_plus_sample_rows,v07_plus_sample_rows,FK+rows vs rows,1,0.0,0.6514960527420044,41232.0,37322.0,3910.0,P4_fk_interaction
GEMINI,public.ta_tecido_mole,v11_fk_plus_sample_rows,v07_plus_sample_rows,FK+rows vs rows,1,0.3333333333333333,0.9027575254440308,41232.0,37322.0,3910.0,P4_fk_interaction
GEMINI,public.ta_vacinacao,v11_fk_plus_sample_rows,v07_plus_sample_rows,FK+rows vs rows,1,0.3333333333333333,0.8268261154492696,41232.0,37322.0,3910.0,P4_fk_interaction
GEMINI,public.tb_antecedente,v11_fk_plus_sample_rows,v07_plus_sample_rows,FK+rows vs rows,1,0.3333333333333333,0.8233150045077006,41232.0,37322.0,3910.0,P4_fk_interaction
GEMINI,public.tb_ciap_ms,v11_fk_plus_sample_rows,v07_plus_sample_rows,FK+rows vs rows,1,0.3333333333333333,0.3333331147829692,41232.0,37322.0,3910.0,P4_fk_interaction
GEMINI,public.tb_cidadao,v11_fk_plus_sample_rows,v07_plus_sample_rows,FK+rows vs rows,1,0.6666666666666666,0.6666662891705831,41232.0,37322.0,3910.0,P4_fk_interaction
GEMINI,public.tb_cuidado_compartilhado_evol,v11_fk_plus_sample_rows,v07_plus_sample_rows,FK+rows vs rows,1,0.3333333333333333,0.7278589804967245,41232.0,37322.0,3910.0,P4_fk_interaction
GEMINI,public.tb_dim_catmat,v11_fk_plus_sample_rows,v07_plus_sample_rows,FK+rows vs rows,1,0.0,0.5231693585713705,41232.0,37322.0,3910.0,P4_fk_interaction
GEMINI,public.tb_evolucao_odonto,v11_fk_plus_sample_rows,v07_plus_sample_rows,FK+rows vs rows,1,0.6666666666666666,0.8397579789161682,41232.0,37322.0,3910.0,P4_fk_interaction
GEMINI,public.tb_evolucao_subjetivo,v11_fk_plus_sample_rows,v07_plus_sample_rows,FK+rows vs rows,1,0.0,0.8155191739400228,41232.0,37322.0,3910.0,P4_fk_interaction
GEMINI,public.tb_exame_hemoglobina_glicada,v11_fk_plus_sample_rows,v07_plus_sample_rows,FK+rows vs rows,1,0.6666666666666666,0.6666662693023682,41232.0,37322.0,3910.0,P4_fk_interaction
GEMINI,public.tb_exame_prenatal,v11_fk_plus_sample_rows,v07_plus_sample_rows,FK+rows vs rows,1,0.6666666666666666,0.947716474533081,41232.0,37322.0,3910.0,P4_fk_interaction
GEMINI,public.tb_fat_atend_odonto_problemas,v11_fk_plus_sample_rows,v07_plus_sample_rows,FK+rows vs rows,1,0.0,0.6489181121190389,41232.0,37322.0,3910.0,P4_fk_interaction
GEMINI,public.tb_fat_rel_op_risco_cardio,v11_fk_plus_sample_rows,v07_plus_sample_rows,FK+rows vs rows,1,0.3333333333333333,0.8369608918825785,41232.0,37322.0,3910.0,P4_fk_interaction
GEMINI,public.tb_historico_dados_fao,v11_fk_plus_sample_rows,v07_plus_sample_rows,FK+rows vs rows,1,0.0,0.5207685629526774,41232.0,37322.0,3910.0,P4_fk_interaction
GEMINI,public.tb_justificativa_prontuario,v11_fk_plus_sample_rows,v07_plus_sample_rows,FK+rows vs rows,1,0.0,0.7720122536023458,41232.0,37322.0,3910.0,P4_fk_interaction
GEMINI,public.tb_lembrete_evolucao,v11_fk_plus_sample_rows,v07_plus_sample_rows,FK+rows vs rows,1,0.0,0.6126631498336792,41232.0,37322.0,3910.0,P4_fk_interaction
GEMINI,public.tb_medicamento_uso_continuo,v11_fk_plus_sample_rows,v07_plus_sample_rows,FK+rows vs rows,1,1.0,0.9999993244806925,41232.0,37322.0,3910.0,P4_fk_interaction
GEMINI,public.tb_medicao,v11_fk_plus_sample_rows,v07_plus_sample_rows,FK+rows vs rows,1,0.3333333333333333,0.8050155242284139,41232.0,37322.0,3910.0,P4_fk_interaction
GEMINI,public.tb_odontograma,v11_fk_plus_sample_rows,v07_plus_sample_rows,FK+rows vs rows,1,1.0,0.9999992450078329,41232.0,37322.0,3910.0,P4_fk_interaction
GEMINI,public.tb_problema,v11_fk_plus_sample_rows,v07_plus_sample_rows,FK+rows vs rows,1,0.0,0.8171534736951193,41232.0,37322.0,3910.0,P4_fk_interaction
GEMINI,public.tb_proced_exame_especifico,v11_fk_plus_sample_rows,v07_plus_sample_rows,FK+rows vs rows,1,0.3333333333333333,0.8140712380409241,41232.0,37322.0,3910.0,P4_fk_interaction
GEMINI,public.tb_raca_cor,v11_fk_plus_sample_rows,v07_plus_sample_rows,FK+rows vs rows,1,0.6666666666666666,0.6666663885116577,41232.0,37322.0,3910.0,P4_fk_interaction
GEMINI,public.tb_tipo_glicemia,v11_fk_plus_sample_rows,v07_plus_sample_rows,FK+rows vs rows,1,0.4,0.7733320713043212,41232.0,37322.0,3910.0,P4_fk_interaction
GEMINI,public.ta_medicamento_catmat,v02_plus_fk,v00_baseline,FK isolado vs baseline,1,0.3333333333333333,0.750050961971283,27156.0,23246.0,3910.0,P4_fk_interaction
GEMINI,public.ta_tecido_mole,v02_plus_fk,v00_baseline,FK isolado vs baseline,1,0.0,0.6814263463020325,27156.0,23246.0,3910.0,P4_fk_interaction
GEMINI,public.ta_vacinacao,v02_plus_fk,v00_baseline,FK isolado vs baseline,1,0.3333333333333333,0.9305771787961324,27156.0,23246.0,3910.0,P4_fk_interaction
GEMINI,public.tb_antecedente,v02_plus_fk,v00_baseline,FK isolado vs baseline,1,0.3333333333333333,0.8598952293395996,27156.0,23246.0,3910.0,P4_fk_interaction
GEMINI,public.tb_ciap_ms,v02_plus_fk,v00_baseline,FK isolado vs baseline,1,0.3333333333333333,0.9248069723447164,27156.0,23246.0,3910.0,P4_fk_interaction
GEMINI,public.tb_cidadao,v02_plus_fk,v00_baseline,FK isolado vs baseline,1,0.6666666666666666,0.6666662891705831,27156.0,23246.0,3910.0,P4_fk_interaction
GEMINI,public.tb_cuidado_compartilhado_evol,v02_plus_fk,v00_baseline,FK isolado vs baseline,1,0.0,0.842848002910614,27156.0,23246.0,3910.0,P4_fk_interaction
GEMINI,public.tb_dim_catmat,v02_plus_fk,v00_baseline,FK isolado vs baseline,1,0.3333333333333333,0.8560275435447693,27156.0,23246.0,3910.0,P4_fk_interaction
GEMINI,public.tb_evolucao_odonto,v02_plus_fk,v00_baseline,FK isolado vs baseline,1,0.6666666666666666,0.8872384230295817,27156.0,23246.0,3910.0,P4_fk_interaction
GEMINI,public.tb_evolucao_subjetivo,v02_plus_fk,v00_baseline,FK isolado vs baseline,1,1.0,0.999999483426412,27156.0,23246.0,3910.0,P4_fk_interaction
GEMINI,public.tb_exame_hemoglobina_glicada,v02_plus_fk,v00_baseline,FK isolado vs baseline,1,0.8,0.7999995231628418,27156.0,23246.0,3910.0,P4_fk_interaction
GEMINI,public.tb_exame_prenatal,v02_plus_fk,v00_baseline,FK isolado vs baseline,1,0.6666666666666666,0.8475416700045267,27156.0,23246.0,3910.0,P4_fk_interaction
GEMINI,public.tb_fat_atend_odonto_problemas,v02_plus_fk,v00_baseline,FK isolado vs baseline,1,0.6666666666666666,0.9064969023068746,27156.0,23246.0,3910.0,P4_fk_interaction
GEMINI,public.tb_fat_rel_op_risco_cardio,v02_plus_fk,v00_baseline,FK isolado vs baseline,1,0.0,0.739387591679891,27156.0,23246.0,3910.0,P4_fk_interaction
GEMINI,public.tb_historico_dados_fao,v02_plus_fk,v00_baseline,FK isolado vs baseline,1,0.6666666666666666,0.9509551525115967,27156.0,23246.0,3910.0,P4_fk_interaction
GEMINI,public.tb_justificativa_prontuario,v02_plus_fk,v00_baseline,FK isolado vs baseline,1,0.6666666666666666,0.8685922026634216,27156.0,23246.0,3910.0,P4_fk_interaction
GEMINI,public.tb_lembrete_evolucao,v02_plus_fk,v00_baseline,FK isolado vs baseline,1,0.3333333333333333,0.8218887249628702,27156.0,23246.0,3910.0,P4_fk_interaction
GEMINI,public.tb_medicamento_uso_continuo,v02_plus_fk,v00_baseline,FK isolado vs baseline,1,0.3333333333333333,0.5376876393953959,27156.0,23246.0,3910.0,P4_fk_interaction
GEMINI,public.tb_medicao,v02_plus_fk,v00_baseline,FK isolado vs baseline,1,0.3333333333333333,0.7751497626304626,27156.0,23246.0,3910.0,P4_fk_interaction
GEMINI,public.tb_odontograma,v02_plus_fk,v00_baseline,FK isolado vs baseline,1,0.3333333333333333,0.7898152073224386,27156.0,23246.0,3910.0,P4_fk_interaction
GEMINI,public.tb_problema,v02_plus_fk,v00_baseline,FK isolado vs baseline,1,0.0,0.7588602900505066,27156.0,23246.0,3910.0,P4_fk_interaction
GEMINI,public.tb_proced_exame_especifico,v02_plus_fk,v00_baseline,FK isolado vs baseline,1,0.0,0.6201774120330811,27156.0,23246.0,3910.0,P4_fk_interaction
GEMINI,public.tb_raca_cor,v02_plus_fk,v00_baseline,FK isolado vs baseline,1,0.0,0.6639588475227356,27156.0,23246.0,3910.0,P4_fk_interaction
GEMINI,public.tb_tipo_glicemia,v02_plus_fk,v00_baseline,FK isolado vs baseline,1,0.4,0.7733320713043212,27156.0,23246.0,3910.0,P4_fk_interaction
GEMINI,public.ta_medicamento_catmat,v12_nullable_plus_sample_values,v05_plus_sample_values,nullable+sample_val vs sample_val,1,0.3333333333333333,0.8183068235715231,62681.0,61106.0,1575.0,P5_nullable_interaction
GEMINI,public.ta_tecido_mole,v12_nullable_plus_sample_values,v05_plus_sample_values,nullable+sample_val vs sample_val,1,0.3333333333333333,0.7898235519727071,62681.0,61106.0,1575.0,P5_nullable_interaction
GEMINI,public.ta_vacinacao,v12_nullable_plus_sample_values,v05_plus_sample_values,nullable+sample_val vs sample_val,1,0.3333333333333333,0.7431782881418864,62681.0,61106.0,1575.0,P5_nullable_interaction
GEMINI,public.tb_antecedente,v12_nullable_plus_sample_values,v05_plus_sample_values,nullable+sample_val vs sample_val,1,0.3333333333333333,0.5625520547231039,62681.0,61106.0,1575.0,P5_nullable_interaction
GEMINI,public.tb_ciap_ms,v12_nullable_plus_sample_values,v05_plus_sample_values,nullable+sample_val vs sample_val,1,0.0,0.45277812083562213,62681.0,61106.0,1575.0,P5_nullable_interaction
GEMINI,public.tb_cidadao,v12_nullable_plus_sample_values,v05_plus_sample_values,nullable+sample_val vs sample_val,1,0.6666666666666666,0.9061421950658163,62681.0,61106.0,1575.0,P5_nullable_interaction
GEMINI,public.tb_cuidado_compartilhado_evol,v12_nullable_plus_sample_values,v05_plus_sample_values,nullable+sample_val vs sample_val,1,0.0,0.7890620231628418,62681.0,61106.0,1575.0,P5_nullable_interaction
GEMINI,public.tb_dim_catmat,v12_nullable_plus_sample_values,v05_plus_sample_values,nullable+sample_val vs sample_val,1,0.6666666666666666,0.8761464953422546,62681.0,61106.0,1575.0,P5_nullable_interaction
GEMINI,public.tb_evolucao_odonto,v12_nullable_plus_sample_values,v05_plus_sample_values,nullable+sample_val vs sample_val,1,0.3333333333333333,0.7865427931149801,62681.0,61106.0,1575.0,P5_nullable_interaction
GEMINI,public.tb_evolucao_subjetivo,v12_nullable_plus_sample_values,v05_plus_sample_values,nullable+sample_val vs sample_val,1,0.6666666666666666,0.885337769985199,62681.0,61106.0,1575.0,P5_nullable_interaction
GEMINI,public.tb_exame_hemoglobina_glicada,v12_nullable_plus_sample_values,v05_plus_sample_values,nullable+sample_val vs sample_val,1,0.0,0.7578022281328837,62681.0,61106.0,1575.0,P5_nullable_interaction
GEMINI,public.tb_exame_prenatal,v12_nullable_plus_sample_values,v05_plus_sample_values,nullable+sample_val vs sample_val,1,0.6666666666666666,0.9180781642595927,62681.0,61106.0,1575.0,P5_nullable_interaction
GEMINI,public.tb_fat_atend_odonto_problemas,v12_nullable_plus_sample_values,v05_plus_sample_values,nullable+sample_val vs sample_val,1,0.6666666666666666,0.915588915348053,62681.0,61106.0,1575.0,P5_nullable_interaction
GEMINI,public.tb_fat_rel_op_risco_cardio,v12_nullable_plus_sample_values,v05_plus_sample_values,nullable+sample_val vs sample_val,1,0.3333333333333333,0.7750378251075745,62681.0,61106.0,1575.0,P5_nullable_interaction
GEMINI,public.tb_historico_dados_fao,v12_nullable_plus_sample_values,v05_plus_sample_values,nullable+sample_val vs sample_val,1,0.0,0.7654412587483724,62681.0,61106.0,1575.0,P5_nullable_interaction
GEMINI,public.tb_justificativa_prontuario,v12_nullable_plus_sample_values,v05_plus_sample_values,nullable+sample_val vs sample_val,1,0.0,0.8483512004216512,62681.0,61106.0,1575.0,P5_nullable_interaction
GEMINI,public.tb_lembrete_evolucao,v12_nullable_plus_sample_values,v05_plus_sample_values,nullable+sample_val vs sample_val,1,0.0,0.8005512952804565,62681.0,61106.0,1575.0,P5_nullable_interaction
GEMINI,public.tb_medicamento_uso_continuo,v12_nullable_plus_sample_values,v05_plus_sample_values,nullable+sample_val vs sample_val,1,0.3333333333333333,0.8315075039863586,62681.0,61106.0,1575.0,P5_nullable_interaction
GEMINI,public.tb_medicao,v12_nullable_plus_sample_values,v05_plus_sample_values,nullable+sample_val vs sample_val,1,0.6666666666666666,0.9470954338709513,62681.0,61106.0,1575.0,P5_nullable_interaction
GEMINI,public.tb_odontograma,v12_nullable_plus_sample_values,v05_plus_sample_values,nullable+sample_val vs sample_val,1,0.6666666666666666,0.8612212340037028,62681.0,61106.0,1575.0,P5_nullable_interaction
GEMINI,public.tb_problema,v12_nullable_plus_sample_values,v05_plus_sample_values,nullable+sample_val vs sample_val,1,0.6666666666666666,0.9198141495386759,62681.0,61106.0,1575.0,P5_nullable_interaction
GEMINI,public.tb_proced_exame_especifico,v12_nullable_plus_sample_values,v05_plus_sample_values,nullable+sample_val vs sample_val,1,0.3333333333333333,0.8432608644167582,62681.0,61106.0,1575.0,P5_nullable_interaction
GEMINI,public.tb_raca_cor,v12_nullable_plus_sample_values,v05_plus_sample_values,nullable+sample_val vs sample_val,1,0.3333333333333333,0.5745730598767599,62681.0,61106.0,1575.0,P5_nullable_interaction
GEMINI,public.tb_tipo_glicemia,v12_nullable_plus_sample_values,v05_plus_sample_values,nullable+sample_val vs sample_val,1,0.3333333333333333,0.8495005965232849,62681.0,61106.0,1575.0,P5_nullable_interaction
GEMINI,public.ta_medicamento_catmat,v13_nullable_plus_frequent_values,v06_plus_frequent_values,nullable+freq_val vs freq_val,1,0.6666666666666666,0.9338280558586121,44470.0,42895.0,1575.0,P5_nullable_interaction
GEMINI,public.ta_tecido_mole,v13_nullable_plus_frequent_values,v06_plus_frequent_values,nullable+freq_val vs freq_val,1,0.3333333333333333,0.5847914218902588,44470.0,42895.0,1575.0,P5_nullable_interaction
GEMINI,public.ta_vacinacao,v13_nullable_plus_frequent_values,v06_plus_frequent_values,nullable+freq_val vs freq_val,1,0.3333333333333333,0.7375722924868265,44470.0,42895.0,1575.0,P5_nullable_interaction
GEMINI,public.tb_antecedente,v13_nullable_plus_frequent_values,v06_plus_frequent_values,nullable+freq_val vs freq_val,1,0.0,0.7153058250745138,44470.0,42895.0,1575.0,P5_nullable_interaction
GEMINI,public.tb_ciap_ms,v13_nullable_plus_frequent_values,v06_plus_frequent_values,nullable+freq_val vs freq_val,1,0.0,0.553235669930776,44470.0,42895.0,1575.0,P5_nullable_interaction
GEMINI,public.tb_cidadao,v13_nullable_plus_frequent_values,v06_plus_frequent_values,nullable+freq_val vs freq_val,1,0.6666666666666666,0.8974374334017435,44470.0,42895.0,1575.0,P5_nullable_interaction
GEMINI,public.tb_cuidado_compartilhado_evol,v13_nullable_plus_frequent_values,v06_plus_frequent_values,nullable+freq_val vs freq_val,1,0.6666666666666666,0.6666661103566488,44470.0,42895.0,1575.0,P5_nullable_interaction
GEMINI,public.tb_dim_catmat,v13_nullable_plus_frequent_values,v06_plus_frequent_values,nullable+freq_val vs freq_val,1,0.3333333333333333,0.8731736342112223,44470.0,42895.0,1575.0,P5_nullable_interaction
GEMINI,public.tb_evolucao_odonto,v13_nullable_plus_frequent_values,v06_plus_frequent_values,nullable+freq_val vs freq_val,1,0.0,0.5572007298469543,44470.0,42895.0,1575.0,P5_nullable_interaction
GEMINI,public.tb_evolucao_subjetivo,v13_nullable_plus_frequent_values,v06_plus_frequent_values,nullable+freq_val vs freq_val,1,0.6666666666666666,0.9344155391057333,44470.0,42895.0,1575.0,P5_nullable_interaction
GEMINI,public.tb_exame_hemoglobina_glicada,v13_nullable_plus_frequent_values,v06_plus_frequent_values,nullable+freq_val vs freq_val,1,0.4,0.7607133150100708,44470.0,42895.0,1575.0,P5_nullable_interaction
GEMINI,public.tb_exame_prenatal,v13_nullable_plus_frequent_values,v06_plus_frequent_values,nullable+freq_val vs freq_val,1,0.6666666666666666,0.9381040533383688,44470.0,42895.0,1575.0,P5_nullable_interaction
GEMINI,public.tb_fat_atend_odonto_problemas,v13_nullable_plus_frequent_values,v06_plus_frequent_values,nullable+freq_val vs freq_val,1,0.0,0.8438389698664347,44470.0,42895.0,1575.0,P5_nullable_interaction
GEMINI,public.tb_fat_rel_op_risco_cardio,v13_nullable_plus_frequent_values,v06_plus_frequent_values,nullable+freq_val vs freq_val,1,0.6666666666666666,0.8667858640352885,44470.0,42895.0,1575.0,P5_nullable_interaction
GEMINI,public.tb_historico_dados_fao,v13_nullable_plus_frequent_values,v06_plus_frequent_values,nullable+freq_val vs freq_val,1,0.3333333333333333,0.8585336804389954,44470.0,42895.0,1575.0,P5_nullable_interaction
GEMINI,public.tb_justificativa_prontuario,v13_nullable_plus_frequent_values,v06_plus_frequent_values,nullable+freq_val vs freq_val,1,0.0,0.7841595808664957,44470.0,42895.0,1575.0,P5_nullable_interaction
GEMINI,public.tb_lembrete_evolucao,v13_nullable_plus_frequent_values,v06_plus_frequent_values,nullable+freq_val vs freq_val,1,0.3333333333333333,0.7948139309883118,44470.0,42895.0,1575.0,P5_nullable_interaction
GEMINI,public.tb_medicamento_uso_continuo,v13_nullable_plus_frequent_values,v06_plus_frequent_values,nullable+freq_val vs freq_val,1,0.3333333333333333,0.9130640228589376,44470.0,42895.0,1575.0,P5_nullable_interaction
GEMINI,public.tb_medicao,v13_nullable_plus_frequent_values,v06_plus_frequent_values,nullable+freq_val vs freq_val,1,0.6666666666666666,0.8448757727940878,44470.0,42895.0,1575.0,P5_nullable_interaction
GEMINI,public.tb_odontograma,v13_nullable_plus_frequent_values,v06_plus_frequent_values,nullable+freq_val vs freq_val,1,0.6666666666666666,0.9227426250775655,44470.0,42895.0,1575.0,P5_nullable_interaction
GEMINI,public.tb_problema,v13_nullable_plus_frequent_values,v06_plus_frequent_values,nullable+freq_val vs freq_val,1,0.3333333333333333,0.6086622675259908,44470.0,42895.0,1575.0,P5_nullable_interaction
GEMINI,public.tb_proced_exame_especifico,v13_nullable_plus_frequent_values,v06_plus_frequent_values,nullable+freq_val vs freq_val,1,0.0,0.7224306662877401,44470.0,42895.0,1575.0,P5_nullable_interaction
GEMINI,public.tb_raca_cor,v13_nullable_plus_frequent_values,v06_plus_frequent_values,nullable+freq_val vs freq_val,1,0.6666666666666666,0.8879088958104452,44470.0,42895.0,1575.0,P5_nullable_interaction
GEMINI,public.tb_tipo_glicemia,v13_nullable_plus_frequent_values,v06_plus_frequent_values,nullable+freq_val vs freq_val,1,0.8,0.7999993324279785,44470.0,42895.0,1575.0,P5_nullable_interaction
GEMINI,public.ta_medicamento_catmat,v14_nullable_plus_numeric_stats,v04_plus_numeric_stats,nullable+numeric_stats vs numeric_stats,1,0.3333333333333333,0.7099702755610148,35396.0,33821.0,1575.0,P5_nullable_interaction
GEMINI,public.ta_tecido_mole,v14_nullable_plus_numeric_stats,v04_plus_numeric_stats,nullable+numeric_stats vs numeric_stats,1,0.6666666666666666,0.9460683862368265,35396.0,33821.0,1575.0,P5_nullable_interaction
GEMINI,public.ta_vacinacao,v14_nullable_plus_numeric_stats,v04_plus_numeric_stats,nullable+numeric_stats vs numeric_stats,1,0.3333333333333333,0.7737333178520203,35396.0,33821.0,1575.0,P5_nullable_interaction
GEMINI,public.tb_antecedente,v14_nullable_plus_numeric_stats,v04_plus_numeric_stats,nullable+numeric_stats vs numeric_stats,1,0.6666666666666666,0.9709840615590414,35396.0,33821.0,1575.0,P5_nullable_interaction
GEMINI,public.tb_ciap_ms,v14_nullable_plus_numeric_stats,v04_plus_numeric_stats,nullable+numeric_stats vs numeric_stats,1,0.3333333333333333,0.5238567193349203,35396.0,33821.0,1575.0,P5_nullable_interaction
GEMINI,public.tb_cidadao,v14_nullable_plus_numeric_stats,v04_plus_numeric_stats,nullable+numeric_stats vs numeric_stats,1,0.6666666666666666,0.6666662891705831,35396.0,33821.0,1575.0,P5_nullable_interaction
GEMINI,public.tb_cuidado_compartilhado_evol,v14_nullable_plus_numeric_stats,v04_plus_numeric_stats,nullable+numeric_stats vs numeric_stats,1,0.0,0.8063774704933167,35396.0,33821.0,1575.0,P5_nullable_interaction
GEMINI,public.tb_dim_catmat,v14_nullable_plus_numeric_stats,v04_plus_numeric_stats,nullable+numeric_stats vs numeric_stats,1,0.0,0.474655548731486,35396.0,33821.0,1575.0,P5_nullable_interaction
GEMINI,public.tb_evolucao_odonto,v14_nullable_plus_numeric_stats,v04_plus_numeric_stats,nullable+numeric_stats vs numeric_stats,1,0.0,0.7522565722465515,35396.0,33821.0,1575.0,P5_nullable_interaction
GEMINI,public.tb_evolucao_subjetivo,v14_nullable_plus_numeric_stats,v04_plus_numeric_stats,nullable+numeric_stats vs numeric_stats,1,0.6666666666666666,0.9592646757761637,35396.0,33821.0,1575.0,P5_nullable_interaction
GEMINI,public.tb_exame_hemoglobina_glicada,v14_nullable_plus_numeric_stats,v04_plus_numeric_stats,nullable+numeric_stats vs numeric_stats,1,0.0,0.6384629011154175,35396.0,33821.0,1575.0,P5_nullable_interaction
GEMINI,public.tb_exame_prenatal,v14_nullable_plus_numeric_stats,v04_plus_numeric_stats,nullable+numeric_stats vs numeric_stats,1,0.6666666666666666,0.9180781642595927,35396.0,33821.0,1575.0,P5_nullable_interaction
GEMINI,public.tb_fat_atend_odonto_problemas,v14_nullable_plus_numeric_stats,v04_plus_numeric_stats,nullable+numeric_stats vs numeric_stats,1,0.3333333333333333,0.7386464675267538,35396.0,33821.0,1575.0,P5_nullable_interaction
GEMINI,public.tb_fat_rel_op_risco_cardio,v14_nullable_plus_numeric_stats,v04_plus_numeric_stats,nullable+numeric_stats vs numeric_stats,1,0.0,0.7124125560124716,35396.0,33821.0,1575.0,P5_nullable_interaction
GEMINI,public.tb_historico_dados_fao,v14_nullable_plus_numeric_stats,v04_plus_numeric_stats,nullable+numeric_stats vs numeric_stats,1,0.0,0.610569973786672,35396.0,33821.0,1575.0,P5_nullable_interaction
GEMINI,public.tb_justificativa_prontuario,v14_nullable_plus_numeric_stats,v04_plus_numeric_stats,nullable+numeric_stats vs numeric_stats,1,0.3333333333333333,0.8640207052230835,35396.0,33821.0,1575.0,P5_nullable_interaction
GEMINI,public.tb_lembrete_evolucao,v14_nullable_plus_numeric_stats,v04_plus_numeric_stats,nullable+numeric_stats vs numeric_stats,1,1.0,0.9999990661938986,35396.0,33821.0,1575.0,P5_nullable_interaction
GEMINI,public.tb_medicamento_uso_continuo,v14_nullable_plus_numeric_stats,v04_plus_numeric_stats,nullable+numeric_stats vs numeric_stats,1,0.3333333333333333,0.9130639433860779,35396.0,33821.0,1575.0,P5_nullable_interaction
GEMINI,public.tb_medicao,v14_nullable_plus_numeric_stats,v04_plus_numeric_stats,nullable+numeric_stats vs numeric_stats,1,0.3333333333333333,0.7476003170013428,35396.0,33821.0,1575.0,P5_nullable_interaction
GEMINI,public.tb_odontograma,v14_nullable_plus_numeric_stats,v04_plus_numeric_stats,nullable+numeric_stats vs numeric_stats,1,0.3333333333333333,0.8374982078870138,35396.0,33821.0,1575.0,P5_nullable_interaction
GEMINI,public.tb_problema,v14_nullable_plus_numeric_stats,v04_plus_numeric_stats,nullable+numeric_stats vs numeric_stats,1,0.0,0.8121553659439087,35396.0,33821.0,1575.0,P5_nullable_interaction
GEMINI,public.tb_proced_exame_especifico,v14_nullable_plus_numeric_stats,v04_plus_numeric_stats,nullable+numeric_stats vs numeric_stats,1,0.0,0.7809672951698303,35396.0,33821.0,1575.0,P5_nullable_interaction
GEMINI,public.tb_raca_cor,v14_nullable_plus_numeric_stats,v04_plus_numeric_stats,nullable+numeric_stats vs numeric_stats,1,0.3333333333333333,0.3333330949147542,35396.0,33821.0,1575.0,P5_nullable_interaction
GEMINI,public.tb_tipo_glicemia,v14_nullable_plus_numeric_stats,v04_plus_numeric_stats,nullable+numeric_stats vs numeric_stats,1,0.0,0.727443257967631,35396.0,33821.0,1575.0,P5_nullable_interaction
GEMINI,public.ta_medicamento_catmat,v03_plus_nullable,v00_baseline,nullable isolado vs baseline,1,0.3333333333333333,0.8988214532534281,24687.0,23246.0,1441.0,P5_nullable_interaction
GEMINI,public.ta_tecido_mole,v03_plus_nullable,v00_baseline,nullable isolado vs baseline,1,0.0,0.7119307319323221,24687.0,23246.0,1441.0,P5_nullable_interaction
GEMINI,public.ta_vacinacao,v03_plus_nullable,v00_baseline,nullable isolado vs baseline,1,0.3333333333333333,0.795847753683726,24687.0,23246.0,1441.0,P5_nullable_interaction
GEMINI,public.tb_antecedente,v03_plus_nullable,v00_baseline,nullable isolado vs baseline,1,0.3333333333333333,0.9120370745658875,24687.0,23246.0,1441.0,P5_nullable_interaction
GEMINI,public.tb_ciap_ms,v03_plus_nullable,v00_baseline,nullable isolado vs baseline,1,0.3333333333333333,0.9131017923355103,24687.0,23246.0,1441.0,P5_nullable_interaction
GEMINI,public.tb_cidadao,v03_plus_nullable,v00_baseline,nullable isolado vs baseline,1,0.6666666666666666,0.6666662891705831,24687.0,23246.0,1441.0,P5_nullable_interaction
GEMINI,public.tb_cuidado_compartilhado_evol,v03_plus_nullable,v00_baseline,nullable isolado vs baseline,1,0.3333333333333333,0.9076701005299886,24687.0,23246.0,1441.0,P5_nullable_interaction
GEMINI,public.tb_dim_catmat,v03_plus_nullable,v00_baseline,nullable isolado vs baseline,1,1.0,0.9999996622403463,24687.0,23246.0,1441.0,P5_nullable_interaction
GEMINI,public.tb_evolucao_odonto,v03_plus_nullable,v00_baseline,nullable isolado vs baseline,1,0.3333333333333333,0.814882496992747,24687.0,23246.0,1441.0,P5_nullable_interaction
GEMINI,public.tb_evolucao_subjetivo,v03_plus_nullable,v00_baseline,nullable isolado vs baseline,1,1.0,0.999999483426412,24687.0,23246.0,1441.0,P5_nullable_interaction
GEMINI,public.tb_exame_hemoglobina_glicada,v03_plus_nullable,v00_baseline,nullable isolado vs baseline,1,0.4,0.7607133150100708,24687.0,23246.0,1441.0,P5_nullable_interaction
GEMINI,public.tb_exame_prenatal,v03_plus_nullable,v00_baseline,nullable isolado vs baseline,1,0.3333333333333333,0.5847451090812683,24687.0,23246.0,1441.0,P5_nullable_interaction
GEMINI,public.tb_fat_atend_odonto_problemas,v03_plus_nullable,v00_baseline,nullable isolado vs baseline,1,0.6666666666666666,0.9676525394121805,24687.0,23246.0,1441.0,P5_nullable_interaction
GEMINI,public.tb_fat_rel_op_risco_cardio,v03_plus_nullable,v00_baseline,nullable isolado vs baseline,1,0.3333333333333333,0.8846278190612793,24687.0,23246.0,1441.0,P5_nullable_interaction
GEMINI,public.tb_historico_dados_fao,v03_plus_nullable,v00_baseline,nullable isolado vs baseline,1,0.3333333333333333,0.8971331318219503,24687.0,23246.0,1441.0,P5_nullable_interaction
GEMINI,public.tb_justificativa_prontuario,v03_plus_nullable,v00_baseline,nullable isolado vs baseline,1,1.0,0.9999995628992716,24687.0,23246.0,1441.0,P5_nullable_interaction
GEMINI,public.tb_lembrete_evolucao,v03_plus_nullable,v00_baseline,nullable isolado vs baseline,1,0.3333333333333333,0.8134351174036661,24687.0,23246.0,1441.0,P5_nullable_interaction
GEMINI,public.tb_medicamento_uso_continuo,v03_plus_nullable,v00_baseline,nullable isolado vs baseline,1,0.3333333333333333,0.803839365641276,24687.0,23246.0,1441.0,P5_nullable_interaction
GEMINI,public.tb_medicao,v03_plus_nullable,v00_baseline,nullable isolado vs baseline,1,0.0,0.7193219860394796,24687.0,23246.0,1441.0,P5_nullable_interaction
GEMINI,public.tb_odontograma,v03_plus_nullable,v00_baseline,nullable isolado vs baseline,1,0.3333333333333333,0.8165466984113058,24687.0,23246.0,1441.0,P5_nullable_interaction
GEMINI,public.tb_problema,v03_plus_nullable,v00_baseline,nullable isolado vs baseline,1,0.3333333333333333,0.7802385091781616,24687.0,23246.0,1441.0,P5_nullable_interaction
GEMINI,public.tb_proced_exame_especifico,v03_plus_nullable,v00_baseline,nullable isolado vs baseline,1,0.0,0.8280822038650513,24687.0,23246.0,1441.0,P5_nullable_interaction
GEMINI,public.tb_raca_cor,v03_plus_nullable,v00_baseline,nullable isolado vs baseline,1,0.0,0.6971892714500427,24687.0,23246.0,1441.0,P5_nullable_interaction
GEMINI,public.tb_tipo_glicemia,v03_plus_nullable,v00_baseline,nullable isolado vs baseline,1,0.8,0.7999994039535523,24687.0,23246.0,1441.0,P5_nullable_interaction
GEMINI,public.ta_medicamento_catmat,v00_baseline,v01_full,v00_baseline vs v01_full,1,0.3333333333333333,0.9388324022293091,23246.0,118078.0,-94832.0,P7_vs_full
GEMINI,public.ta_tecido_mole,v00_baseline,v01_full,v00_baseline vs v01_full,1,0.0,0.7073332667350769,23246.0,118078.0,-94832.0,P7_vs_full
GEMINI,public.ta_vacinacao,v00_baseline,v01_full,v00_baseline vs v01_full,1,0.6666666666666666,0.907967766125997,23246.0,118078.0,-94832.0,P7_vs_full
GEMINI,public.tb_antecedente,v00_baseline,v01_full,v00_baseline vs v01_full,1,0.6666666666666666,0.913487950960795,23246.0,118078.0,-94832.0,P7_vs_full
GEMINI,public.tb_ciap_ms,v00_baseline,v01_full,v00_baseline vs v01_full,1,0.3333333333333333,0.5256639719009399,23246.0,118078.0,-94832.0,P7_vs_full
GEMINI,public.tb_cidadao,v00_baseline,v01_full,v00_baseline vs v01_full,1,0.6666666666666666,0.6666662891705831,23246.0,118078.0,-94832.0,P7_vs_full
GEMINI,public.tb_cuidado_compartilhado_evol,v00_baseline,v01_full,v00_baseline vs v01_full,1,0.3333333333333333,0.8165345788002014,23246.0,118078.0,-94832.0,P7_vs_full
GEMINI,public.tb_dim_catmat,v00_baseline,v01_full,v00_baseline vs v01_full,1,0.0,0.6988214651743571,23246.0,118078.0,-94832.0,P7_vs_full
GEMINI,public.tb_evolucao_odonto,v00_baseline,v01_full,v00_baseline vs v01_full,1,0.0,0.7343884905179342,23246.0,118078.0,-94832.0,P7_vs_full
GEMINI,public.tb_evolucao_subjetivo,v00_baseline,v01_full,v00_baseline vs v01_full,1,0.3333333333333333,0.6845651467641195,23246.0,118078.0,-94832.0,P7_vs_full
GEMINI,public.tb_exame_hemoglobina_glicada,v00_baseline,v01_full,v00_baseline vs v01_full,1,0.8,0.7999995231628418,23246.0,118078.0,-94832.0,P7_vs_full
GEMINI,public.tb_exame_prenatal,v00_baseline,v01_full,v00_baseline vs v01_full,1,0.6666666666666666,0.8475416700045267,23246.0,118078.0,-94832.0,P7_vs_full
GEMINI,public.tb_fat_atend_odonto_problemas,v00_baseline,v01_full,v00_baseline vs v01_full,1,0.6666666666666666,0.6666660706202189,23246.0,118078.0,-94832.0,P7_vs_full
GEMINI,public.tb_fat_rel_op_risco_cardio,v00_baseline,v01_full,v00_baseline vs v01_full,1,0.0,0.47845572233200073,23246.0,118078.0,-94832.0,P7_vs_full
GEMINI,public.tb_historico_dados_fao,v00_baseline,v01_full,v00_baseline vs v01_full,1,0.0,0.2232972780863444,23246.0,118078.0,-94832.0,P7_vs_full
GEMINI,public.tb_justificativa_prontuario,v00_baseline,v01_full,v00_baseline vs v01_full,1,0.3333333333333333,0.8391003410021464,23246.0,118078.0,-94832.0,P7_vs_full
GEMINI,public.tb_lembrete_evolucao,v00_baseline,v01_full,v00_baseline vs v01_full,1,0.0,0.19973365465799967,23246.0,118078.0,-94832.0,P7_vs_full
GEMINI,public.tb_medicamento_uso_continuo,v00_baseline,v01_full,v00_baseline vs v01_full,1,0.3333333333333333,0.7399948239326477,23246.0,118078.0,-94832.0,P7_vs_full
GEMINI,public.tb_medicao,v00_baseline,v01_full,v00_baseline vs v01_full,1,0.3333333333333333,0.733193596204122,23246.0,118078.0,-94832.0,P7_vs_full
GEMINI,public.tb_odontograma,v00_baseline,v01_full,v00_baseline vs v01_full,1,0.0,0.7438737154006958,23246.0,118078.0,-94832.0,P7_vs_full
GEMINI,public.tb_problema,v00_baseline,v01_full,v00_baseline vs v01_full,1,0.3333333333333333,0.8633240858713785,23246.0,118078.0,-94832.0,P7_vs_full
GEMINI,public.tb_proced_exame_especifico,v00_baseline,v01_full,v00_baseline vs v01_full,1,0.0,0.6784141461054484,23246.0,118078.0,-94832.0,P7_vs_full
GEMINI,public.tb_raca_cor,v00_baseline,v01_full,v00_baseline vs v01_full,1,0.0,0.5402601361274719,23246.0,118078.0,-94832.0,P7_vs_full
GEMINI,public.tb_tipo_glicemia,v00_baseline,v01_full,v00_baseline vs v01_full,1,0.4,0.7733320713043212,23246.0,118078.0,-94832.0,P7_vs_full
GEMINI,public.ta_medicamento_catmat,v02_plus_fk,v01_full,v02_plus_fk vs v01_full,1,0.3333333333333333,0.725106438000997,27156.0,118078.0,-90922.0,P7_vs_full
GEMINI,public.ta_tecido_mole,v02_plus_fk,v01_full,v02_plus_fk vs v01_full,1,0.3333333333333333,0.799010713895162,27156.0,118078.0,-90922.0,P7_vs_full
GEMINI,public.ta_vacinacao,v02_plus_fk,v01_full,v02_plus_fk vs v01_full,1,0.3333333333333333,0.8702315886815389,27156.0,118078.0,-90922.0,P7_vs_full
GEMINI,public.tb_antecedente,v02_plus_fk,v01_full,v02_plus_fk vs v01_full,1,0.3333333333333333,0.8559073805809021,27156.0,118078.0,-90922.0,P7_vs_full
GEMINI,public.tb_ciap_ms,v02_plus_fk,v01_full,v02_plus_fk vs v01_full,1,0.3333333333333333,0.5577884316444397,27156.0,118078.0,-90922.0,P7_vs_full
GEMINI,public.tb_cidadao,v02_plus_fk,v01_full,v02_plus_fk vs v01_full,1,0.6666666666666666,0.8585486809412638,27156.0,118078.0,-90922.0,P7_vs_full
GEMINI,public.tb_cuidado_compartilhado_evol,v02_plus_fk,v01_full,v02_plus_fk vs v01_full,1,0.0,0.7935651739438375,27156.0,118078.0,-90922.0,P7_vs_full
GEMINI,public.tb_dim_catmat,v02_plus_fk,v01_full,v02_plus_fk vs v01_full,1,0.0,0.7938673893610636,27156.0,118078.0,-90922.0,P7_vs_full
GEMINI,public.tb_evolucao_odonto,v02_plus_fk,v01_full,v02_plus_fk vs v01_full,1,0.0,0.7277526458104452,27156.0,118078.0,-90922.0,P7_vs_full
GEMINI,public.tb_evolucao_subjetivo,v02_plus_fk,v01_full,v02_plus_fk vs v01_full,1,0.3333333333333333,0.6845651467641195,27156.0,118078.0,-90922.0,P7_vs_full
GEMINI,public.tb_exame_hemoglobina_glicada,v02_plus_fk,v01_full,v02_plus_fk vs v01_full,1,1.0,0.9999994039535522,27156.0,118078.0,-90922.0,P7_vs_full
GEMINI,public.tb_exame_prenatal,v02_plus_fk,v01_full,v02_plus_fk vs v01_full,1,1.0,0.9999991059303284,27156.0,118078.0,-90922.0,P7_vs_full
GEMINI,public.tb_fat_atend_odonto_problemas,v02_plus_fk,v01_full,v02_plus_fk vs v01_full,1,0.6666666666666666,0.6666660706202189,27156.0,118078.0,-90922.0,P7_vs_full
GEMINI,public.tb_fat_rel_op_risco_cardio,v02_plus_fk,v01_full,v02_plus_fk vs v01_full,1,0.3333333333333333,0.7833664218584696,27156.0,118078.0,-90922.0,P7_vs_full
GEMINI,public.tb_historico_dados_fao,v02_plus_fk,v01_full,v02_plus_fk vs v01_full,1,0.0,0.2232972780863444,27156.0,118078.0,-90922.0,P7_vs_full
GEMINI,public.tb_justificativa_prontuario,v02_plus_fk,v01_full,v02_plus_fk vs v01_full,1,0.3333333333333333,0.8149172067642212,27156.0,118078.0,-90922.0,P7_vs_full
GEMINI,public.tb_lembrete_evolucao,v02_plus_fk,v01_full,v02_plus_fk vs v01_full,1,0.0,0.0,27156.0,118078.0,-90922.0,P7_vs_full
GEMINI,public.tb_medicamento_uso_continuo,v02_plus_fk,v01_full,v02_plus_fk vs v01_full,1,0.3333333333333333,0.7837570309638977,27156.0,118078.0,-90922.0,P7_vs_full
GEMINI,public.tb_medicao,v02_plus_fk,v01_full,v02_plus_fk vs v01_full,1,0.3333333333333333,0.8918994466463724,27156.0,118078.0,-90922.0,P7_vs_full
GEMINI,public.tb_odontograma,v02_plus_fk,v01_full,v02_plus_fk vs v01_full,1,0.0,0.8273569146792094,27156.0,118078.0,-90922.0,P7_vs_full
GEMINI,public.tb_problema,v02_plus_fk,v01_full,v02_plus_fk vs v01_full,1,0.0,0.7266288797060648,27156.0,118078.0,-90922.0,P7_vs_full
GEMINI,public.tb_proced_exame_especifico,v02_plus_fk,v01_full,v02_plus_fk vs v01_full,1,0.0,0.7133370876312256,27156.0,118078.0,-90922.0,P7_vs_full
GEMINI,public.tb_raca_cor,v02_plus_fk,v01_full,v02_plus_fk vs v01_full,1,0.3333333333333333,0.524854818979899,27156.0,118078.0,-90922.0,P7_vs_full
GEMINI,public.tb_tipo_glicemia,v02_plus_fk,v01_full,v02_plus_fk vs v01_full,1,0.6666666666666666,0.6666661103566488,27156.0,118078.0,-90922.0,P7_vs_full
GEMINI,public.ta_medicamento_catmat,v03_plus_nullable,v01_full,v03_plus_nullable vs v01_full,1,0.3333333333333333,0.8687344392140707,24687.0,118078.0,-93391.0,P7_vs_full
GEMINI,public.ta_tecido_mole,v03_plus_nullable,v01_full,v03_plus_nullable vs v01_full,1,0.3333333333333333,0.5806624492009481,24687.0,118078.0,-93391.0,P7_vs_full
GEMINI,public.ta_vacinacao,v03_plus_nullable,v01_full,v03_plus_nullable vs v01_full,1,0.3333333333333333,0.7093474467595419,24687.0,118078.0,-93391.0,P7_vs_full
GEMINI,public.tb_antecedente,v03_plus_nullable,v01_full,v03_plus_nullable vs v01_full,1,0.3333333333333333,0.8952753146489462,24687.0,118078.0,-93391.0,P7_vs_full
GEMINI,public.tb_ciap_ms,v03_plus_nullable,v01_full,v03_plus_nullable vs v01_full,1,0.3333333333333333,0.5392964680989584,24687.0,118078.0,-93391.0,P7_vs_full
GEMINI,public.tb_cidadao,v03_plus_nullable,v01_full,v03_plus_nullable vs v01_full,1,0.6666666666666666,0.6666662891705831,24687.0,118078.0,-93391.0,P7_vs_full
GEMINI,public.tb_cuidado_compartilhado_evol,v03_plus_nullable,v01_full,v03_plus_nullable vs v01_full,1,0.0,0.60102778673172,24687.0,118078.0,-93391.0,P7_vs_full
GEMINI,public.tb_dim_catmat,v03_plus_nullable,v01_full,v03_plus_nullable vs v01_full,1,0.0,0.6988214651743571,24687.0,118078.0,-93391.0,P7_vs_full
GEMINI,public.tb_evolucao_odonto,v03_plus_nullable,v01_full,v03_plus_nullable vs v01_full,1,0.0,0.719377319018046,24687.0,118078.0,-93391.0,P7_vs_full
GEMINI,public.tb_evolucao_subjetivo,v03_plus_nullable,v01_full,v03_plus_nullable vs v01_full,1,0.3333333333333333,0.6845651467641195,24687.0,118078.0,-93391.0,P7_vs_full
GEMINI,public.tb_exame_hemoglobina_glicada,v03_plus_nullable,v01_full,v03_plus_nullable vs v01_full,1,0.5,0.9508916437625885,24687.0,118078.0,-93391.0,P7_vs_full
GEMINI,public.tb_exame_prenatal,v03_plus_nullable,v01_full,v03_plus_nullable vs v01_full,1,0.6666666666666666,0.8527052203814188,24687.0,118078.0,-93391.0,P7_vs_full
GEMINI,public.tb_fat_atend_odonto_problemas,v03_plus_nullable,v01_full,v03_plus_nullable vs v01_full,1,0.6666666666666666,0.6666660706202189,24687.0,118078.0,-93391.0,P7_vs_full
GEMINI,public.tb_fat_rel_op_risco_cardio,v03_plus_nullable,v01_full,v03_plus_nullable vs v01_full,1,0.0,0.5203706820805868,24687.0,118078.0,-93391.0,P7_vs_full
GEMINI,public.tb_historico_dados_fao,v03_plus_nullable,v01_full,v03_plus_nullable vs v01_full,1,0.0,0.2516757845878601,24687.0,118078.0,-93391.0,P7_vs_full
GEMINI,public.tb_justificativa_prontuario,v03_plus_nullable,v01_full,v03_plus_nullable vs v01_full,1,0.3333333333333333,0.8391003410021464,24687.0,118078.0,-93391.0,P7_vs_full
GEMINI,public.tb_lembrete_evolucao,v03_plus_nullable,v01_full,v03_plus_nullable vs v01_full,1,0.0,0.28556235631306964,24687.0,118078.0,-93391.0,P7_vs_full
GEMINI,public.tb_medicamento_uso_continuo,v03_plus_nullable,v01_full,v03_plus_nullable vs v01_full,1,0.3333333333333333,0.8290420373280843,24687.0,118078.0,-93391.0,P7_vs_full
GEMINI,public.tb_medicao,v03_plus_nullable,v01_full,v03_plus_nullable vs v01_full,1,0.3333333333333333,0.8278207778930664,24687.0,118078.0,-93391.0,P7_vs_full
GEMINI,public.tb_odontograma,v03_plus_nullable,v01_full,v03_plus_nullable vs v01_full,1,0.0,0.8060575127601624,24687.0,118078.0,-93391.0,P7_vs_full
GEMINI,public.tb_problema,v03_plus_nullable,v01_full,v03_plus_nullable vs v01_full,1,0.3333333333333333,0.8584757844607035,24687.0,118078.0,-93391.0,P7_vs_full
GEMINI,public.tb_proced_exame_especifico,v03_plus_nullable,v01_full,v03_plus_nullable vs v01_full,1,0.3333333333333333,0.8237541119257609,24687.0,118078.0,-93391.0,P7_vs_full
GEMINI,public.tb_raca_cor,v03_plus_nullable,v01_full,v03_plus_nullable vs v01_full,1,0.3333333333333333,0.5737398068110148,24687.0,118078.0,-93391.0,P7_vs_full
GEMINI,public.tb_tipo_glicemia,v03_plus_nullable,v01_full,v03_plus_nullable vs v01_full,1,0.3333333333333333,0.6444433927536011,24687.0,118078.0,-93391.0,P7_vs_full
GEMINI,public.ta_medicamento_catmat,v04_plus_numeric_stats,v01_full,v04_plus_numeric_stats vs v01_full,1,0.3333333333333333,0.836609959602356,33821.0,118078.0,-84257.0,P7_vs_full
GEMINI,public.ta_tecido_mole,v04_plus_numeric_stats,v01_full,v04_plus_numeric_stats vs v01_full,1,0.3333333333333333,0.8533089558283488,33821.0,118078.0,-84257.0,P7_vs_full
GEMINI,public.ta_vacinacao,v04_plus_numeric_stats,v01_full,v04_plus_numeric_stats vs v01_full,1,0.6666666666666666,0.9463009238243103,33821.0,118078.0,-84257.0,P7_vs_full
GEMINI,public.tb_antecedente,v04_plus_numeric_stats,v01_full,v04_plus_numeric_stats vs v01_full,1,0.3333333333333333,0.8573692440986633,33821.0,118078.0,-84257.0,P7_vs_full
GEMINI,public.tb_ciap_ms,v04_plus_numeric_stats,v01_full,v04_plus_numeric_stats vs v01_full,1,0.3333333333333333,0.33333301544189453,33821.0,118078.0,-84257.0,P7_vs_full
GEMINI,public.tb_cidadao,v04_plus_numeric_stats,v01_full,v04_plus_numeric_stats vs v01_full,1,0.6666666666666666,0.6666662891705831,33821.0,118078.0,-84257.0,P7_vs_full
GEMINI,public.tb_cuidado_compartilhado_evol,v04_plus_numeric_stats,v01_full,v04_plus_numeric_stats vs v01_full,1,0.0,0.5451608697573344,33821.0,118078.0,-84257.0,P7_vs_full
GEMINI,public.tb_dim_catmat,v04_plus_numeric_stats,v01_full,v04_plus_numeric_stats vs v01_full,1,0.3333333333333333,0.5848103761672974,33821.0,118078.0,-84257.0,P7_vs_full
GEMINI,public.tb_evolucao_odonto,v04_plus_numeric_stats,v01_full,v04_plus_numeric_stats vs v01_full,1,0.0,0.7522147297859192,33821.0,118078.0,-84257.0,P7_vs_full
GEMINI,public.tb_evolucao_subjetivo,v04_plus_numeric_stats,v01_full,v04_plus_numeric_stats vs v01_full,1,0.3333333333333333,0.6845651467641195,33821.0,118078.0,-84257.0,P7_vs_full
GEMINI,public.tb_exame_hemoglobina_glicada,v04_plus_numeric_stats,v01_full,v04_plus_numeric_stats vs v01_full,1,0.5,0.9508916437625885,33821.0,118078.0,-84257.0,P7_vs_full
GEMINI,public.tb_exame_prenatal,v04_plus_numeric_stats,v01_full,v04_plus_numeric_stats vs v01_full,1,0.6666666666666666,0.8527052203814188,33821.0,118078.0,-84257.0,P7_vs_full
GEMINI,public.tb_fat_atend_odonto_problemas,v04_plus_numeric_stats,v01_full,v04_plus_numeric_stats vs v01_full,1,0.3333333333333333,0.787061889966329,33821.0,118078.0,-84257.0,P7_vs_full
GEMINI,public.tb_fat_rel_op_risco_cardio,v04_plus_numeric_stats,v01_full,v04_plus_numeric_stats vs v01_full,1,0.3333333333333333,0.7402707735697428,33821.0,118078.0,-84257.0,P7_vs_full
GEMINI,public.tb_historico_dados_fao,v04_plus_numeric_stats,v01_full,v04_plus_numeric_stats vs v01_full,1,0.0,0.2516757845878601,33821.0,118078.0,-84257.0,P7_vs_full
GEMINI,public.tb_justificativa_prontuario,v04_plus_numeric_stats,v01_full,v04_plus_numeric_stats vs v01_full,1,0.0,0.7743946512540182,33821.0,118078.0,-84257.0,P7_vs_full
GEMINI,public.tb_lembrete_evolucao,v04_plus_numeric_stats,v01_full,v04_plus_numeric_stats vs v01_full,1,0.0,0.19973365465799967,33821.0,118078.0,-84257.0,P7_vs_full
GEMINI,public.tb_medicamento_uso_continuo,v04_plus_numeric_stats,v01_full,v04_plus_numeric_stats vs v01_full,1,0.0,0.7911315560340881,33821.0,118078.0,-84257.0,P7_vs_full
GEMINI,public.tb_medicao,v04_plus_numeric_stats,v01_full,v04_plus_numeric_stats vs v01_full,1,0.3333333333333333,0.5591110189755758,33821.0,118078.0,-84257.0,P7_vs_full
GEMINI,public.tb_odontograma,v04_plus_numeric_stats,v01_full,v04_plus_numeric_stats vs v01_full,1,0.0,0.8647980888684591,33821.0,118078.0,-84257.0,P7_vs_full
GEMINI,public.tb_problema,v04_plus_numeric_stats,v01_full,v04_plus_numeric_stats vs v01_full,1,0.0,0.8140517671902975,33821.0,118078.0,-84257.0,P7_vs_full
GEMINI,public.tb_proced_exame_especifico,v04_plus_numeric_stats,v01_full,v04_plus_numeric_stats vs v01_full,1,0.3333333333333333,0.8237541119257609,33821.0,118078.0,-84257.0,P7_vs_full
GEMINI,public.tb_raca_cor,v04_plus_numeric_stats,v01_full,v04_plus_numeric_stats vs v01_full,1,0.3333333333333333,0.6743743618329366,33821.0,118078.0,-84257.0,P7_vs_full
GEMINI,public.tb_tipo_glicemia,v04_plus_numeric_stats,v01_full,v04_plus_numeric_stats vs v01_full,1,0.0,0.5622042218844095,33821.0,118078.0,-84257.0,P7_vs_full
GEMINI,public.ta_medicamento_catmat,v05_plus_sample_values,v01_full,v05_plus_sample_values vs v01_full,1,0.3333333333333333,0.8876704970995585,61106.0,118078.0,-56972.0,P7_vs_full
GEMINI,public.ta_tecido_mole,v05_plus_sample_values,v01_full,v05_plus_sample_values vs v01_full,1,0.0,0.6055695613225301,61106.0,118078.0,-56972.0,P7_vs_full
GEMINI,public.ta_vacinacao,v05_plus_sample_values,v01_full,v05_plus_sample_values vs v01_full,1,0.3333333333333333,0.7435730497042338,61106.0,118078.0,-56972.0,P7_vs_full
GEMINI,public.tb_antecedente,v05_plus_sample_values,v01_full,v05_plus_sample_values vs v01_full,1,0.3333333333333333,0.7883351445198059,61106.0,118078.0,-56972.0,P7_vs_full
GEMINI,public.tb_ciap_ms,v05_plus_sample_values,v01_full,v05_plus_sample_values vs v01_full,1,0.0,0.4578169385592143,61106.0,118078.0,-56972.0,P7_vs_full
GEMINI,public.tb_cidadao,v05_plus_sample_values,v01_full,v05_plus_sample_values vs v01_full,1,0.6666666666666666,0.6666662891705831,61106.0,118078.0,-56972.0,P7_vs_full
GEMINI,public.tb_cuidado_compartilhado_evol,v05_plus_sample_values,v01_full,v05_plus_sample_values vs v01_full,1,0.3333333333333333,0.8548746705055237,61106.0,118078.0,-56972.0,P7_vs_full
GEMINI,public.tb_dim_catmat,v05_plus_sample_values,v01_full,v05_plus_sample_values vs v01_full,1,0.3333333333333333,0.7782328327496847,61106.0,118078.0,-56972.0,P7_vs_full
GEMINI,public.tb_evolucao_odonto,v05_plus_sample_values,v01_full,v05_plus_sample_values vs v01_full,1,0.3333333333333333,0.8341688513755798,61106.0,118078.0,-56972.0,P7_vs_full
GEMINI,public.tb_evolucao_subjetivo,v05_plus_sample_values,v01_full,v05_plus_sample_values vs v01_full,1,0.6666666666666666,0.887442926565806,61106.0,118078.0,-56972.0,P7_vs_full
GEMINI,public.tb_exame_hemoglobina_glicada,v05_plus_sample_values,v01_full,v05_plus_sample_values vs v01_full,1,0.0,0.7042597532272339,61106.0,118078.0,-56972.0,P7_vs_full
GEMINI,public.tb_exame_prenatal,v05_plus_sample_values,v01_full,v05_plus_sample_values vs v01_full,1,0.6666666666666666,0.8527052203814188,61106.0,118078.0,-56972.0,P7_vs_full
GEMINI,public.tb_fat_atend_odonto_problemas,v05_plus_sample_values,v01_full,v05_plus_sample_values vs v01_full,1,0.6666666666666666,0.6666660706202189,61106.0,118078.0,-56972.0,P7_vs_full
GEMINI,public.tb_fat_rel_op_risco_cardio,v05_plus_sample_values,v01_full,v05_plus_sample_values vs v01_full,1,0.6666666666666666,0.8987778027852377,61106.0,118078.0,-56972.0,P7_vs_full
GEMINI,public.tb_historico_dados_fao,v05_plus_sample_values,v01_full,v05_plus_sample_values vs v01_full,1,0.0,0.44648460547129315,61106.0,118078.0,-56972.0,P7_vs_full
GEMINI,public.tb_justificativa_prontuario,v05_plus_sample_values,v01_full,v05_plus_sample_values vs v01_full,1,0.0,0.8030270934104919,61106.0,118078.0,-56972.0,P7_vs_full
GEMINI,public.tb_lembrete_evolucao,v05_plus_sample_values,v01_full,v05_plus_sample_values vs v01_full,1,0.0,0.5638183752695719,61106.0,118078.0,-56972.0,P7_vs_full
GEMINI,public.tb_medicamento_uso_continuo,v05_plus_sample_values,v01_full,v05_plus_sample_values vs v01_full,1,0.3333333333333333,0.8290420373280843,61106.0,118078.0,-56972.0,P7_vs_full
GEMINI,public.tb_medicao,v05_plus_sample_values,v01_full,v05_plus_sample_values vs v01_full,1,0.3333333333333333,0.9044543306032816,61106.0,118078.0,-56972.0,P7_vs_full
GEMINI,public.tb_odontograma,v05_plus_sample_values,v01_full,v05_plus_sample_values vs v01_full,1,0.0,0.8060575127601624,61106.0,118078.0,-56972.0,P7_vs_full
GEMINI,public.tb_problema,v05_plus_sample_values,v01_full,v05_plus_sample_values vs v01_full,1,0.3333333333333333,0.5899053613344828,61106.0,118078.0,-56972.0,P7_vs_full
GEMINI,public.tb_proced_exame_especifico,v05_plus_sample_values,v01_full,v05_plus_sample_values vs v01_full,1,0.0,0.8518280784289042,61106.0,118078.0,-56972.0,P7_vs_full
GEMINI,public.tb_raca_cor,v05_plus_sample_values,v01_full,v05_plus_sample_values vs v01_full,1,0.3333333333333333,0.6013309558232626,61106.0,118078.0,-56972.0,P7_vs_full
GEMINI,public.tb_tipo_glicemia,v05_plus_sample_values,v01_full,v05_plus_sample_values vs v01_full,1,0.3333333333333333,0.5905251502990723,61106.0,118078.0,-56972.0,P7_vs_full
GEMINI,public.ta_medicamento_catmat,v06_plus_frequent_values,v01_full,v06_plus_frequent_values vs v01_full,1,1.0,0.999999463558197,42895.0,118078.0,-75183.0,P7_vs_full
GEMINI,public.ta_tecido_mole,v06_plus_frequent_values,v01_full,v06_plus_frequent_values vs v01_full,1,0.3333333333333333,0.5847914218902588,42895.0,118078.0,-75183.0,P7_vs_full
GEMINI,public.ta_vacinacao,v06_plus_frequent_values,v01_full,v06_plus_frequent_values vs v01_full,1,0.3333333333333333,0.8159659306208292,42895.0,118078.0,-75183.0,P7_vs_full
GEMINI,public.tb_antecedente,v06_plus_frequent_values,v01_full,v06_plus_frequent_values vs v01_full,1,0.3333333333333333,0.8489524324735006,42895.0,118078.0,-75183.0,P7_vs_full
GEMINI,public.tb_ciap_ms,v06_plus_frequent_values,v01_full,v06_plus_frequent_values vs v01_full,1,0.0,0.562596340974172,42895.0,118078.0,-75183.0,P7_vs_full
GEMINI,public.tb_cidadao,v06_plus_frequent_values,v01_full,v06_plus_frequent_values vs v01_full,1,0.6666666666666666,0.6666662891705831,42895.0,118078.0,-75183.0,P7_vs_full
GEMINI,public.tb_cuidado_compartilhado_evol,v06_plus_frequent_values,v01_full,v06_plus_frequent_values vs v01_full,1,0.0,0.527804970741272,42895.0,118078.0,-75183.0,P7_vs_full
GEMINI,public.tb_dim_catmat,v06_plus_frequent_values,v01_full,v06_plus_frequent_values vs v01_full,1,0.0,0.7641920844713846,42895.0,118078.0,-75183.0,P7_vs_full
GEMINI,public.tb_evolucao_odonto,v06_plus_frequent_values,v01_full,v06_plus_frequent_values vs v01_full,1,0.3333333333333333,0.8140417337417603,42895.0,118078.0,-75183.0,P7_vs_full
GEMINI,public.tb_evolucao_subjetivo,v06_plus_frequent_values,v01_full,v06_plus_frequent_values vs v01_full,1,0.3333333333333333,0.333333154519399,42895.0,118078.0,-75183.0,P7_vs_full
GEMINI,public.tb_exame_hemoglobina_glicada,v06_plus_frequent_values,v01_full,v06_plus_frequent_values vs v01_full,1,0.5,0.9508916437625885,42895.0,118078.0,-75183.0,P7_vs_full
GEMINI,public.tb_exame_prenatal,v06_plus_frequent_values,v01_full,v06_plus_frequent_values vs v01_full,1,0.6666666666666666,0.9003072381019592,42895.0,118078.0,-75183.0,P7_vs_full
GEMINI,public.tb_fat_atend_odonto_problemas,v06_plus_frequent_values,v01_full,v06_plus_frequent_values vs v01_full,1,0.3333333333333333,0.9110623399416605,42895.0,118078.0,-75183.0,P7_vs_full
GEMINI,public.tb_fat_rel_op_risco_cardio,v06_plus_frequent_values,v01_full,v06_plus_frequent_values vs v01_full,1,0.3333333333333333,0.7328370213508606,42895.0,118078.0,-75183.0,P7_vs_full
GEMINI,public.tb_historico_dados_fao,v06_plus_frequent_values,v01_full,v06_plus_frequent_values vs v01_full,1,0.3333333333333333,0.9243760506312052,42895.0,118078.0,-75183.0,P7_vs_full
GEMINI,public.tb_justificativa_prontuario,v06_plus_frequent_values,v01_full,v06_plus_frequent_values vs v01_full,1,0.0,0.7979744672775269,42895.0,118078.0,-75183.0,P7_vs_full
GEMINI,public.tb_lembrete_evolucao,v06_plus_frequent_values,v01_full,v06_plus_frequent_values vs v01_full,1,0.0,0.28556235631306964,42895.0,118078.0,-75183.0,P7_vs_full
GEMINI,public.tb_medicamento_uso_continuo,v06_plus_frequent_values,v01_full,v06_plus_frequent_values vs v01_full,1,0.3333333333333333,0.8290420373280843,42895.0,118078.0,-75183.0,P7_vs_full
GEMINI,public.tb_medicao,v06_plus_frequent_values,v01_full,v06_plus_frequent_values vs v01_full,1,0.6666666666666666,0.6666661103566488,42895.0,118078.0,-75183.0,P7_vs_full
GEMINI,public.tb_odontograma,v06_plus_frequent_values,v01_full,v06_plus_frequent_values vs v01_full,1,0.0,0.8647980888684591,42895.0,118078.0,-75183.0,P7_vs_full
GEMINI,public.tb_problema,v06_plus_frequent_values,v01_full,v06_plus_frequent_values vs v01_full,1,0.3333333333333333,0.9024006923039755,42895.0,118078.0,-75183.0,P7_vs_full
GEMINI,public.tb_proced_exame_especifico,v06_plus_frequent_values,v01_full,v06_plus_frequent_values vs v01_full,1,0.3333333333333333,0.775954027970632,42895.0,118078.0,-75183.0,P7_vs_full
GEMINI,public.tb_raca_cor,v06_plus_frequent_values,v01_full,v06_plus_frequent_values vs v01_full,1,0.3333333333333333,0.3333330949147542,42895.0,118078.0,-75183.0,P7_vs_full
GEMINI,public.tb_tipo_glicemia,v06_plus_frequent_values,v01_full,v06_plus_frequent_values vs v01_full,1,0.6666666666666666,0.6666661103566488,42895.0,118078.0,-75183.0,P7_vs_full
GEMINI,public.ta_medicamento_catmat,v07_plus_sample_rows,v01_full,v07_plus_sample_rows vs v01_full,1,0.0,0.7069001396497091,37322.0,118078.0,-80756.0,P7_vs_full
GEMINI,public.ta_tecido_mole,v07_plus_sample_rows,v01_full,v07_plus_sample_rows vs v01_full,1,0.3333333333333333,0.8183454275131226,37322.0,118078.0,-80756.0,P7_vs_full
GEMINI,public.ta_vacinacao,v07_plus_sample_rows,v01_full,v07_plus_sample_rows vs v01_full,1,0.3333333333333333,0.8182013432184855,37322.0,118078.0,-80756.0,P7_vs_full
GEMINI,public.tb_antecedente,v07_plus_sample_rows,v01_full,v07_plus_sample_rows vs v01_full,1,0.3333333333333333,0.7653706272443136,37322.0,118078.0,-80756.0,P7_vs_full
GEMINI,public.tb_ciap_ms,v07_plus_sample_rows,v01_full,v07_plus_sample_rows vs v01_full,1,0.0,0.4937831163406372,37322.0,118078.0,-80756.0,P7_vs_full
GEMINI,public.tb_cidadao,v07_plus_sample_rows,v01_full,v07_plus_sample_rows vs v01_full,1,0.6666666666666666,0.8442995349566141,37322.0,118078.0,-80756.0,P7_vs_full
GEMINI,public.tb_cuidado_compartilhado_evol,v07_plus_sample_rows,v01_full,v07_plus_sample_rows vs v01_full,1,0.0,0.5825973550478617,37322.0,118078.0,-80756.0,P7_vs_full
GEMINI,public.tb_dim_catmat,v07_plus_sample_rows,v01_full,v07_plus_sample_rows vs v01_full,1,0.0,0.7549800872802734,37322.0,118078.0,-80756.0,P7_vs_full
GEMINI,public.tb_evolucao_odonto,v07_plus_sample_rows,v01_full,v07_plus_sample_rows vs v01_full,1,0.0,0.6679230332374573,37322.0,118078.0,-80756.0,P7_vs_full
GEMINI,public.tb_evolucao_subjetivo,v07_plus_sample_rows,v01_full,v07_plus_sample_rows vs v01_full,1,0.0,0.6873390078544617,37322.0,118078.0,-80756.0,P7_vs_full
GEMINI,public.tb_exame_hemoglobina_glicada,v07_plus_sample_rows,v01_full,v07_plus_sample_rows vs v01_full,1,0.8,0.7999995231628418,37322.0,118078.0,-80756.0,P7_vs_full
GEMINI,public.tb_exame_prenatal,v07_plus_sample_rows,v01_full,v07_plus_sample_rows vs v01_full,1,0.6666666666666666,0.8606136639912924,37322.0,118078.0,-80756.0,P7_vs_full
GEMINI,public.tb_fat_atend_odonto_problemas,v07_plus_sample_rows,v01_full,v07_plus_sample_rows vs v01_full,1,0.0,0.7191651662190756,37322.0,118078.0,-80756.0,P7_vs_full
GEMINI,public.tb_fat_rel_op_risco_cardio,v07_plus_sample_rows,v01_full,v07_plus_sample_rows vs v01_full,1,0.3333333333333333,0.7293864687283834,37322.0,118078.0,-80756.0,P7_vs_full
GEMINI,public.tb_historico_dados_fao,v07_plus_sample_rows,v01_full,v07_plus_sample_rows vs v01_full,1,0.0,0.40682319800059,37322.0,118078.0,-80756.0,P7_vs_full
GEMINI,public.tb_justificativa_prontuario,v07_plus_sample_rows,v01_full,v07_plus_sample_rows vs v01_full,1,0.6666666666666666,0.9534776210784912,37322.0,118078.0,-80756.0,P7_vs_full
GEMINI,public.tb_lembrete_evolucao,v07_plus_sample_rows,v01_full,v07_plus_sample_rows vs v01_full,1,0.3333333333333333,0.5710803667704264,37322.0,118078.0,-80756.0,P7_vs_full
GEMINI,public.tb_medicamento_uso_continuo,v07_plus_sample_rows,v01_full,v07_plus_sample_rows vs v01_full,1,0.3333333333333333,0.8290420373280843,37322.0,118078.0,-80756.0,P7_vs_full
GEMINI,public.tb_medicao,v07_plus_sample_rows,v01_full,v07_plus_sample_rows vs v01_full,1,0.3333333333333333,0.7720655202865601,37322.0,118078.0,-80756.0,P7_vs_full
GEMINI,public.tb_odontograma,v07_plus_sample_rows,v01_full,v07_plus_sample_rows vs v01_full,1,0.0,0.8060575127601624,37322.0,118078.0,-80756.0,P7_vs_full
GEMINI,public.tb_problema,v07_plus_sample_rows,v01_full,v07_plus_sample_rows vs v01_full,1,0.0,0.5179655154546102,37322.0,118078.0,-80756.0,P7_vs_full
GEMINI,public.tb_proced_exame_especifico,v07_plus_sample_rows,v01_full,v07_plus_sample_rows vs v01_full,1,0.6666666666666666,0.8876212239265442,37322.0,118078.0,-80756.0,P7_vs_full
GEMINI,public.tb_raca_cor,v07_plus_sample_rows,v01_full,v07_plus_sample_rows vs v01_full,1,0.6666666666666666,0.9346641302108765,37322.0,118078.0,-80756.0,P7_vs_full
GEMINI,public.tb_tipo_glicemia,v07_plus_sample_rows,v01_full,v07_plus_sample_rows vs v01_full,1,0.8,0.7999993324279785,37322.0,118078.0,-80756.0,P7_vs_full
GEMINI,public.ta_medicamento_catmat,v08_fk_plus_sample_values,v01_full,v08_fk_plus_sample_values vs v01_full,1,0.6666666666666666,0.9531122843424479,65016.0,118078.0,-53062.0,P7_vs_full
GEMINI,public.ta_tecido_mole,v08_fk_plus_sample_values,v01_full,v08_fk_plus_sample_values vs v01_full,1,0.3333333333333333,0.8023295799891154,65016.0,118078.0,-53062.0,P7_vs_full
GEMINI,public.ta_vacinacao,v08_fk_plus_sample_values,v01_full,v08_fk_plus_sample_values vs v01_full,1,0.6666666666666666,0.9675857822100321,65016.0,118078.0,-53062.0,P7_vs_full
GEMINI,public.tb_antecedente,v08_fk_plus_sample_values,v01_full,v08_fk_plus_sample_values vs v01_full,1,0.0,0.6623311837514242,65016.0,118078.0,-53062.0,P7_vs_full
GEMINI,public.tb_ciap_ms,v08_fk_plus_sample_values,v01_full,v08_fk_plus_sample_values vs v01_full,1,0.3333333333333333,0.6858368714650472,65016.0,118078.0,-53062.0,P7_vs_full
GEMINI,public.tb_cidadao,v08_fk_plus_sample_values,v01_full,v08_fk_plus_sample_values vs v01_full,1,0.6666666666666666,0.8551439245541891,65016.0,118078.0,-53062.0,P7_vs_full
GEMINI,public.tb_cuidado_compartilhado_evol,v08_fk_plus_sample_values,v01_full,v08_fk_plus_sample_values vs v01_full,1,0.3333333333333333,0.7954853574434916,65016.0,118078.0,-53062.0,P7_vs_full
GEMINI,public.tb_dim_catmat,v08_fk_plus_sample_values,v01_full,v08_fk_plus_sample_values vs v01_full,1,0.0,0.7641920844713846,65016.0,118078.0,-53062.0,P7_vs_full
GEMINI,public.tb_evolucao_odonto,v08_fk_plus_sample_values,v01_full,v08_fk_plus_sample_values vs v01_full,1,0.3333333333333333,0.8177104989687601,65016.0,118078.0,-53062.0,P7_vs_full
GEMINI,public.tb_evolucao_subjetivo,v08_fk_plus_sample_values,v01_full,v08_fk_plus_sample_values vs v01_full,1,0.6666666666666666,0.8436019420623779,65016.0,118078.0,-53062.0,P7_vs_full
GEMINI,public.tb_exame_hemoglobina_glicada,v08_fk_plus_sample_values,v01_full,v08_fk_plus_sample_values vs v01_full,1,0.4,0.7607133150100708,65016.0,118078.0,-53062.0,P7_vs_full
GEMINI,public.tb_exame_prenatal,v08_fk_plus_sample_values,v01_full,v08_fk_plus_sample_values vs v01_full,1,0.6666666666666666,0.950239340464274,65016.0,118078.0,-53062.0,P7_vs_full
GEMINI,public.tb_fat_atend_odonto_problemas,v08_fk_plus_sample_values,v01_full,v08_fk_plus_sample_values vs v01_full,1,0.3333333333333333,0.9110623399416605,65016.0,118078.0,-53062.0,P7_vs_full
GEMINI,public.tb_fat_rel_op_risco_cardio,v08_fk_plus_sample_values,v01_full,v08_fk_plus_sample_values vs v01_full,1,0.3333333333333333,0.600033720334371,65016.0,118078.0,-53062.0,P7_vs_full
GEMINI,public.tb_historico_dados_fao,v08_fk_plus_sample_values,v01_full,v08_fk_plus_sample_values vs v01_full,1,0.0,0.4005749225616455,65016.0,118078.0,-53062.0,P7_vs_full
GEMINI,public.tb_justificativa_prontuario,v08_fk_plus_sample_values,v01_full,v08_fk_plus_sample_values vs v01_full,1,0.0,0.8648809194564819,65016.0,118078.0,-53062.0,P7_vs_full
GEMINI,public.tb_lembrete_evolucao,v08_fk_plus_sample_values,v01_full,v08_fk_plus_sample_values vs v01_full,1,0.0,0.5127968589464823,65016.0,118078.0,-53062.0,P7_vs_full
GEMINI,public.tb_medicamento_uso_continuo,v08_fk_plus_sample_values,v01_full,v08_fk_plus_sample_values vs v01_full,1,0.3333333333333333,0.8290420373280843,65016.0,118078.0,-53062.0,P7_vs_full
GEMINI,public.tb_medicao,v08_fk_plus_sample_values,v01_full,v08_fk_plus_sample_values vs v01_full,1,0.3333333333333333,0.5473297039667765,65016.0,118078.0,-53062.0,P7_vs_full
GEMINI,public.tb_odontograma,v08_fk_plus_sample_values,v01_full,v08_fk_plus_sample_values vs v01_full,1,0.0,0.8647980888684591,65016.0,118078.0,-53062.0,P7_vs_full
GEMINI,public.tb_problema,v08_fk_plus_sample_values,v01_full,v08_fk_plus_sample_values vs v01_full,1,0.0,0.5312746365865072,65016.0,118078.0,-53062.0,P7_vs_full
GEMINI,public.tb_proced_exame_especifico,v08_fk_plus_sample_values,v01_full,v08_fk_plus_sample_values vs v01_full,1,0.0,0.8298236131668091,65016.0,118078.0,-53062.0,P7_vs_full
GEMINI,public.tb_raca_cor,v08_fk_plus_sample_values,v01_full,v08_fk_plus_sample_values vs v01_full,1,0.3333333333333333,0.3333330949147542,65016.0,118078.0,-53062.0,P7_vs_full
GEMINI,public.tb_tipo_glicemia,v08_fk_plus_sample_values,v01_full,v08_fk_plus_sample_values vs v01_full,1,0.3333333333333333,0.570465624332428,65016.0,118078.0,-53062.0,P7_vs_full
GEMINI,public.ta_medicamento_catmat,v09_fk_plus_frequent_values,v01_full,v09_fk_plus_frequent_values vs v01_full,1,1.0,0.999999463558197,46805.0,118078.0,-71273.0,P7_vs_full
GEMINI,public.ta_tecido_mole,v09_fk_plus_frequent_values,v01_full,v09_fk_plus_frequent_values vs v01_full,1,0.3333333333333333,0.5847914218902588,46805.0,118078.0,-71273.0,P7_vs_full
GEMINI,public.ta_vacinacao,v09_fk_plus_frequent_values,v01_full,v09_fk_plus_frequent_values vs v01_full,1,0.3333333333333333,0.7116129000981649,46805.0,118078.0,-71273.0,P7_vs_full
GEMINI,public.tb_antecedente,v09_fk_plus_frequent_values,v01_full,v09_fk_plus_frequent_values vs v01_full,1,0.0,0.6767023603121439,46805.0,118078.0,-71273.0,P7_vs_full
GEMINI,public.tb_ciap_ms,v09_fk_plus_frequent_values,v01_full,v09_fk_plus_frequent_values vs v01_full,1,0.3333333333333333,0.7643989125887553,46805.0,118078.0,-71273.0,P7_vs_full
GEMINI,public.tb_cidadao,v09_fk_plus_frequent_values,v01_full,v09_fk_plus_frequent_values vs v01_full,1,0.6666666666666666,0.8585486809412638,46805.0,118078.0,-71273.0,P7_vs_full
GEMINI,public.tb_cuidado_compartilhado_evol,v09_fk_plus_frequent_values,v01_full,v09_fk_plus_frequent_values vs v01_full,1,0.0,0.7228352626164755,46805.0,118078.0,-71273.0,P7_vs_full
GEMINI,public.tb_dim_catmat,v09_fk_plus_frequent_values,v01_full,v09_fk_plus_frequent_values vs v01_full,1,0.0,0.8037343223889669,46805.0,118078.0,-71273.0,P7_vs_full
GEMINI,public.tb_evolucao_odonto,v09_fk_plus_frequent_values,v01_full,v09_fk_plus_frequent_values vs v01_full,1,0.3333333333333333,0.8177104989687601,46805.0,118078.0,-71273.0,P7_vs_full
GEMINI,public.tb_evolucao_subjetivo,v09_fk_plus_frequent_values,v01_full,v09_fk_plus_frequent_values vs v01_full,1,0.0,0.40051154295603436,46805.0,118078.0,-71273.0,P7_vs_full
GEMINI,public.tb_exame_hemoglobina_glicada,v09_fk_plus_frequent_values,v01_full,v09_fk_plus_frequent_values vs v01_full,1,1.0,0.9999994039535522,46805.0,118078.0,-71273.0,P7_vs_full
GEMINI,public.tb_exame_prenatal,v09_fk_plus_frequent_values,v01_full,v09_fk_plus_frequent_values vs v01_full,1,0.6666666666666666,0.8527052203814188,46805.0,118078.0,-71273.0,P7_vs_full
GEMINI,public.tb_fat_atend_odonto_problemas,v09_fk_plus_frequent_values,v01_full,v09_fk_plus_frequent_values vs v01_full,1,0.3333333333333333,0.8054004510243734,46805.0,118078.0,-71273.0,P7_vs_full
GEMINI,public.tb_fat_rel_op_risco_cardio,v09_fk_plus_frequent_values,v01_full,v09_fk_plus_frequent_values vs v01_full,1,0.3333333333333333,0.7747519810994467,46805.0,118078.0,-71273.0,P7_vs_full
GEMINI,public.tb_historico_dados_fao,v09_fk_plus_frequent_values,v01_full,v09_fk_plus_frequent_values vs v01_full,1,0.0,0.7430351575215658,46805.0,118078.0,-71273.0,P7_vs_full
GEMINI,public.tb_justificativa_prontuario,v09_fk_plus_frequent_values,v01_full,v09_fk_plus_frequent_values vs v01_full,1,0.0,0.745239794254303,46805.0,118078.0,-71273.0,P7_vs_full
GEMINI,public.tb_lembrete_evolucao,v09_fk_plus_frequent_values,v01_full,v09_fk_plus_frequent_values vs v01_full,1,0.0,0.0,46805.0,118078.0,-71273.0,P7_vs_full
GEMINI,public.tb_medicamento_uso_continuo,v09_fk_plus_frequent_values,v01_full,v09_fk_plus_frequent_values vs v01_full,1,0.3333333333333333,0.8290420373280843,46805.0,118078.0,-71273.0,P7_vs_full
GEMINI,public.tb_medicao,v09_fk_plus_frequent_values,v01_full,v09_fk_plus_frequent_values vs v01_full,1,0.6666666666666666,0.9528219898541769,46805.0,118078.0,-71273.0,P7_vs_full
GEMINI,public.tb_odontograma,v09_fk_plus_frequent_values,v01_full,v09_fk_plus_frequent_values vs v01_full,1,0.0,0.7438737154006958,46805.0,118078.0,-71273.0,P7_vs_full
GEMINI,public.tb_problema,v09_fk_plus_frequent_values,v01_full,v09_fk_plus_frequent_values vs v01_full,1,0.3333333333333333,0.6045320630073547,46805.0,118078.0,-71273.0,P7_vs_full
GEMINI,public.tb_proced_exame_especifico,v09_fk_plus_frequent_values,v01_full,v09_fk_plus_frequent_values vs v01_full,1,0.0,0.7103816072146097,46805.0,118078.0,-71273.0,P7_vs_full
GEMINI,public.tb_raca_cor,v09_fk_plus_frequent_values,v01_full,v09_fk_plus_frequent_values vs v01_full,1,0.3333333333333333,0.5316895643870035,46805.0,118078.0,-71273.0,P7_vs_full
GEMINI,public.tb_tipo_glicemia,v09_fk_plus_frequent_values,v01_full,v09_fk_plus_frequent_values vs v01_full,1,0.6666666666666666,0.6666661103566488,46805.0,118078.0,-71273.0,P7_vs_full
GEMINI,public.ta_medicamento_catmat,v10_fk_plus_sample_and_frequent,v01_full,v10_fk_plus_sample_and_frequent vs v01_full,1,0.3333333333333333,0.9214256405830383,83443.0,118078.0,-34635.0,P7_vs_full
GEMINI,public.ta_tecido_mole,v10_fk_plus_sample_and_frequent,v01_full,v10_fk_plus_sample_and_frequent vs v01_full,1,0.3333333333333333,0.5847914218902588,83443.0,118078.0,-34635.0,P7_vs_full
GEMINI,public.ta_vacinacao,v10_fk_plus_sample_and_frequent,v01_full,v10_fk_plus_sample_and_frequent vs v01_full,1,0.3333333333333333,0.6345884203910828,83443.0,118078.0,-34635.0,P7_vs_full
GEMINI,public.tb_antecedente,v10_fk_plus_sample_and_frequent,v01_full,v10_fk_plus_sample_and_frequent vs v01_full,1,0.6666666666666666,0.9287619590759277,83443.0,118078.0,-34635.0,P7_vs_full
GEMINI,public.tb_ciap_ms,v10_fk_plus_sample_and_frequent,v01_full,v10_fk_plus_sample_and_frequent vs v01_full,1,0.0,0.5237065553665161,83443.0,118078.0,-34635.0,P7_vs_full
GEMINI,public.tb_cidadao,v10_fk_plus_sample_and_frequent,v01_full,v10_fk_plus_sample_and_frequent vs v01_full,1,0.3333333333333333,0.7878980239232382,83443.0,118078.0,-34635.0,P7_vs_full
GEMINI,public.tb_cuidado_compartilhado_evol,v10_fk_plus_sample_and_frequent,v01_full,v10_fk_plus_sample_and_frequent vs v01_full,1,0.3333333333333333,0.8597897092501322,83443.0,118078.0,-34635.0,P7_vs_full
GEMINI,public.tb_dim_catmat,v10_fk_plus_sample_and_frequent,v01_full,v10_fk_plus_sample_and_frequent vs v01_full,1,0.3333333333333333,0.8807052771250407,83443.0,118078.0,-34635.0,P7_vs_full
GEMINI,public.tb_evolucao_odonto,v10_fk_plus_sample_and_frequent,v01_full,v10_fk_plus_sample_and_frequent vs v01_full,1,0.6666666666666666,0.6666662891705831,83443.0,118078.0,-34635.0,P7_vs_full
GEMINI,public.tb_evolucao_subjetivo,v10_fk_plus_sample_and_frequent,v01_full,v10_fk_plus_sample_and_frequent vs v01_full,1,0.3333333333333333,0.7508973280588785,83443.0,118078.0,-34635.0,P7_vs_full
GEMINI,public.tb_exame_hemoglobina_glicada,v10_fk_plus_sample_and_frequent,v01_full,v10_fk_plus_sample_and_frequent vs v01_full,1,0.4,0.7607133150100708,83443.0,118078.0,-34635.0,P7_vs_full
GEMINI,public.tb_exame_prenatal,v10_fk_plus_sample_and_frequent,v01_full,v10_fk_plus_sample_and_frequent vs v01_full,1,0.6666666666666666,0.8522584239641825,83443.0,118078.0,-34635.0,P7_vs_full
GEMINI,public.tb_fat_atend_odonto_problemas,v10_fk_plus_sample_and_frequent,v01_full,v10_fk_plus_sample_and_frequent vs v01_full,1,0.6666666666666666,0.8696864247322083,83443.0,118078.0,-34635.0,P7_vs_full
GEMINI,public.tb_fat_rel_op_risco_cardio,v10_fk_plus_sample_and_frequent,v01_full,v10_fk_plus_sample_and_frequent vs v01_full,1,0.3333333333333333,0.609043558438619,83443.0,118078.0,-34635.0,P7_vs_full
GEMINI,public.tb_historico_dados_fao,v10_fk_plus_sample_and_frequent,v01_full,v10_fk_plus_sample_and_frequent vs v01_full,1,0.0,0.48821504910786945,83443.0,118078.0,-34635.0,P7_vs_full
GEMINI,public.tb_justificativa_prontuario,v10_fk_plus_sample_and_frequent,v01_full,v10_fk_plus_sample_and_frequent vs v01_full,1,0.0,0.7697425484657288,83443.0,118078.0,-34635.0,P7_vs_full
GEMINI,public.tb_lembrete_evolucao,v10_fk_plus_sample_and_frequent,v01_full,v10_fk_plus_sample_and_frequent vs v01_full,1,0.3333333333333333,0.8142481644948324,83443.0,118078.0,-34635.0,P7_vs_full
GEMINI,public.tb_medicamento_uso_continuo,v10_fk_plus_sample_and_frequent,v01_full,v10_fk_plus_sample_and_frequent vs v01_full,1,0.3333333333333333,0.8290420373280843,83443.0,118078.0,-34635.0,P7_vs_full
GEMINI,public.tb_medicao,v10_fk_plus_sample_and_frequent,v01_full,v10_fk_plus_sample_and_frequent vs v01_full,1,0.6666666666666666,0.9528219898541769,83443.0,118078.0,-34635.0,P7_vs_full
GEMINI,public.tb_odontograma,v10_fk_plus_sample_and_frequent,v01_full,v10_fk_plus_sample_and_frequent vs v01_full,1,0.0,0.8647980888684591,83443.0,118078.0,-34635.0,P7_vs_full
GEMINI,public.tb_problema,v10_fk_plus_sample_and_frequent,v01_full,v10_fk_plus_sample_and_frequent vs v01_full,1,0.3333333333333333,0.6045320630073547,83443.0,118078.0,-34635.0,P7_vs_full
GEMINI,public.tb_proced_exame_especifico,v10_fk_plus_sample_and_frequent,v01_full,v10_fk_plus_sample_and_frequent vs v01_full,1,0.0,0.8298236131668091,83443.0,118078.0,-34635.0,P7_vs_full
GEMINI,public.tb_raca_cor,v10_fk_plus_sample_and_frequent,v01_full,v10_fk_plus_sample_and_frequent vs v01_full,1,0.3333333333333333,0.3333330949147542,83443.0,118078.0,-34635.0,P7_vs_full
GEMINI,public.tb_tipo_glicemia,v10_fk_plus_sample_and_frequent,v01_full,v10_fk_plus_sample_and_frequent vs v01_full,1,0.3333333333333333,0.6444433927536011,83443.0,118078.0,-34635.0,P7_vs_full
GEMINI,public.ta_medicamento_catmat,v11_fk_plus_sample_rows,v01_full,v11_fk_plus_sample_rows vs v01_full,1,0.6666666666666666,0.6666664083798727,41232.0,118078.0,-76846.0,P7_vs_full
GEMINI,public.ta_tecido_mole,v11_fk_plus_sample_rows,v01_full,v11_fk_plus_sample_rows vs v01_full,1,0.6666666666666666,0.8900270462036133,41232.0,118078.0,-76846.0,P7_vs_full
GEMINI,public.ta_vacinacao,v11_fk_plus_sample_rows,v01_full,v11_fk_plus_sample_rows vs v01_full,1,0.3333333333333333,0.9371350804964701,41232.0,118078.0,-76846.0,P7_vs_full
GEMINI,public.tb_antecedente,v11_fk_plus_sample_rows,v01_full,v11_fk_plus_sample_rows vs v01_full,1,0.6666666666666666,0.9287619590759277,41232.0,118078.0,-76846.0,P7_vs_full
GEMINI,public.tb_ciap_ms,v11_fk_plus_sample_rows,v01_full,v11_fk_plus_sample_rows vs v01_full,1,0.3333333333333333,0.5977038542429606,41232.0,118078.0,-76846.0,P7_vs_full
GEMINI,public.tb_cidadao,v11_fk_plus_sample_rows,v01_full,v11_fk_plus_sample_rows vs v01_full,1,0.6666666666666666,0.8628185590108236,41232.0,118078.0,-76846.0,P7_vs_full
GEMINI,public.tb_cuidado_compartilhado_evol,v11_fk_plus_sample_rows,v01_full,v11_fk_plus_sample_rows vs v01_full,1,0.0,0.6771947940190634,41232.0,118078.0,-76846.0,P7_vs_full
GEMINI,public.tb_dim_catmat,v11_fk_plus_sample_rows,v01_full,v11_fk_plus_sample_rows vs v01_full,1,0.0,0.527580996354421,41232.0,118078.0,-76846.0,P7_vs_full
GEMINI,public.tb_evolucao_odonto,v11_fk_plus_sample_rows,v01_full,v11_fk_plus_sample_rows vs v01_full,1,0.0,0.7522147297859192,41232.0,118078.0,-76846.0,P7_vs_full
GEMINI,public.tb_evolucao_subjetivo,v11_fk_plus_sample_rows,v01_full,v11_fk_plus_sample_rows vs v01_full,1,0.3333333333333333,0.333333154519399,41232.0,118078.0,-76846.0,P7_vs_full
GEMINI,public.tb_exame_hemoglobina_glicada,v11_fk_plus_sample_rows,v01_full,v11_fk_plus_sample_rows vs v01_full,1,0.8,0.7999995231628418,41232.0,118078.0,-76846.0,P7_vs_full
GEMINI,public.tb_exame_prenatal,v11_fk_plus_sample_rows,v01_full,v11_fk_plus_sample_rows vs v01_full,1,0.6666666666666666,0.8527052203814188,41232.0,118078.0,-76846.0,P7_vs_full
GEMINI,public.tb_fat_atend_odonto_problemas,v11_fk_plus_sample_rows,v01_full,v11_fk_plus_sample_rows vs v01_full,1,0.6666666666666666,0.8696864247322083,41232.0,118078.0,-76846.0,P7_vs_full
GEMINI,public.tb_fat_rel_op_risco_cardio,v11_fk_plus_sample_rows,v01_full,v11_fk_plus_sample_rows vs v01_full,1,0.3333333333333333,0.7760404944419861,41232.0,118078.0,-76846.0,P7_vs_full
GEMINI,public.tb_historico_dados_fao,v11_fk_plus_sample_rows,v01_full,v11_fk_plus_sample_rows vs v01_full,1,0.0,0.44586823383967084,41232.0,118078.0,-76846.0,P7_vs_full
GEMINI,public.tb_justificativa_prontuario,v11_fk_plus_sample_rows,v01_full,v11_fk_plus_sample_rows vs v01_full,1,0.0,0.7968361179033915,41232.0,118078.0,-76846.0,P7_vs_full
GEMINI,public.tb_lembrete_evolucao,v11_fk_plus_sample_rows,v01_full,v11_fk_plus_sample_rows vs v01_full,1,0.0,0.40976574023564655,41232.0,118078.0,-76846.0,P7_vs_full
GEMINI,public.tb_medicamento_uso_continuo,v11_fk_plus_sample_rows,v01_full,v11_fk_plus_sample_rows vs v01_full,1,0.3333333333333333,0.8290420373280843,41232.0,118078.0,-76846.0,P7_vs_full
GEMINI,public.tb_medicao,v11_fk_plus_sample_rows,v01_full,v11_fk_plus_sample_rows vs v01_full,1,0.6666666666666666,0.9713561534881592,41232.0,118078.0,-76846.0,P7_vs_full
GEMINI,public.tb_odontograma,v11_fk_plus_sample_rows,v01_full,v11_fk_plus_sample_rows vs v01_full,1,0.0,0.8060575127601624,41232.0,118078.0,-76846.0,P7_vs_full
GEMINI,public.tb_problema,v11_fk_plus_sample_rows,v01_full,v11_fk_plus_sample_rows vs v01_full,1,0.3333333333333333,0.6045320630073547,41232.0,118078.0,-76846.0,P7_vs_full
GEMINI,public.tb_proced_exame_especifico,v11_fk_plus_sample_rows,v01_full,v11_fk_plus_sample_rows vs v01_full,1,0.3333333333333333,0.7986241579055786,41232.0,118078.0,-76846.0,P7_vs_full
GEMINI,public.tb_raca_cor,v11_fk_plus_sample_rows,v01_full,v11_fk_plus_sample_rows vs v01_full,1,0.3333333333333333,0.6013309558232626,41232.0,118078.0,-76846.0,P7_vs_full
GEMINI,public.tb_tipo_glicemia,v11_fk_plus_sample_rows,v01_full,v11_fk_plus_sample_rows vs v01_full,1,0.3333333333333333,0.6444433927536011,41232.0,118078.0,-76846.0,P7_vs_full
GEMINI,public.ta_medicamento_catmat,v12_nullable_plus_sample_values,v01_full,v12_nullable_plus_sample_values vs v01_full,1,0.6666666666666666,0.8662671049435934,62681.0,118078.0,-55397.0,P7_vs_full
GEMINI,public.ta_tecido_mole,v12_nullable_plus_sample_values,v01_full,v12_nullable_plus_sample_values vs v01_full,1,0.3333333333333333,0.5847914218902588,62681.0,118078.0,-55397.0,P7_vs_full
GEMINI,public.ta_vacinacao,v12_nullable_plus_sample_values,v01_full,v12_nullable_plus_sample_values vs v01_full,1,0.3333333333333333,0.632733960946401,62681.0,118078.0,-55397.0,P7_vs_full
GEMINI,public.tb_antecedente,v12_nullable_plus_sample_values,v01_full,v12_nullable_plus_sample_values vs v01_full,1,0.0,0.6835361321767172,62681.0,118078.0,-55397.0,P7_vs_full
GEMINI,public.tb_ciap_ms,v12_nullable_plus_sample_values,v01_full,v12_nullable_plus_sample_values vs v01_full,1,0.3333333333333333,0.7242887616157532,62681.0,118078.0,-55397.0,P7_vs_full
GEMINI,public.tb_cidadao,v12_nullable_plus_sample_values,v01_full,v12_nullable_plus_sample_values vs v01_full,1,0.6666666666666666,0.6666662891705831,62681.0,118078.0,-55397.0,P7_vs_full
GEMINI,public.tb_cuidado_compartilhado_evol,v12_nullable_plus_sample_values,v01_full,v12_nullable_plus_sample_values vs v01_full,1,0.3333333333333333,0.9236445228258768,62681.0,118078.0,-55397.0,P7_vs_full
GEMINI,public.tb_dim_catmat,v12_nullable_plus_sample_values,v01_full,v12_nullable_plus_sample_values vs v01_full,1,0.6666666666666666,0.9020859201749166,62681.0,118078.0,-55397.0,P7_vs_full
GEMINI,public.tb_evolucao_odonto,v12_nullable_plus_sample_values,v01_full,v12_nullable_plus_sample_values vs v01_full,1,0.0,0.49444901943206787,62681.0,118078.0,-55397.0,P7_vs_full
GEMINI,public.tb_evolucao_subjetivo,v12_nullable_plus_sample_values,v01_full,v12_nullable_plus_sample_values vs v01_full,1,0.6666666666666666,0.9555535713831583,62681.0,118078.0,-55397.0,P7_vs_full
GEMINI,public.tb_exame_hemoglobina_glicada,v12_nullable_plus_sample_values,v01_full,v12_nullable_plus_sample_values vs v01_full,1,0.8,0.7999995231628418,62681.0,118078.0,-55397.0,P7_vs_full
GEMINI,public.tb_exame_prenatal,v12_nullable_plus_sample_values,v01_full,v12_nullable_plus_sample_values vs v01_full,1,0.6666666666666666,0.8563513159751892,62681.0,118078.0,-55397.0,P7_vs_full
GEMINI,public.tb_fat_atend_odonto_problemas,v12_nullable_plus_sample_values,v01_full,v12_nullable_plus_sample_values vs v01_full,1,0.6666666666666666,0.6666660706202189,62681.0,118078.0,-55397.0,P7_vs_full
GEMINI,public.tb_fat_rel_op_risco_cardio,v12_nullable_plus_sample_values,v01_full,v12_nullable_plus_sample_values vs v01_full,1,0.3333333333333333,0.7293864687283834,62681.0,118078.0,-55397.0,P7_vs_full
GEMINI,public.tb_historico_dados_fao,v12_nullable_plus_sample_values,v01_full,v12_nullable_plus_sample_values vs v01_full,1,0.0,0.23441731929779053,62681.0,118078.0,-55397.0,P7_vs_full
GEMINI,public.tb_justificativa_prontuario,v12_nullable_plus_sample_values,v01_full,v12_nullable_plus_sample_values vs v01_full,1,0.6666666666666666,0.9489477078119913,62681.0,118078.0,-55397.0,P7_vs_full
GEMINI,public.tb_lembrete_evolucao,v12_nullable_plus_sample_values,v01_full,v12_nullable_plus_sample_values vs v01_full,1,0.6666666666666666,0.6666662693023682,62681.0,118078.0,-55397.0,P7_vs_full
GEMINI,public.tb_medicamento_uso_continuo,v12_nullable_plus_sample_values,v01_full,v12_nullable_plus_sample_values vs v01_full,1,0.3333333333333333,0.7605542143185934,62681.0,118078.0,-55397.0,P7_vs_full
GEMINI,public.tb_medicao,v12_nullable_plus_sample_values,v01_full,v12_nullable_plus_sample_values vs v01_full,1,0.3333333333333333,0.924178938070933,62681.0,118078.0,-55397.0,P7_vs_full
GEMINI,public.tb_odontograma,v12_nullable_plus_sample_values,v01_full,v12_nullable_plus_sample_values vs v01_full,1,0.0,0.7590373357137045,62681.0,118078.0,-55397.0,P7_vs_full
GEMINI,public.tb_problema,v12_nullable_plus_sample_values,v01_full,v12_nullable_plus_sample_values vs v01_full,1,0.3333333333333333,0.6045320630073547,62681.0,118078.0,-55397.0,P7_vs_full
GEMINI,public.tb_proced_exame_especifico,v12_nullable_plus_sample_values,v01_full,v12_nullable_plus_sample_values vs v01_full,1,0.0,0.8107887705167135,62681.0,118078.0,-55397.0,P7_vs_full
GEMINI,public.tb_raca_cor,v12_nullable_plus_sample_values,v01_full,v12_nullable_plus_sample_values vs v01_full,1,0.3333333333333333,0.5476671059926351,62681.0,118078.0,-55397.0,P7_vs_full
GEMINI,public.tb_tipo_glicemia,v12_nullable_plus_sample_values,v01_full,v12_nullable_plus_sample_values vs v01_full,1,0.6666666666666666,0.880644957224528,62681.0,118078.0,-55397.0,P7_vs_full
GEMINI,public.ta_medicamento_catmat,v13_nullable_plus_frequent_values,v01_full,v13_nullable_plus_frequent_values vs v01_full,1,0.6666666666666666,0.9338280558586121,44470.0,118078.0,-73608.0,P7_vs_full
GEMINI,public.ta_tecido_mole,v13_nullable_plus_frequent_values,v01_full,v13_nullable_plus_frequent_values vs v01_full,1,0.6666666666666666,0.9139955043792725,44470.0,118078.0,-73608.0,P7_vs_full
GEMINI,public.ta_vacinacao,v13_nullable_plus_frequent_values,v01_full,v13_nullable_plus_frequent_values vs v01_full,1,0.6666666666666666,0.8490420579910278,44470.0,118078.0,-73608.0,P7_vs_full
GEMINI,public.tb_antecedente,v13_nullable_plus_frequent_values,v01_full,v13_nullable_plus_frequent_values vs v01_full,1,0.0,0.7190702557563782,44470.0,118078.0,-73608.0,P7_vs_full
GEMINI,public.tb_ciap_ms,v13_nullable_plus_frequent_values,v01_full,v13_nullable_plus_frequent_values vs v01_full,1,0.3333333333333333,0.7414186398188273,44470.0,118078.0,-73608.0,P7_vs_full
GEMINI,public.tb_cidadao,v13_nullable_plus_frequent_values,v01_full,v13_nullable_plus_frequent_values vs v01_full,1,0.6666666666666666,0.6666662891705831,44470.0,118078.0,-73608.0,P7_vs_full
GEMINI,public.tb_cuidado_compartilhado_evol,v13_nullable_plus_frequent_values,v01_full,v13_nullable_plus_frequent_values vs v01_full,1,0.0,0.7111790180206299,44470.0,118078.0,-73608.0,P7_vs_full
GEMINI,public.tb_dim_catmat,v13_nullable_plus_frequent_values,v01_full,v13_nullable_plus_frequent_values vs v01_full,1,0.0,0.8403538862864176,44470.0,118078.0,-73608.0,P7_vs_full
GEMINI,public.tb_evolucao_odonto,v13_nullable_plus_frequent_values,v01_full,v13_nullable_plus_frequent_values vs v01_full,1,0.0,0.7449923753738403,44470.0,118078.0,-73608.0,P7_vs_full
GEMINI,public.tb_evolucao_subjetivo,v13_nullable_plus_frequent_values,v01_full,v13_nullable_plus_frequent_values vs v01_full,1,0.0,0.26774964729944867,44470.0,118078.0,-73608.0,P7_vs_full
GEMINI,public.tb_exame_hemoglobina_glicada,v13_nullable_plus_frequent_values,v01_full,v13_nullable_plus_frequent_values vs v01_full,1,0.8,0.7999995231628418,44470.0,118078.0,-73608.0,P7_vs_full
GEMINI,public.tb_exame_prenatal,v13_nullable_plus_frequent_values,v01_full,v13_nullable_plus_frequent_values vs v01_full,1,0.6666666666666666,0.8475416700045267,44470.0,118078.0,-73608.0,P7_vs_full
GEMINI,public.tb_fat_atend_odonto_problemas,v13_nullable_plus_frequent_values,v01_full,v13_nullable_plus_frequent_values vs v01_full,1,0.3333333333333333,0.8215269645055135,44470.0,118078.0,-73608.0,P7_vs_full
GEMINI,public.tb_fat_rel_op_risco_cardio,v13_nullable_plus_frequent_values,v01_full,v13_nullable_plus_frequent_values vs v01_full,1,0.3333333333333333,0.8106338779131571,44470.0,118078.0,-73608.0,P7_vs_full
GEMINI,public.tb_historico_dados_fao,v13_nullable_plus_frequent_values,v01_full,v13_nullable_plus_frequent_values vs v01_full,1,0.0,0.8047863841056824,44470.0,118078.0,-73608.0,P7_vs_full
GEMINI,public.tb_justificativa_prontuario,v13_nullable_plus_frequent_values,v01_full,v13_nullable_plus_frequent_values vs v01_full,1,0.0,0.8063362240791321,44470.0,118078.0,-73608.0,P7_vs_full
GEMINI,public.tb_lembrete_evolucao,v13_nullable_plus_frequent_values,v01_full,v13_nullable_plus_frequent_values vs v01_full,1,0.0,0.19973365465799967,44470.0,118078.0,-73608.0,P7_vs_full
GEMINI,public.tb_medicamento_uso_continuo,v13_nullable_plus_frequent_values,v01_full,v13_nullable_plus_frequent_values vs v01_full,1,0.0,0.8187666336695353,44470.0,118078.0,-73608.0,P7_vs_full
GEMINI,public.tb_medicao,v13_nullable_plus_frequent_values,v01_full,v13_nullable_plus_frequent_values vs v01_full,1,0.6666666666666666,0.9528219898541769,44470.0,118078.0,-73608.0,P7_vs_full
GEMINI,public.tb_odontograma,v13_nullable_plus_frequent_values,v01_full,v13_nullable_plus_frequent_values vs v01_full,1,0.0,0.8060575127601624,44470.0,118078.0,-73608.0,P7_vs_full
GEMINI,public.tb_problema,v13_nullable_plus_frequent_values,v01_full,v13_nullable_plus_frequent_values vs v01_full,1,0.3333333333333333,0.5918053388595581,44470.0,118078.0,-73608.0,P7_vs_full
GEMINI,public.tb_proced_exame_especifico,v13_nullable_plus_frequent_values,v01_full,v13_nullable_plus_frequent_values vs v01_full,1,0.0,0.700719396273295,44470.0,118078.0,-73608.0,P7_vs_full
GEMINI,public.tb_raca_cor,v13_nullable_plus_frequent_values,v01_full,v13_nullable_plus_frequent_values vs v01_full,1,0.3333333333333333,0.5316895643870035,44470.0,118078.0,-73608.0,P7_vs_full
GEMINI,public.tb_tipo_glicemia,v13_nullable_plus_frequent_values,v01_full,v13_nullable_plus_frequent_values vs v01_full,1,0.8,0.7999993324279785,44470.0,118078.0,-73608.0,P7_vs_full
GEMINI,public.ta_medicamento_catmat,v14_nullable_plus_numeric_stats,v01_full,v14_nullable_plus_numeric_stats vs v01_full,1,0.6666666666666666,0.6666664083798727,35396.0,118078.0,-82682.0,P7_vs_full
GEMINI,public.ta_tecido_mole,v14_nullable_plus_numeric_stats,v01_full,v14_nullable_plus_numeric_stats vs v01_full,1,0.3333333333333333,0.7917526960372925,35396.0,118078.0,-82682.0,P7_vs_full
GEMINI,public.ta_vacinacao,v14_nullable_plus_numeric_stats,v01_full,v14_nullable_plus_numeric_stats vs v01_full,1,0.3333333333333333,0.5753692587216696,35396.0,118078.0,-82682.0,P7_vs_full
GEMINI,public.tb_antecedente,v14_nullable_plus_numeric_stats,v01_full,v14_nullable_plus_numeric_stats vs v01_full,1,0.3333333333333333,0.83851025501887,35396.0,118078.0,-82682.0,P7_vs_full
GEMINI,public.tb_ciap_ms,v14_nullable_plus_numeric_stats,v01_full,v14_nullable_plus_numeric_stats vs v01_full,1,0.3333333333333333,0.5026566386222839,35396.0,118078.0,-82682.0,P7_vs_full
GEMINI,public.tb_cidadao,v14_nullable_plus_numeric_stats,v01_full,v14_nullable_plus_numeric_stats vs v01_full,1,0.6666666666666666,0.9269935687383016,35396.0,118078.0,-82682.0,P7_vs_full
GEMINI,public.tb_cuidado_compartilhado_evol,v14_nullable_plus_numeric_stats,v01_full,v14_nullable_plus_numeric_stats vs v01_full,1,0.3333333333333333,0.5763607422510783,35396.0,118078.0,-82682.0,P7_vs_full
GEMINI,public.tb_dim_catmat,v14_nullable_plus_numeric_stats,v01_full,v14_nullable_plus_numeric_stats vs v01_full,1,0.0,0.7641920844713846,35396.0,118078.0,-82682.0,P7_vs_full
GEMINI,public.tb_evolucao_odonto,v14_nullable_plus_numeric_stats,v01_full,v14_nullable_plus_numeric_stats vs v01_full,1,0.0,0.6994333863258362,35396.0,118078.0,-82682.0,P7_vs_full
GEMINI,public.tb_evolucao_subjetivo,v14_nullable_plus_numeric_stats,v01_full,v14_nullable_plus_numeric_stats vs v01_full,1,0.3333333333333333,0.6884053349494934,35396.0,118078.0,-82682.0,P7_vs_full
GEMINI,public.tb_exame_hemoglobina_glicada,v14_nullable_plus_numeric_stats,v01_full,v14_nullable_plus_numeric_stats vs v01_full,1,0.0,0.6590464115142822,35396.0,118078.0,-82682.0,P7_vs_full
GEMINI,public.tb_exame_prenatal,v14_nullable_plus_numeric_stats,v01_full,v14_nullable_plus_numeric_stats vs v01_full,1,0.6666666666666666,0.8563513159751892,35396.0,118078.0,-82682.0,P7_vs_full
GEMINI,public.tb_fat_atend_odonto_problemas,v14_nullable_plus_numeric_stats,v01_full,v14_nullable_plus_numeric_stats vs v01_full,1,0.3333333333333333,0.8435457348823547,35396.0,118078.0,-82682.0,P7_vs_full
GEMINI,public.tb_fat_rel_op_risco_cardio,v14_nullable_plus_numeric_stats,v01_full,v14_nullable_plus_numeric_stats vs v01_full,1,0.0,0.5203706820805868,35396.0,118078.0,-82682.0,P7_vs_full
GEMINI,public.tb_historico_dados_fao,v14_nullable_plus_numeric_stats,v01_full,v14_nullable_plus_numeric_stats vs v01_full,1,0.0,0.22717875242233276,35396.0,118078.0,-82682.0,P7_vs_full
GEMINI,public.tb_justificativa_prontuario,v14_nullable_plus_numeric_stats,v01_full,v14_nullable_plus_numeric_stats vs v01_full,1,0.0,0.7833379904429117,35396.0,118078.0,-82682.0,P7_vs_full
GEMINI,public.tb_lembrete_evolucao,v14_nullable_plus_numeric_stats,v01_full,v14_nullable_plus_numeric_stats vs v01_full,1,0.0,0.19973365465799967,35396.0,118078.0,-82682.0,P7_vs_full
GEMINI,public.tb_medicamento_uso_continuo,v14_nullable_plus_numeric_stats,v01_full,v14_nullable_plus_numeric_stats vs v01_full,1,0.3333333333333333,0.8014069596926371,35396.0,118078.0,-82682.0,P7_vs_full
GEMINI,public.tb_medicao,v14_nullable_plus_numeric_stats,v01_full,v14_nullable_plus_numeric_stats vs v01_full,1,0.3333333333333333,0.8334855834643046,35396.0,118078.0,-82682.0,P7_vs_full
GEMINI,public.tb_odontograma,v14_nullable_plus_numeric_stats,v01_full,v14_nullable_plus_numeric_stats vs v01_full,1,0.0,0.7438737154006958,35396.0,118078.0,-82682.0,P7_vs_full
GEMINI,public.tb_problema,v14_nullable_plus_numeric_stats,v01_full,v14_nullable_plus_numeric_stats vs v01_full,1,0.0,0.7752271095911661,35396.0,118078.0,-82682.0,P7_vs_full
GEMINI,public.tb_proced_exame_especifico,v14_nullable_plus_numeric_stats,v01_full,v14_nullable_plus_numeric_stats vs v01_full,1,0.0,0.7538121342658997,35396.0,118078.0,-82682.0,P7_vs_full
GEMINI,public.tb_raca_cor,v14_nullable_plus_numeric_stats,v01_full,v14_nullable_plus_numeric_stats vs v01_full,1,0.3333333333333333,0.5342070261637369,35396.0,118078.0,-82682.0,P7_vs_full
GEMINI,public.tb_tipo_glicemia,v14_nullable_plus_numeric_stats,v01_full,v14_nullable_plus_numeric_stats vs v01_full,1,0.6666666666666666,0.6666661103566488,35396.0,118078.0,-82682.0,P7_vs_full
GEMINI,public.ta_medicamento_catmat,v15_sample_rows_vs_sample_values,v01_full,v15_sample_rows_vs_sample_values vs v01_full,1,0.3333333333333333,0.8443072239557902,75182.0,118078.0,-42896.0,P7_vs_full
GEMINI,public.ta_tecido_mole,v15_sample_rows_vs_sample_values,v01_full,v15_sample_rows_vs_sample_values vs v01_full,1,0.3333333333333333,0.5847914218902588,75182.0,118078.0,-42896.0,P7_vs_full
GEMINI,public.ta_vacinacao,v15_sample_rows_vs_sample_values,v01_full,v15_sample_rows_vs_sample_values vs v01_full,1,0.6666666666666666,0.9666212797164917,75182.0,118078.0,-42896.0,P7_vs_full
GEMINI,public.tb_antecedente,v15_sample_rows_vs_sample_values,v01_full,v15_sample_rows_vs_sample_values vs v01_full,1,0.0,0.6768198808034261,75182.0,118078.0,-42896.0,P7_vs_full
GEMINI,public.tb_ciap_ms,v15_sample_rows_vs_sample_values,v01_full,v15_sample_rows_vs_sample_values vs v01_full,1,0.0,0.7034667134284973,75182.0,118078.0,-42896.0,P7_vs_full
GEMINI,public.tb_cidadao,v15_sample_rows_vs_sample_values,v01_full,v15_sample_rows_vs_sample_values vs v01_full,1,0.6666666666666666,0.8764938910802206,75182.0,118078.0,-42896.0,P7_vs_full
GEMINI,public.tb_cuidado_compartilhado_evol,v15_sample_rows_vs_sample_values,v01_full,v15_sample_rows_vs_sample_values vs v01_full,1,0.3333333333333333,0.7853590647379557,75182.0,118078.0,-42896.0,P7_vs_full
GEMINI,public.tb_dim_catmat,v15_sample_rows_vs_sample_values,v01_full,v15_sample_rows_vs_sample_values vs v01_full,1,0.0,0.774059017499288,75182.0,118078.0,-42896.0,P7_vs_full
GEMINI,public.tb_evolucao_odonto,v15_sample_rows_vs_sample_values,v01_full,v15_sample_rows_vs_sample_values vs v01_full,1,0.0,0.8236064116160074,75182.0,118078.0,-42896.0,P7_vs_full
GEMINI,public.tb_evolucao_subjetivo,v15_sample_rows_vs_sample_values,v01_full,v15_sample_rows_vs_sample_values vs v01_full,1,0.6666666666666666,0.9555535713831583,75182.0,118078.0,-42896.0,P7_vs_full
GEMINI,public.tb_exame_hemoglobina_glicada,v15_sample_rows_vs_sample_values,v01_full,v15_sample_rows_vs_sample_values vs v01_full,1,0.8,0.7999995231628418,75182.0,118078.0,-42896.0,P7_vs_full
GEMINI,public.tb_exame_prenatal,v15_sample_rows_vs_sample_values,v01_full,v15_sample_rows_vs_sample_values vs v01_full,1,0.3333333333333333,0.8084448973337809,75182.0,118078.0,-42896.0,P7_vs_full
GEMINI,public.tb_fat_atend_odonto_problemas,v15_sample_rows_vs_sample_values,v01_full,v15_sample_rows_vs_sample_values vs v01_full,1,0.6666666666666666,0.9398541847864786,75182.0,118078.0,-42896.0,P7_vs_full
GEMINI,public.tb_fat_rel_op_risco_cardio,v15_sample_rows_vs_sample_values,v01_full,v15_sample_rows_vs_sample_values vs v01_full,1,0.3333333333333333,0.5446569720904032,75182.0,118078.0,-42896.0,P7_vs_full
GEMINI,public.tb_historico_dados_fao,v15_sample_rows_vs_sample_values,v01_full,v15_sample_rows_vs_sample_values vs v01_full,1,0.6666666666666666,0.6666662891705831,75182.0,118078.0,-42896.0,P7_vs_full
GEMINI,public.tb_justificativa_prontuario,v15_sample_rows_vs_sample_values,v01_full,v15_sample_rows_vs_sample_values vs v01_full,1,0.6666666666666666,0.863692025343577,75182.0,118078.0,-42896.0,P7_vs_full
GEMINI,public.tb_lembrete_evolucao,v15_sample_rows_vs_sample_values,v01_full,v15_sample_rows_vs_sample_values vs v01_full,1,0.0,0.8132244547208151,75182.0,118078.0,-42896.0,P7_vs_full
GEMINI,public.tb_medicamento_uso_continuo,v15_sample_rows_vs_sample_values,v01_full,v15_sample_rows_vs_sample_values vs v01_full,1,0.3333333333333333,0.8290420373280843,75182.0,118078.0,-42896.0,P7_vs_full
GEMINI,public.tb_medicao,v15_sample_rows_vs_sample_values,v01_full,v15_sample_rows_vs_sample_values vs v01_full,1,0.3333333333333333,0.7571158011754354,75182.0,118078.0,-42896.0,P7_vs_full
GEMINI,public.tb_odontograma,v15_sample_rows_vs_sample_values,v01_full,v15_sample_rows_vs_sample_values vs v01_full,1,0.0,0.8060575127601624,75182.0,118078.0,-42896.0,P7_vs_full
GEMINI,public.tb_problema,v15_sample_rows_vs_sample_values,v01_full,v15_sample_rows_vs_sample_values vs v01_full,1,0.3333333333333333,0.6263378461201986,75182.0,118078.0,-42896.0,P7_vs_full
GEMINI,public.tb_proced_exame_especifico,v15_sample_rows_vs_sample_values,v01_full,v15_sample_rows_vs_sample_values vs v01_full,1,0.6666666666666666,0.882490893205007,75182.0,118078.0,-42896.0,P7_vs_full
GEMINI,public.tb_raca_cor,v15_sample_rows_vs_sample_values,v01_full,v15_sample_rows_vs_sample_values vs v01_full,1,0.6666666666666666,0.881000280380249,75182.0,118078.0,-42896.0,P7_vs_full
GEMINI,public.tb_tipo_glicemia,v15_sample_rows_vs_sample_values,v01_full,v15_sample_rows_vs_sample_values vs v01_full,1,0.3333333333333333,0.8584222396214803,75182.0,118078.0,-42896.0,P7_vs_full
GEMINI,public.ta_medicamento_catmat,v16_sample_rows_vs_frequent_values,v01_full,v16_sample_rows_vs_frequent_values vs v01_full,1,1.0,0.999999463558197,56971.0,118078.0,-61107.0,P7_vs_full
GEMINI,public.ta_tecido_mole,v16_sample_rows_vs_frequent_values,v01_full,v16_sample_rows_vs_frequent_values vs v01_full,1,0.3333333333333333,0.5847914218902588,56971.0,118078.0,-61107.0,P7_vs_full
GEMINI,public.ta_vacinacao,v16_sample_rows_vs_frequent_values,v01_full,v16_sample_rows_vs_frequent_values vs v01_full,1,0.3333333333333333,0.8687502940495809,56971.0,118078.0,-61107.0,P7_vs_full
GEMINI,public.tb_antecedente,v16_sample_rows_vs_frequent_values,v01_full,v16_sample_rows_vs_frequent_values vs v01_full,1,0.6666666666666666,0.9618876775105795,56971.0,118078.0,-61107.0,P7_vs_full
GEMINI,public.tb_ciap_ms,v16_sample_rows_vs_frequent_values,v01_full,v16_sample_rows_vs_frequent_values vs v01_full,1,0.3333333333333333,0.5091537237167358,56971.0,118078.0,-61107.0,P7_vs_full
GEMINI,public.tb_cidadao,v16_sample_rows_vs_frequent_values,v01_full,v16_sample_rows_vs_frequent_values vs v01_full,1,0.6666666666666666,0.8764938910802206,56971.0,118078.0,-61107.0,P7_vs_full
GEMINI,public.tb_cuidado_compartilhado_evol,v16_sample_rows_vs_frequent_values,v01_full,v16_sample_rows_vs_frequent_values vs v01_full,1,0.0,0.723148763179779,56971.0,118078.0,-61107.0,P7_vs_full
GEMINI,public.tb_dim_catmat,v16_sample_rows_vs_frequent_values,v01_full,v16_sample_rows_vs_frequent_values vs v01_full,1,0.0,0.8403538862864176,56971.0,118078.0,-61107.0,P7_vs_full
GEMINI,public.tb_evolucao_odonto,v16_sample_rows_vs_frequent_values,v01_full,v16_sample_rows_vs_frequent_values vs v01_full,1,0.6666666666666666,0.6666662891705831,56971.0,118078.0,-61107.0,P7_vs_full
GEMINI,public.tb_evolucao_subjetivo,v16_sample_rows_vs_frequent_values,v01_full,v16_sample_rows_vs_frequent_values vs v01_full,1,0.3333333333333333,0.8270880977312723,56971.0,118078.0,-61107.0,P7_vs_full
GEMINI,public.tb_exame_hemoglobina_glicada,v16_sample_rows_vs_frequent_values,v01_full,v16_sample_rows_vs_frequent_values vs v01_full,1,0.4,0.7607133150100708,56971.0,118078.0,-61107.0,P7_vs_full
GEMINI,public.tb_exame_prenatal,v16_sample_rows_vs_frequent_values,v01_full,v16_sample_rows_vs_frequent_values vs v01_full,1,0.6666666666666666,0.8527052203814188,56971.0,118078.0,-61107.0,P7_vs_full
GEMINI,public.tb_fat_atend_odonto_problemas,v16_sample_rows_vs_frequent_values,v01_full,v16_sample_rows_vs_frequent_values vs v01_full,1,0.3333333333333333,0.593031644821167,56971.0,118078.0,-61107.0,P7_vs_full
GEMINI,public.tb_fat_rel_op_risco_cardio,v16_sample_rows_vs_frequent_values,v01_full,v16_sample_rows_vs_frequent_values vs v01_full,1,0.6666666666666666,0.891451875368754,56971.0,118078.0,-61107.0,P7_vs_full
GEMINI,public.tb_historico_dados_fao,v16_sample_rows_vs_frequent_values,v01_full,v16_sample_rows_vs_frequent_values vs v01_full,1,0.3333333333333333,0.8707268039385477,56971.0,118078.0,-61107.0,P7_vs_full
GEMINI,public.tb_justificativa_prontuario,v16_sample_rows_vs_frequent_values,v01_full,v16_sample_rows_vs_frequent_values vs v01_full,1,0.3333333333333333,0.8805956244468689,56971.0,118078.0,-61107.0,P7_vs_full
GEMINI,public.tb_lembrete_evolucao,v16_sample_rows_vs_frequent_values,v01_full,v16_sample_rows_vs_frequent_values vs v01_full,1,0.0,0.4722990194956462,56971.0,118078.0,-61107.0,P7_vs_full
GEMINI,public.tb_medicamento_uso_continuo,v16_sample_rows_vs_frequent_values,v01_full,v16_sample_rows_vs_frequent_values vs v01_full,1,0.3333333333333333,0.8290420373280843,56971.0,118078.0,-61107.0,P7_vs_full
GEMINI,public.tb_medicao,v16_sample_rows_vs_frequent_values,v01_full,v16_sample_rows_vs_frequent_values vs v01_full,1,1.0,0.999999205271403,56971.0,118078.0,-61107.0,P7_vs_full
GEMINI,public.tb_odontograma,v16_sample_rows_vs_frequent_values,v01_full,v16_sample_rows_vs_frequent_values vs v01_full,1,0.3333333333333333,0.8244747916857401,56971.0,118078.0,-61107.0,P7_vs_full
GEMINI,public.tb_problema,v16_sample_rows_vs_frequent_values,v01_full,v16_sample_rows_vs_frequent_values vs v01_full,1,0.3333333333333333,0.5949227213859558,56971.0,118078.0,-61107.0,P7_vs_full
GEMINI,public.tb_proced_exame_especifico,v16_sample_rows_vs_frequent_values,v01_full,v16_sample_rows_vs_frequent_values vs v01_full,1,0.0,0.7536196112632751,56971.0,118078.0,-61107.0,P7_vs_full
GEMINI,public.tb_raca_cor,v16_sample_rows_vs_frequent_values,v01_full,v16_sample_rows_vs_frequent_values vs v01_full,1,0.6666666666666666,0.9759285648663839,56971.0,118078.0,-61107.0,P7_vs_full
GEMINI,public.tb_tipo_glicemia,v16_sample_rows_vs_frequent_values,v01_full,v16_sample_rows_vs_frequent_values vs v01_full,1,0.6666666666666666,0.8383097847302755,56971.0,118078.0,-61107.0,P7_vs_full
GEMINI,public.ta_medicamento_catmat,v17_sample_rows_plus_both_values,v01_full,v17_sample_rows_plus_both_values vs v01_full,1,0.0,0.8549277782440186,93609.0,118078.0,-24469.0,P7_vs_full
GEMINI,public.ta_tecido_mole,v17_sample_rows_plus_both_values,v01_full,v17_sample_rows_plus_both_values vs v01_full,1,0.3333333333333333,0.5847914218902588,93609.0,118078.0,-24469.0,P7_vs_full
GEMINI,public.ta_vacinacao,v17_sample_rows_plus_both_values,v01_full,v17_sample_rows_plus_both_values vs v01_full,1,0.6666666666666666,0.9675857822100321,93609.0,118078.0,-24469.0,P7_vs_full
GEMINI,public.tb_antecedente,v17_sample_rows_plus_both_values,v01_full,v17_sample_rows_plus_both_values vs v01_full,1,0.3333333333333333,0.7883351445198059,93609.0,118078.0,-24469.0,P7_vs_full
GEMINI,public.tb_ciap_ms,v17_sample_rows_plus_both_values,v01_full,v17_sample_rows_plus_both_values vs v01_full,1,0.0,0.281996230284373,93609.0,118078.0,-24469.0,P7_vs_full
GEMINI,public.tb_cidadao,v17_sample_rows_plus_both_values,v01_full,v17_sample_rows_plus_both_values vs v01_full,1,0.6666666666666666,0.8498306473096212,93609.0,118078.0,-24469.0,P7_vs_full
GEMINI,public.tb_cuidado_compartilhado_evol,v17_sample_rows_plus_both_values,v01_full,v17_sample_rows_plus_both_values vs v01_full,1,0.6666666666666666,0.868303120136261,93609.0,118078.0,-24469.0,P7_vs_full
GEMINI,public.tb_dim_catmat,v17_sample_rows_plus_both_values,v01_full,v17_sample_rows_plus_both_values vs v01_full,1,0.0,0.7641920844713846,93609.0,118078.0,-24469.0,P7_vs_full
GEMINI,public.tb_evolucao_odonto,v17_sample_rows_plus_both_values,v01_full,v17_sample_rows_plus_both_values vs v01_full,1,0.0,0.8236064116160074,93609.0,118078.0,-24469.0,P7_vs_full
GEMINI,public.tb_evolucao_subjetivo,v17_sample_rows_plus_both_values,v01_full,v17_sample_rows_plus_both_values vs v01_full,1,0.6666666666666666,0.9179149866104126,93609.0,118078.0,-24469.0,P7_vs_full
GEMINI,public.tb_exame_hemoglobina_glicada,v17_sample_rows_plus_both_values,v01_full,v17_sample_rows_plus_both_values vs v01_full,1,0.0,0.6934013366699219,93609.0,118078.0,-24469.0,P7_vs_full
GEMINI,public.tb_exame_prenatal,v17_sample_rows_plus_both_values,v01_full,v17_sample_rows_plus_both_values vs v01_full,1,0.6666666666666666,0.8580059210459391,93609.0,118078.0,-24469.0,P7_vs_full
GEMINI,public.tb_fat_atend_odonto_problemas,v17_sample_rows_plus_both_values,v01_full,v17_sample_rows_plus_both_values vs v01_full,1,0.6666666666666666,0.8696864247322083,93609.0,118078.0,-24469.0,P7_vs_full
GEMINI,public.tb_fat_rel_op_risco_cardio,v17_sample_rows_plus_both_values,v01_full,v17_sample_rows_plus_both_values vs v01_full,1,0.6666666666666666,0.8987778027852377,93609.0,118078.0,-24469.0,P7_vs_full
GEMINI,public.tb_historico_dados_fao,v17_sample_rows_plus_both_values,v01_full,v17_sample_rows_plus_both_values vs v01_full,1,0.3333333333333333,0.7508319417635599,93609.0,118078.0,-24469.0,P7_vs_full
GEMINI,public.tb_justificativa_prontuario,v17_sample_rows_plus_both_values,v01_full,v17_sample_rows_plus_both_values vs v01_full,1,0.3333333333333333,0.8634188373883566,93609.0,118078.0,-24469.0,P7_vs_full
GEMINI,public.tb_lembrete_evolucao,v17_sample_rows_plus_both_values,v01_full,v17_sample_rows_plus_both_values vs v01_full,1,0.0,0.6376017133394877,93609.0,118078.0,-24469.0,P7_vs_full
GEMINI,public.tb_medicamento_uso_continuo,v17_sample_rows_plus_both_values,v01_full,v17_sample_rows_plus_both_values vs v01_full,1,0.3333333333333333,0.8290420373280843,93609.0,118078.0,-24469.0,P7_vs_full
GEMINI,public.tb_medicao,v17_sample_rows_plus_both_values,v01_full,v17_sample_rows_plus_both_values vs v01_full,1,0.6666666666666666,0.9528219898541769,93609.0,118078.0,-24469.0,P7_vs_full
GEMINI,public.tb_odontograma,v17_sample_rows_plus_both_values,v01_full,v17_sample_rows_plus_both_values vs v01_full,1,0.3333333333333333,0.8240677316983541,93609.0,118078.0,-24469.0,P7_vs_full
GEMINI,public.tb_problema,v17_sample_rows_plus_both_values,v01_full,v17_sample_rows_plus_both_values vs v01_full,1,0.0,0.444943110148112,93609.0,118078.0,-24469.0,P7_vs_full
GEMINI,public.tb_proced_exame_especifico,v17_sample_rows_plus_both_values,v01_full,v17_sample_rows_plus_both_values vs v01_full,1,0.6666666666666666,0.882490893205007,93609.0,118078.0,-24469.0,P7_vs_full
GEMINI,public.tb_raca_cor,v17_sample_rows_plus_both_values,v01_full,v17_sample_rows_plus_both_values vs v01_full,1,0.6666666666666666,0.881000280380249,93609.0,118078.0,-24469.0,P7_vs_full
GEMINI,public.tb_tipo_glicemia,v17_sample_rows_plus_both_values,v01_full,v17_sample_rows_plus_both_values vs v01_full,1,0.3333333333333333,0.5905251502990723,93609.0,118078.0,-24469.0,P7_vs_full
GEMINI,public.ta_medicamento_catmat,v18_fk_nullable_sample_values,v01_full,v18_fk_nullable_sample_values vs v01_full,1,0.3333333333333333,0.8261094888051351,66591.0,118078.0,-51487.0,P7_vs_full
GEMINI,public.ta_tecido_mole,v18_fk_nullable_sample_values,v01_full,v18_fk_nullable_sample_values vs v01_full,1,0.3333333333333333,0.7723283370335897,66591.0,118078.0,-51487.0,P7_vs_full
GEMINI,public.ta_vacinacao,v18_fk_nullable_sample_values,v01_full,v18_fk_nullable_sample_values vs v01_full,1,1.0,0.999999205271403,66591.0,118078.0,-51487.0,P7_vs_full
GEMINI,public.tb_antecedente,v18_fk_nullable_sample_values,v01_full,v18_fk_nullable_sample_values vs v01_full,1,0.6666666666666666,0.966512660185496,66591.0,118078.0,-51487.0,P7_vs_full
GEMINI,public.tb_ciap_ms,v18_fk_nullable_sample_values,v01_full,v18_fk_nullable_sample_values vs v01_full,1,0.0,0.4513198534647624,66591.0,118078.0,-51487.0,P7_vs_full
GEMINI,public.tb_cidadao,v18_fk_nullable_sample_values,v01_full,v18_fk_nullable_sample_values vs v01_full,1,0.6666666666666666,0.8585486809412638,66591.0,118078.0,-51487.0,P7_vs_full
GEMINI,public.tb_cuidado_compartilhado_evol,v18_fk_nullable_sample_values,v01_full,v18_fk_nullable_sample_values vs v01_full,1,0.6666666666666666,0.9269707202911377,66591.0,118078.0,-51487.0,P7_vs_full
GEMINI,public.tb_dim_catmat,v18_fk_nullable_sample_values,v01_full,v18_fk_nullable_sample_values vs v01_full,1,0.3333333333333333,0.8807052771250407,66591.0,118078.0,-51487.0,P7_vs_full
GEMINI,public.tb_evolucao_odonto,v18_fk_nullable_sample_values,v01_full,v18_fk_nullable_sample_values vs v01_full,1,0.0,0.8236064116160074,66591.0,118078.0,-51487.0,P7_vs_full
GEMINI,public.tb_evolucao_subjetivo,v18_fk_nullable_sample_values,v01_full,v18_fk_nullable_sample_values vs v01_full,1,0.0,0.7556170026461283,66591.0,118078.0,-51487.0,P7_vs_full
GEMINI,public.tb_exame_hemoglobina_glicada,v18_fk_nullable_sample_values,v01_full,v18_fk_nullable_sample_values vs v01_full,1,0.5,0.9508916437625885,66591.0,118078.0,-51487.0,P7_vs_full
GEMINI,public.tb_exame_prenatal,v18_fk_nullable_sample_values,v01_full,v18_fk_nullable_sample_values vs v01_full,1,0.6666666666666666,0.8580059210459391,66591.0,118078.0,-51487.0,P7_vs_full
GEMINI,public.tb_fat_atend_odonto_problemas,v18_fk_nullable_sample_values,v01_full,v18_fk_nullable_sample_values vs v01_full,1,0.6666666666666666,0.6666660706202189,66591.0,118078.0,-51487.0,P7_vs_full
GEMINI,public.tb_fat_rel_op_risco_cardio,v18_fk_nullable_sample_values,v01_full,v18_fk_nullable_sample_values vs v01_full,1,0.3333333333333333,0.600033720334371,66591.0,118078.0,-51487.0,P7_vs_full
GEMINI,public.tb_historico_dados_fao,v18_fk_nullable_sample_values,v01_full,v18_fk_nullable_sample_values vs v01_full,1,0.0,0.23352988560994467,66591.0,118078.0,-51487.0,P7_vs_full
GEMINI,public.tb_justificativa_prontuario,v18_fk_nullable_sample_values,v01_full,v18_fk_nullable_sample_values vs v01_full,1,0.3333333333333333,0.8462403813997904,66591.0,118078.0,-51487.0,P7_vs_full
GEMINI,public.tb_lembrete_evolucao,v18_fk_nullable_sample_values,v01_full,v18_fk_nullable_sample_values vs v01_full,1,0.6666666666666666,0.8887307445208231,66591.0,118078.0,-51487.0,P7_vs_full
GEMINI,public.tb_medicamento_uso_continuo,v18_fk_nullable_sample_values,v01_full,v18_fk_nullable_sample_values vs v01_full,1,0.3333333333333333,0.8290420373280843,66591.0,118078.0,-51487.0,P7_vs_full
GEMINI,public.tb_medicao,v18_fk_nullable_sample_values,v01_full,v18_fk_nullable_sample_values vs v01_full,1,0.3333333333333333,0.924178938070933,66591.0,118078.0,-51487.0,P7_vs_full
GEMINI,public.tb_odontograma,v18_fk_nullable_sample_values,v01_full,v18_fk_nullable_sample_values vs v01_full,1,0.0,0.8060575127601624,66591.0,118078.0,-51487.0,P7_vs_full
GEMINI,public.tb_problema,v18_fk_nullable_sample_values,v01_full,v18_fk_nullable_sample_values vs v01_full,1,0.3333333333333333,0.656508187452952,66591.0,118078.0,-51487.0,P7_vs_full
GEMINI,public.tb_proced_exame_especifico,v18_fk_nullable_sample_values,v01_full,v18_fk_nullable_sample_values vs v01_full,1,0.0,0.8309903144836426,66591.0,118078.0,-51487.0,P7_vs_full
GEMINI,public.tb_raca_cor,v18_fk_nullable_sample_values,v01_full,v18_fk_nullable_sample_values vs v01_full,1,0.3333333333333333,0.7965438961982727,66591.0,118078.0,-51487.0,P7_vs_full
GEMINI,public.tb_tipo_glicemia,v18_fk_nullable_sample_values,v01_full,v18_fk_nullable_sample_values vs v01_full,1,0.6666666666666666,0.880644957224528,66591.0,118078.0,-51487.0,P7_vs_full
GEMINI,public.ta_medicamento_catmat,v19_fk_nullable_frequent_values,v01_full,v19_fk_nullable_frequent_values vs v01_full,1,0.6666666666666666,0.9857195814450582,48380.0,118078.0,-69698.0,P7_vs_full
GEMINI,public.ta_tecido_mole,v19_fk_nullable_frequent_values,v01_full,v19_fk_nullable_frequent_values vs v01_full,1,0.3333333333333333,0.7616042693456014,48380.0,118078.0,-69698.0,P7_vs_full
GEMINI,public.ta_vacinacao,v19_fk_nullable_frequent_values,v01_full,v19_fk_nullable_frequent_values vs v01_full,1,0.6666666666666666,0.9057390491167704,48380.0,118078.0,-69698.0,P7_vs_full
GEMINI,public.tb_antecedente,v19_fk_nullable_frequent_values,v01_full,v19_fk_nullable_frequent_values vs v01_full,1,0.6666666666666666,0.9476209481557211,48380.0,118078.0,-69698.0,P7_vs_full
GEMINI,public.tb_ciap_ms,v19_fk_nullable_frequent_values,v01_full,v19_fk_nullable_frequent_values vs v01_full,1,0.3333333333333333,0.6858368714650472,48380.0,118078.0,-69698.0,P7_vs_full
GEMINI,public.tb_cidadao,v19_fk_nullable_frequent_values,v01_full,v19_fk_nullable_frequent_values vs v01_full,1,0.6666666666666666,0.8585486809412638,48380.0,118078.0,-69698.0,P7_vs_full
GEMINI,public.tb_cuidado_compartilhado_evol,v19_fk_nullable_frequent_values,v01_full,v19_fk_nullable_frequent_values vs v01_full,1,0.0,0.7991493940353394,48380.0,118078.0,-69698.0,P7_vs_full
GEMINI,public.tb_dim_catmat,v19_fk_nullable_frequent_values,v01_full,v19_fk_nullable_frequent_values vs v01_full,1,0.0,0.7641920844713846,48380.0,118078.0,-69698.0,P7_vs_full
GEMINI,public.tb_evolucao_odonto,v19_fk_nullable_frequent_values,v01_full,v19_fk_nullable_frequent_values vs v01_full,1,0.3333333333333333,0.8868727087974548,48380.0,118078.0,-69698.0,P7_vs_full
GEMINI,public.tb_evolucao_subjetivo,v19_fk_nullable_frequent_values,v01_full,v19_fk_nullable_frequent_values vs v01_full,1,0.3333333333333333,0.5126240650812784,48380.0,118078.0,-69698.0,P7_vs_full
GEMINI,public.tb_exame_hemoglobina_glicada,v19_fk_nullable_frequent_values,v01_full,v19_fk_nullable_frequent_values vs v01_full,1,0.8,0.7999995231628418,48380.0,118078.0,-69698.0,P7_vs_full
GEMINI,public.tb_exame_prenatal,v19_fk_nullable_frequent_values,v01_full,v19_fk_nullable_frequent_values vs v01_full,1,0.6666666666666666,0.8563513159751892,48380.0,118078.0,-69698.0,P7_vs_full
GEMINI,public.tb_fat_atend_odonto_problemas,v19_fk_nullable_frequent_values,v01_full,v19_fk_nullable_frequent_values vs v01_full,1,0.3333333333333333,0.8729702830314636,48380.0,118078.0,-69698.0,P7_vs_full
GEMINI,public.tb_fat_rel_op_risco_cardio,v19_fk_nullable_frequent_values,v01_full,v19_fk_nullable_frequent_values vs v01_full,1,0.3333333333333333,0.7790473302205404,48380.0,118078.0,-69698.0,P7_vs_full
GEMINI,public.tb_historico_dados_fao,v19_fk_nullable_frequent_values,v01_full,v19_fk_nullable_frequent_values vs v01_full,1,0.0,0.47538910309473675,48380.0,118078.0,-69698.0,P7_vs_full
GEMINI,public.tb_justificativa_prontuario,v19_fk_nullable_frequent_values,v01_full,v19_fk_nullable_frequent_values vs v01_full,1,0.0,0.8501296639442444,48380.0,118078.0,-69698.0,P7_vs_full
GEMINI,public.tb_lembrete_evolucao,v19_fk_nullable_frequent_values,v01_full,v19_fk_nullable_frequent_values vs v01_full,1,0.0,0.19973365465799967,48380.0,118078.0,-69698.0,P7_vs_full
GEMINI,public.tb_medicamento_uso_continuo,v19_fk_nullable_frequent_values,v01_full,v19_fk_nullable_frequent_values vs v01_full,1,0.3333333333333333,0.8290420373280843,48380.0,118078.0,-69698.0,P7_vs_full
GEMINI,public.tb_medicao,v19_fk_nullable_frequent_values,v01_full,v19_fk_nullable_frequent_values vs v01_full,1,0.3333333333333333,0.8918994466463724,48380.0,118078.0,-69698.0,P7_vs_full
GEMINI,public.tb_odontograma,v19_fk_nullable_frequent_values,v01_full,v19_fk_nullable_frequent_values vs v01_full,1,0.0,0.8060575127601624,48380.0,118078.0,-69698.0,P7_vs_full
GEMINI,public.tb_problema,v19_fk_nullable_frequent_values,v01_full,v19_fk_nullable_frequent_values vs v01_full,1,0.0,0.6737146377563477,48380.0,118078.0,-69698.0,P7_vs_full
GEMINI,public.tb_proced_exame_especifico,v19_fk_nullable_frequent_values,v01_full,v19_fk_nullable_frequent_values vs v01_full,1,0.3333333333333333,0.798959751923879,48380.0,118078.0,-69698.0,P7_vs_full
GEMINI,public.tb_raca_cor,v19_fk_nullable_frequent_values,v01_full,v19_fk_nullable_frequent_values vs v01_full,1,0.3333333333333333,0.5779087146123251,48380.0,118078.0,-69698.0,P7_vs_full
GEMINI,public.tb_tipo_glicemia,v19_fk_nullable_frequent_values,v01_full,v19_fk_nullable_frequent_values vs v01_full,1,0.4,0.6845587491989136,48380.0,118078.0,-69698.0,P7_vs_full
GEMINI,public.ta_medicamento_catmat,v20_fk_nullable_both_values,v01_full,v20_fk_nullable_both_values vs v01_full,1,0.3333333333333333,0.600494921207428,85018.0,118078.0,-33060.0,P7_vs_full
GEMINI,public.ta_tecido_mole,v20_fk_nullable_both_values,v01_full,v20_fk_nullable_both_values vs v01_full,1,0.3333333333333333,0.5847914218902588,85018.0,118078.0,-33060.0,P7_vs_full
GEMINI,public.ta_vacinacao,v20_fk_nullable_both_values,v01_full,v20_fk_nullable_both_values vs v01_full,1,0.6666666666666666,0.9352314074834188,85018.0,118078.0,-33060.0,P7_vs_full
GEMINI,public.tb_antecedente,v20_fk_nullable_both_values,v01_full,v20_fk_nullable_both_values vs v01_full,1,0.0,0.6980834404627482,85018.0,118078.0,-33060.0,P7_vs_full
GEMINI,public.tb_ciap_ms,v20_fk_nullable_both_values,v01_full,v20_fk_nullable_both_values vs v01_full,1,0.3333333333333333,0.7879191239674886,85018.0,118078.0,-33060.0,P7_vs_full
GEMINI,public.tb_cidadao,v20_fk_nullable_both_values,v01_full,v20_fk_nullable_both_values vs v01_full,1,0.6666666666666666,0.6666662891705831,85018.0,118078.0,-33060.0,P7_vs_full
GEMINI,public.tb_cuidado_compartilhado_evol,v20_fk_nullable_both_values,v01_full,v20_fk_nullable_both_values vs v01_full,1,0.3333333333333333,0.8000807166099548,85018.0,118078.0,-33060.0,P7_vs_full
GEMINI,public.tb_dim_catmat,v20_fk_nullable_both_values,v01_full,v20_fk_nullable_both_values vs v01_full,1,0.6666666666666666,0.9020859201749166,85018.0,118078.0,-33060.0,P7_vs_full
GEMINI,public.tb_evolucao_odonto,v20_fk_nullable_both_values,v01_full,v20_fk_nullable_both_values vs v01_full,1,0.0,0.7328594326972961,85018.0,118078.0,-33060.0,P7_vs_full
GEMINI,public.tb_evolucao_subjetivo,v20_fk_nullable_both_values,v01_full,v20_fk_nullable_both_values vs v01_full,1,0.6666666666666666,0.9344157775243124,85018.0,118078.0,-33060.0,P7_vs_full
GEMINI,public.tb_exame_hemoglobina_glicada,v20_fk_nullable_both_values,v01_full,v20_fk_nullable_both_values vs v01_full,1,0.4,0.7607133150100708,85018.0,118078.0,-33060.0,P7_vs_full
GEMINI,public.tb_exame_prenatal,v20_fk_nullable_both_values,v01_full,v20_fk_nullable_both_values vs v01_full,1,0.6666666666666666,0.8580059210459391,85018.0,118078.0,-33060.0,P7_vs_full
GEMINI,public.tb_fat_atend_odonto_problemas,v20_fk_nullable_both_values,v01_full,v20_fk_nullable_both_values vs v01_full,1,0.0,0.6763564149538676,85018.0,118078.0,-33060.0,P7_vs_full
GEMINI,public.tb_fat_rel_op_risco_cardio,v20_fk_nullable_both_values,v01_full,v20_fk_nullable_both_values vs v01_full,1,0.3333333333333333,0.8244603474934896,85018.0,118078.0,-33060.0,P7_vs_full
GEMINI,public.tb_historico_dados_fao,v20_fk_nullable_both_values,v01_full,v20_fk_nullable_both_values vs v01_full,1,0.0,0.7757270733515421,85018.0,118078.0,-33060.0,P7_vs_full
GEMINI,public.tb_justificativa_prontuario,v20_fk_nullable_both_values,v01_full,v20_fk_nullable_both_values vs v01_full,1,0.3333333333333333,0.8383472164471945,85018.0,118078.0,-33060.0,P7_vs_full
GEMINI,public.tb_lembrete_evolucao,v20_fk_nullable_both_values,v01_full,v20_fk_nullable_both_values vs v01_full,1,0.6666666666666666,0.6666662693023682,85018.0,118078.0,-33060.0,P7_vs_full
GEMINI,public.tb_medicamento_uso_continuo,v20_fk_nullable_both_values,v01_full,v20_fk_nullable_both_values vs v01_full,1,0.3333333333333333,0.8558433651924133,85018.0,118078.0,-33060.0,P7_vs_full
GEMINI,public.tb_medicao,v20_fk_nullable_both_values,v01_full,v20_fk_nullable_both_values vs v01_full,1,0.3333333333333333,0.924178938070933,85018.0,118078.0,-33060.0,P7_vs_full
GEMINI,public.tb_odontograma,v20_fk_nullable_both_values,v01_full,v20_fk_nullable_both_values vs v01_full,1,0.0,0.6814789573351542,85018.0,118078.0,-33060.0,P7_vs_full
GEMINI,public.tb_problema,v20_fk_nullable_both_values,v01_full,v20_fk_nullable_both_values vs v01_full,1,0.3333333333333333,0.8495427767435709,85018.0,118078.0,-33060.0,P7_vs_full
GEMINI,public.tb_proced_exame_especifico,v20_fk_nullable_both_values,v01_full,v20_fk_nullable_both_values vs v01_full,1,0.3333333333333333,0.760510524113973,85018.0,118078.0,-33060.0,P7_vs_full
GEMINI,public.tb_raca_cor,v20_fk_nullable_both_values,v01_full,v20_fk_nullable_both_values vs v01_full,1,0.3333333333333333,0.8199294606844584,85018.0,118078.0,-33060.0,P7_vs_full
GEMINI,public.tb_tipo_glicemia,v20_fk_nullable_both_values,v01_full,v20_fk_nullable_both_values vs v01_full,1,0.6666666666666666,0.8383097847302755,85018.0,118078.0,-33060.0,P7_vs_full
GEMINI,public.ta_medicamento_catmat,v21_fk_nullable_sample_rows,v01_full,v21_fk_nullable_sample_rows vs v01_full,1,0.6666666666666666,0.8873973488807678,42673.0,118078.0,-75405.0,P7_vs_full
GEMINI,public.ta_tecido_mole,v21_fk_nullable_sample_rows,v01_full,v21_fk_nullable_sample_rows vs v01_full,1,0.3333333333333333,0.7180407842000326,42673.0,118078.0,-75405.0,P7_vs_full
GEMINI,public.ta_vacinacao,v21_fk_nullable_sample_rows,v01_full,v21_fk_nullable_sample_rows vs v01_full,1,0.3333333333333333,0.8762528498967489,42673.0,118078.0,-75405.0,P7_vs_full
GEMINI,public.tb_antecedente,v21_fk_nullable_sample_rows,v01_full,v21_fk_nullable_sample_rows vs v01_full,1,0.0,0.7380700906117758,42673.0,118078.0,-75405.0,P7_vs_full
GEMINI,public.tb_ciap_ms,v21_fk_nullable_sample_rows,v01_full,v21_fk_nullable_sample_rows vs v01_full,1,0.3333333333333333,0.5380235910415649,42673.0,118078.0,-75405.0,P7_vs_full
GEMINI,public.tb_cidadao,v21_fk_nullable_sample_rows,v01_full,v21_fk_nullable_sample_rows vs v01_full,1,0.6666666666666666,0.6666662891705831,42673.0,118078.0,-75405.0,P7_vs_full
GEMINI,public.tb_cuidado_compartilhado_evol,v21_fk_nullable_sample_rows,v01_full,v21_fk_nullable_sample_rows vs v01_full,1,0.0,0.7991493940353394,42673.0,118078.0,-75405.0,P7_vs_full
GEMINI,public.tb_dim_catmat,v21_fk_nullable_sample_rows,v01_full,v21_fk_nullable_sample_rows vs v01_full,1,0.0,0.527580996354421,42673.0,118078.0,-75405.0,P7_vs_full
GEMINI,public.tb_evolucao_odonto,v21_fk_nullable_sample_rows,v01_full,v21_fk_nullable_sample_rows vs v01_full,1,0.0,0.7250750660896301,42673.0,118078.0,-75405.0,P7_vs_full
GEMINI,public.tb_evolucao_subjetivo,v21_fk_nullable_sample_rows,v01_full,v21_fk_nullable_sample_rows vs v01_full,1,0.3333333333333333,0.7991294066111246,42673.0,118078.0,-75405.0,P7_vs_full
GEMINI,public.tb_exame_hemoglobina_glicada,v21_fk_nullable_sample_rows,v01_full,v21_fk_nullable_sample_rows vs v01_full,1,0.8,0.7999995231628418,42673.0,118078.0,-75405.0,P7_vs_full
GEMINI,public.tb_exame_prenatal,v21_fk_nullable_sample_rows,v01_full,v21_fk_nullable_sample_rows vs v01_full,1,0.6666666666666666,0.8580059210459391,42673.0,118078.0,-75405.0,P7_vs_full
GEMINI,public.tb_fat_atend_odonto_problemas,v21_fk_nullable_sample_rows,v01_full,v21_fk_nullable_sample_rows vs v01_full,1,0.6666666666666666,0.8696864247322083,42673.0,118078.0,-75405.0,P7_vs_full
GEMINI,public.tb_fat_rel_op_risco_cardio,v21_fk_nullable_sample_rows,v01_full,v21_fk_nullable_sample_rows vs v01_full,1,0.3333333333333333,0.8187652031580607,42673.0,118078.0,-75405.0,P7_vs_full
GEMINI,public.tb_historico_dados_fao,v21_fk_nullable_sample_rows,v01_full,v21_fk_nullable_sample_rows vs v01_full,1,0.0,0.4613388379414876,42673.0,118078.0,-75405.0,P7_vs_full
GEMINI,public.tb_justificativa_prontuario,v21_fk_nullable_sample_rows,v01_full,v21_fk_nullable_sample_rows vs v01_full,1,0.0,0.7607132792472839,42673.0,118078.0,-75405.0,P7_vs_full
GEMINI,public.tb_lembrete_evolucao,v21_fk_nullable_sample_rows,v01_full,v21_fk_nullable_sample_rows vs v01_full,1,0.0,0.48711276054382324,42673.0,118078.0,-75405.0,P7_vs_full
GEMINI,public.tb_medicamento_uso_continuo,v21_fk_nullable_sample_rows,v01_full,v21_fk_nullable_sample_rows vs v01_full,1,0.3333333333333333,0.8290420373280843,42673.0,118078.0,-75405.0,P7_vs_full
GEMINI,public.tb_medicao,v21_fk_nullable_sample_rows,v01_full,v21_fk_nullable_sample_rows vs v01_full,1,0.6666666666666666,0.6666661103566488,42673.0,118078.0,-75405.0,P7_vs_full
GEMINI,public.tb_odontograma,v21_fk_nullable_sample_rows,v01_full,v21_fk_nullable_sample_rows vs v01_full,1,0.0,0.7303248445192972,42673.0,118078.0,-75405.0,P7_vs_full
GEMINI,public.tb_problema,v21_fk_nullable_sample_rows,v01_full,v21_fk_nullable_sample_rows vs v01_full,1,0.3333333333333333,0.8373770515124003,42673.0,118078.0,-75405.0,P7_vs_full
GEMINI,public.tb_proced_exame_especifico,v21_fk_nullable_sample_rows,v01_full,v21_fk_nullable_sample_rows vs v01_full,1,0.3333333333333333,0.7853878736495972,42673.0,118078.0,-75405.0,P7_vs_full
GEMINI,public.tb_raca_cor,v21_fk_nullable_sample_rows,v01_full,v21_fk_nullable_sample_rows vs v01_full,1,0.0,0.5402601361274719,42673.0,118078.0,-75405.0,P7_vs_full
GEMINI,public.tb_tipo_glicemia,v21_fk_nullable_sample_rows,v01_full,v21_fk_nullable_sample_rows vs v01_full,1,0.6666666666666666,0.8383097847302755,42673.0,118078.0,-75405.0,P7_vs_full
GEMINI,public.ta_medicamento_catmat,v22_fk_nullable_sample_rows_plus_frequent,v01_full,v22_fk_nullable_sample_rows_plus_frequent vs v01_full,1,0.6666666666666666,0.9683128197987875,62456.0,118078.0,-55622.0,P7_vs_full
GEMINI,public.ta_tecido_mole,v22_fk_nullable_sample_rows_plus_frequent,v01_full,v22_fk_nullable_sample_rows_plus_frequent vs v01_full,1,0.6666666666666666,0.9703679879506429,62456.0,118078.0,-55622.0,P7_vs_full
GEMINI,public.ta_vacinacao,v22_fk_nullable_sample_rows_plus_frequent,v01_full,v22_fk_nullable_sample_rows_plus_frequent vs v01_full,1,0.3333333333333333,0.8624525268872579,62456.0,118078.0,-55622.0,P7_vs_full
GEMINI,public.tb_antecedente,v22_fk_nullable_sample_rows_plus_frequent,v01_full,v22_fk_nullable_sample_rows_plus_frequent vs v01_full,1,0.6666666666666666,0.913487950960795,62456.0,118078.0,-55622.0,P7_vs_full
GEMINI,public.tb_ciap_ms,v22_fk_nullable_sample_rows_plus_frequent,v01_full,v22_fk_nullable_sample_rows_plus_frequent vs v01_full,1,0.3333333333333333,0.5091537237167358,62456.0,118078.0,-55622.0,P7_vs_full
GEMINI,public.tb_cidadao,v22_fk_nullable_sample_rows_plus_frequent,v01_full,v22_fk_nullable_sample_rows_plus_frequent vs v01_full,1,0.6666666666666666,0.8370896975199381,62456.0,118078.0,-55622.0,P7_vs_full
GEMINI,public.tb_cuidado_compartilhado_evol,v22_fk_nullable_sample_rows_plus_frequent,v01_full,v22_fk_nullable_sample_rows_plus_frequent vs v01_full,1,0.0,0.5346908966700236,62456.0,118078.0,-55622.0,P7_vs_full
GEMINI,public.tb_dim_catmat,v22_fk_nullable_sample_rows_plus_frequent,v01_full,v22_fk_nullable_sample_rows_plus_frequent vs v01_full,1,0.3333333333333333,0.8807052771250407,62456.0,118078.0,-55622.0,P7_vs_full
GEMINI,public.tb_evolucao_odonto,v22_fk_nullable_sample_rows_plus_frequent,v01_full,v22_fk_nullable_sample_rows_plus_frequent vs v01_full,1,0.3333333333333333,0.8583285013834635,62456.0,118078.0,-55622.0,P7_vs_full
GEMINI,public.tb_evolucao_subjetivo,v22_fk_nullable_sample_rows_plus_frequent,v01_full,v22_fk_nullable_sample_rows_plus_frequent vs v01_full,1,0.6666666666666666,0.8459571997324625,62456.0,118078.0,-55622.0,P7_vs_full
GEMINI,public.tb_exame_hemoglobina_glicada,v22_fk_nullable_sample_rows_plus_frequent,v01_full,v22_fk_nullable_sample_rows_plus_frequent vs v01_full,1,0.8,0.7999995231628418,62456.0,118078.0,-55622.0,P7_vs_full
GEMINI,public.tb_exame_prenatal,v22_fk_nullable_sample_rows_plus_frequent,v01_full,v22_fk_nullable_sample_rows_plus_frequent vs v01_full,1,0.6666666666666666,0.8580059210459391,62456.0,118078.0,-55622.0,P7_vs_full
GEMINI,public.tb_fat_atend_odonto_problemas,v22_fk_nullable_sample_rows_plus_frequent,v01_full,v22_fk_nullable_sample_rows_plus_frequent vs v01_full,1,0.6666666666666666,0.8984523216883341,62456.0,118078.0,-55622.0,P7_vs_full
GEMINI,public.tb_fat_rel_op_risco_cardio,v22_fk_nullable_sample_rows_plus_frequent,v01_full,v22_fk_nullable_sample_rows_plus_frequent vs v01_full,1,0.0,0.6181914210319519,62456.0,118078.0,-55622.0,P7_vs_full
GEMINI,public.tb_historico_dados_fao,v22_fk_nullable_sample_rows_plus_frequent,v01_full,v22_fk_nullable_sample_rows_plus_frequent vs v01_full,1,0.0,0.4928116003672282,62456.0,118078.0,-55622.0,P7_vs_full
GEMINI,public.tb_justificativa_prontuario,v22_fk_nullable_sample_rows_plus_frequent,v01_full,v22_fk_nullable_sample_rows_plus_frequent vs v01_full,1,0.6666666666666666,0.9269729256629944,62456.0,118078.0,-55622.0,P7_vs_full
GEMINI,public.tb_lembrete_evolucao,v22_fk_nullable_sample_rows_plus_frequent,v01_full,v22_fk_nullable_sample_rows_plus_frequent vs v01_full,1,0.0,0.23774741093317667,62456.0,118078.0,-55622.0,P7_vs_full
GEMINI,public.tb_medicamento_uso_continuo,v22_fk_nullable_sample_rows_plus_frequent,v01_full,v22_fk_nullable_sample_rows_plus_frequent vs v01_full,1,0.3333333333333333,0.8290420373280843,62456.0,118078.0,-55622.0,P7_vs_full
GEMINI,public.tb_medicao,v22_fk_nullable_sample_rows_plus_frequent,v01_full,v22_fk_nullable_sample_rows_plus_frequent vs v01_full,1,0.3333333333333333,0.8777657151222229,62456.0,118078.0,-55622.0,P7_vs_full
GEMINI,public.tb_odontograma,v22_fk_nullable_sample_rows_plus_frequent,v01_full,v22_fk_nullable_sample_rows_plus_frequent vs v01_full,1,0.0,0.8060575127601624,62456.0,118078.0,-55622.0,P7_vs_full
GEMINI,public.tb_problema,v22_fk_nullable_sample_rows_plus_frequent,v01_full,v22_fk_nullable_sample_rows_plus_frequent vs v01_full,1,0.0,0.5283969044685364,62456.0,118078.0,-55622.0,P7_vs_full
GEMINI,public.tb_proced_exame_especifico,v22_fk_nullable_sample_rows_plus_frequent,v01_full,v22_fk_nullable_sample_rows_plus_frequent vs v01_full,1,0.0,0.8194695313771566,62456.0,118078.0,-55622.0,P7_vs_full
GEMINI,public.tb_raca_cor,v22_fk_nullable_sample_rows_plus_frequent,v01_full,v22_fk_nullable_sample_rows_plus_frequent vs v01_full,1,0.6666666666666666,0.6666662693023682,62456.0,118078.0,-55622.0,P7_vs_full
GEMINI,public.tb_tipo_glicemia,v22_fk_nullable_sample_rows_plus_frequent,v01_full,v22_fk_nullable_sample_rows_plus_frequent vs v01_full,1,0.6666666666666666,0.6666661103566488,62456.0,118078.0,-55622.0,P7_vs_full
GEMINI,public.ta_medicamento_catmat,v23_fk_nullable_sample_rows_plus_sample_values,v01_full,v23_fk_nullable_sample_rows_plus_sample_values vs v01_full,1,0.0,0.6971617937088013,80667.0,118078.0,-37411.0,P7_vs_full
GEMINI,public.ta_tecido_mole,v23_fk_nullable_sample_rows_plus_sample_values,v01_full,v23_fk_nullable_sample_rows_plus_sample_values vs v01_full,1,0.3333333333333333,0.7666023373603821,80667.0,118078.0,-37411.0,P7_vs_full
GEMINI,public.ta_vacinacao,v23_fk_nullable_sample_rows_plus_sample_values,v01_full,v23_fk_nullable_sample_rows_plus_sample_values vs v01_full,1,0.6666666666666666,0.8490420579910278,80667.0,118078.0,-37411.0,P7_vs_full
GEMINI,public.tb_antecedente,v23_fk_nullable_sample_rows_plus_sample_values,v01_full,v23_fk_nullable_sample_rows_plus_sample_values vs v01_full,1,1.0,0.9999993046124777,80667.0,118078.0,-37411.0,P7_vs_full
GEMINI,public.tb_ciap_ms,v23_fk_nullable_sample_rows_plus_sample_values,v01_full,v23_fk_nullable_sample_rows_plus_sample_values vs v01_full,1,0.0,0.8555179834365845,80667.0,118078.0,-37411.0,P7_vs_full
GEMINI,public.tb_cidadao,v23_fk_nullable_sample_rows_plus_sample_values,v01_full,v23_fk_nullable_sample_rows_plus_sample_values vs v01_full,1,0.6666666666666666,0.8628185590108236,80667.0,118078.0,-37411.0,P7_vs_full
GEMINI,public.tb_cuidado_compartilhado_evol,v23_fk_nullable_sample_rows_plus_sample_values,v01_full,v23_fk_nullable_sample_rows_plus_sample_values vs v01_full,1,0.3333333333333333,0.8425268332163492,80667.0,118078.0,-37411.0,P7_vs_full
GEMINI,public.tb_dim_catmat,v23_fk_nullable_sample_rows_plus_sample_values,v01_full,v23_fk_nullable_sample_rows_plus_sample_values vs v01_full,1,0.3333333333333333,0.8807052771250407,80667.0,118078.0,-37411.0,P7_vs_full
GEMINI,public.tb_evolucao_odonto,v23_fk_nullable_sample_rows_plus_sample_values,v01_full,v23_fk_nullable_sample_rows_plus_sample_values vs v01_full,1,0.0,0.7829884092013041,80667.0,118078.0,-37411.0,P7_vs_full
GEMINI,public.tb_evolucao_subjetivo,v23_fk_nullable_sample_rows_plus_sample_values,v01_full,v23_fk_nullable_sample_rows_plus_sample_values vs v01_full,1,0.3333333333333333,0.8126056591669718,80667.0,118078.0,-37411.0,P7_vs_full
GEMINI,public.tb_exame_hemoglobina_glicada,v23_fk_nullable_sample_rows_plus_sample_values,v01_full,v23_fk_nullable_sample_rows_plus_sample_values vs v01_full,1,0.8,0.7999995231628418,80667.0,118078.0,-37411.0,P7_vs_full
GEMINI,public.tb_exame_prenatal,v23_fk_nullable_sample_rows_plus_sample_values,v01_full,v23_fk_nullable_sample_rows_plus_sample_values vs v01_full,1,0.6666666666666666,0.8580059210459391,80667.0,118078.0,-37411.0,P7_vs_full
GEMINI,public.tb_fat_atend_odonto_problemas,v23_fk_nullable_sample_rows_plus_sample_values,v01_full,v23_fk_nullable_sample_rows_plus_sample_values vs v01_full,1,0.3333333333333333,0.8128875295321146,80667.0,118078.0,-37411.0,P7_vs_full
GEMINI,public.tb_fat_rel_op_risco_cardio,v23_fk_nullable_sample_rows_plus_sample_values,v01_full,v23_fk_nullable_sample_rows_plus_sample_values vs v01_full,1,0.3333333333333333,0.7404013276100159,80667.0,118078.0,-37411.0,P7_vs_full
GEMINI,public.tb_historico_dados_fao,v23_fk_nullable_sample_rows_plus_sample_values,v01_full,v23_fk_nullable_sample_rows_plus_sample_values vs v01_full,1,0.0,0.5259136358896891,80667.0,118078.0,-37411.0,P7_vs_full
GEMINI,public.tb_justificativa_prontuario,v23_fk_nullable_sample_rows_plus_sample_values,v01_full,v23_fk_nullable_sample_rows_plus_sample_values vs v01_full,1,0.0,0.9059058427810669,80667.0,118078.0,-37411.0,P7_vs_full
GEMINI,public.tb_lembrete_evolucao,v23_fk_nullable_sample_rows_plus_sample_values,v01_full,v23_fk_nullable_sample_rows_plus_sample_values vs v01_full,1,0.0,0.7867910265922546,80667.0,118078.0,-37411.0,P7_vs_full
GEMINI,public.tb_medicamento_uso_continuo,v23_fk_nullable_sample_rows_plus_sample_values,v01_full,v23_fk_nullable_sample_rows_plus_sample_values vs v01_full,1,0.3333333333333333,0.8290420373280843,80667.0,118078.0,-37411.0,P7_vs_full
GEMINI,public.tb_medicao,v23_fk_nullable_sample_rows_plus_sample_values,v01_full,v23_fk_nullable_sample_rows_plus_sample_values vs v01_full,1,0.3333333333333333,0.7035293976465861,80667.0,118078.0,-37411.0,P7_vs_full
GEMINI,public.tb_odontograma,v23_fk_nullable_sample_rows_plus_sample_values,v01_full,v23_fk_nullable_sample_rows_plus_sample_values vs v01_full,1,0.3333333333333333,0.796109656492869,80667.0,118078.0,-37411.0,P7_vs_full
GEMINI,public.tb_problema,v23_fk_nullable_sample_rows_plus_sample_values,v01_full,v23_fk_nullable_sample_rows_plus_sample_values vs v01_full,1,0.3333333333333333,0.8204718232154846,80667.0,118078.0,-37411.0,P7_vs_full
GEMINI,public.tb_proced_exame_especifico,v23_fk_nullable_sample_rows_plus_sample_values,v01_full,v23_fk_nullable_sample_rows_plus_sample_values vs v01_full,1,0.6666666666666666,0.85552450021108,80667.0,118078.0,-37411.0,P7_vs_full
GEMINI,public.tb_raca_cor,v23_fk_nullable_sample_rows_plus_sample_values,v01_full,v23_fk_nullable_sample_rows_plus_sample_values vs v01_full,1,0.3333333333333333,0.5041478474934896,80667.0,118078.0,-37411.0,P7_vs_full
GEMINI,public.tb_tipo_glicemia,v23_fk_nullable_sample_rows_plus_sample_values,v01_full,v23_fk_nullable_sample_rows_plus_sample_values vs v01_full,1,0.0,0.5683024326960245,80667.0,118078.0,-37411.0,P7_vs_full
GEMINI,public.ta_medicamento_catmat,v24_full_no_numeric_stats,v01_full,v24_full_no_numeric_stats vs v01_full,1,0.3333333333333333,0.9311639865239462,108668.0,118078.0,-9410.0,P7_vs_full
GEMINI,public.ta_tecido_mole,v24_full_no_numeric_stats,v01_full,v24_full_no_numeric_stats vs v01_full,1,0.0,0.7541545232137045,108668.0,118078.0,-9410.0,P7_vs_full
GEMINI,public.ta_vacinacao,v24_full_no_numeric_stats,v01_full,v24_full_no_numeric_stats vs v01_full,1,1.0,0.999999205271403,108668.0,118078.0,-9410.0,P7_vs_full
GEMINI,public.tb_antecedente,v24_full_no_numeric_stats,v01_full,v24_full_no_numeric_stats vs v01_full,1,0.6666666666666666,0.9287619590759277,108668.0,118078.0,-9410.0,P7_vs_full
GEMINI,public.tb_ciap_ms,v24_full_no_numeric_stats,v01_full,v24_full_no_numeric_stats vs v01_full,1,0.0,0.4513198534647624,108668.0,118078.0,-9410.0,P7_vs_full
GEMINI,public.tb_cidadao,v24_full_no_numeric_stats,v01_full,v24_full_no_numeric_stats vs v01_full,1,0.6666666666666666,0.935151219367981,108668.0,118078.0,-9410.0,P7_vs_full
GEMINI,public.tb_cuidado_compartilhado_evol,v24_full_no_numeric_stats,v01_full,v24_full_no_numeric_stats vs v01_full,1,0.6666666666666666,0.9269707202911377,108668.0,118078.0,-9410.0,P7_vs_full
GEMINI,public.tb_dim_catmat,v24_full_no_numeric_stats,v01_full,v24_full_no_numeric_stats vs v01_full,1,0.3333333333333333,0.8617345293362936,108668.0,118078.0,-9410.0,P7_vs_full
GEMINI,public.tb_evolucao_odonto,v24_full_no_numeric_stats,v01_full,v24_full_no_numeric_stats vs v01_full,1,0.0,0.7109725475311279,108668.0,118078.0,-9410.0,P7_vs_full
GEMINI,public.tb_evolucao_subjetivo,v24_full_no_numeric_stats,v01_full,v24_full_no_numeric_stats vs v01_full,1,0.6666666666666666,0.9453339576721191,108668.0,118078.0,-9410.0,P7_vs_full
GEMINI,public.tb_exame_hemoglobina_glicada,v24_full_no_numeric_stats,v01_full,v24_full_no_numeric_stats vs v01_full,1,0.8,0.7999995231628418,108668.0,118078.0,-9410.0,P7_vs_full
GEMINI,public.tb_exame_prenatal,v24_full_no_numeric_stats,v01_full,v24_full_no_numeric_stats vs v01_full,1,0.6666666666666666,0.8580059210459391,108668.0,118078.0,-9410.0,P7_vs_full
GEMINI,public.tb_fat_atend_odonto_problemas,v24_full_no_numeric_stats,v01_full,v24_full_no_numeric_stats vs v01_full,1,0.3333333333333333,0.7960519989331564,108668.0,118078.0,-9410.0,P7_vs_full
GEMINI,public.tb_fat_rel_op_risco_cardio,v24_full_no_numeric_stats,v01_full,v24_full_no_numeric_stats vs v01_full,1,0.6666666666666666,0.9333668351173401,108668.0,118078.0,-9410.0,P7_vs_full
GEMINI,public.tb_historico_dados_fao,v24_full_no_numeric_stats,v01_full,v24_full_no_numeric_stats vs v01_full,1,0.3333333333333333,0.9160987337430319,108668.0,118078.0,-9410.0,P7_vs_full
GEMINI,public.tb_justificativa_prontuario,v24_full_no_numeric_stats,v01_full,v24_full_no_numeric_stats vs v01_full,1,0.0,0.8429292639096578,108668.0,118078.0,-9410.0,P7_vs_full
GEMINI,public.tb_lembrete_evolucao,v24_full_no_numeric_stats,v01_full,v24_full_no_numeric_stats vs v01_full,1,0.3333333333333333,0.7984131574630737,108668.0,118078.0,-9410.0,P7_vs_full
GEMINI,public.tb_medicamento_uso_continuo,v24_full_no_numeric_stats,v01_full,v24_full_no_numeric_stats vs v01_full,1,0.3333333333333333,0.8290420373280843,108668.0,118078.0,-9410.0,P7_vs_full
GEMINI,public.tb_medicao,v24_full_no_numeric_stats,v01_full,v24_full_no_numeric_stats vs v01_full,1,0.3333333333333333,0.9053378701210022,108668.0,118078.0,-9410.0,P7_vs_full
GEMINI,public.tb_odontograma,v24_full_no_numeric_stats,v01_full,v24_full_no_numeric_stats vs v01_full,1,0.3333333333333333,0.7902637322743734,108668.0,118078.0,-9410.0,P7_vs_full
GEMINI,public.tb_problema,v24_full_no_numeric_stats,v01_full,v24_full_no_numeric_stats vs v01_full,1,0.3333333333333333,0.854465107123057,108668.0,118078.0,-9410.0,P7_vs_full
GEMINI,public.tb_proced_exame_especifico,v24_full_no_numeric_stats,v01_full,v24_full_no_numeric_stats vs v01_full,1,0.0,0.9168775677680969,108668.0,118078.0,-9410.0,P7_vs_full
GEMINI,public.tb_raca_cor,v24_full_no_numeric_stats,v01_full,v24_full_no_numeric_stats vs v01_full,1,0.3333333333333333,0.6013309558232626,108668.0,118078.0,-9410.0,P7_vs_full
GEMINI,public.tb_tipo_glicemia,v24_full_no_numeric_stats,v01_full,v24_full_no_numeric_stats vs v01_full,1,0.3333333333333333,0.762186586856842,108668.0,118078.0,-9410.0,P7_vs_full
GEMINI,public.ta_medicamento_catmat,v25_full_no_sample_rows,v01_full,v25_full_no_sample_rows vs v01_full,1,0.6666666666666666,0.9780511657396952,104004.0,118078.0,-14074.0,P7_vs_full
GEMINI,public.ta_tecido_mole,v25_full_no_sample_rows,v01_full,v25_full_no_sample_rows vs v01_full,1,0.0,0.4798196156819661,104004.0,118078.0,-14074.0,P7_vs_full
GEMINI,public.ta_vacinacao,v25_full_no_sample_rows,v01_full,v25_full_no_sample_rows vs v01_full,1,1.0,0.999999205271403,104004.0,118078.0,-14074.0,P7_vs_full
GEMINI,public.tb_antecedente,v25_full_no_sample_rows,v01_full,v25_full_no_sample_rows vs v01_full,1,0.0,0.7548485000928243,104004.0,118078.0,-14074.0,P7_vs_full
GEMINI,public.tb_ciap_ms,v25_full_no_sample_rows,v01_full,v25_full_no_sample_rows vs v01_full,1,0.0,0.23124603430430093,104004.0,118078.0,-14074.0,P7_vs_full
GEMINI,public.tb_cidadao,v25_full_no_sample_rows,v01_full,v25_full_no_sample_rows vs v01_full,1,0.6666666666666666,0.8483242193857828,104004.0,118078.0,-14074.0,P7_vs_full
GEMINI,public.tb_cuidado_compartilhado_evol,v25_full_no_sample_rows,v01_full,v25_full_no_sample_rows vs v01_full,1,0.6666666666666666,0.9269707202911377,104004.0,118078.0,-14074.0,P7_vs_full
GEMINI,public.tb_dim_catmat,v25_full_no_sample_rows,v01_full,v25_full_no_sample_rows vs v01_full,1,0.0,0.8106785813967387,104004.0,118078.0,-14074.0,P7_vs_full
GEMINI,public.tb_evolucao_odonto,v25_full_no_sample_rows,v01_full,v25_full_no_sample_rows vs v01_full,1,0.0,0.7994467616081238,104004.0,118078.0,-14074.0,P7_vs_full
GEMINI,public.tb_evolucao_subjetivo,v25_full_no_sample_rows,v01_full,v25_full_no_sample_rows vs v01_full,1,0.6666666666666666,0.9179149866104126,104004.0,118078.0,-14074.0,P7_vs_full
GEMINI,public.tb_exame_hemoglobina_glicada,v25_full_no_sample_rows,v01_full,v25_full_no_sample_rows vs v01_full,1,0.8,0.7999995231628418,104004.0,118078.0,-14074.0,P7_vs_full
GEMINI,public.tb_exame_prenatal,v25_full_no_sample_rows,v01_full,v25_full_no_sample_rows vs v01_full,1,0.6666666666666666,0.8606136639912924,104004.0,118078.0,-14074.0,P7_vs_full
GEMINI,public.tb_fat_atend_odonto_problemas,v25_full_no_sample_rows,v01_full,v25_full_no_sample_rows vs v01_full,1,0.0,0.7234015464782715,104004.0,118078.0,-14074.0,P7_vs_full
GEMINI,public.tb_fat_rel_op_risco_cardio,v25_full_no_sample_rows,v01_full,v25_full_no_sample_rows vs v01_full,1,0.3333333333333333,0.867928703625997,104004.0,118078.0,-14074.0,P7_vs_full
GEMINI,public.tb_historico_dados_fao,v25_full_no_sample_rows,v01_full,v25_full_no_sample_rows vs v01_full,1,0.6666666666666666,0.8770890831947327,104004.0,118078.0,-14074.0,P7_vs_full
GEMINI,public.tb_justificativa_prontuario,v25_full_no_sample_rows,v01_full,v25_full_no_sample_rows vs v01_full,1,0.0,0.6039159893989563,104004.0,118078.0,-14074.0,P7_vs_full
GEMINI,public.tb_lembrete_evolucao,v25_full_no_sample_rows,v01_full,v25_full_no_sample_rows vs v01_full,1,0.3333333333333333,0.8189272284507751,104004.0,118078.0,-14074.0,P7_vs_full
GEMINI,public.tb_medicamento_uso_continuo,v25_full_no_sample_rows,v01_full,v25_full_no_sample_rows vs v01_full,1,0.0,0.7991956671079,104004.0,118078.0,-14074.0,P7_vs_full
GEMINI,public.tb_medicao,v25_full_no_sample_rows,v01_full,v25_full_no_sample_rows vs v01_full,1,1.0,0.999999205271403,104004.0,118078.0,-14074.0,P7_vs_full
GEMINI,public.tb_odontograma,v25_full_no_sample_rows,v01_full,v25_full_no_sample_rows vs v01_full,1,0.3333333333333333,0.8244747916857401,104004.0,118078.0,-14074.0,P7_vs_full
GEMINI,public.tb_problema,v25_full_no_sample_rows,v01_full,v25_full_no_sample_rows vs v01_full,1,0.3333333333333333,0.6045320630073547,104004.0,118078.0,-14074.0,P7_vs_full
GEMINI,public.tb_proced_exame_especifico,v25_full_no_sample_rows,v01_full,v25_full_no_sample_rows vs v01_full,1,1.0,0.999999483426412,104004.0,118078.0,-14074.0,P7_vs_full
GEMINI,public.tb_raca_cor,v25_full_no_sample_rows,v01_full,v25_full_no_sample_rows vs v01_full,1,0.3333333333333333,0.5813783407211304,104004.0,118078.0,-14074.0,P7_vs_full
GEMINI,public.tb_tipo_glicemia,v25_full_no_sample_rows,v01_full,v25_full_no_sample_rows vs v01_full,1,0.6666666666666666,0.9229187170664469,104004.0,118078.0,-14074.0,P7_vs_full
