LLM_Model,Tabela,Variante_A,Variante_B,Comparacao,Runs_Comparados,HardDice_mean,SoftDice_mean,TokensIn_A_mean,TokensIn_B_mean,Delta_TokensIn,RQ
DEEPSEEK,nhanes_demographics.demo_j,v02_plus_fk,v00_baseline,FK vs baseline,1,1.0,0.9999994039535522,29683.0,29433.0,250.0,P1_isolated_effects
DEEPSEEK,nhanes_dietary.ds1tot_j,v02_plus_fk,v00_baseline,FK vs baseline,1,0.6666666666666666,0.8851188023885092,29683.0,29433.0,250.0,P1_isolated_effects
DEEPSEEK,nhanes_dietary.ds2ids_j,v02_plus_fk,v00_baseline,FK vs baseline,1,0.6666666666666666,0.9243078430493673,29683.0,29433.0,250.0,P1_isolated_effects
DEEPSEEK,nhanes_dietary.ds2tot_j,v02_plus_fk,v00_baseline,FK vs baseline,1,1.0,0.9999993642171224,29683.0,29433.0,250.0,P1_isolated_effects
DEEPSEEK,nhanes_dietary.dsqids_j,v02_plus_fk,v00_baseline,FK vs baseline,1,0.6666666666666666,0.9352691968282064,29683.0,29433.0,250.0,P1_isolated_effects
DEEPSEEK,nhanes_dietary.dsqtot_j,v02_plus_fk,v00_baseline,FK vs baseline,1,0.6666666666666666,0.8851188023885092,29683.0,29433.0,250.0,P1_isolated_effects
DEEPSEEK,nhanes_examination.bmx_j,v02_plus_fk,v00_baseline,FK vs baseline,1,0.6666666666666666,0.6666661898295084,29683.0,29433.0,250.0,P1_isolated_effects
DEEPSEEK,nhanes_examination.bpx_j,v02_plus_fk,v00_baseline,FK vs baseline,1,1.0,0.9999993840853373,29683.0,29433.0,250.0,P1_isolated_effects
DEEPSEEK,nhanes_examination.bpxo_j,v02_plus_fk,v00_baseline,FK vs baseline,1,0.0,0.7027190526326498,29683.0,29433.0,250.0,P1_isolated_effects
DEEPSEEK,nhanes_laboratory.cbc_j,v02_plus_fk,v00_baseline,FK vs baseline,1,0.3333333333333333,0.7422868013381958,29683.0,29433.0,250.0,P1_isolated_effects
DEEPSEEK,nhanes_laboratory.fastqx_j,v02_plus_fk,v00_baseline,FK vs baseline,1,0.6666666666666666,0.6666661302248637,29683.0,29433.0,250.0,P1_isolated_effects
DEEPSEEK,nhanes_laboratory.ghb_j,v02_plus_fk,v00_baseline,FK vs baseline,1,0.6666666666666666,0.9629385670026144,29683.0,29433.0,250.0,P1_isolated_effects
DEEPSEEK,nhanes_laboratory.hepa_j,v02_plus_fk,v00_baseline,FK vs baseline,1,0.6666666666666666,0.961260199546814,29683.0,29433.0,250.0,P1_isolated_effects
DEEPSEEK,nhanes_laboratory.ins_j,v02_plus_fk,v00_baseline,FK vs baseline,1,0.3333333333333333,0.7762876152992249,29683.0,29433.0,250.0,P1_isolated_effects
DEEPSEEK,nhanes_laboratory.phthte_j,v02_plus_fk,v00_baseline,FK vs baseline,1,0.6666666666666666,0.6666661699612936,29683.0,29433.0,250.0,P1_isolated_effects
DEEPSEEK,nhanes_laboratory.ssuvcm_j,v02_plus_fk,v00_baseline,FK vs baseline,1,0.0,0.38913609584172565,29683.0,29433.0,250.0,P1_isolated_effects
DEEPSEEK,nhanes_laboratory.uio_j,v02_plus_fk,v00_baseline,FK vs baseline,1,0.4,0.7588662147521973,29683.0,29433.0,250.0,P1_isolated_effects
DEEPSEEK,nhanes_laboratory.vic_j,v02_plus_fk,v00_baseline,FK vs baseline,1,0.0,0.5308101971944174,29683.0,29433.0,250.0,P1_isolated_effects
DEEPSEEK,nhanes_laboratory.vid_j,v02_plus_fk,v00_baseline,FK vs baseline,1,0.0,0.5111250082651774,29683.0,29433.0,250.0,P1_isolated_effects
DEEPSEEK,nhanes_questionnaire.alq_j,v02_plus_fk,v00_baseline,FK vs baseline,1,0.3333333333333333,0.8274076581001282,29683.0,29433.0,250.0,P1_isolated_effects
DEEPSEEK,nhanes_questionnaire.dpq_j,v02_plus_fk,v00_baseline,FK vs baseline,1,1.0,0.999998946984609,29683.0,29433.0,250.0,P1_isolated_effects
DEEPSEEK,nhanes_questionnaire.hsq_j,v02_plus_fk,v00_baseline,FK vs baseline,1,1.0,0.9999994039535522,29683.0,29433.0,250.0,P1_isolated_effects
DEEPSEEK,nhanes_questionnaire.puqmec_j,v02_plus_fk,v00_baseline,FK vs baseline,1,0.3333333333333333,0.8398200670878092,29683.0,29433.0,250.0,P1_isolated_effects
DEEPSEEK,nhanes_questionnaire.smqshs_j,v02_plus_fk,v00_baseline,FK vs baseline,1,0.6666666666666666,0.9053598046302795,29683.0,29433.0,250.0,P1_isolated_effects
DEEPSEEK,nhanes_questionnaire.whq_j,v02_plus_fk,v00_baseline,FK vs baseline,1,1.0,0.9999993642171224,29683.0,29433.0,250.0,P1_isolated_effects
DEEPSEEK,nhanes_demographics.demo_j,v03_plus_nullable,v00_baseline,nullable vs baseline,1,0.6666666666666666,0.6666662693023682,32273.0,29433.0,2840.0,P1_isolated_effects
DEEPSEEK,nhanes_dietary.ds1tot_j,v03_plus_nullable,v00_baseline,nullable vs baseline,1,0.6666666666666666,0.8851188023885092,32273.0,29433.0,2840.0,P1_isolated_effects
DEEPSEEK,nhanes_dietary.ds2ids_j,v03_plus_nullable,v00_baseline,nullable vs baseline,1,1.0,0.9999992648760477,32273.0,29433.0,2840.0,P1_isolated_effects
DEEPSEEK,nhanes_dietary.ds2tot_j,v03_plus_nullable,v00_baseline,nullable vs baseline,1,0.0,0.7901837627092997,32273.0,29433.0,2840.0,P1_isolated_effects
DEEPSEEK,nhanes_dietary.dsqids_j,v03_plus_nullable,v00_baseline,nullable vs baseline,1,0.6666666666666666,0.8851188023885092,32273.0,29433.0,2840.0,P1_isolated_effects
DEEPSEEK,nhanes_dietary.dsqtot_j,v03_plus_nullable,v00_baseline,nullable vs baseline,1,0.6666666666666666,0.8931634028752645,32273.0,29433.0,2840.0,P1_isolated_effects
DEEPSEEK,nhanes_examination.bmx_j,v03_plus_nullable,v00_baseline,nullable vs baseline,1,0.3333333333333333,0.8173084457715353,32273.0,29433.0,2840.0,P1_isolated_effects
DEEPSEEK,nhanes_examination.bpx_j,v03_plus_nullable,v00_baseline,nullable vs baseline,1,0.6666666666666666,0.846568246682485,32273.0,29433.0,2840.0,P1_isolated_effects
DEEPSEEK,nhanes_examination.bpxo_j,v03_plus_nullable,v00_baseline,nullable vs baseline,1,0.0,0.6673458019892374,32273.0,29433.0,2840.0,P1_isolated_effects
DEEPSEEK,nhanes_laboratory.cbc_j,v03_plus_nullable,v00_baseline,nullable vs baseline,1,0.3333333333333333,0.8277637561162313,32273.0,29433.0,2840.0,P1_isolated_effects
DEEPSEEK,nhanes_laboratory.fastqx_j,v03_plus_nullable,v00_baseline,nullable vs baseline,1,0.6666666666666666,0.6666661302248637,32273.0,29433.0,2840.0,P1_isolated_effects
DEEPSEEK,nhanes_laboratory.ghb_j,v03_plus_nullable,v00_baseline,nullable vs baseline,1,0.3333333333333333,0.6296055118242899,32273.0,29433.0,2840.0,P1_isolated_effects
DEEPSEEK,nhanes_laboratory.hepa_j,v03_plus_nullable,v00_baseline,nullable vs baseline,1,0.3333333333333333,0.6188671588897705,32273.0,29433.0,2840.0,P1_isolated_effects
DEEPSEEK,nhanes_laboratory.ins_j,v03_plus_nullable,v00_baseline,nullable vs baseline,1,0.3333333333333333,0.7707279523213705,32273.0,29433.0,2840.0,P1_isolated_effects
DEEPSEEK,nhanes_laboratory.phthte_j,v03_plus_nullable,v00_baseline,nullable vs baseline,1,0.6666666666666666,0.6666661699612936,32273.0,29433.0,2840.0,P1_isolated_effects
DEEPSEEK,nhanes_laboratory.ssuvcm_j,v03_plus_nullable,v00_baseline,nullable vs baseline,1,0.0,0.3551163872083028,32273.0,29433.0,2840.0,P1_isolated_effects
DEEPSEEK,nhanes_laboratory.uio_j,v03_plus_nullable,v00_baseline,nullable vs baseline,1,0.3333333333333333,0.7859696944554647,32273.0,29433.0,2840.0,P1_isolated_effects
DEEPSEEK,nhanes_laboratory.vic_j,v03_plus_nullable,v00_baseline,nullable vs baseline,1,0.0,0.46519899368286133,32273.0,29433.0,2840.0,P1_isolated_effects
DEEPSEEK,nhanes_laboratory.vid_j,v03_plus_nullable,v00_baseline,nullable vs baseline,1,1.0,0.999999483426412,32273.0,29433.0,2840.0,P1_isolated_effects
DEEPSEEK,nhanes_questionnaire.alq_j,v03_plus_nullable,v00_baseline,nullable vs baseline,1,0.3333333333333333,0.8274076581001282,32273.0,29433.0,2840.0,P1_isolated_effects
DEEPSEEK,nhanes_questionnaire.dpq_j,v03_plus_nullable,v00_baseline,nullable vs baseline,1,1.0,0.999998946984609,32273.0,29433.0,2840.0,P1_isolated_effects
DEEPSEEK,nhanes_questionnaire.hsq_j,v03_plus_nullable,v00_baseline,nullable vs baseline,1,1.0,0.9999994039535522,32273.0,29433.0,2840.0,P1_isolated_effects
DEEPSEEK,nhanes_questionnaire.puqmec_j,v03_plus_nullable,v00_baseline,nullable vs baseline,1,1.0,0.9999993443489075,32273.0,29433.0,2840.0,P1_isolated_effects
DEEPSEEK,nhanes_questionnaire.smqshs_j,v03_plus_nullable,v00_baseline,nullable vs baseline,1,1.0,0.9999990463256836,32273.0,29433.0,2840.0,P1_isolated_effects
DEEPSEEK,nhanes_questionnaire.whq_j,v03_plus_nullable,v00_baseline,nullable vs baseline,1,1.0,0.9999993642171224,32273.0,29433.0,2840.0,P1_isolated_effects
DEEPSEEK,nhanes_demographics.demo_j,v04_plus_numeric_stats,v00_baseline,numeric_stats vs baseline,1,0.3333333333333333,0.5853866338729858,58015.0,29433.0,28582.0,P1_isolated_effects
DEEPSEEK,nhanes_dietary.ds1tot_j,v04_plus_numeric_stats,v00_baseline,numeric_stats vs baseline,1,0.6666666666666666,0.9010827342669169,58015.0,29433.0,28582.0,P1_isolated_effects
DEEPSEEK,nhanes_dietary.ds2ids_j,v04_plus_numeric_stats,v00_baseline,numeric_stats vs baseline,1,1.0,0.9999992648760477,58015.0,29433.0,28582.0,P1_isolated_effects
DEEPSEEK,nhanes_dietary.ds2tot_j,v04_plus_numeric_stats,v00_baseline,numeric_stats vs baseline,1,1.0,0.9999993642171224,58015.0,29433.0,28582.0,P1_isolated_effects
DEEPSEEK,nhanes_dietary.dsqids_j,v04_plus_numeric_stats,v00_baseline,numeric_stats vs baseline,1,0.3333333333333333,0.8045566280682882,58015.0,29433.0,28582.0,P1_isolated_effects
DEEPSEEK,nhanes_dietary.dsqtot_j,v04_plus_numeric_stats,v00_baseline,numeric_stats vs baseline,1,0.3333333333333333,0.8045566280682882,58015.0,29433.0,28582.0,P1_isolated_effects
DEEPSEEK,nhanes_examination.bmx_j,v04_plus_numeric_stats,v00_baseline,numeric_stats vs baseline,1,1.0,0.9999992847442627,58015.0,29433.0,28582.0,P1_isolated_effects
DEEPSEEK,nhanes_examination.bpx_j,v04_plus_numeric_stats,v00_baseline,numeric_stats vs baseline,1,0.6666666666666666,0.9591617981592814,58015.0,29433.0,28582.0,P1_isolated_effects
DEEPSEEK,nhanes_examination.bpxo_j,v04_plus_numeric_stats,v00_baseline,numeric_stats vs baseline,1,0.0,0.4980802536010742,58015.0,29433.0,28582.0,P1_isolated_effects
DEEPSEEK,nhanes_laboratory.cbc_j,v04_plus_numeric_stats,v00_baseline,numeric_stats vs baseline,1,1.0,0.9999993443489075,58015.0,29433.0,28582.0,P1_isolated_effects
DEEPSEEK,nhanes_laboratory.fastqx_j,v04_plus_numeric_stats,v00_baseline,numeric_stats vs baseline,1,0.3333333333333333,0.5538934667905172,58015.0,29433.0,28582.0,P1_isolated_effects
DEEPSEEK,nhanes_laboratory.ghb_j,v04_plus_numeric_stats,v00_baseline,numeric_stats vs baseline,1,0.6666666666666666,0.9629385670026144,58015.0,29433.0,28582.0,P1_isolated_effects
DEEPSEEK,nhanes_laboratory.hepa_j,v04_plus_numeric_stats,v00_baseline,numeric_stats vs baseline,1,0.0,0.680362343788147,58015.0,29433.0,28582.0,P1_isolated_effects
DEEPSEEK,nhanes_laboratory.ins_j,v04_plus_numeric_stats,v00_baseline,numeric_stats vs baseline,1,0.3333333333333333,0.33333293596903485,58015.0,29433.0,28582.0,P1_isolated_effects
DEEPSEEK,nhanes_laboratory.phthte_j,v04_plus_numeric_stats,v00_baseline,numeric_stats vs baseline,1,0.0,0.4735599160194397,58015.0,29433.0,28582.0,P1_isolated_effects
DEEPSEEK,nhanes_laboratory.ssuvcm_j,v04_plus_numeric_stats,v00_baseline,numeric_stats vs baseline,1,0.0,0.38283848762512207,58015.0,29433.0,28582.0,P1_isolated_effects
DEEPSEEK,nhanes_laboratory.uio_j,v04_plus_numeric_stats,v00_baseline,numeric_stats vs baseline,1,0.3333333333333333,0.7859696944554647,58015.0,29433.0,28582.0,P1_isolated_effects
DEEPSEEK,nhanes_laboratory.vic_j,v04_plus_numeric_stats,v00_baseline,numeric_stats vs baseline,1,0.0,0.5308101971944174,58015.0,29433.0,28582.0,P1_isolated_effects
DEEPSEEK,nhanes_laboratory.vid_j,v04_plus_numeric_stats,v00_baseline,numeric_stats vs baseline,1,1.0,0.999999483426412,58015.0,29433.0,28582.0,P1_isolated_effects
DEEPSEEK,nhanes_questionnaire.alq_j,v04_plus_numeric_stats,v00_baseline,numeric_stats vs baseline,1,0.6666666666666666,0.9087925354639689,58015.0,29433.0,28582.0,P1_isolated_effects
DEEPSEEK,nhanes_questionnaire.dpq_j,v04_plus_numeric_stats,v00_baseline,numeric_stats vs baseline,1,0.3333333333333333,0.5728867252667745,58015.0,29433.0,28582.0,P1_isolated_effects
DEEPSEEK,nhanes_questionnaire.hsq_j,v04_plus_numeric_stats,v00_baseline,numeric_stats vs baseline,1,0.0,0.5528689821561178,58015.0,29433.0,28582.0,P1_isolated_effects
DEEPSEEK,nhanes_questionnaire.puqmec_j,v04_plus_numeric_stats,v00_baseline,numeric_stats vs baseline,1,0.3333333333333333,0.3333331346511841,58015.0,29433.0,28582.0,P1_isolated_effects
DEEPSEEK,nhanes_questionnaire.smqshs_j,v04_plus_numeric_stats,v00_baseline,numeric_stats vs baseline,1,0.6666666666666666,0.6666660308837891,58015.0,29433.0,28582.0,P1_isolated_effects
DEEPSEEK,nhanes_questionnaire.whq_j,v04_plus_numeric_stats,v00_baseline,numeric_stats vs baseline,1,0.6666666666666666,0.6666662295659384,58015.0,29433.0,28582.0,P1_isolated_effects
DEEPSEEK,nhanes_demographics.demo_j,v05_plus_sample_values,v00_baseline,sample_values vs baseline,1,1.0,0.9999994039535522,64762.0,29433.0,35329.0,P1_isolated_effects
DEEPSEEK,nhanes_dietary.ds1tot_j,v05_plus_sample_values,v00_baseline,sample_values vs baseline,1,0.6666666666666666,0.8851188023885092,64762.0,29433.0,35329.0,P1_isolated_effects
DEEPSEEK,nhanes_dietary.ds2ids_j,v05_plus_sample_values,v00_baseline,sample_values vs baseline,1,1.0,0.9999992648760477,64762.0,29433.0,35329.0,P1_isolated_effects
DEEPSEEK,nhanes_dietary.ds2tot_j,v05_plus_sample_values,v00_baseline,sample_values vs baseline,1,1.0,0.9999993642171224,64762.0,29433.0,35329.0,P1_isolated_effects
DEEPSEEK,nhanes_dietary.dsqids_j,v05_plus_sample_values,v00_baseline,sample_values vs baseline,1,1.0,0.9999994039535522,64762.0,29433.0,35329.0,P1_isolated_effects
DEEPSEEK,nhanes_dietary.dsqtot_j,v05_plus_sample_values,v00_baseline,sample_values vs baseline,1,0.0,0.7053977847099304,64762.0,29433.0,35329.0,P1_isolated_effects
DEEPSEEK,nhanes_examination.bmx_j,v05_plus_sample_values,v00_baseline,sample_values vs baseline,1,0.3333333333333333,0.7635564009348551,64762.0,29433.0,35329.0,P1_isolated_effects
DEEPSEEK,nhanes_examination.bpx_j,v05_plus_sample_values,v00_baseline,sample_values vs baseline,1,1.0,0.9999993840853373,64762.0,29433.0,35329.0,P1_isolated_effects
DEEPSEEK,nhanes_examination.bpxo_j,v05_plus_sample_values,v00_baseline,sample_values vs baseline,1,0.0,0.4980802536010742,64762.0,29433.0,35329.0,P1_isolated_effects
DEEPSEEK,nhanes_laboratory.cbc_j,v05_plus_sample_values,v00_baseline,sample_values vs baseline,1,0.3333333333333333,0.8159179290135702,64762.0,29433.0,35329.0,P1_isolated_effects
DEEPSEEK,nhanes_laboratory.fastqx_j,v05_plus_sample_values,v00_baseline,sample_values vs baseline,1,0.3333333333333333,0.5408709843953451,64762.0,29433.0,35329.0,P1_isolated_effects
DEEPSEEK,nhanes_laboratory.ghb_j,v05_plus_sample_values,v00_baseline,sample_values vs baseline,1,0.6666666666666666,0.9629385670026144,64762.0,29433.0,35329.0,P1_isolated_effects
DEEPSEEK,nhanes_laboratory.hepa_j,v05_plus_sample_values,v00_baseline,sample_values vs baseline,1,0.0,0.46846699714660645,64762.0,29433.0,35329.0,P1_isolated_effects
DEEPSEEK,nhanes_laboratory.ins_j,v05_plus_sample_values,v00_baseline,sample_values vs baseline,1,0.3333333333333333,0.33333293596903485,64762.0,29433.0,35329.0,P1_isolated_effects
DEEPSEEK,nhanes_laboratory.phthte_j,v05_plus_sample_values,v00_baseline,sample_values vs baseline,1,0.0,0.5053999225298563,64762.0,29433.0,35329.0,P1_isolated_effects
DEEPSEEK,nhanes_laboratory.ssuvcm_j,v05_plus_sample_values,v00_baseline,sample_values vs baseline,1,0.0,0.38819928963979083,64762.0,29433.0,35329.0,P1_isolated_effects
DEEPSEEK,nhanes_laboratory.uio_j,v05_plus_sample_values,v00_baseline,sample_values vs baseline,1,0.6666666666666666,0.912450393040975,64762.0,29433.0,35329.0,P1_isolated_effects
DEEPSEEK,nhanes_laboratory.vic_j,v05_plus_sample_values,v00_baseline,sample_values vs baseline,1,0.0,0.5308101971944174,64762.0,29433.0,35329.0,P1_isolated_effects
DEEPSEEK,nhanes_laboratory.vid_j,v05_plus_sample_values,v00_baseline,sample_values vs baseline,1,1.0,0.999999483426412,64762.0,29433.0,35329.0,P1_isolated_effects
DEEPSEEK,nhanes_questionnaire.alq_j,v05_plus_sample_values,v00_baseline,sample_values vs baseline,1,1.0,0.9999991456667582,64762.0,29433.0,35329.0,P1_isolated_effects
DEEPSEEK,nhanes_questionnaire.dpq_j,v05_plus_sample_values,v00_baseline,sample_values vs baseline,1,0.6666666666666666,0.9124553203582764,64762.0,29433.0,35329.0,P1_isolated_effects
DEEPSEEK,nhanes_questionnaire.hsq_j,v05_plus_sample_values,v00_baseline,sample_values vs baseline,1,0.3333333333333333,0.8862020373344421,64762.0,29433.0,35329.0,P1_isolated_effects
DEEPSEEK,nhanes_questionnaire.puqmec_j,v05_plus_sample_values,v00_baseline,sample_values vs baseline,1,0.3333333333333333,0.3333331346511841,64762.0,29433.0,35329.0,P1_isolated_effects
DEEPSEEK,nhanes_questionnaire.smqshs_j,v05_plus_sample_values,v00_baseline,sample_values vs baseline,1,0.6666666666666666,0.9596959948539734,64762.0,29433.0,35329.0,P1_isolated_effects
DEEPSEEK,nhanes_questionnaire.whq_j,v05_plus_sample_values,v00_baseline,sample_values vs baseline,1,0.6666666666666666,0.6666662295659384,64762.0,29433.0,35329.0,P1_isolated_effects
DEEPSEEK,nhanes_demographics.demo_j,v06_plus_frequent_values,v00_baseline,frequent_values vs baseline,1,0.3333333333333333,0.5853866338729858,65391.0,29433.0,35958.0,P1_isolated_effects
DEEPSEEK,nhanes_dietary.ds1tot_j,v06_plus_frequent_values,v00_baseline,frequent_values vs baseline,1,0.6666666666666666,0.8851188023885092,65391.0,29433.0,35958.0,P1_isolated_effects
DEEPSEEK,nhanes_dietary.ds2ids_j,v06_plus_frequent_values,v00_baseline,frequent_values vs baseline,1,0.3333333333333333,0.7434117595354716,65391.0,29433.0,35958.0,P1_isolated_effects
DEEPSEEK,nhanes_dietary.ds2tot_j,v06_plus_frequent_values,v00_baseline,frequent_values vs baseline,1,1.0,0.9999993642171224,65391.0,29433.0,35958.0,P1_isolated_effects
DEEPSEEK,nhanes_dietary.dsqids_j,v06_plus_frequent_values,v00_baseline,frequent_values vs baseline,1,0.3333333333333333,0.7576682964960734,65391.0,29433.0,35958.0,P1_isolated_effects
DEEPSEEK,nhanes_dietary.dsqtot_j,v06_plus_frequent_values,v00_baseline,frequent_values vs baseline,1,0.6666666666666666,0.8851188023885092,65391.0,29433.0,35958.0,P1_isolated_effects
DEEPSEEK,nhanes_examination.bmx_j,v06_plus_frequent_values,v00_baseline,frequent_values vs baseline,1,0.0,0.712655782699585,65391.0,29433.0,35958.0,P1_isolated_effects
DEEPSEEK,nhanes_examination.bpx_j,v06_plus_frequent_values,v00_baseline,frequent_values vs baseline,1,1.0,0.9999993840853373,65391.0,29433.0,35958.0,P1_isolated_effects
DEEPSEEK,nhanes_examination.bpxo_j,v06_plus_frequent_values,v00_baseline,frequent_values vs baseline,1,0.0,0.7386559645334879,65391.0,29433.0,35958.0,P1_isolated_effects
DEEPSEEK,nhanes_laboratory.cbc_j,v06_plus_frequent_values,v00_baseline,frequent_values vs baseline,1,0.3333333333333333,0.8277637561162313,65391.0,29433.0,35958.0,P1_isolated_effects
DEEPSEEK,nhanes_laboratory.fastqx_j,v06_plus_frequent_values,v00_baseline,frequent_values vs baseline,1,1.0,0.9999991059303284,65391.0,29433.0,35958.0,P1_isolated_effects
DEEPSEEK,nhanes_laboratory.ghb_j,v06_plus_frequent_values,v00_baseline,frequent_values vs baseline,1,0.3333333333333333,0.6296055118242899,65391.0,29433.0,35958.0,P1_isolated_effects
DEEPSEEK,nhanes_laboratory.hepa_j,v06_plus_frequent_values,v00_baseline,frequent_values vs baseline,1,0.6666666666666666,0.6666663289070129,65391.0,29433.0,35958.0,P1_isolated_effects
DEEPSEEK,nhanes_laboratory.ins_j,v06_plus_frequent_values,v00_baseline,frequent_values vs baseline,1,0.3333333333333333,0.5866898695627848,65391.0,29433.0,35958.0,P1_isolated_effects
DEEPSEEK,nhanes_laboratory.phthte_j,v06_plus_frequent_values,v00_baseline,frequent_values vs baseline,1,0.0,0.4735599160194397,65391.0,29433.0,35958.0,P1_isolated_effects
DEEPSEEK,nhanes_laboratory.ssuvcm_j,v06_plus_frequent_values,v00_baseline,frequent_values vs baseline,1,0.0,0.3889810045560201,65391.0,29433.0,35958.0,P1_isolated_effects
DEEPSEEK,nhanes_laboratory.uio_j,v06_plus_frequent_values,v00_baseline,frequent_values vs baseline,1,0.6666666666666666,0.8370599150657654,65391.0,29433.0,35958.0,P1_isolated_effects
DEEPSEEK,nhanes_laboratory.vic_j,v06_plus_frequent_values,v00_baseline,frequent_values vs baseline,1,0.0,0.5308101971944174,65391.0,29433.0,35958.0,P1_isolated_effects
DEEPSEEK,nhanes_laboratory.vid_j,v06_plus_frequent_values,v00_baseline,frequent_values vs baseline,1,1.0,0.999999483426412,65391.0,29433.0,35958.0,P1_isolated_effects
DEEPSEEK,nhanes_questionnaire.alq_j,v06_plus_frequent_values,v00_baseline,frequent_values vs baseline,1,0.6666666666666666,0.9087925354639689,65391.0,29433.0,35958.0,P1_isolated_effects
DEEPSEEK,nhanes_questionnaire.dpq_j,v06_plus_frequent_values,v00_baseline,frequent_values vs baseline,1,0.6666666666666666,0.9124553203582764,65391.0,29433.0,35958.0,P1_isolated_effects
DEEPSEEK,nhanes_questionnaire.hsq_j,v06_plus_frequent_values,v00_baseline,frequent_values vs baseline,1,0.6666666666666666,0.988224446773529,65391.0,29433.0,35958.0,P1_isolated_effects
DEEPSEEK,nhanes_questionnaire.puqmec_j,v06_plus_frequent_values,v00_baseline,frequent_values vs baseline,1,0.0,0.18309040864308676,65391.0,29433.0,35958.0,P1_isolated_effects
DEEPSEEK,nhanes_questionnaire.smqshs_j,v06_plus_frequent_values,v00_baseline,frequent_values vs baseline,1,0.6666666666666666,0.6666660308837891,65391.0,29433.0,35958.0,P1_isolated_effects
DEEPSEEK,nhanes_questionnaire.whq_j,v06_plus_frequent_values,v00_baseline,frequent_values vs baseline,1,0.3333333333333333,0.3333331346511841,65391.0,29433.0,35958.0,P1_isolated_effects
DEEPSEEK,nhanes_demographics.demo_j,v07_plus_sample_rows,v00_baseline,sample_rows vs baseline,1,0.3333333333333333,0.5853866338729858,47022.0,29433.0,17589.0,P1_isolated_effects
DEEPSEEK,nhanes_dietary.ds1tot_j,v07_plus_sample_rows,v00_baseline,sample_rows vs baseline,1,0.6666666666666666,0.8851188023885092,47022.0,29433.0,17589.0,P1_isolated_effects
DEEPSEEK,nhanes_dietary.ds2ids_j,v07_plus_sample_rows,v00_baseline,sample_rows vs baseline,1,0.3333333333333333,0.7688384652137756,47022.0,29433.0,17589.0,P1_isolated_effects
DEEPSEEK,nhanes_dietary.ds2tot_j,v07_plus_sample_rows,v00_baseline,sample_rows vs baseline,1,1.0,0.9999993642171224,47022.0,29433.0,17589.0,P1_isolated_effects
DEEPSEEK,nhanes_dietary.dsqids_j,v07_plus_sample_rows,v00_baseline,sample_rows vs baseline,1,0.6666666666666666,0.8724404772122701,47022.0,29433.0,17589.0,P1_isolated_effects
DEEPSEEK,nhanes_dietary.dsqtot_j,v07_plus_sample_rows,v00_baseline,sample_rows vs baseline,1,1.0,0.9999994039535522,47022.0,29433.0,17589.0,P1_isolated_effects
DEEPSEEK,nhanes_examination.bmx_j,v07_plus_sample_rows,v00_baseline,sample_rows vs baseline,1,0.6666666666666666,0.6666661898295084,47022.0,29433.0,17589.0,P1_isolated_effects
DEEPSEEK,nhanes_examination.bpx_j,v07_plus_sample_rows,v00_baseline,sample_rows vs baseline,1,0.6666666666666666,0.6666662494341532,47022.0,29433.0,17589.0,P1_isolated_effects
DEEPSEEK,nhanes_examination.bpxo_j,v07_plus_sample_rows,v00_baseline,sample_rows vs baseline,1,0.0,0.4884074330329895,47022.0,29433.0,17589.0,P1_isolated_effects
DEEPSEEK,nhanes_laboratory.cbc_j,v07_plus_sample_rows,v00_baseline,sample_rows vs baseline,1,0.3333333333333333,0.8159179290135702,47022.0,29433.0,17589.0,P1_isolated_effects
DEEPSEEK,nhanes_laboratory.fastqx_j,v07_plus_sample_rows,v00_baseline,sample_rows vs baseline,1,0.3333333333333333,0.524099588394165,47022.0,29433.0,17589.0,P1_isolated_effects
DEEPSEEK,nhanes_laboratory.ghb_j,v07_plus_sample_rows,v00_baseline,sample_rows vs baseline,1,0.3333333333333333,0.6296055118242899,47022.0,29433.0,17589.0,P1_isolated_effects
DEEPSEEK,nhanes_laboratory.hepa_j,v07_plus_sample_rows,v00_baseline,sample_rows vs baseline,1,0.6666666666666666,0.961260199546814,47022.0,29433.0,17589.0,P1_isolated_effects
DEEPSEEK,nhanes_laboratory.ins_j,v07_plus_sample_rows,v00_baseline,sample_rows vs baseline,1,0.3333333333333333,0.33333293596903485,47022.0,29433.0,17589.0,P1_isolated_effects
DEEPSEEK,nhanes_laboratory.phthte_j,v07_plus_sample_rows,v00_baseline,sample_rows vs baseline,1,0.0,0.46442514657974243,47022.0,29433.0,17589.0,P1_isolated_effects
DEEPSEEK,nhanes_laboratory.ssuvcm_j,v07_plus_sample_rows,v00_baseline,sample_rows vs baseline,1,0.6666666666666666,0.8706375360488892,47022.0,29433.0,17589.0,P1_isolated_effects
DEEPSEEK,nhanes_laboratory.uio_j,v07_plus_sample_rows,v00_baseline,sample_rows vs baseline,1,0.6666666666666666,0.8370599150657654,47022.0,29433.0,17589.0,P1_isolated_effects
DEEPSEEK,nhanes_laboratory.vic_j,v07_plus_sample_rows,v00_baseline,sample_rows vs baseline,1,0.0,0.8380129933357239,47022.0,29433.0,17589.0,P1_isolated_effects
DEEPSEEK,nhanes_laboratory.vid_j,v07_plus_sample_rows,v00_baseline,sample_rows vs baseline,1,0.0,0.6797746022542318,47022.0,29433.0,17589.0,P1_isolated_effects
DEEPSEEK,nhanes_questionnaire.alq_j,v07_plus_sample_rows,v00_baseline,sample_rows vs baseline,1,1.0,0.9999991456667582,47022.0,29433.0,17589.0,P1_isolated_effects
DEEPSEEK,nhanes_questionnaire.dpq_j,v07_plus_sample_rows,v00_baseline,sample_rows vs baseline,1,0.3333333333333333,0.5728867252667745,47022.0,29433.0,17589.0,P1_isolated_effects
DEEPSEEK,nhanes_questionnaire.hsq_j,v07_plus_sample_rows,v00_baseline,sample_rows vs baseline,1,0.6666666666666666,0.8759042620658875,47022.0,29433.0,17589.0,P1_isolated_effects
DEEPSEEK,nhanes_questionnaire.puqmec_j,v07_plus_sample_rows,v00_baseline,sample_rows vs baseline,1,0.3333333333333333,0.6852827469507853,47022.0,29433.0,17589.0,P1_isolated_effects
DEEPSEEK,nhanes_questionnaire.smqshs_j,v07_plus_sample_rows,v00_baseline,sample_rows vs baseline,1,1.0,0.9999990463256836,47022.0,29433.0,17589.0,P1_isolated_effects
DEEPSEEK,nhanes_questionnaire.whq_j,v07_plus_sample_rows,v00_baseline,sample_rows vs baseline,1,0.6666666666666666,0.6666662295659384,47022.0,29433.0,17589.0,P1_isolated_effects
DEEPSEEK,nhanes_demographics.demo_j,v04_plus_numeric_stats,v00_baseline,numeric_stats sozinho,1,0.3333333333333333,0.5853866338729858,58015.0,29433.0,28582.0,P2_numeric_stats
DEEPSEEK,nhanes_dietary.ds1tot_j,v04_plus_numeric_stats,v00_baseline,numeric_stats sozinho,1,0.6666666666666666,0.9010827342669169,58015.0,29433.0,28582.0,P2_numeric_stats
DEEPSEEK,nhanes_dietary.ds2ids_j,v04_plus_numeric_stats,v00_baseline,numeric_stats sozinho,1,1.0,0.9999992648760477,58015.0,29433.0,28582.0,P2_numeric_stats
DEEPSEEK,nhanes_dietary.ds2tot_j,v04_plus_numeric_stats,v00_baseline,numeric_stats sozinho,1,1.0,0.9999993642171224,58015.0,29433.0,28582.0,P2_numeric_stats
DEEPSEEK,nhanes_dietary.dsqids_j,v04_plus_numeric_stats,v00_baseline,numeric_stats sozinho,1,0.3333333333333333,0.8045566280682882,58015.0,29433.0,28582.0,P2_numeric_stats
DEEPSEEK,nhanes_dietary.dsqtot_j,v04_plus_numeric_stats,v00_baseline,numeric_stats sozinho,1,0.3333333333333333,0.8045566280682882,58015.0,29433.0,28582.0,P2_numeric_stats
DEEPSEEK,nhanes_examination.bmx_j,v04_plus_numeric_stats,v00_baseline,numeric_stats sozinho,1,1.0,0.9999992847442627,58015.0,29433.0,28582.0,P2_numeric_stats
DEEPSEEK,nhanes_examination.bpx_j,v04_plus_numeric_stats,v00_baseline,numeric_stats sozinho,1,0.6666666666666666,0.9591617981592814,58015.0,29433.0,28582.0,P2_numeric_stats
DEEPSEEK,nhanes_examination.bpxo_j,v04_plus_numeric_stats,v00_baseline,numeric_stats sozinho,1,0.0,0.4980802536010742,58015.0,29433.0,28582.0,P2_numeric_stats
DEEPSEEK,nhanes_laboratory.cbc_j,v04_plus_numeric_stats,v00_baseline,numeric_stats sozinho,1,1.0,0.9999993443489075,58015.0,29433.0,28582.0,P2_numeric_stats
DEEPSEEK,nhanes_laboratory.fastqx_j,v04_plus_numeric_stats,v00_baseline,numeric_stats sozinho,1,0.3333333333333333,0.5538934667905172,58015.0,29433.0,28582.0,P2_numeric_stats
DEEPSEEK,nhanes_laboratory.ghb_j,v04_plus_numeric_stats,v00_baseline,numeric_stats sozinho,1,0.6666666666666666,0.9629385670026144,58015.0,29433.0,28582.0,P2_numeric_stats
DEEPSEEK,nhanes_laboratory.hepa_j,v04_plus_numeric_stats,v00_baseline,numeric_stats sozinho,1,0.0,0.680362343788147,58015.0,29433.0,28582.0,P2_numeric_stats
DEEPSEEK,nhanes_laboratory.ins_j,v04_plus_numeric_stats,v00_baseline,numeric_stats sozinho,1,0.3333333333333333,0.33333293596903485,58015.0,29433.0,28582.0,P2_numeric_stats
DEEPSEEK,nhanes_laboratory.phthte_j,v04_plus_numeric_stats,v00_baseline,numeric_stats sozinho,1,0.0,0.4735599160194397,58015.0,29433.0,28582.0,P2_numeric_stats
DEEPSEEK,nhanes_laboratory.ssuvcm_j,v04_plus_numeric_stats,v00_baseline,numeric_stats sozinho,1,0.0,0.38283848762512207,58015.0,29433.0,28582.0,P2_numeric_stats
DEEPSEEK,nhanes_laboratory.uio_j,v04_plus_numeric_stats,v00_baseline,numeric_stats sozinho,1,0.3333333333333333,0.7859696944554647,58015.0,29433.0,28582.0,P2_numeric_stats
DEEPSEEK,nhanes_laboratory.vic_j,v04_plus_numeric_stats,v00_baseline,numeric_stats sozinho,1,0.0,0.5308101971944174,58015.0,29433.0,28582.0,P2_numeric_stats
DEEPSEEK,nhanes_laboratory.vid_j,v04_plus_numeric_stats,v00_baseline,numeric_stats sozinho,1,1.0,0.999999483426412,58015.0,29433.0,28582.0,P2_numeric_stats
DEEPSEEK,nhanes_questionnaire.alq_j,v04_plus_numeric_stats,v00_baseline,numeric_stats sozinho,1,0.6666666666666666,0.9087925354639689,58015.0,29433.0,28582.0,P2_numeric_stats
DEEPSEEK,nhanes_questionnaire.dpq_j,v04_plus_numeric_stats,v00_baseline,numeric_stats sozinho,1,0.3333333333333333,0.5728867252667745,58015.0,29433.0,28582.0,P2_numeric_stats
DEEPSEEK,nhanes_questionnaire.hsq_j,v04_plus_numeric_stats,v00_baseline,numeric_stats sozinho,1,0.0,0.5528689821561178,58015.0,29433.0,28582.0,P2_numeric_stats
DEEPSEEK,nhanes_questionnaire.puqmec_j,v04_plus_numeric_stats,v00_baseline,numeric_stats sozinho,1,0.3333333333333333,0.3333331346511841,58015.0,29433.0,28582.0,P2_numeric_stats
DEEPSEEK,nhanes_questionnaire.smqshs_j,v04_plus_numeric_stats,v00_baseline,numeric_stats sozinho,1,0.6666666666666666,0.6666660308837891,58015.0,29433.0,28582.0,P2_numeric_stats
DEEPSEEK,nhanes_questionnaire.whq_j,v04_plus_numeric_stats,v00_baseline,numeric_stats sozinho,1,0.6666666666666666,0.6666662295659384,58015.0,29433.0,28582.0,P2_numeric_stats
DEEPSEEK,nhanes_demographics.demo_j,v14_nullable_plus_numeric_stats,v03_plus_nullable,numeric_stats + nullable vs nullable,1,0.3333333333333333,0.5853866338729858,60880.0,32273.0,28607.0,P2_numeric_stats
DEEPSEEK,nhanes_dietary.ds1tot_j,v14_nullable_plus_numeric_stats,v03_plus_nullable,numeric_stats + nullable vs nullable,1,1.0,0.9999993642171224,60880.0,32273.0,28607.0,P2_numeric_stats
DEEPSEEK,nhanes_dietary.ds2ids_j,v14_nullable_plus_numeric_stats,v03_plus_nullable,numeric_stats + nullable vs nullable,1,1.0,0.9999992648760477,60880.0,32273.0,28607.0,P2_numeric_stats
DEEPSEEK,nhanes_dietary.ds2tot_j,v14_nullable_plus_numeric_stats,v03_plus_nullable,numeric_stats + nullable vs nullable,1,0.0,0.7901837627092997,60880.0,32273.0,28607.0,P2_numeric_stats
DEEPSEEK,nhanes_dietary.dsqids_j,v14_nullable_plus_numeric_stats,v03_plus_nullable,numeric_stats + nullable vs nullable,1,0.3333333333333333,0.7614603439966837,60880.0,32273.0,28607.0,P2_numeric_stats
DEEPSEEK,nhanes_dietary.dsqtot_j,v14_nullable_plus_numeric_stats,v03_plus_nullable,numeric_stats + nullable vs nullable,1,0.3333333333333333,0.7453771829605103,60880.0,32273.0,28607.0,P2_numeric_stats
DEEPSEEK,nhanes_examination.bmx_j,v14_nullable_plus_numeric_stats,v03_plus_nullable,numeric_stats + nullable vs nullable,1,0.3333333333333333,0.7402530511220297,60880.0,32273.0,28607.0,P2_numeric_stats
DEEPSEEK,nhanes_examination.bpx_j,v14_nullable_plus_numeric_stats,v03_plus_nullable,numeric_stats + nullable vs nullable,1,0.6666666666666666,0.846568246682485,60880.0,32273.0,28607.0,P2_numeric_stats
DEEPSEEK,nhanes_examination.bpxo_j,v14_nullable_plus_numeric_stats,v03_plus_nullable,numeric_stats + nullable vs nullable,1,0.3333333333333333,0.6121723055839539,60880.0,32273.0,28607.0,P2_numeric_stats
DEEPSEEK,nhanes_laboratory.cbc_j,v14_nullable_plus_numeric_stats,v03_plus_nullable,numeric_stats + nullable vs nullable,1,0.6666666666666666,0.8998598257700602,60880.0,32273.0,28607.0,P2_numeric_stats
DEEPSEEK,nhanes_laboratory.fastqx_j,v14_nullable_plus_numeric_stats,v03_plus_nullable,numeric_stats + nullable vs nullable,1,0.3333333333333333,0.5538934667905172,60880.0,32273.0,28607.0,P2_numeric_stats
DEEPSEEK,nhanes_laboratory.ghb_j,v14_nullable_plus_numeric_stats,v03_plus_nullable,numeric_stats + nullable vs nullable,1,0.6666666666666666,0.6666662494341532,60880.0,32273.0,28607.0,P2_numeric_stats
DEEPSEEK,nhanes_laboratory.hepa_j,v14_nullable_plus_numeric_stats,v03_plus_nullable,numeric_stats + nullable vs nullable,1,0.0,0.6267192562421163,60880.0,32273.0,28607.0,P2_numeric_stats
DEEPSEEK,nhanes_laboratory.ins_j,v14_nullable_plus_numeric_stats,v03_plus_nullable,numeric_stats + nullable vs nullable,1,0.3333333333333333,0.33333293596903485,60880.0,32273.0,28607.0,P2_numeric_stats
DEEPSEEK,nhanes_laboratory.phthte_j,v14_nullable_plus_numeric_stats,v03_plus_nullable,numeric_stats + nullable vs nullable,1,0.6666666666666666,0.6666661699612936,60880.0,32273.0,28607.0,P2_numeric_stats
DEEPSEEK,nhanes_laboratory.ssuvcm_j,v14_nullable_plus_numeric_stats,v03_plus_nullable,numeric_stats + nullable vs nullable,1,0.0,0.6232903798421224,60880.0,32273.0,28607.0,P2_numeric_stats
DEEPSEEK,nhanes_laboratory.uio_j,v14_nullable_plus_numeric_stats,v03_plus_nullable,numeric_stats + nullable vs nullable,1,0.3333333333333333,0.6049069762229919,60880.0,32273.0,28607.0,P2_numeric_stats
DEEPSEEK,nhanes_laboratory.vic_j,v14_nullable_plus_numeric_stats,v03_plus_nullable,numeric_stats + nullable vs nullable,1,0.0,0.40862445036570233,60880.0,32273.0,28607.0,P2_numeric_stats
DEEPSEEK,nhanes_laboratory.vid_j,v14_nullable_plus_numeric_stats,v03_plus_nullable,numeric_stats + nullable vs nullable,1,0.0,0.5111250082651774,60880.0,32273.0,28607.0,P2_numeric_stats
DEEPSEEK,nhanes_questionnaire.alq_j,v14_nullable_plus_numeric_stats,v03_plus_nullable,numeric_stats + nullable vs nullable,1,1.0,0.9999991854031881,60880.0,32273.0,28607.0,P2_numeric_stats
DEEPSEEK,nhanes_questionnaire.dpq_j,v14_nullable_plus_numeric_stats,v03_plus_nullable,numeric_stats + nullable vs nullable,1,0.3333333333333333,0.5728867252667745,60880.0,32273.0,28607.0,P2_numeric_stats
DEEPSEEK,nhanes_questionnaire.hsq_j,v14_nullable_plus_numeric_stats,v03_plus_nullable,numeric_stats + nullable vs nullable,1,0.6666666666666666,0.6666663487752279,60880.0,32273.0,28607.0,P2_numeric_stats
DEEPSEEK,nhanes_questionnaire.puqmec_j,v14_nullable_plus_numeric_stats,v03_plus_nullable,numeric_stats + nullable vs nullable,1,0.3333333333333333,0.5489807526270548,60880.0,32273.0,28607.0,P2_numeric_stats
DEEPSEEK,nhanes_questionnaire.smqshs_j,v14_nullable_plus_numeric_stats,v03_plus_nullable,numeric_stats + nullable vs nullable,1,0.6666666666666666,0.9910238186518351,60880.0,32273.0,28607.0,P2_numeric_stats
DEEPSEEK,nhanes_questionnaire.whq_j,v14_nullable_plus_numeric_stats,v03_plus_nullable,numeric_stats + nullable vs nullable,1,1.0,0.9999993642171224,60880.0,32273.0,28607.0,P2_numeric_stats
DEEPSEEK,nhanes_demographics.demo_j,v01_full,v24_full_no_numeric_stats,full vs full-sem-numeric_stats,1,0.6666666666666666,0.6666662096977234,160713.0,133865.0,26848.0,P2_numeric_stats
DEEPSEEK,nhanes_dietary.ds1tot_j,v01_full,v24_full_no_numeric_stats,full vs full-sem-numeric_stats,1,0.3333333333333333,0.7680434385935465,160713.0,133865.0,26848.0,P2_numeric_stats
DEEPSEEK,nhanes_dietary.ds2ids_j,v01_full,v24_full_no_numeric_stats,full vs full-sem-numeric_stats,1,1.0,0.9999994436899821,160713.0,133865.0,26848.0,P2_numeric_stats
DEEPSEEK,nhanes_dietary.ds2tot_j,v01_full,v24_full_no_numeric_stats,full vs full-sem-numeric_stats,1,1.0,0.9999993642171224,160713.0,133865.0,26848.0,P2_numeric_stats
DEEPSEEK,nhanes_dietary.dsqids_j,v01_full,v24_full_no_numeric_stats,full vs full-sem-numeric_stats,1,0.6666666666666666,0.9180299441019694,160713.0,133865.0,26848.0,P2_numeric_stats
DEEPSEEK,nhanes_dietary.dsqtot_j,v01_full,v24_full_no_numeric_stats,full vs full-sem-numeric_stats,1,0.3333333333333333,0.8461358149846395,160713.0,133865.0,26848.0,P2_numeric_stats
DEEPSEEK,nhanes_examination.bmx_j,v01_full,v24_full_no_numeric_stats,full vs full-sem-numeric_stats,1,0.3333333333333333,0.8061483899752299,160713.0,133865.0,26848.0,P2_numeric_stats
DEEPSEEK,nhanes_examination.bpx_j,v01_full,v24_full_no_numeric_stats,full vs full-sem-numeric_stats,1,1.0,0.9999994039535522,160713.0,133865.0,26848.0,P2_numeric_stats
DEEPSEEK,nhanes_examination.bpxo_j,v01_full,v24_full_no_numeric_stats,full vs full-sem-numeric_stats,1,0.6666666666666666,0.9108405510584513,160713.0,133865.0,26848.0,P2_numeric_stats
DEEPSEEK,nhanes_laboratory.cbc_j,v01_full,v24_full_no_numeric_stats,full vs full-sem-numeric_stats,1,1.0,0.9999993443489075,160713.0,133865.0,26848.0,P2_numeric_stats
DEEPSEEK,nhanes_laboratory.fastqx_j,v01_full,v24_full_no_numeric_stats,full vs full-sem-numeric_stats,1,0.3333333333333333,0.5275437633196512,160713.0,133865.0,26848.0,P2_numeric_stats
DEEPSEEK,nhanes_laboratory.ghb_j,v01_full,v24_full_no_numeric_stats,full vs full-sem-numeric_stats,1,0.6666666666666666,0.6666662494341532,160713.0,133865.0,26848.0,P2_numeric_stats
DEEPSEEK,nhanes_laboratory.hepa_j,v01_full,v24_full_no_numeric_stats,full vs full-sem-numeric_stats,1,1.0,0.999999463558197,160713.0,133865.0,26848.0,P2_numeric_stats
DEEPSEEK,nhanes_laboratory.ins_j,v01_full,v24_full_no_numeric_stats,full vs full-sem-numeric_stats,1,0.6666666666666666,0.6666659712791443,160713.0,133865.0,26848.0,P2_numeric_stats
DEEPSEEK,nhanes_laboratory.phthte_j,v01_full,v24_full_no_numeric_stats,full vs full-sem-numeric_stats,1,0.6666666666666666,0.8718711733818054,160713.0,133865.0,26848.0,P2_numeric_stats
DEEPSEEK,nhanes_laboratory.ssuvcm_j,v01_full,v24_full_no_numeric_stats,full vs full-sem-numeric_stats,1,0.0,0.0,160713.0,133865.0,26848.0,P2_numeric_stats
DEEPSEEK,nhanes_laboratory.uio_j,v01_full,v24_full_no_numeric_stats,full vs full-sem-numeric_stats,1,1.0,0.9999990661938986,160713.0,133865.0,26848.0,P2_numeric_stats
DEEPSEEK,nhanes_laboratory.vic_j,v01_full,v24_full_no_numeric_stats,full vs full-sem-numeric_stats,1,0.6666666666666666,0.9124024311701456,160713.0,133865.0,26848.0,P2_numeric_stats
DEEPSEEK,nhanes_laboratory.vid_j,v01_full,v24_full_no_numeric_stats,full vs full-sem-numeric_stats,1,0.0,0.4203636447588603,160713.0,133865.0,26848.0,P2_numeric_stats
DEEPSEEK,nhanes_questionnaire.alq_j,v01_full,v24_full_no_numeric_stats,full vs full-sem-numeric_stats,1,1.0,0.9999992251396179,160713.0,133865.0,26848.0,P2_numeric_stats
DEEPSEEK,nhanes_questionnaire.dpq_j,v01_full,v24_full_no_numeric_stats,full vs full-sem-numeric_stats,1,0.3333333333333333,0.7653478384017944,160713.0,133865.0,26848.0,P2_numeric_stats
DEEPSEEK,nhanes_questionnaire.hsq_j,v01_full,v24_full_no_numeric_stats,full vs full-sem-numeric_stats,1,0.6666666666666666,0.897976835568746,160713.0,133865.0,26848.0,P2_numeric_stats
DEEPSEEK,nhanes_questionnaire.puqmec_j,v01_full,v24_full_no_numeric_stats,full vs full-sem-numeric_stats,1,0.3333333333333333,0.5038147767384847,160713.0,133865.0,26848.0,P2_numeric_stats
DEEPSEEK,nhanes_questionnaire.smqshs_j,v01_full,v24_full_no_numeric_stats,full vs full-sem-numeric_stats,1,0.6666666666666666,0.9384351571400961,160713.0,133865.0,26848.0,P2_numeric_stats
DEEPSEEK,nhanes_questionnaire.whq_j,v01_full,v24_full_no_numeric_stats,full vs full-sem-numeric_stats,1,0.3333333333333333,0.5444901784261068,160713.0,133865.0,26848.0,P2_numeric_stats
DEEPSEEK,nhanes_demographics.demo_j,v07_plus_sample_rows,v05_plus_sample_values,rows vs sample_values,1,0.3333333333333333,0.5853866338729858,47022.0,64762.0,-17740.0,P3_sample_rows_vs_col_values
DEEPSEEK,nhanes_dietary.ds1tot_j,v07_plus_sample_rows,v05_plus_sample_values,rows vs sample_values,1,1.0,0.9999993642171224,47022.0,64762.0,-17740.0,P3_sample_rows_vs_col_values
DEEPSEEK,nhanes_dietary.ds2ids_j,v07_plus_sample_rows,v05_plus_sample_values,rows vs sample_values,1,0.3333333333333333,0.7688384652137756,47022.0,64762.0,-17740.0,P3_sample_rows_vs_col_values
DEEPSEEK,nhanes_dietary.ds2tot_j,v07_plus_sample_rows,v05_plus_sample_values,rows vs sample_values,1,1.0,0.9999993642171224,47022.0,64762.0,-17740.0,P3_sample_rows_vs_col_values
DEEPSEEK,nhanes_dietary.dsqids_j,v07_plus_sample_rows,v05_plus_sample_values,rows vs sample_values,1,0.6666666666666666,0.8724404772122701,47022.0,64762.0,-17740.0,P3_sample_rows_vs_col_values
DEEPSEEK,nhanes_dietary.dsqtot_j,v07_plus_sample_rows,v05_plus_sample_values,rows vs sample_values,1,0.0,0.7053977847099304,47022.0,64762.0,-17740.0,P3_sample_rows_vs_col_values
DEEPSEEK,nhanes_examination.bmx_j,v07_plus_sample_rows,v05_plus_sample_values,rows vs sample_values,1,0.3333333333333333,0.5588077108065287,47022.0,64762.0,-17740.0,P3_sample_rows_vs_col_values
DEEPSEEK,nhanes_examination.bpx_j,v07_plus_sample_rows,v05_plus_sample_values,rows vs sample_values,1,0.6666666666666666,0.6666662494341532,47022.0,64762.0,-17740.0,P3_sample_rows_vs_col_values
DEEPSEEK,nhanes_examination.bpxo_j,v07_plus_sample_rows,v05_plus_sample_values,rows vs sample_values,1,0.0,0.2674497961997986,47022.0,64762.0,-17740.0,P3_sample_rows_vs_col_values
DEEPSEEK,nhanes_laboratory.cbc_j,v07_plus_sample_rows,v05_plus_sample_values,rows vs sample_values,1,1.0,0.9999993046124777,47022.0,64762.0,-17740.0,P3_sample_rows_vs_col_values
DEEPSEEK,nhanes_laboratory.fastqx_j,v07_plus_sample_rows,v05_plus_sample_values,rows vs sample_values,1,0.3333333333333333,0.8170701066652933,47022.0,64762.0,-17740.0,P3_sample_rows_vs_col_values
DEEPSEEK,nhanes_laboratory.ghb_j,v07_plus_sample_rows,v05_plus_sample_values,rows vs sample_values,1,0.6666666666666666,0.6666662494341532,47022.0,64762.0,-17740.0,P3_sample_rows_vs_col_values
DEEPSEEK,nhanes_laboratory.hepa_j,v07_plus_sample_rows,v05_plus_sample_values,rows vs sample_values,1,0.0,0.46846699714660645,47022.0,64762.0,-17740.0,P3_sample_rows_vs_col_values
DEEPSEEK,nhanes_laboratory.ins_j,v07_plus_sample_rows,v05_plus_sample_values,rows vs sample_values,1,0.3333333333333333,0.6260755856831869,47022.0,64762.0,-17740.0,P3_sample_rows_vs_col_values
DEEPSEEK,nhanes_laboratory.phthte_j,v07_plus_sample_rows,v05_plus_sample_values,rows vs sample_values,1,0.6666666666666666,0.9475578864415487,47022.0,64762.0,-17740.0,P3_sample_rows_vs_col_values
DEEPSEEK,nhanes_laboratory.ssuvcm_j,v07_plus_sample_rows,v05_plus_sample_values,rows vs sample_values,1,0.0,0.40086454153060913,47022.0,64762.0,-17740.0,P3_sample_rows_vs_col_values
DEEPSEEK,nhanes_laboratory.uio_j,v07_plus_sample_rows,v05_plus_sample_values,rows vs sample_values,1,0.6666666666666666,0.8459984660148621,47022.0,64762.0,-17740.0,P3_sample_rows_vs_col_values
DEEPSEEK,nhanes_laboratory.vic_j,v07_plus_sample_rows,v05_plus_sample_values,rows vs sample_values,1,0.3333333333333333,0.5472397009531657,47022.0,64762.0,-17740.0,P3_sample_rows_vs_col_values
DEEPSEEK,nhanes_laboratory.vid_j,v07_plus_sample_rows,v05_plus_sample_values,rows vs sample_values,1,0.0,0.6797746022542318,47022.0,64762.0,-17740.0,P3_sample_rows_vs_col_values
DEEPSEEK,nhanes_questionnaire.alq_j,v07_plus_sample_rows,v05_plus_sample_values,rows vs sample_values,1,1.0,0.9999991456667582,47022.0,64762.0,-17740.0,P3_sample_rows_vs_col_values
DEEPSEEK,nhanes_questionnaire.dpq_j,v07_plus_sample_rows,v05_plus_sample_values,rows vs sample_values,1,0.3333333333333333,0.7653478384017944,47022.0,64762.0,-17740.0,P3_sample_rows_vs_col_values
DEEPSEEK,nhanes_questionnaire.hsq_j,v07_plus_sample_rows,v05_plus_sample_values,rows vs sample_values,1,0.3333333333333333,0.7839206457138062,47022.0,64762.0,-17740.0,P3_sample_rows_vs_col_values
DEEPSEEK,nhanes_questionnaire.puqmec_j,v07_plus_sample_rows,v05_plus_sample_values,rows vs sample_values,1,0.3333333333333333,0.3333331346511841,47022.0,64762.0,-17740.0,P3_sample_rows_vs_col_values
DEEPSEEK,nhanes_questionnaire.smqshs_j,v07_plus_sample_rows,v05_plus_sample_values,rows vs sample_values,1,0.6666666666666666,0.9596959948539734,47022.0,64762.0,-17740.0,P3_sample_rows_vs_col_values
DEEPSEEK,nhanes_questionnaire.whq_j,v07_plus_sample_rows,v05_plus_sample_values,rows vs sample_values,1,0.6666666666666666,0.8469644586245219,47022.0,64762.0,-17740.0,P3_sample_rows_vs_col_values
DEEPSEEK,nhanes_demographics.demo_j,v07_plus_sample_rows,v06_plus_frequent_values,rows vs frequent_values,1,0.6666666666666666,0.6666662096977234,47022.0,65391.0,-18369.0,P3_sample_rows_vs_col_values
DEEPSEEK,nhanes_dietary.ds1tot_j,v07_plus_sample_rows,v06_plus_frequent_values,rows vs frequent_values,1,1.0,0.9999993642171224,47022.0,65391.0,-18369.0,P3_sample_rows_vs_col_values
DEEPSEEK,nhanes_dietary.ds2ids_j,v07_plus_sample_rows,v06_plus_frequent_values,rows vs frequent_values,1,0.6666666666666666,0.9212779601414999,47022.0,65391.0,-18369.0,P3_sample_rows_vs_col_values
DEEPSEEK,nhanes_dietary.ds2tot_j,v07_plus_sample_rows,v06_plus_frequent_values,rows vs frequent_values,1,1.0,0.9999993642171224,47022.0,65391.0,-18369.0,P3_sample_rows_vs_col_values
DEEPSEEK,nhanes_dietary.dsqids_j,v07_plus_sample_rows,v06_plus_frequent_values,rows vs frequent_values,1,0.3333333333333333,0.7755650877952576,47022.0,65391.0,-18369.0,P3_sample_rows_vs_col_values
DEEPSEEK,nhanes_dietary.dsqtot_j,v07_plus_sample_rows,v06_plus_frequent_values,rows vs frequent_values,1,0.6666666666666666,0.8851188023885092,47022.0,65391.0,-18369.0,P3_sample_rows_vs_col_values
DEEPSEEK,nhanes_examination.bmx_j,v07_plus_sample_rows,v06_plus_frequent_values,rows vs frequent_values,1,0.0,0.5213234821955363,47022.0,65391.0,-18369.0,P3_sample_rows_vs_col_values
DEEPSEEK,nhanes_examination.bpx_j,v07_plus_sample_rows,v06_plus_frequent_values,rows vs frequent_values,1,0.6666666666666666,0.6666662494341532,47022.0,65391.0,-18369.0,P3_sample_rows_vs_col_values
DEEPSEEK,nhanes_examination.bpxo_j,v07_plus_sample_rows,v06_plus_frequent_values,rows vs frequent_values,1,0.0,0.44785815477371216,47022.0,65391.0,-18369.0,P3_sample_rows_vs_col_values
DEEPSEEK,nhanes_laboratory.cbc_j,v07_plus_sample_rows,v06_plus_frequent_values,rows vs frequent_values,1,0.3333333333333333,0.8349609375,47022.0,65391.0,-18369.0,P3_sample_rows_vs_col_values
DEEPSEEK,nhanes_laboratory.fastqx_j,v07_plus_sample_rows,v06_plus_frequent_values,rows vs frequent_values,1,0.3333333333333333,0.524099588394165,47022.0,65391.0,-18369.0,P3_sample_rows_vs_col_values
DEEPSEEK,nhanes_laboratory.ghb_j,v07_plus_sample_rows,v06_plus_frequent_values,rows vs frequent_values,1,0.6666666666666666,0.9612601200739542,47022.0,65391.0,-18369.0,P3_sample_rows_vs_col_values
DEEPSEEK,nhanes_laboratory.hepa_j,v07_plus_sample_rows,v06_plus_frequent_values,rows vs frequent_values,1,0.6666666666666666,0.6666663289070129,47022.0,65391.0,-18369.0,P3_sample_rows_vs_col_values
DEEPSEEK,nhanes_laboratory.ins_j,v07_plus_sample_rows,v06_plus_frequent_values,rows vs frequent_values,1,0.3333333333333333,0.33333293596903485,47022.0,65391.0,-18369.0,P3_sample_rows_vs_col_values
DEEPSEEK,nhanes_laboratory.phthte_j,v07_plus_sample_rows,v06_plus_frequent_values,rows vs frequent_values,1,0.6666666666666666,0.9599418640136719,47022.0,65391.0,-18369.0,P3_sample_rows_vs_col_values
DEEPSEEK,nhanes_laboratory.ssuvcm_j,v07_plus_sample_rows,v06_plus_frequent_values,rows vs frequent_values,1,0.0,0.4110449552536011,47022.0,65391.0,-18369.0,P3_sample_rows_vs_col_values
DEEPSEEK,nhanes_laboratory.uio_j,v07_plus_sample_rows,v06_plus_frequent_values,rows vs frequent_values,1,1.0,0.999999205271403,47022.0,65391.0,-18369.0,P3_sample_rows_vs_col_values
DEEPSEEK,nhanes_laboratory.vic_j,v07_plus_sample_rows,v06_plus_frequent_values,rows vs frequent_values,1,0.3333333333333333,0.5472397009531657,47022.0,65391.0,-18369.0,P3_sample_rows_vs_col_values
DEEPSEEK,nhanes_laboratory.vid_j,v07_plus_sample_rows,v06_plus_frequent_values,rows vs frequent_values,1,0.0,0.6797746022542318,47022.0,65391.0,-18369.0,P3_sample_rows_vs_col_values
DEEPSEEK,nhanes_questionnaire.alq_j,v07_plus_sample_rows,v06_plus_frequent_values,rows vs frequent_values,1,0.6666666666666666,0.9087925354639689,47022.0,65391.0,-18369.0,P3_sample_rows_vs_col_values
DEEPSEEK,nhanes_questionnaire.dpq_j,v07_plus_sample_rows,v06_plus_frequent_values,rows vs frequent_values,1,0.3333333333333333,0.7653478384017944,47022.0,65391.0,-18369.0,P3_sample_rows_vs_col_values
DEEPSEEK,nhanes_questionnaire.hsq_j,v07_plus_sample_rows,v06_plus_frequent_values,rows vs frequent_values,1,0.6666666666666666,0.8780697385470072,47022.0,65391.0,-18369.0,P3_sample_rows_vs_col_values
DEEPSEEK,nhanes_questionnaire.puqmec_j,v07_plus_sample_rows,v06_plus_frequent_values,rows vs frequent_values,1,0.0,0.39733882745107013,47022.0,65391.0,-18369.0,P3_sample_rows_vs_col_values
DEEPSEEK,nhanes_questionnaire.smqshs_j,v07_plus_sample_rows,v06_plus_frequent_values,rows vs frequent_values,1,0.6666666666666666,0.6666660308837891,47022.0,65391.0,-18369.0,P3_sample_rows_vs_col_values
DEEPSEEK,nhanes_questionnaire.whq_j,v07_plus_sample_rows,v06_plus_frequent_values,rows vs frequent_values,1,0.3333333333333333,0.5136313637097677,47022.0,65391.0,-18369.0,P3_sample_rows_vs_col_values
DEEPSEEK,nhanes_demographics.demo_j,v15_sample_rows_vs_sample_values,v07_plus_sample_rows,rows+sample_val vs rows,1,0.3333333333333333,0.5853866338729858,82376.0,47022.0,35354.0,P3_sample_rows_vs_col_values
DEEPSEEK,nhanes_dietary.ds1tot_j,v15_sample_rows_vs_sample_values,v07_plus_sample_rows,rows+sample_val vs rows,1,1.0,0.9999993642171224,82376.0,47022.0,35354.0,P3_sample_rows_vs_col_values
DEEPSEEK,nhanes_dietary.ds2ids_j,v15_sample_rows_vs_sample_values,v07_plus_sample_rows,rows+sample_val vs rows,1,0.6666666666666666,0.9212779601414999,82376.0,47022.0,35354.0,P3_sample_rows_vs_col_values
DEEPSEEK,nhanes_dietary.ds2tot_j,v15_sample_rows_vs_sample_values,v07_plus_sample_rows,rows+sample_val vs rows,1,1.0,0.9999993642171224,82376.0,47022.0,35354.0,P3_sample_rows_vs_col_values
DEEPSEEK,nhanes_dietary.dsqids_j,v15_sample_rows_vs_sample_values,v07_plus_sample_rows,rows+sample_val vs rows,1,0.6666666666666666,0.6666662693023682,82376.0,47022.0,35354.0,P3_sample_rows_vs_col_values
DEEPSEEK,nhanes_dietary.dsqtot_j,v15_sample_rows_vs_sample_values,v07_plus_sample_rows,rows+sample_val vs rows,1,0.6666666666666666,0.852213184038798,82376.0,47022.0,35354.0,P3_sample_rows_vs_col_values
DEEPSEEK,nhanes_examination.bmx_j,v15_sample_rows_vs_sample_values,v07_plus_sample_rows,rows+sample_val vs rows,1,0.6666666666666666,0.6666661898295084,82376.0,47022.0,35354.0,P3_sample_rows_vs_col_values
DEEPSEEK,nhanes_examination.bpx_j,v15_sample_rows_vs_sample_values,v07_plus_sample_rows,rows+sample_val vs rows,1,1.0,0.9999994039535522,82376.0,47022.0,35354.0,P3_sample_rows_vs_col_values
DEEPSEEK,nhanes_examination.bpxo_j,v15_sample_rows_vs_sample_values,v07_plus_sample_rows,rows+sample_val vs rows,1,0.3333333333333333,0.6308372418085734,82376.0,47022.0,35354.0,P3_sample_rows_vs_col_values
DEEPSEEK,nhanes_laboratory.cbc_j,v15_sample_rows_vs_sample_values,v07_plus_sample_rows,rows+sample_val vs rows,1,1.0,0.9999993046124777,82376.0,47022.0,35354.0,P3_sample_rows_vs_col_values
DEEPSEEK,nhanes_laboratory.fastqx_j,v15_sample_rows_vs_sample_values,v07_plus_sample_rows,rows+sample_val vs rows,1,0.6666666666666666,0.8400099674860636,82376.0,47022.0,35354.0,P3_sample_rows_vs_col_values
DEEPSEEK,nhanes_laboratory.ghb_j,v15_sample_rows_vs_sample_values,v07_plus_sample_rows,rows+sample_val vs rows,1,0.6666666666666666,0.6666662494341532,82376.0,47022.0,35354.0,P3_sample_rows_vs_col_values
DEEPSEEK,nhanes_laboratory.hepa_j,v15_sample_rows_vs_sample_values,v07_plus_sample_rows,rows+sample_val vs rows,1,0.3333333333333333,0.9134610295295715,82376.0,47022.0,35354.0,P3_sample_rows_vs_col_values
DEEPSEEK,nhanes_laboratory.ins_j,v15_sample_rows_vs_sample_values,v07_plus_sample_rows,rows+sample_val vs rows,1,0.6666666666666666,0.6666660706202189,82376.0,47022.0,35354.0,P3_sample_rows_vs_col_values
DEEPSEEK,nhanes_laboratory.phthte_j,v15_sample_rows_vs_sample_values,v07_plus_sample_rows,rows+sample_val vs rows,1,0.6666666666666666,0.9599418640136719,82376.0,47022.0,35354.0,P3_sample_rows_vs_col_values
DEEPSEEK,nhanes_laboratory.ssuvcm_j,v15_sample_rows_vs_sample_values,v07_plus_sample_rows,rows+sample_val vs rows,1,0.0,0.4111857811609904,82376.0,47022.0,35354.0,P3_sample_rows_vs_col_values
DEEPSEEK,nhanes_laboratory.uio_j,v15_sample_rows_vs_sample_values,v07_plus_sample_rows,rows+sample_val vs rows,1,0.3333333333333333,0.7109183867772421,82376.0,47022.0,35354.0,P3_sample_rows_vs_col_values
DEEPSEEK,nhanes_laboratory.vic_j,v15_sample_rows_vs_sample_values,v07_plus_sample_rows,rows+sample_val vs rows,1,0.3333333333333333,0.5472397009531657,82376.0,47022.0,35354.0,P3_sample_rows_vs_col_values
DEEPSEEK,nhanes_laboratory.vid_j,v15_sample_rows_vs_sample_values,v07_plus_sample_rows,rows+sample_val vs rows,1,0.0,0.6797746022542318,82376.0,47022.0,35354.0,P3_sample_rows_vs_col_values
DEEPSEEK,nhanes_questionnaire.alq_j,v15_sample_rows_vs_sample_values,v07_plus_sample_rows,rows+sample_val vs rows,1,0.6666666666666666,0.9186142683029175,82376.0,47022.0,35354.0,P3_sample_rows_vs_col_values
DEEPSEEK,nhanes_questionnaire.dpq_j,v15_sample_rows_vs_sample_values,v07_plus_sample_rows,rows+sample_val vs rows,1,1.0,0.9999989867210388,82376.0,47022.0,35354.0,P3_sample_rows_vs_col_values
DEEPSEEK,nhanes_questionnaire.hsq_j,v15_sample_rows_vs_sample_values,v07_plus_sample_rows,rows+sample_val vs rows,1,0.0,0.7032925287882487,82376.0,47022.0,35354.0,P3_sample_rows_vs_col_values
DEEPSEEK,nhanes_questionnaire.puqmec_j,v15_sample_rows_vs_sample_values,v07_plus_sample_rows,rows+sample_val vs rows,1,0.4,0.6467146158218384,82376.0,47022.0,35354.0,P3_sample_rows_vs_col_values
DEEPSEEK,nhanes_questionnaire.smqshs_j,v15_sample_rows_vs_sample_values,v07_plus_sample_rows,rows+sample_val vs rows,1,0.6666666666666666,0.9384351571400961,82376.0,47022.0,35354.0,P3_sample_rows_vs_col_values
DEEPSEEK,nhanes_questionnaire.whq_j,v15_sample_rows_vs_sample_values,v07_plus_sample_rows,rows+sample_val vs rows,1,0.6666666666666666,0.8469644586245219,82376.0,47022.0,35354.0,P3_sample_rows_vs_col_values
DEEPSEEK,nhanes_demographics.demo_j,v15_sample_rows_vs_sample_values,v05_plus_sample_values,rows+sample_val vs sample_val,1,1.0,0.9999994039535522,82376.0,64762.0,17614.0,P3_sample_rows_vs_col_values
DEEPSEEK,nhanes_dietary.ds1tot_j,v15_sample_rows_vs_sample_values,v05_plus_sample_values,rows+sample_val vs sample_val,1,1.0,0.9999993642171224,82376.0,64762.0,17614.0,P3_sample_rows_vs_col_values
DEEPSEEK,nhanes_dietary.ds2ids_j,v15_sample_rows_vs_sample_values,v05_plus_sample_values,rows+sample_val vs sample_val,1,0.3333333333333333,0.7434117595354716,82376.0,64762.0,17614.0,P3_sample_rows_vs_col_values
DEEPSEEK,nhanes_dietary.ds2tot_j,v15_sample_rows_vs_sample_values,v05_plus_sample_values,rows+sample_val vs sample_val,1,1.0,0.9999993642171224,82376.0,64762.0,17614.0,P3_sample_rows_vs_col_values
DEEPSEEK,nhanes_dietary.dsqids_j,v15_sample_rows_vs_sample_values,v05_plus_sample_values,rows+sample_val vs sample_val,1,0.6666666666666666,0.6666662693023682,82376.0,64762.0,17614.0,P3_sample_rows_vs_col_values
DEEPSEEK,nhanes_dietary.dsqtot_j,v15_sample_rows_vs_sample_values,v05_plus_sample_values,rows+sample_val vs sample_val,1,0.0,0.5629395842552185,82376.0,64762.0,17614.0,P3_sample_rows_vs_col_values
DEEPSEEK,nhanes_examination.bmx_j,v15_sample_rows_vs_sample_values,v05_plus_sample_values,rows+sample_val vs sample_val,1,0.6666666666666666,0.8921408454577128,82376.0,64762.0,17614.0,P3_sample_rows_vs_col_values
DEEPSEEK,nhanes_examination.bpx_j,v15_sample_rows_vs_sample_values,v05_plus_sample_values,rows+sample_val vs sample_val,1,0.6666666666666666,0.6666662494341532,82376.0,64762.0,17614.0,P3_sample_rows_vs_col_values
DEEPSEEK,nhanes_examination.bpxo_j,v15_sample_rows_vs_sample_values,v05_plus_sample_values,rows+sample_val vs sample_val,1,0.0,0.27883915106455487,82376.0,64762.0,17614.0,P3_sample_rows_vs_col_values
DEEPSEEK,nhanes_laboratory.cbc_j,v15_sample_rows_vs_sample_values,v05_plus_sample_values,rows+sample_val vs sample_val,1,1.0,0.9999993046124777,82376.0,64762.0,17614.0,P3_sample_rows_vs_col_values
DEEPSEEK,nhanes_laboratory.fastqx_j,v15_sample_rows_vs_sample_values,v05_plus_sample_values,rows+sample_val vs sample_val,1,0.3333333333333333,0.6427116990089417,82376.0,64762.0,17614.0,P3_sample_rows_vs_col_values
DEEPSEEK,nhanes_laboratory.ghb_j,v15_sample_rows_vs_sample_values,v05_plus_sample_values,rows+sample_val vs sample_val,1,1.0,0.9999993046124777,82376.0,64762.0,17614.0,P3_sample_rows_vs_col_values
DEEPSEEK,nhanes_laboratory.hepa_j,v15_sample_rows_vs_sample_values,v05_plus_sample_values,rows+sample_val vs sample_val,1,0.0,0.4776437282562256,82376.0,64762.0,17614.0,P3_sample_rows_vs_col_values
DEEPSEEK,nhanes_laboratory.ins_j,v15_sample_rows_vs_sample_values,v05_plus_sample_values,rows+sample_val vs sample_val,1,0.3333333333333333,0.6260755856831869,82376.0,64762.0,17614.0,P3_sample_rows_vs_col_values
DEEPSEEK,nhanes_laboratory.phthte_j,v15_sample_rows_vs_sample_values,v05_plus_sample_values,rows+sample_val vs sample_val,1,0.3333333333333333,0.9075006643931071,82376.0,64762.0,17614.0,P3_sample_rows_vs_col_values
DEEPSEEK,nhanes_laboratory.ssuvcm_j,v15_sample_rows_vs_sample_values,v05_plus_sample_values,rows+sample_val vs sample_val,1,0.3333333333333333,0.6812387108802795,82376.0,64762.0,17614.0,P3_sample_rows_vs_col_values
DEEPSEEK,nhanes_laboratory.uio_j,v15_sample_rows_vs_sample_values,v05_plus_sample_values,rows+sample_val vs sample_val,1,0.3333333333333333,0.7888862291971842,82376.0,64762.0,17614.0,P3_sample_rows_vs_col_values
DEEPSEEK,nhanes_laboratory.vic_j,v15_sample_rows_vs_sample_values,v05_plus_sample_values,rows+sample_val vs sample_val,1,1.0,0.9999993244806925,82376.0,64762.0,17614.0,P3_sample_rows_vs_col_values
DEEPSEEK,nhanes_laboratory.vid_j,v15_sample_rows_vs_sample_values,v05_plus_sample_values,rows+sample_val vs sample_val,1,1.0,0.999999483426412,82376.0,64762.0,17614.0,P3_sample_rows_vs_col_values
DEEPSEEK,nhanes_questionnaire.alq_j,v15_sample_rows_vs_sample_values,v05_plus_sample_values,rows+sample_val vs sample_val,1,0.6666666666666666,0.9186142683029175,82376.0,64762.0,17614.0,P3_sample_rows_vs_col_values
DEEPSEEK,nhanes_questionnaire.dpq_j,v15_sample_rows_vs_sample_values,v05_plus_sample_values,rows+sample_val vs sample_val,1,0.3333333333333333,0.7653478384017944,82376.0,64762.0,17614.0,P3_sample_rows_vs_col_values
DEEPSEEK,nhanes_questionnaire.hsq_j,v15_sample_rows_vs_sample_values,v05_plus_sample_values,rows+sample_val vs sample_val,1,0.3333333333333333,0.8918822407722473,82376.0,64762.0,17614.0,P3_sample_rows_vs_col_values
DEEPSEEK,nhanes_questionnaire.puqmec_j,v15_sample_rows_vs_sample_values,v05_plus_sample_values,rows+sample_val vs sample_val,1,0.4,0.3999997615814209,82376.0,64762.0,17614.0,P3_sample_rows_vs_col_values
DEEPSEEK,nhanes_questionnaire.smqshs_j,v15_sample_rows_vs_sample_values,v05_plus_sample_values,rows+sample_val vs sample_val,1,0.6666666666666666,0.952552874883016,82376.0,64762.0,17614.0,P3_sample_rows_vs_col_values
DEEPSEEK,nhanes_questionnaire.whq_j,v15_sample_rows_vs_sample_values,v05_plus_sample_values,rows+sample_val vs sample_val,1,1.0,0.9999993642171224,82376.0,64762.0,17614.0,P3_sample_rows_vs_col_values
DEEPSEEK,nhanes_demographics.demo_j,v16_sample_rows_vs_frequent_values,v07_plus_sample_rows,rows+freq_val vs rows,1,0.6666666666666666,0.6666662096977234,83005.0,47022.0,35983.0,P3_sample_rows_vs_col_values
DEEPSEEK,nhanes_dietary.ds1tot_j,v16_sample_rows_vs_frequent_values,v07_plus_sample_rows,rows+freq_val vs rows,1,1.0,0.9999993642171224,83005.0,47022.0,35983.0,P3_sample_rows_vs_col_values
DEEPSEEK,nhanes_dietary.ds2ids_j,v16_sample_rows_vs_frequent_values,v07_plus_sample_rows,rows+freq_val vs rows,1,0.6666666666666666,0.8962541619936625,83005.0,47022.0,35983.0,P3_sample_rows_vs_col_values
DEEPSEEK,nhanes_dietary.ds2tot_j,v16_sample_rows_vs_frequent_values,v07_plus_sample_rows,rows+freq_val vs rows,1,1.0,0.9999993642171224,83005.0,47022.0,35983.0,P3_sample_rows_vs_col_values
DEEPSEEK,nhanes_dietary.dsqids_j,v16_sample_rows_vs_frequent_values,v07_plus_sample_rows,rows+freq_val vs rows,1,0.3333333333333333,0.5846967697143555,83005.0,47022.0,35983.0,P3_sample_rows_vs_col_values
DEEPSEEK,nhanes_dietary.dsqtot_j,v16_sample_rows_vs_frequent_values,v07_plus_sample_rows,rows+freq_val vs rows,1,0.6666666666666666,0.8851188023885092,83005.0,47022.0,35983.0,P3_sample_rows_vs_col_values
DEEPSEEK,nhanes_examination.bmx_j,v16_sample_rows_vs_frequent_values,v07_plus_sample_rows,rows+freq_val vs rows,1,1.0,0.9999993046124777,83005.0,47022.0,35983.0,P3_sample_rows_vs_col_values
DEEPSEEK,nhanes_examination.bpx_j,v16_sample_rows_vs_frequent_values,v07_plus_sample_rows,rows+freq_val vs rows,1,1.0,0.9999994039535522,83005.0,47022.0,35983.0,P3_sample_rows_vs_col_values
DEEPSEEK,nhanes_examination.bpxo_j,v16_sample_rows_vs_frequent_values,v07_plus_sample_rows,rows+freq_val vs rows,1,0.0,0.2674497961997986,83005.0,47022.0,35983.0,P3_sample_rows_vs_col_values
DEEPSEEK,nhanes_laboratory.cbc_j,v16_sample_rows_vs_frequent_values,v07_plus_sample_rows,rows+freq_val vs rows,1,1.0,0.9999993046124777,83005.0,47022.0,35983.0,P3_sample_rows_vs_col_values
DEEPSEEK,nhanes_laboratory.fastqx_j,v16_sample_rows_vs_frequent_values,v07_plus_sample_rows,rows+freq_val vs rows,1,0.6666666666666666,0.8400099674860636,83005.0,47022.0,35983.0,P3_sample_rows_vs_col_values
DEEPSEEK,nhanes_laboratory.ghb_j,v16_sample_rows_vs_frequent_values,v07_plus_sample_rows,rows+freq_val vs rows,1,0.6666666666666666,0.6666662494341532,83005.0,47022.0,35983.0,P3_sample_rows_vs_col_values
DEEPSEEK,nhanes_laboratory.hepa_j,v16_sample_rows_vs_frequent_values,v07_plus_sample_rows,rows+freq_val vs rows,1,0.6666666666666666,0.6666663289070129,83005.0,47022.0,35983.0,P3_sample_rows_vs_col_values
DEEPSEEK,nhanes_laboratory.ins_j,v16_sample_rows_vs_frequent_values,v07_plus_sample_rows,rows+freq_val vs rows,1,0.6666666666666666,0.6666660706202189,83005.0,47022.0,35983.0,P3_sample_rows_vs_col_values
DEEPSEEK,nhanes_laboratory.phthte_j,v16_sample_rows_vs_frequent_values,v07_plus_sample_rows,rows+freq_val vs rows,1,0.6666666666666666,0.9599418640136719,83005.0,47022.0,35983.0,P3_sample_rows_vs_col_values
DEEPSEEK,nhanes_laboratory.ssuvcm_j,v16_sample_rows_vs_frequent_values,v07_plus_sample_rows,rows+freq_val vs rows,1,0.0,0.4541706442832947,83005.0,47022.0,35983.0,P3_sample_rows_vs_col_values
DEEPSEEK,nhanes_laboratory.uio_j,v16_sample_rows_vs_frequent_values,v07_plus_sample_rows,rows+freq_val vs rows,1,0.6666666666666666,0.9865224162737528,83005.0,47022.0,35983.0,P3_sample_rows_vs_col_values
DEEPSEEK,nhanes_laboratory.vic_j,v16_sample_rows_vs_frequent_values,v07_plus_sample_rows,rows+freq_val vs rows,1,0.3333333333333333,0.5472397009531657,83005.0,47022.0,35983.0,P3_sample_rows_vs_col_values
DEEPSEEK,nhanes_laboratory.vid_j,v16_sample_rows_vs_frequent_values,v07_plus_sample_rows,rows+freq_val vs rows,1,0.0,0.6797746022542318,83005.0,47022.0,35983.0,P3_sample_rows_vs_col_values
DEEPSEEK,nhanes_questionnaire.alq_j,v16_sample_rows_vs_frequent_values,v07_plus_sample_rows,rows+freq_val vs rows,1,0.6666666666666666,0.9087925354639689,83005.0,47022.0,35983.0,P3_sample_rows_vs_col_values
DEEPSEEK,nhanes_questionnaire.dpq_j,v16_sample_rows_vs_frequent_values,v07_plus_sample_rows,rows+freq_val vs rows,1,1.0,0.9999989867210388,83005.0,47022.0,35983.0,P3_sample_rows_vs_col_values
DEEPSEEK,nhanes_questionnaire.hsq_j,v16_sample_rows_vs_frequent_values,v07_plus_sample_rows,rows+freq_val vs rows,1,0.6666666666666666,0.8780697385470072,83005.0,47022.0,35983.0,P3_sample_rows_vs_col_values
DEEPSEEK,nhanes_questionnaire.puqmec_j,v16_sample_rows_vs_frequent_values,v07_plus_sample_rows,rows+freq_val vs rows,1,0.0,0.417416254679362,83005.0,47022.0,35983.0,P3_sample_rows_vs_col_values
DEEPSEEK,nhanes_questionnaire.smqshs_j,v16_sample_rows_vs_frequent_values,v07_plus_sample_rows,rows+freq_val vs rows,1,0.6666666666666666,0.6666660308837891,83005.0,47022.0,35983.0,P3_sample_rows_vs_col_values
DEEPSEEK,nhanes_questionnaire.whq_j,v16_sample_rows_vs_frequent_values,v07_plus_sample_rows,rows+freq_val vs rows,1,0.3333333333333333,0.5249393383661906,83005.0,47022.0,35983.0,P3_sample_rows_vs_col_values
DEEPSEEK,nhanes_demographics.demo_j,v17_sample_rows_plus_both_values,v07_plus_sample_rows,rows+ambos vs rows,1,0.6666666666666666,0.6666662096977234,116031.0,47022.0,69009.0,P3_sample_rows_vs_col_values
DEEPSEEK,nhanes_dietary.ds1tot_j,v17_sample_rows_plus_both_values,v07_plus_sample_rows,rows+ambos vs rows,1,0.6666666666666666,0.9100055495897929,116031.0,47022.0,69009.0,P3_sample_rows_vs_col_values
DEEPSEEK,nhanes_dietary.ds2ids_j,v17_sample_rows_plus_both_values,v07_plus_sample_rows,rows+ambos vs rows,1,0.3333333333333333,0.5677495996157328,116031.0,47022.0,69009.0,P3_sample_rows_vs_col_values
DEEPSEEK,nhanes_dietary.ds2tot_j,v17_sample_rows_plus_both_values,v07_plus_sample_rows,rows+ambos vs rows,1,1.0,0.9999993642171224,116031.0,47022.0,69009.0,P3_sample_rows_vs_col_values
DEEPSEEK,nhanes_dietary.dsqids_j,v17_sample_rows_plus_both_values,v07_plus_sample_rows,rows+ambos vs rows,1,0.3333333333333333,0.7735238075256348,116031.0,47022.0,69009.0,P3_sample_rows_vs_col_values
DEEPSEEK,nhanes_dietary.dsqtot_j,v17_sample_rows_plus_both_values,v07_plus_sample_rows,rows+ambos vs rows,1,0.3333333333333333,0.8695573409398397,116031.0,47022.0,69009.0,P3_sample_rows_vs_col_values
DEEPSEEK,nhanes_examination.bmx_j,v17_sample_rows_plus_both_values,v07_plus_sample_rows,rows+ambos vs rows,1,1.0,0.9999993046124777,116031.0,47022.0,69009.0,P3_sample_rows_vs_col_values
DEEPSEEK,nhanes_examination.bpx_j,v17_sample_rows_plus_both_values,v07_plus_sample_rows,rows+ambos vs rows,1,1.0,0.9999994039535522,116031.0,47022.0,69009.0,P3_sample_rows_vs_col_values
DEEPSEEK,nhanes_examination.bpxo_j,v17_sample_rows_plus_both_values,v07_plus_sample_rows,rows+ambos vs rows,1,0.0,0.47791244586308795,116031.0,47022.0,69009.0,P3_sample_rows_vs_col_values
DEEPSEEK,nhanes_laboratory.cbc_j,v17_sample_rows_plus_both_values,v07_plus_sample_rows,rows+ambos vs rows,1,1.0,0.9999993046124777,116031.0,47022.0,69009.0,P3_sample_rows_vs_col_values
DEEPSEEK,nhanes_laboratory.fastqx_j,v17_sample_rows_plus_both_values,v07_plus_sample_rows,rows+ambos vs rows,1,0.3333333333333333,0.6427116990089417,116031.0,47022.0,69009.0,P3_sample_rows_vs_col_values
DEEPSEEK,nhanes_laboratory.ghb_j,v17_sample_rows_plus_both_values,v07_plus_sample_rows,rows+ambos vs rows,1,0.6666666666666666,0.6666662494341532,116031.0,47022.0,69009.0,P3_sample_rows_vs_col_values
DEEPSEEK,nhanes_laboratory.hepa_j,v17_sample_rows_plus_both_values,v07_plus_sample_rows,rows+ambos vs rows,1,0.3333333333333333,0.8964436451594034,116031.0,47022.0,69009.0,P3_sample_rows_vs_col_values
DEEPSEEK,nhanes_laboratory.ins_j,v17_sample_rows_plus_both_values,v07_plus_sample_rows,rows+ambos vs rows,1,0.3333333333333333,0.6260755856831869,116031.0,47022.0,69009.0,P3_sample_rows_vs_col_values
DEEPSEEK,nhanes_laboratory.phthte_j,v17_sample_rows_plus_both_values,v07_plus_sample_rows,rows+ambos vs rows,1,0.6666666666666666,0.8718710541725159,116031.0,47022.0,69009.0,P3_sample_rows_vs_col_values
DEEPSEEK,nhanes_laboratory.ssuvcm_j,v17_sample_rows_plus_both_values,v07_plus_sample_rows,rows+ambos vs rows,1,0.3333333333333333,0.6260757644971212,116031.0,47022.0,69009.0,P3_sample_rows_vs_col_values
DEEPSEEK,nhanes_laboratory.uio_j,v17_sample_rows_plus_both_values,v07_plus_sample_rows,rows+ambos vs rows,1,0.3333333333333333,0.7109183867772421,116031.0,47022.0,69009.0,P3_sample_rows_vs_col_values
DEEPSEEK,nhanes_laboratory.vic_j,v17_sample_rows_plus_both_values,v07_plus_sample_rows,rows+ambos vs rows,1,0.3333333333333333,0.5472397009531657,116031.0,47022.0,69009.0,P3_sample_rows_vs_col_values
DEEPSEEK,nhanes_laboratory.vid_j,v17_sample_rows_plus_both_values,v07_plus_sample_rows,rows+ambos vs rows,1,0.0,0.6797746022542318,116031.0,47022.0,69009.0,P3_sample_rows_vs_col_values
DEEPSEEK,nhanes_questionnaire.alq_j,v17_sample_rows_plus_both_values,v07_plus_sample_rows,rows+ambos vs rows,1,1.0,0.9999991456667582,116031.0,47022.0,69009.0,P3_sample_rows_vs_col_values
DEEPSEEK,nhanes_questionnaire.dpq_j,v17_sample_rows_plus_both_values,v07_plus_sample_rows,rows+ambos vs rows,1,0.3333333333333333,0.5728867252667745,116031.0,47022.0,69009.0,P3_sample_rows_vs_col_values
DEEPSEEK,nhanes_questionnaire.hsq_j,v17_sample_rows_plus_both_values,v07_plus_sample_rows,rows+ambos vs rows,1,0.6666666666666666,0.8780697385470072,116031.0,47022.0,69009.0,P3_sample_rows_vs_col_values
DEEPSEEK,nhanes_questionnaire.puqmec_j,v17_sample_rows_plus_both_values,v07_plus_sample_rows,rows+ambos vs rows,1,0.3333333333333333,0.5475815534591675,116031.0,47022.0,69009.0,P3_sample_rows_vs_col_values
DEEPSEEK,nhanes_questionnaire.smqshs_j,v17_sample_rows_plus_both_values,v07_plus_sample_rows,rows+ambos vs rows,1,1.0,0.9999990463256836,116031.0,47022.0,69009.0,P3_sample_rows_vs_col_values
DEEPSEEK,nhanes_questionnaire.whq_j,v17_sample_rows_plus_both_values,v07_plus_sample_rows,rows+ambos vs rows,1,0.6666666666666666,0.8469644586245219,116031.0,47022.0,69009.0,P3_sample_rows_vs_col_values
DEEPSEEK,nhanes_demographics.demo_j,v01_full,v25_full_no_sample_rows,full vs full-sem-rows,1,0.3333333333333333,0.3333331147829692,160713.0,142563.0,18150.0,P3_sample_rows_vs_col_values
DEEPSEEK,nhanes_dietary.ds1tot_j,v01_full,v25_full_no_sample_rows,full vs full-sem-rows,1,0.0,0.6908961335817972,160713.0,142563.0,18150.0,P3_sample_rows_vs_col_values
DEEPSEEK,nhanes_dietary.ds2ids_j,v01_full,v25_full_no_sample_rows,full vs full-sem-rows,1,1.0,0.9999994436899821,160713.0,142563.0,18150.0,P3_sample_rows_vs_col_values
DEEPSEEK,nhanes_dietary.ds2tot_j,v01_full,v25_full_no_sample_rows,full vs full-sem-rows,1,0.0,0.6749322017033895,160713.0,142563.0,18150.0,P3_sample_rows_vs_col_values
DEEPSEEK,nhanes_dietary.dsqids_j,v01_full,v25_full_no_sample_rows,full vs full-sem-rows,1,1.0,0.9999994238217672,160713.0,142563.0,18150.0,P3_sample_rows_vs_col_values
DEEPSEEK,nhanes_dietary.dsqtot_j,v01_full,v25_full_no_sample_rows,full vs full-sem-rows,1,1.0,0.9999994039535522,160713.0,142563.0,18150.0,P3_sample_rows_vs_col_values
DEEPSEEK,nhanes_examination.bmx_j,v01_full,v25_full_no_sample_rows,full vs full-sem-rows,1,0.3333333333333333,0.5595971941947937,160713.0,142563.0,18150.0,P3_sample_rows_vs_col_values
DEEPSEEK,nhanes_examination.bpx_j,v01_full,v25_full_no_sample_rows,full vs full-sem-rows,1,1.0,0.9999994039535522,160713.0,142563.0,18150.0,P3_sample_rows_vs_col_values
DEEPSEEK,nhanes_examination.bpxo_j,v01_full,v25_full_no_sample_rows,full vs full-sem-rows,1,0.6666666666666666,0.9108405510584513,160713.0,142563.0,18150.0,P3_sample_rows_vs_col_values
DEEPSEEK,nhanes_laboratory.cbc_j,v01_full,v25_full_no_sample_rows,full vs full-sem-rows,1,1.0,0.9999993443489075,160713.0,142563.0,18150.0,P3_sample_rows_vs_col_values
DEEPSEEK,nhanes_laboratory.fastqx_j,v01_full,v25_full_no_sample_rows,full vs full-sem-rows,1,0.3333333333333333,0.6427116990089417,160713.0,142563.0,18150.0,P3_sample_rows_vs_col_values
DEEPSEEK,nhanes_laboratory.ghb_j,v01_full,v25_full_no_sample_rows,full vs full-sem-rows,1,0.6666666666666666,0.6666662494341532,160713.0,142563.0,18150.0,P3_sample_rows_vs_col_values
DEEPSEEK,nhanes_laboratory.hepa_j,v01_full,v25_full_no_sample_rows,full vs full-sem-rows,1,0.0,0.5036473075548807,160713.0,142563.0,18150.0,P3_sample_rows_vs_col_values
DEEPSEEK,nhanes_laboratory.ins_j,v01_full,v25_full_no_sample_rows,full vs full-sem-rows,1,0.6666666666666666,0.8408877849578857,160713.0,142563.0,18150.0,P3_sample_rows_vs_col_values
DEEPSEEK,nhanes_laboratory.phthte_j,v01_full,v25_full_no_sample_rows,full vs full-sem-rows,1,0.3333333333333333,0.833404541015625,160713.0,142563.0,18150.0,P3_sample_rows_vs_col_values
DEEPSEEK,nhanes_laboratory.ssuvcm_j,v01_full,v25_full_no_sample_rows,full vs full-sem-rows,1,0.0,0.18794745206832886,160713.0,142563.0,18150.0,P3_sample_rows_vs_col_values
DEEPSEEK,nhanes_laboratory.uio_j,v01_full,v25_full_no_sample_rows,full vs full-sem-rows,1,0.0,0.494734783967336,160713.0,142563.0,18150.0,P3_sample_rows_vs_col_values
DEEPSEEK,nhanes_laboratory.vic_j,v01_full,v25_full_no_sample_rows,full vs full-sem-rows,1,0.6666666666666666,0.6666660904884338,160713.0,142563.0,18150.0,P3_sample_rows_vs_col_values
DEEPSEEK,nhanes_laboratory.vid_j,v01_full,v25_full_no_sample_rows,full vs full-sem-rows,1,1.0,0.999999483426412,160713.0,142563.0,18150.0,P3_sample_rows_vs_col_values
DEEPSEEK,nhanes_questionnaire.alq_j,v01_full,v25_full_no_sample_rows,full vs full-sem-rows,1,1.0,0.9999992251396179,160713.0,142563.0,18150.0,P3_sample_rows_vs_col_values
DEEPSEEK,nhanes_questionnaire.dpq_j,v01_full,v25_full_no_sample_rows,full vs full-sem-rows,1,0.3333333333333333,0.7653478384017944,160713.0,142563.0,18150.0,P3_sample_rows_vs_col_values
DEEPSEEK,nhanes_questionnaire.hsq_j,v01_full,v25_full_no_sample_rows,full vs full-sem-rows,1,0.3333333333333333,0.7483270963033041,160713.0,142563.0,18150.0,P3_sample_rows_vs_col_values
DEEPSEEK,nhanes_questionnaire.puqmec_j,v01_full,v25_full_no_sample_rows,full vs full-sem-rows,1,0.6666666666666666,0.6666662494341532,160713.0,142563.0,18150.0,P3_sample_rows_vs_col_values
DEEPSEEK,nhanes_questionnaire.smqshs_j,v01_full,v25_full_no_sample_rows,full vs full-sem-rows,1,0.6666666666666666,0.9435304800669352,160713.0,142563.0,18150.0,P3_sample_rows_vs_col_values
DEEPSEEK,nhanes_questionnaire.whq_j,v01_full,v25_full_no_sample_rows,full vs full-sem-rows,1,0.6666666666666666,0.6666662693023682,160713.0,142563.0,18150.0,P3_sample_rows_vs_col_values
DEEPSEEK,nhanes_demographics.demo_j,v08_fk_plus_sample_values,v05_plus_sample_values,FK+sample_val vs sample_val,1,0.6666666666666666,0.8950024843215942,65012.0,64762.0,250.0,P4_fk_interaction
DEEPSEEK,nhanes_dietary.ds1tot_j,v08_fk_plus_sample_values,v05_plus_sample_values,FK+sample_val vs sample_val,1,0.0,0.6749322017033895,65012.0,64762.0,250.0,P4_fk_interaction
DEEPSEEK,nhanes_dietary.ds2ids_j,v08_fk_plus_sample_values,v05_plus_sample_values,FK+sample_val vs sample_val,1,0.3333333333333333,0.8085988362630209,65012.0,64762.0,250.0,P4_fk_interaction
DEEPSEEK,nhanes_dietary.ds2tot_j,v08_fk_plus_sample_values,v05_plus_sample_values,FK+sample_val vs sample_val,1,0.0,0.6906410654385885,65012.0,64762.0,250.0,P4_fk_interaction
DEEPSEEK,nhanes_dietary.dsqids_j,v08_fk_plus_sample_values,v05_plus_sample_values,FK+sample_val vs sample_val,1,0.3333333333333333,0.592329720656077,65012.0,64762.0,250.0,P4_fk_interaction
DEEPSEEK,nhanes_dietary.dsqtot_j,v08_fk_plus_sample_values,v05_plus_sample_values,FK+sample_val vs sample_val,1,0.0,0.7053977847099304,65012.0,64762.0,250.0,P4_fk_interaction
DEEPSEEK,nhanes_examination.bmx_j,v08_fk_plus_sample_values,v05_plus_sample_values,FK+sample_val vs sample_val,1,0.3333333333333333,0.7354947527249655,65012.0,64762.0,250.0,P4_fk_interaction
DEEPSEEK,nhanes_examination.bpx_j,v08_fk_plus_sample_values,v05_plus_sample_values,FK+sample_val vs sample_val,1,0.3333333333333333,0.7887658278147379,65012.0,64762.0,250.0,P4_fk_interaction
DEEPSEEK,nhanes_examination.bpxo_j,v08_fk_plus_sample_values,v05_plus_sample_values,FK+sample_val vs sample_val,1,1.0,0.9999994039535522,65012.0,64762.0,250.0,P4_fk_interaction
DEEPSEEK,nhanes_laboratory.cbc_j,v08_fk_plus_sample_values,v05_plus_sample_values,FK+sample_val vs sample_val,1,1.0,0.9999993046124777,65012.0,64762.0,250.0,P4_fk_interaction
DEEPSEEK,nhanes_laboratory.fastqx_j,v08_fk_plus_sample_values,v05_plus_sample_values,FK+sample_val vs sample_val,1,0.3333333333333333,0.6427116990089417,65012.0,64762.0,250.0,P4_fk_interaction
DEEPSEEK,nhanes_laboratory.ghb_j,v08_fk_plus_sample_values,v05_plus_sample_values,FK+sample_val vs sample_val,1,0.3333333333333333,0.6024249990781149,65012.0,64762.0,250.0,P4_fk_interaction
DEEPSEEK,nhanes_laboratory.hepa_j,v08_fk_plus_sample_values,v05_plus_sample_values,FK+sample_val vs sample_val,1,0.3333333333333333,0.7743605971336365,65012.0,64762.0,250.0,P4_fk_interaction
DEEPSEEK,nhanes_laboratory.ins_j,v08_fk_plus_sample_values,v05_plus_sample_values,FK+sample_val vs sample_val,1,0.6666666666666666,0.6666659712791443,65012.0,64762.0,250.0,P4_fk_interaction
DEEPSEEK,nhanes_laboratory.phthte_j,v08_fk_plus_sample_values,v05_plus_sample_values,FK+sample_val vs sample_val,1,0.6666666666666666,0.9108327031135559,65012.0,64762.0,250.0,P4_fk_interaction
DEEPSEEK,nhanes_laboratory.ssuvcm_j,v08_fk_plus_sample_values,v05_plus_sample_values,FK+sample_val vs sample_val,1,1.0,0.9999995231628418,65012.0,64762.0,250.0,P4_fk_interaction
DEEPSEEK,nhanes_laboratory.uio_j,v08_fk_plus_sample_values,v05_plus_sample_values,FK+sample_val vs sample_val,1,0.3333333333333333,0.6300069093704224,65012.0,64762.0,250.0,P4_fk_interaction
DEEPSEEK,nhanes_laboratory.vic_j,v08_fk_plus_sample_values,v05_plus_sample_values,FK+sample_val vs sample_val,1,1.0,0.9999993244806925,65012.0,64762.0,250.0,P4_fk_interaction
DEEPSEEK,nhanes_laboratory.vid_j,v08_fk_plus_sample_values,v05_plus_sample_values,FK+sample_val vs sample_val,1,0.0,0.6158749063809713,65012.0,64762.0,250.0,P4_fk_interaction
DEEPSEEK,nhanes_questionnaire.alq_j,v08_fk_plus_sample_values,v05_plus_sample_values,FK+sample_val vs sample_val,1,1.0,0.9999991456667582,65012.0,64762.0,250.0,P4_fk_interaction
DEEPSEEK,nhanes_questionnaire.dpq_j,v08_fk_plus_sample_values,v05_plus_sample_values,FK+sample_val vs sample_val,1,1.0,0.999998946984609,65012.0,64762.0,250.0,P4_fk_interaction
DEEPSEEK,nhanes_questionnaire.hsq_j,v08_fk_plus_sample_values,v05_plus_sample_values,FK+sample_val vs sample_val,1,0.6666666666666666,0.8979769150416056,65012.0,64762.0,250.0,P4_fk_interaction
DEEPSEEK,nhanes_questionnaire.puqmec_j,v08_fk_plus_sample_values,v05_plus_sample_values,FK+sample_val vs sample_val,1,0.6666666666666666,0.939133862654368,65012.0,64762.0,250.0,P4_fk_interaction
DEEPSEEK,nhanes_questionnaire.smqshs_j,v08_fk_plus_sample_values,v05_plus_sample_values,FK+sample_val vs sample_val,1,0.6666666666666666,0.9596517483393351,65012.0,64762.0,250.0,P4_fk_interaction
DEEPSEEK,nhanes_questionnaire.whq_j,v08_fk_plus_sample_values,v05_plus_sample_values,FK+sample_val vs sample_val,1,1.0,0.9999993642171224,65012.0,64762.0,250.0,P4_fk_interaction
DEEPSEEK,nhanes_demographics.demo_j,v09_fk_plus_frequent_values,v06_plus_frequent_values,FK+freq_val vs freq_val,1,0.3333333333333333,0.5853866338729858,65641.0,65391.0,250.0,P4_fk_interaction
DEEPSEEK,nhanes_dietary.ds1tot_j,v09_fk_plus_frequent_values,v06_plus_frequent_values,FK+freq_val vs freq_val,1,1.0,0.9999993642171224,65641.0,65391.0,250.0,P4_fk_interaction
DEEPSEEK,nhanes_dietary.ds2ids_j,v09_fk_plus_frequent_values,v06_plus_frequent_values,FK+freq_val vs freq_val,1,0.3333333333333333,0.7434117595354716,65641.0,65391.0,250.0,P4_fk_interaction
DEEPSEEK,nhanes_dietary.ds2tot_j,v09_fk_plus_frequent_values,v06_plus_frequent_values,FK+freq_val vs freq_val,1,1.0,0.9999993642171224,65641.0,65391.0,250.0,P4_fk_interaction
DEEPSEEK,nhanes_dietary.dsqids_j,v09_fk_plus_frequent_values,v06_plus_frequent_values,FK+freq_val vs freq_val,1,0.6666666666666666,0.8974722822507223,65641.0,65391.0,250.0,P4_fk_interaction
DEEPSEEK,nhanes_dietary.dsqtot_j,v09_fk_plus_frequent_values,v06_plus_frequent_values,FK+freq_val vs freq_val,1,0.0,0.6781166990598043,65641.0,65391.0,250.0,P4_fk_interaction
DEEPSEEK,nhanes_examination.bmx_j,v09_fk_plus_frequent_values,v06_plus_frequent_values,FK+freq_val vs freq_val,1,1.0,0.9999994039535522,65641.0,65391.0,250.0,P4_fk_interaction
DEEPSEEK,nhanes_examination.bpx_j,v09_fk_plus_frequent_values,v06_plus_frequent_values,FK+freq_val vs freq_val,1,1.0,0.9999993840853373,65641.0,65391.0,250.0,P4_fk_interaction
DEEPSEEK,nhanes_examination.bpxo_j,v09_fk_plus_frequent_values,v06_plus_frequent_values,FK+freq_val vs freq_val,1,0.3333333333333333,0.719609260559082,65641.0,65391.0,250.0,P4_fk_interaction
DEEPSEEK,nhanes_laboratory.cbc_j,v09_fk_plus_frequent_values,v06_plus_frequent_values,FK+freq_val vs freq_val,1,1.0,0.9999996225039164,65641.0,65391.0,250.0,P4_fk_interaction
DEEPSEEK,nhanes_laboratory.fastqx_j,v09_fk_plus_frequent_values,v06_plus_frequent_values,FK+freq_val vs freq_val,1,1.0,0.9999991059303284,65641.0,65391.0,250.0,P4_fk_interaction
DEEPSEEK,nhanes_laboratory.ghb_j,v09_fk_plus_frequent_values,v06_plus_frequent_values,FK+freq_val vs freq_val,1,1.0,0.9999993642171224,65641.0,65391.0,250.0,P4_fk_interaction
DEEPSEEK,nhanes_laboratory.hepa_j,v09_fk_plus_frequent_values,v06_plus_frequent_values,FK+freq_val vs freq_val,1,0.3333333333333333,0.7934690713882446,65641.0,65391.0,250.0,P4_fk_interaction
DEEPSEEK,nhanes_laboratory.ins_j,v09_fk_plus_frequent_values,v06_plus_frequent_values,FK+freq_val vs freq_val,1,0.6666666666666666,0.9106245438257853,65641.0,65391.0,250.0,P4_fk_interaction
DEEPSEEK,nhanes_laboratory.phthte_j,v09_fk_plus_frequent_values,v06_plus_frequent_values,FK+freq_val vs freq_val,1,0.3333333333333333,0.8559383153915405,65641.0,65391.0,250.0,P4_fk_interaction
DEEPSEEK,nhanes_laboratory.ssuvcm_j,v09_fk_plus_frequent_values,v06_plus_frequent_values,FK+freq_val vs freq_val,1,0.0,0.684250553448995,65641.0,65391.0,250.0,P4_fk_interaction
DEEPSEEK,nhanes_laboratory.uio_j,v09_fk_plus_frequent_values,v06_plus_frequent_values,FK+freq_val vs freq_val,1,0.6666666666666666,0.8370599150657654,65641.0,65391.0,250.0,P4_fk_interaction
DEEPSEEK,nhanes_laboratory.vic_j,v09_fk_plus_frequent_values,v06_plus_frequent_values,FK+freq_val vs freq_val,1,0.3333333333333333,0.5817885994911194,65641.0,65391.0,250.0,P4_fk_interaction
DEEPSEEK,nhanes_laboratory.vid_j,v09_fk_plus_frequent_values,v06_plus_frequent_values,FK+freq_val vs freq_val,1,0.0,0.40430257717768353,65641.0,65391.0,250.0,P4_fk_interaction
DEEPSEEK,nhanes_questionnaire.alq_j,v09_fk_plus_frequent_values,v06_plus_frequent_values,FK+freq_val vs freq_val,1,1.0,0.9999992251396179,65641.0,65391.0,250.0,P4_fk_interaction
DEEPSEEK,nhanes_questionnaire.dpq_j,v09_fk_plus_frequent_values,v06_plus_frequent_values,FK+freq_val vs freq_val,1,0.0,0.4320149024327596,65641.0,65391.0,250.0,P4_fk_interaction
DEEPSEEK,nhanes_questionnaire.hsq_j,v09_fk_plus_frequent_values,v06_plus_frequent_values,FK+freq_val vs freq_val,1,0.6666666666666666,0.8979769150416056,65641.0,65391.0,250.0,P4_fk_interaction
DEEPSEEK,nhanes_questionnaire.puqmec_j,v09_fk_plus_frequent_values,v06_plus_frequent_values,FK+freq_val vs freq_val,1,0.0,0.453574279944102,65641.0,65391.0,250.0,P4_fk_interaction
DEEPSEEK,nhanes_questionnaire.smqshs_j,v09_fk_plus_frequent_values,v06_plus_frequent_values,FK+freq_val vs freq_val,1,0.6666666666666666,0.6666660308837891,65641.0,65391.0,250.0,P4_fk_interaction
DEEPSEEK,nhanes_questionnaire.whq_j,v09_fk_plus_frequent_values,v06_plus_frequent_values,FK+freq_val vs freq_val,1,1.0,0.9999994238217672,65641.0,65391.0,250.0,P4_fk_interaction
DEEPSEEK,nhanes_demographics.demo_j,v10_fk_plus_sample_and_frequent,v08_fk_plus_sample_values,FK+ambos vs FK+sample_val,1,0.0,0.43673954407374066,98667.0,65012.0,33655.0,P4_fk_interaction
DEEPSEEK,nhanes_dietary.ds1tot_j,v10_fk_plus_sample_and_frequent,v08_fk_plus_sample_values,FK+ambos vs FK+sample_val,1,0.0,0.6749322017033895,98667.0,65012.0,33655.0,P4_fk_interaction
DEEPSEEK,nhanes_dietary.ds2ids_j,v10_fk_plus_sample_and_frequent,v08_fk_plus_sample_values,FK+ambos vs FK+sample_val,1,0.3333333333333333,0.8085988362630209,98667.0,65012.0,33655.0,P4_fk_interaction
DEEPSEEK,nhanes_dietary.ds2tot_j,v10_fk_plus_sample_and_frequent,v08_fk_plus_sample_values,FK+ambos vs FK+sample_val,1,0.0,0.6906410654385885,98667.0,65012.0,33655.0,P4_fk_interaction
DEEPSEEK,nhanes_dietary.dsqids_j,v10_fk_plus_sample_and_frequent,v08_fk_plus_sample_values,FK+ambos vs FK+sample_val,1,0.6666666666666666,0.8422078490257263,98667.0,65012.0,33655.0,P4_fk_interaction
DEEPSEEK,nhanes_dietary.dsqtot_j,v10_fk_plus_sample_and_frequent,v08_fk_plus_sample_values,FK+ambos vs FK+sample_val,1,0.6666666666666666,0.852213184038798,98667.0,65012.0,33655.0,P4_fk_interaction
DEEPSEEK,nhanes_examination.bmx_j,v10_fk_plus_sample_and_frequent,v08_fk_plus_sample_values,FK+ambos vs FK+sample_val,1,0.3333333333333333,0.9030207196871439,98667.0,65012.0,33655.0,P4_fk_interaction
DEEPSEEK,nhanes_examination.bpx_j,v10_fk_plus_sample_and_frequent,v08_fk_plus_sample_values,FK+ambos vs FK+sample_val,1,0.3333333333333333,0.612172265847524,98667.0,65012.0,33655.0,P4_fk_interaction
DEEPSEEK,nhanes_examination.bpxo_j,v10_fk_plus_sample_and_frequent,v08_fk_plus_sample_values,FK+ambos vs FK+sample_val,1,1.0,0.9999994039535522,98667.0,65012.0,33655.0,P4_fk_interaction
DEEPSEEK,nhanes_laboratory.cbc_j,v10_fk_plus_sample_and_frequent,v08_fk_plus_sample_values,FK+ambos vs FK+sample_val,1,1.0,0.9999993046124777,98667.0,65012.0,33655.0,P4_fk_interaction
DEEPSEEK,nhanes_laboratory.fastqx_j,v10_fk_plus_sample_and_frequent,v08_fk_plus_sample_values,FK+ambos vs FK+sample_val,1,0.6666666666666666,0.9760446747144064,98667.0,65012.0,33655.0,P4_fk_interaction
DEEPSEEK,nhanes_laboratory.ghb_j,v10_fk_plus_sample_and_frequent,v08_fk_plus_sample_values,FK+ambos vs FK+sample_val,1,0.3333333333333333,0.6024249990781149,98667.0,65012.0,33655.0,P4_fk_interaction
DEEPSEEK,nhanes_laboratory.hepa_j,v10_fk_plus_sample_and_frequent,v08_fk_plus_sample_values,FK+ambos vs FK+sample_val,1,0.0,0.681440512339274,98667.0,65012.0,33655.0,P4_fk_interaction
DEEPSEEK,nhanes_laboratory.ins_j,v10_fk_plus_sample_and_frequent,v08_fk_plus_sample_values,FK+ambos vs FK+sample_val,1,0.3333333333333333,0.6260755856831869,98667.0,65012.0,33655.0,P4_fk_interaction
DEEPSEEK,nhanes_laboratory.phthte_j,v10_fk_plus_sample_and_frequent,v08_fk_plus_sample_values,FK+ambos vs FK+sample_val,1,0.6666666666666666,0.9182639122009277,98667.0,65012.0,33655.0,P4_fk_interaction
DEEPSEEK,nhanes_laboratory.ssuvcm_j,v10_fk_plus_sample_and_frequent,v08_fk_plus_sample_values,FK+ambos vs FK+sample_val,1,1.0,0.9999995231628418,98667.0,65012.0,33655.0,P4_fk_interaction
DEEPSEEK,nhanes_laboratory.uio_j,v10_fk_plus_sample_and_frequent,v08_fk_plus_sample_values,FK+ambos vs FK+sample_val,1,1.0,0.9999992847442627,98667.0,65012.0,33655.0,P4_fk_interaction
DEEPSEEK,nhanes_laboratory.vic_j,v10_fk_plus_sample_and_frequent,v08_fk_plus_sample_values,FK+ambos vs FK+sample_val,1,0.6666666666666666,0.6666660904884338,98667.0,65012.0,33655.0,P4_fk_interaction
DEEPSEEK,nhanes_laboratory.vid_j,v10_fk_plus_sample_and_frequent,v08_fk_plus_sample_values,FK+ambos vs FK+sample_val,1,0.0,0.7181234558423361,98667.0,65012.0,33655.0,P4_fk_interaction
DEEPSEEK,nhanes_questionnaire.alq_j,v10_fk_plus_sample_and_frequent,v08_fk_plus_sample_values,FK+ambos vs FK+sample_val,1,0.3333333333333333,0.8274076581001282,98667.0,65012.0,33655.0,P4_fk_interaction
DEEPSEEK,nhanes_questionnaire.dpq_j,v10_fk_plus_sample_and_frequent,v08_fk_plus_sample_values,FK+ambos vs FK+sample_val,1,1.0,0.999998946984609,98667.0,65012.0,33655.0,P4_fk_interaction
DEEPSEEK,nhanes_questionnaire.hsq_j,v10_fk_plus_sample_and_frequent,v08_fk_plus_sample_values,FK+ambos vs FK+sample_val,1,0.6666666666666666,0.6666662693023682,98667.0,65012.0,33655.0,P4_fk_interaction
DEEPSEEK,nhanes_questionnaire.puqmec_j,v10_fk_plus_sample_and_frequent,v08_fk_plus_sample_values,FK+ambos vs FK+sample_val,1,0.3333333333333333,0.7314721941947937,98667.0,65012.0,33655.0,P4_fk_interaction
DEEPSEEK,nhanes_questionnaire.smqshs_j,v10_fk_plus_sample_and_frequent,v08_fk_plus_sample_values,FK+ambos vs FK+sample_val,1,0.3333333333333333,0.6576908429463705,98667.0,65012.0,33655.0,P4_fk_interaction
DEEPSEEK,nhanes_questionnaire.whq_j,v10_fk_plus_sample_and_frequent,v08_fk_plus_sample_values,FK+ambos vs FK+sample_val,1,0.6666666666666666,0.8577824632326762,98667.0,65012.0,33655.0,P4_fk_interaction
DEEPSEEK,nhanes_demographics.demo_j,v11_fk_plus_sample_rows,v07_plus_sample_rows,FK+rows vs rows,1,0.3333333333333333,0.3333331147829692,47272.0,47022.0,250.0,P4_fk_interaction
DEEPSEEK,nhanes_dietary.ds1tot_j,v11_fk_plus_sample_rows,v07_plus_sample_rows,FK+rows vs rows,1,1.0,0.9999993642171224,47272.0,47022.0,250.0,P4_fk_interaction
DEEPSEEK,nhanes_dietary.ds2ids_j,v11_fk_plus_sample_rows,v07_plus_sample_rows,FK+rows vs rows,1,0.3333333333333333,0.7551293969154358,47272.0,47022.0,250.0,P4_fk_interaction
DEEPSEEK,nhanes_dietary.ds2tot_j,v11_fk_plus_sample_rows,v07_plus_sample_rows,FK+rows vs rows,1,1.0,0.9999993642171224,47272.0,47022.0,250.0,P4_fk_interaction
DEEPSEEK,nhanes_dietary.dsqids_j,v11_fk_plus_sample_rows,v07_plus_sample_rows,FK+rows vs rows,1,0.3333333333333333,0.7735238075256348,47272.0,47022.0,250.0,P4_fk_interaction
DEEPSEEK,nhanes_dietary.dsqtot_j,v11_fk_plus_sample_rows,v07_plus_sample_rows,FK+rows vs rows,1,0.6666666666666666,0.8851188023885092,47272.0,47022.0,250.0,P4_fk_interaction
DEEPSEEK,nhanes_examination.bmx_j,v11_fk_plus_sample_rows,v07_plus_sample_rows,FK+rows vs rows,1,0.6666666666666666,0.6666661898295084,47272.0,47022.0,250.0,P4_fk_interaction
DEEPSEEK,nhanes_examination.bpx_j,v11_fk_plus_sample_rows,v07_plus_sample_rows,FK+rows vs rows,1,0.6666666666666666,0.6666662494341532,47272.0,47022.0,250.0,P4_fk_interaction
DEEPSEEK,nhanes_examination.bpxo_j,v11_fk_plus_sample_rows,v07_plus_sample_rows,FK+rows vs rows,1,0.3333333333333333,0.6308372418085734,47272.0,47022.0,250.0,P4_fk_interaction
DEEPSEEK,nhanes_laboratory.cbc_j,v11_fk_plus_sample_rows,v07_plus_sample_rows,FK+rows vs rows,1,0.3333333333333333,0.7784649928410848,47272.0,47022.0,250.0,P4_fk_interaction
DEEPSEEK,nhanes_laboratory.fastqx_j,v11_fk_plus_sample_rows,v07_plus_sample_rows,FK+rows vs rows,1,0.6666666666666666,0.8531755010286967,47272.0,47022.0,250.0,P4_fk_interaction
DEEPSEEK,nhanes_laboratory.ghb_j,v11_fk_plus_sample_rows,v07_plus_sample_rows,FK+rows vs rows,1,0.6666666666666666,0.6666662494341532,47272.0,47022.0,250.0,P4_fk_interaction
DEEPSEEK,nhanes_laboratory.hepa_j,v11_fk_plus_sample_rows,v07_plus_sample_rows,FK+rows vs rows,1,0.3333333333333333,0.9134610295295715,47272.0,47022.0,250.0,P4_fk_interaction
DEEPSEEK,nhanes_laboratory.ins_j,v11_fk_plus_sample_rows,v07_plus_sample_rows,FK+rows vs rows,1,0.6666666666666666,0.6666660706202189,47272.0,47022.0,250.0,P4_fk_interaction
DEEPSEEK,nhanes_laboratory.phthte_j,v11_fk_plus_sample_rows,v07_plus_sample_rows,FK+rows vs rows,1,0.6666666666666666,0.9599418640136719,47272.0,47022.0,250.0,P4_fk_interaction
DEEPSEEK,nhanes_laboratory.ssuvcm_j,v11_fk_plus_sample_rows,v07_plus_sample_rows,FK+rows vs rows,1,0.0,0.42709054549535114,47272.0,47022.0,250.0,P4_fk_interaction
DEEPSEEK,nhanes_laboratory.uio_j,v11_fk_plus_sample_rows,v07_plus_sample_rows,FK+rows vs rows,1,1.0,0.999999205271403,47272.0,47022.0,250.0,P4_fk_interaction
DEEPSEEK,nhanes_laboratory.vic_j,v11_fk_plus_sample_rows,v07_plus_sample_rows,FK+rows vs rows,1,0.3333333333333333,0.5472397009531657,47272.0,47022.0,250.0,P4_fk_interaction
DEEPSEEK,nhanes_laboratory.vid_j,v11_fk_plus_sample_rows,v07_plus_sample_rows,FK+rows vs rows,1,1.0,0.9999992450078329,47272.0,47022.0,250.0,P4_fk_interaction
DEEPSEEK,nhanes_questionnaire.alq_j,v11_fk_plus_sample_rows,v07_plus_sample_rows,FK+rows vs rows,1,1.0,0.9999991456667582,47272.0,47022.0,250.0,P4_fk_interaction
DEEPSEEK,nhanes_questionnaire.dpq_j,v11_fk_plus_sample_rows,v07_plus_sample_rows,FK+rows vs rows,1,0.3333333333333333,0.7653478384017944,47272.0,47022.0,250.0,P4_fk_interaction
DEEPSEEK,nhanes_questionnaire.hsq_j,v11_fk_plus_sample_rows,v07_plus_sample_rows,FK+rows vs rows,1,0.6666666666666666,0.9093374212582906,47272.0,47022.0,250.0,P4_fk_interaction
DEEPSEEK,nhanes_questionnaire.puqmec_j,v11_fk_plus_sample_rows,v07_plus_sample_rows,FK+rows vs rows,1,1.0,0.9999994238217672,47272.0,47022.0,250.0,P4_fk_interaction
DEEPSEEK,nhanes_questionnaire.smqshs_j,v11_fk_plus_sample_rows,v07_plus_sample_rows,FK+rows vs rows,1,0.6666666666666666,0.9910238186518351,47272.0,47022.0,250.0,P4_fk_interaction
DEEPSEEK,nhanes_questionnaire.whq_j,v11_fk_plus_sample_rows,v07_plus_sample_rows,FK+rows vs rows,1,0.0,0.42064515749613446,47272.0,47022.0,250.0,P4_fk_interaction
DEEPSEEK,nhanes_demographics.demo_j,v02_plus_fk,v00_baseline,FK isolado vs baseline,1,1.0,0.9999994039535522,29683.0,29433.0,250.0,P4_fk_interaction
DEEPSEEK,nhanes_dietary.ds1tot_j,v02_plus_fk,v00_baseline,FK isolado vs baseline,1,0.6666666666666666,0.8851188023885092,29683.0,29433.0,250.0,P4_fk_interaction
DEEPSEEK,nhanes_dietary.ds2ids_j,v02_plus_fk,v00_baseline,FK isolado vs baseline,1,0.6666666666666666,0.9243078430493673,29683.0,29433.0,250.0,P4_fk_interaction
DEEPSEEK,nhanes_dietary.ds2tot_j,v02_plus_fk,v00_baseline,FK isolado vs baseline,1,1.0,0.9999993642171224,29683.0,29433.0,250.0,P4_fk_interaction
DEEPSEEK,nhanes_dietary.dsqids_j,v02_plus_fk,v00_baseline,FK isolado vs baseline,1,0.6666666666666666,0.9352691968282064,29683.0,29433.0,250.0,P4_fk_interaction
DEEPSEEK,nhanes_dietary.dsqtot_j,v02_plus_fk,v00_baseline,FK isolado vs baseline,1,0.6666666666666666,0.8851188023885092,29683.0,29433.0,250.0,P4_fk_interaction
DEEPSEEK,nhanes_examination.bmx_j,v02_plus_fk,v00_baseline,FK isolado vs baseline,1,0.6666666666666666,0.6666661898295084,29683.0,29433.0,250.0,P4_fk_interaction
DEEPSEEK,nhanes_examination.bpx_j,v02_plus_fk,v00_baseline,FK isolado vs baseline,1,1.0,0.9999993840853373,29683.0,29433.0,250.0,P4_fk_interaction
DEEPSEEK,nhanes_examination.bpxo_j,v02_plus_fk,v00_baseline,FK isolado vs baseline,1,0.0,0.7027190526326498,29683.0,29433.0,250.0,P4_fk_interaction
DEEPSEEK,nhanes_laboratory.cbc_j,v02_plus_fk,v00_baseline,FK isolado vs baseline,1,0.3333333333333333,0.7422868013381958,29683.0,29433.0,250.0,P4_fk_interaction
DEEPSEEK,nhanes_laboratory.fastqx_j,v02_plus_fk,v00_baseline,FK isolado vs baseline,1,0.6666666666666666,0.6666661302248637,29683.0,29433.0,250.0,P4_fk_interaction
DEEPSEEK,nhanes_laboratory.ghb_j,v02_plus_fk,v00_baseline,FK isolado vs baseline,1,0.6666666666666666,0.9629385670026144,29683.0,29433.0,250.0,P4_fk_interaction
DEEPSEEK,nhanes_laboratory.hepa_j,v02_plus_fk,v00_baseline,FK isolado vs baseline,1,0.6666666666666666,0.961260199546814,29683.0,29433.0,250.0,P4_fk_interaction
DEEPSEEK,nhanes_laboratory.ins_j,v02_plus_fk,v00_baseline,FK isolado vs baseline,1,0.3333333333333333,0.7762876152992249,29683.0,29433.0,250.0,P4_fk_interaction
DEEPSEEK,nhanes_laboratory.phthte_j,v02_plus_fk,v00_baseline,FK isolado vs baseline,1,0.6666666666666666,0.6666661699612936,29683.0,29433.0,250.0,P4_fk_interaction
DEEPSEEK,nhanes_laboratory.ssuvcm_j,v02_plus_fk,v00_baseline,FK isolado vs baseline,1,0.0,0.38913609584172565,29683.0,29433.0,250.0,P4_fk_interaction
DEEPSEEK,nhanes_laboratory.uio_j,v02_plus_fk,v00_baseline,FK isolado vs baseline,1,0.4,0.7588662147521973,29683.0,29433.0,250.0,P4_fk_interaction
DEEPSEEK,nhanes_laboratory.vic_j,v02_plus_fk,v00_baseline,FK isolado vs baseline,1,0.0,0.5308101971944174,29683.0,29433.0,250.0,P4_fk_interaction
DEEPSEEK,nhanes_laboratory.vid_j,v02_plus_fk,v00_baseline,FK isolado vs baseline,1,0.0,0.5111250082651774,29683.0,29433.0,250.0,P4_fk_interaction
DEEPSEEK,nhanes_questionnaire.alq_j,v02_plus_fk,v00_baseline,FK isolado vs baseline,1,0.3333333333333333,0.8274076581001282,29683.0,29433.0,250.0,P4_fk_interaction
DEEPSEEK,nhanes_questionnaire.dpq_j,v02_plus_fk,v00_baseline,FK isolado vs baseline,1,1.0,0.999998946984609,29683.0,29433.0,250.0,P4_fk_interaction
DEEPSEEK,nhanes_questionnaire.hsq_j,v02_plus_fk,v00_baseline,FK isolado vs baseline,1,1.0,0.9999994039535522,29683.0,29433.0,250.0,P4_fk_interaction
DEEPSEEK,nhanes_questionnaire.puqmec_j,v02_plus_fk,v00_baseline,FK isolado vs baseline,1,0.3333333333333333,0.8398200670878092,29683.0,29433.0,250.0,P4_fk_interaction
DEEPSEEK,nhanes_questionnaire.smqshs_j,v02_plus_fk,v00_baseline,FK isolado vs baseline,1,0.6666666666666666,0.9053598046302795,29683.0,29433.0,250.0,P4_fk_interaction
DEEPSEEK,nhanes_questionnaire.whq_j,v02_plus_fk,v00_baseline,FK isolado vs baseline,1,1.0,0.9999993642171224,29683.0,29433.0,250.0,P4_fk_interaction
DEEPSEEK,nhanes_demographics.demo_j,v12_nullable_plus_sample_values,v05_plus_sample_values,nullable+sample_val vs sample_val,1,0.3333333333333333,0.5417364637056986,67627.0,64762.0,2865.0,P5_nullable_interaction
DEEPSEEK,nhanes_dietary.ds1tot_j,v12_nullable_plus_sample_values,v05_plus_sample_values,nullable+sample_val vs sample_val,1,1.0,0.9999993642171224,67627.0,64762.0,2865.0,P5_nullable_interaction
DEEPSEEK,nhanes_dietary.ds2ids_j,v12_nullable_plus_sample_values,v05_plus_sample_values,nullable+sample_val vs sample_val,1,0.3333333333333333,0.7596579591433207,67627.0,64762.0,2865.0,P5_nullable_interaction
DEEPSEEK,nhanes_dietary.ds2tot_j,v12_nullable_plus_sample_values,v05_plus_sample_values,nullable+sample_val vs sample_val,1,0.0,0.6749322017033895,67627.0,64762.0,2865.0,P5_nullable_interaction
DEEPSEEK,nhanes_dietary.dsqids_j,v12_nullable_plus_sample_values,v05_plus_sample_values,nullable+sample_val vs sample_val,1,0.3333333333333333,0.8695573409398397,67627.0,64762.0,2865.0,P5_nullable_interaction
DEEPSEEK,nhanes_dietary.dsqtot_j,v12_nullable_plus_sample_values,v05_plus_sample_values,nullable+sample_val vs sample_val,1,0.0,0.7053977847099304,67627.0,64762.0,2865.0,P5_nullable_interaction
DEEPSEEK,nhanes_examination.bmx_j,v12_nullable_plus_sample_values,v05_plus_sample_values,nullable+sample_val vs sample_val,1,0.3333333333333333,0.7635564009348551,67627.0,64762.0,2865.0,P5_nullable_interaction
DEEPSEEK,nhanes_examination.bpx_j,v12_nullable_plus_sample_values,v05_plus_sample_values,nullable+sample_val vs sample_val,1,1.0,0.9999993840853373,67627.0,64762.0,2865.0,P5_nullable_interaction
DEEPSEEK,nhanes_examination.bpxo_j,v12_nullable_plus_sample_values,v05_plus_sample_values,nullable+sample_val vs sample_val,1,1.0,0.9999994039535522,67627.0,64762.0,2865.0,P5_nullable_interaction
DEEPSEEK,nhanes_laboratory.cbc_j,v12_nullable_plus_sample_values,v05_plus_sample_values,nullable+sample_val vs sample_val,1,0.3333333333333333,0.7784649928410848,67627.0,64762.0,2865.0,P5_nullable_interaction
DEEPSEEK,nhanes_laboratory.fastqx_j,v12_nullable_plus_sample_values,v05_plus_sample_values,nullable+sample_val vs sample_val,1,0.3333333333333333,0.6427116990089417,67627.0,64762.0,2865.0,P5_nullable_interaction
DEEPSEEK,nhanes_laboratory.ghb_j,v12_nullable_plus_sample_values,v05_plus_sample_values,nullable+sample_val vs sample_val,1,0.3333333333333333,0.576255718866984,67627.0,64762.0,2865.0,P5_nullable_interaction
DEEPSEEK,nhanes_laboratory.hepa_j,v12_nullable_plus_sample_values,v05_plus_sample_values,nullable+sample_val vs sample_val,1,0.8,0.7999992847442627,67627.0,64762.0,2865.0,P5_nullable_interaction
DEEPSEEK,nhanes_laboratory.ins_j,v12_nullable_plus_sample_values,v05_plus_sample_values,nullable+sample_val vs sample_val,1,0.6666666666666666,0.6666659712791443,67627.0,64762.0,2865.0,P5_nullable_interaction
DEEPSEEK,nhanes_laboratory.phthte_j,v12_nullable_plus_sample_values,v05_plus_sample_values,nullable+sample_val vs sample_val,1,0.3333333333333333,0.589313268661499,67627.0,64762.0,2865.0,P5_nullable_interaction
DEEPSEEK,nhanes_laboratory.ssuvcm_j,v12_nullable_plus_sample_values,v05_plus_sample_values,nullable+sample_val vs sample_val,1,1.0,0.9999995231628418,67627.0,64762.0,2865.0,P5_nullable_interaction
DEEPSEEK,nhanes_laboratory.uio_j,v12_nullable_plus_sample_values,v05_plus_sample_values,nullable+sample_val vs sample_val,1,0.6666666666666666,0.912450393040975,67627.0,64762.0,2865.0,P5_nullable_interaction
DEEPSEEK,nhanes_laboratory.vic_j,v12_nullable_plus_sample_values,v05_plus_sample_values,nullable+sample_val vs sample_val,1,1.0,0.9999993244806925,67627.0,64762.0,2865.0,P5_nullable_interaction
DEEPSEEK,nhanes_laboratory.vid_j,v12_nullable_plus_sample_values,v05_plus_sample_values,nullable+sample_val vs sample_val,1,1.0,0.999999483426412,67627.0,64762.0,2865.0,P5_nullable_interaction
DEEPSEEK,nhanes_questionnaire.alq_j,v12_nullable_plus_sample_values,v05_plus_sample_values,nullable+sample_val vs sample_val,1,0.3333333333333333,0.8274076581001282,67627.0,64762.0,2865.0,P5_nullable_interaction
DEEPSEEK,nhanes_questionnaire.dpq_j,v12_nullable_plus_sample_values,v05_plus_sample_values,nullable+sample_val vs sample_val,1,1.0,0.999998946984609,67627.0,64762.0,2865.0,P5_nullable_interaction
DEEPSEEK,nhanes_questionnaire.hsq_j,v12_nullable_plus_sample_values,v05_plus_sample_values,nullable+sample_val vs sample_val,1,0.0,0.231310764948527,67627.0,64762.0,2865.0,P5_nullable_interaction
DEEPSEEK,nhanes_questionnaire.puqmec_j,v12_nullable_plus_sample_values,v05_plus_sample_values,nullable+sample_val vs sample_val,1,1.0,0.9999992251396179,67627.0,64762.0,2865.0,P5_nullable_interaction
DEEPSEEK,nhanes_questionnaire.smqshs_j,v12_nullable_plus_sample_values,v05_plus_sample_values,nullable+sample_val vs sample_val,1,1.0,0.9999990264574686,67627.0,64762.0,2865.0,P5_nullable_interaction
DEEPSEEK,nhanes_questionnaire.whq_j,v12_nullable_plus_sample_values,v05_plus_sample_values,nullable+sample_val vs sample_val,1,0.6666666666666666,0.8469644586245219,67627.0,64762.0,2865.0,P5_nullable_interaction
DEEPSEEK,nhanes_demographics.demo_j,v13_nullable_plus_frequent_values,v06_plus_frequent_values,nullable+freq_val vs freq_val,1,0.3333333333333333,0.5853866338729858,68256.0,65391.0,2865.0,P5_nullable_interaction
DEEPSEEK,nhanes_dietary.ds1tot_j,v13_nullable_plus_frequent_values,v06_plus_frequent_values,nullable+freq_val vs freq_val,1,1.0,0.9999993642171224,68256.0,65391.0,2865.0,P5_nullable_interaction
DEEPSEEK,nhanes_dietary.ds2ids_j,v13_nullable_plus_frequent_values,v06_plus_frequent_values,nullable+freq_val vs freq_val,1,0.6666666666666666,0.955013652642568,68256.0,65391.0,2865.0,P5_nullable_interaction
DEEPSEEK,nhanes_dietary.ds2tot_j,v13_nullable_plus_frequent_values,v06_plus_frequent_values,nullable+freq_val vs freq_val,1,1.0,0.9999993642171224,68256.0,65391.0,2865.0,P5_nullable_interaction
DEEPSEEK,nhanes_dietary.dsqids_j,v13_nullable_plus_frequent_values,v06_plus_frequent_values,nullable+freq_val vs freq_val,1,0.6666666666666666,0.8974722822507223,68256.0,65391.0,2865.0,P5_nullable_interaction
DEEPSEEK,nhanes_dietary.dsqtot_j,v13_nullable_plus_frequent_values,v06_plus_frequent_values,nullable+freq_val vs freq_val,1,0.3333333333333333,0.7720207571983337,68256.0,65391.0,2865.0,P5_nullable_interaction
DEEPSEEK,nhanes_examination.bmx_j,v13_nullable_plus_frequent_values,v06_plus_frequent_values,nullable+freq_val vs freq_val,1,1.0,0.9999994039535522,68256.0,65391.0,2865.0,P5_nullable_interaction
DEEPSEEK,nhanes_examination.bpx_j,v13_nullable_plus_frequent_values,v06_plus_frequent_values,nullable+freq_val vs freq_val,1,1.0,0.9999993840853373,68256.0,65391.0,2865.0,P5_nullable_interaction
DEEPSEEK,nhanes_examination.bpxo_j,v13_nullable_plus_frequent_values,v06_plus_frequent_values,nullable+freq_val vs freq_val,1,0.6666666666666666,0.8382053375244141,68256.0,65391.0,2865.0,P5_nullable_interaction
DEEPSEEK,nhanes_laboratory.cbc_j,v13_nullable_plus_frequent_values,v06_plus_frequent_values,nullable+freq_val vs freq_val,1,1.0,0.9999996225039164,68256.0,65391.0,2865.0,P5_nullable_interaction
DEEPSEEK,nhanes_laboratory.fastqx_j,v13_nullable_plus_frequent_values,v06_plus_frequent_values,nullable+freq_val vs freq_val,1,0.6666666666666666,0.8574325640996298,68256.0,65391.0,2865.0,P5_nullable_interaction
DEEPSEEK,nhanes_laboratory.ghb_j,v13_nullable_plus_frequent_values,v06_plus_frequent_values,nullable+freq_val vs freq_val,1,1.0,0.9999993642171224,68256.0,65391.0,2865.0,P5_nullable_interaction
DEEPSEEK,nhanes_laboratory.hepa_j,v13_nullable_plus_frequent_values,v06_plus_frequent_values,nullable+freq_val vs freq_val,1,0.6666666666666666,0.8412682414054871,68256.0,65391.0,2865.0,P5_nullable_interaction
DEEPSEEK,nhanes_laboratory.ins_j,v13_nullable_plus_frequent_values,v06_plus_frequent_values,nullable+freq_val vs freq_val,1,0.3333333333333333,0.5412143667538961,68256.0,65391.0,2865.0,P5_nullable_interaction
DEEPSEEK,nhanes_laboratory.phthte_j,v13_nullable_plus_frequent_values,v06_plus_frequent_values,nullable+freq_val vs freq_val,1,0.3333333333333333,0.8559383153915405,68256.0,65391.0,2865.0,P5_nullable_interaction
DEEPSEEK,nhanes_laboratory.ssuvcm_j,v13_nullable_plus_frequent_values,v06_plus_frequent_values,nullable+freq_val vs freq_val,1,0.0,0.6326574087142944,68256.0,65391.0,2865.0,P5_nullable_interaction
DEEPSEEK,nhanes_laboratory.uio_j,v13_nullable_plus_frequent_values,v06_plus_frequent_values,nullable+freq_val vs freq_val,1,0.6666666666666666,0.9865224162737528,68256.0,65391.0,2865.0,P5_nullable_interaction
DEEPSEEK,nhanes_laboratory.vic_j,v13_nullable_plus_frequent_values,v06_plus_frequent_values,nullable+freq_val vs freq_val,1,1.0,0.9999993244806925,68256.0,65391.0,2865.0,P5_nullable_interaction
DEEPSEEK,nhanes_laboratory.vid_j,v13_nullable_plus_frequent_values,v06_plus_frequent_values,nullable+freq_val vs freq_val,1,1.0,0.999999483426412,68256.0,65391.0,2865.0,P5_nullable_interaction
DEEPSEEK,nhanes_questionnaire.alq_j,v13_nullable_plus_frequent_values,v06_plus_frequent_values,nullable+freq_val vs freq_val,1,1.0,0.9999992251396179,68256.0,65391.0,2865.0,P5_nullable_interaction
DEEPSEEK,nhanes_questionnaire.dpq_j,v13_nullable_plus_frequent_values,v06_plus_frequent_values,nullable+freq_val vs freq_val,1,1.0,0.999998946984609,68256.0,65391.0,2865.0,P5_nullable_interaction
DEEPSEEK,nhanes_questionnaire.hsq_j,v13_nullable_plus_frequent_values,v06_plus_frequent_values,nullable+freq_val vs freq_val,1,1.0,0.9999993244806925,68256.0,65391.0,2865.0,P5_nullable_interaction
DEEPSEEK,nhanes_questionnaire.puqmec_j,v13_nullable_plus_frequent_values,v06_plus_frequent_values,nullable+freq_val vs freq_val,1,0.0,0.21568886439005533,68256.0,65391.0,2865.0,P5_nullable_interaction
DEEPSEEK,nhanes_questionnaire.smqshs_j,v13_nullable_plus_frequent_values,v06_plus_frequent_values,nullable+freq_val vs freq_val,1,0.3333333333333333,0.5669811566670736,68256.0,65391.0,2865.0,P5_nullable_interaction
DEEPSEEK,nhanes_questionnaire.whq_j,v13_nullable_plus_frequent_values,v06_plus_frequent_values,nullable+freq_val vs freq_val,1,0.6666666666666666,0.8979770342508951,68256.0,65391.0,2865.0,P5_nullable_interaction
DEEPSEEK,nhanes_demographics.demo_j,v14_nullable_plus_numeric_stats,v04_plus_numeric_stats,nullable+numeric_stats vs numeric_stats,1,0.6666666666666666,0.6666662096977234,60880.0,58015.0,2865.0,P5_nullable_interaction
DEEPSEEK,nhanes_dietary.ds1tot_j,v14_nullable_plus_numeric_stats,v04_plus_numeric_stats,nullable+numeric_stats vs numeric_stats,1,0.6666666666666666,0.9100055495897929,60880.0,58015.0,2865.0,P5_nullable_interaction
DEEPSEEK,nhanes_dietary.ds2ids_j,v14_nullable_plus_numeric_stats,v04_plus_numeric_stats,nullable+numeric_stats vs numeric_stats,1,1.0,0.9999992648760477,60880.0,58015.0,2865.0,P5_nullable_interaction
DEEPSEEK,nhanes_dietary.ds2tot_j,v14_nullable_plus_numeric_stats,v04_plus_numeric_stats,nullable+numeric_stats vs numeric_stats,1,1.0,0.9999993642171224,60880.0,58015.0,2865.0,P5_nullable_interaction
DEEPSEEK,nhanes_dietary.dsqids_j,v14_nullable_plus_numeric_stats,v04_plus_numeric_stats,nullable+numeric_stats vs numeric_stats,1,1.0,0.9999994039535522,60880.0,58015.0,2865.0,P5_nullable_interaction
DEEPSEEK,nhanes_dietary.dsqtot_j,v14_nullable_plus_numeric_stats,v04_plus_numeric_stats,nullable+numeric_stats vs numeric_stats,1,0.3333333333333333,0.7569496035575867,60880.0,58015.0,2865.0,P5_nullable_interaction
DEEPSEEK,nhanes_examination.bmx_j,v14_nullable_plus_numeric_stats,v04_plus_numeric_stats,nullable+numeric_stats vs numeric_stats,1,0.3333333333333333,0.7635564009348551,60880.0,58015.0,2865.0,P5_nullable_interaction
DEEPSEEK,nhanes_examination.bpx_j,v14_nullable_plus_numeric_stats,v04_plus_numeric_stats,nullable+numeric_stats vs numeric_stats,1,0.6666666666666666,0.9591617981592814,60880.0,58015.0,2865.0,P5_nullable_interaction
DEEPSEEK,nhanes_examination.bpxo_j,v14_nullable_plus_numeric_stats,v04_plus_numeric_stats,nullable+numeric_stats vs numeric_stats,1,0.0,0.27883915106455487,60880.0,58015.0,2865.0,P5_nullable_interaction
DEEPSEEK,nhanes_laboratory.cbc_j,v14_nullable_plus_numeric_stats,v04_plus_numeric_stats,nullable+numeric_stats vs numeric_stats,1,0.3333333333333333,0.7422868013381958,60880.0,58015.0,2865.0,P5_nullable_interaction
DEEPSEEK,nhanes_laboratory.fastqx_j,v14_nullable_plus_numeric_stats,v04_plus_numeric_stats,nullable+numeric_stats vs numeric_stats,1,1.0,0.9999993046124777,60880.0,58015.0,2865.0,P5_nullable_interaction
DEEPSEEK,nhanes_laboratory.ghb_j,v14_nullable_plus_numeric_stats,v04_plus_numeric_stats,nullable+numeric_stats vs numeric_stats,1,1.0,0.9999993046124777,60880.0,58015.0,2865.0,P5_nullable_interaction
DEEPSEEK,nhanes_laboratory.hepa_j,v14_nullable_plus_numeric_stats,v04_plus_numeric_stats,nullable+numeric_stats vs numeric_stats,1,0.3333333333333333,0.7963083585103353,60880.0,58015.0,2865.0,P5_nullable_interaction
DEEPSEEK,nhanes_laboratory.ins_j,v14_nullable_plus_numeric_stats,v04_plus_numeric_stats,nullable+numeric_stats vs numeric_stats,1,0.6666666666666666,0.8605901996294657,60880.0,58015.0,2865.0,P5_nullable_interaction
DEEPSEEK,nhanes_laboratory.phthte_j,v14_nullable_plus_numeric_stats,v04_plus_numeric_stats,nullable+numeric_stats vs numeric_stats,1,0.0,0.7194990118344625,60880.0,58015.0,2865.0,P5_nullable_interaction
DEEPSEEK,nhanes_laboratory.ssuvcm_j,v14_nullable_plus_numeric_stats,v04_plus_numeric_stats,nullable+numeric_stats vs numeric_stats,1,0.0,0.744808554649353,60880.0,58015.0,2865.0,P5_nullable_interaction
DEEPSEEK,nhanes_laboratory.uio_j,v14_nullable_plus_numeric_stats,v04_plus_numeric_stats,nullable+numeric_stats vs numeric_stats,1,0.3333333333333333,0.6049069762229919,60880.0,58015.0,2865.0,P5_nullable_interaction
DEEPSEEK,nhanes_laboratory.vic_j,v14_nullable_plus_numeric_stats,v04_plus_numeric_stats,nullable+numeric_stats vs numeric_stats,1,1.0,0.9999993244806925,60880.0,58015.0,2865.0,P5_nullable_interaction
DEEPSEEK,nhanes_laboratory.vid_j,v14_nullable_plus_numeric_stats,v04_plus_numeric_stats,nullable+numeric_stats vs numeric_stats,1,0.0,0.5111250082651774,60880.0,58015.0,2865.0,P5_nullable_interaction
DEEPSEEK,nhanes_questionnaire.alq_j,v14_nullable_plus_numeric_stats,v04_plus_numeric_stats,nullable+numeric_stats vs numeric_stats,1,0.6666666666666666,0.9186143477757772,60880.0,58015.0,2865.0,P5_nullable_interaction
DEEPSEEK,nhanes_questionnaire.dpq_j,v14_nullable_plus_numeric_stats,v04_plus_numeric_stats,nullable+numeric_stats vs numeric_stats,1,1.0,0.9999989867210388,60880.0,58015.0,2865.0,P5_nullable_interaction
DEEPSEEK,nhanes_questionnaire.hsq_j,v14_nullable_plus_numeric_stats,v04_plus_numeric_stats,nullable+numeric_stats vs numeric_stats,1,0.0,0.7326314647992452,60880.0,58015.0,2865.0,P5_nullable_interaction
DEEPSEEK,nhanes_questionnaire.puqmec_j,v14_nullable_plus_numeric_stats,v04_plus_numeric_stats,nullable+numeric_stats vs numeric_stats,1,0.3333333333333333,0.5111456712086996,60880.0,58015.0,2865.0,P5_nullable_interaction
DEEPSEEK,nhanes_questionnaire.smqshs_j,v14_nullable_plus_numeric_stats,v04_plus_numeric_stats,nullable+numeric_stats vs numeric_stats,1,0.6666666666666666,0.6666660308837891,60880.0,58015.0,2865.0,P5_nullable_interaction
DEEPSEEK,nhanes_questionnaire.whq_j,v14_nullable_plus_numeric_stats,v04_plus_numeric_stats,nullable+numeric_stats vs numeric_stats,1,0.6666666666666666,0.6666662295659384,60880.0,58015.0,2865.0,P5_nullable_interaction
DEEPSEEK,nhanes_demographics.demo_j,v03_plus_nullable,v00_baseline,nullable isolado vs baseline,1,0.6666666666666666,0.6666662693023682,32273.0,29433.0,2840.0,P5_nullable_interaction
DEEPSEEK,nhanes_dietary.ds1tot_j,v03_plus_nullable,v00_baseline,nullable isolado vs baseline,1,0.6666666666666666,0.8851188023885092,32273.0,29433.0,2840.0,P5_nullable_interaction
DEEPSEEK,nhanes_dietary.ds2ids_j,v03_plus_nullable,v00_baseline,nullable isolado vs baseline,1,1.0,0.9999992648760477,32273.0,29433.0,2840.0,P5_nullable_interaction
DEEPSEEK,nhanes_dietary.ds2tot_j,v03_plus_nullable,v00_baseline,nullable isolado vs baseline,1,0.0,0.7901837627092997,32273.0,29433.0,2840.0,P5_nullable_interaction
DEEPSEEK,nhanes_dietary.dsqids_j,v03_plus_nullable,v00_baseline,nullable isolado vs baseline,1,0.6666666666666666,0.8851188023885092,32273.0,29433.0,2840.0,P5_nullable_interaction
DEEPSEEK,nhanes_dietary.dsqtot_j,v03_plus_nullable,v00_baseline,nullable isolado vs baseline,1,0.6666666666666666,0.8931634028752645,32273.0,29433.0,2840.0,P5_nullable_interaction
DEEPSEEK,nhanes_examination.bmx_j,v03_plus_nullable,v00_baseline,nullable isolado vs baseline,1,0.3333333333333333,0.8173084457715353,32273.0,29433.0,2840.0,P5_nullable_interaction
DEEPSEEK,nhanes_examination.bpx_j,v03_plus_nullable,v00_baseline,nullable isolado vs baseline,1,0.6666666666666666,0.846568246682485,32273.0,29433.0,2840.0,P5_nullable_interaction
DEEPSEEK,nhanes_examination.bpxo_j,v03_plus_nullable,v00_baseline,nullable isolado vs baseline,1,0.0,0.6673458019892374,32273.0,29433.0,2840.0,P5_nullable_interaction
DEEPSEEK,nhanes_laboratory.cbc_j,v03_plus_nullable,v00_baseline,nullable isolado vs baseline,1,0.3333333333333333,0.8277637561162313,32273.0,29433.0,2840.0,P5_nullable_interaction
DEEPSEEK,nhanes_laboratory.fastqx_j,v03_plus_nullable,v00_baseline,nullable isolado vs baseline,1,0.6666666666666666,0.6666661302248637,32273.0,29433.0,2840.0,P5_nullable_interaction
DEEPSEEK,nhanes_laboratory.ghb_j,v03_plus_nullable,v00_baseline,nullable isolado vs baseline,1,0.3333333333333333,0.6296055118242899,32273.0,29433.0,2840.0,P5_nullable_interaction
DEEPSEEK,nhanes_laboratory.hepa_j,v03_plus_nullable,v00_baseline,nullable isolado vs baseline,1,0.3333333333333333,0.6188671588897705,32273.0,29433.0,2840.0,P5_nullable_interaction
DEEPSEEK,nhanes_laboratory.ins_j,v03_plus_nullable,v00_baseline,nullable isolado vs baseline,1,0.3333333333333333,0.7707279523213705,32273.0,29433.0,2840.0,P5_nullable_interaction
DEEPSEEK,nhanes_laboratory.phthte_j,v03_plus_nullable,v00_baseline,nullable isolado vs baseline,1,0.6666666666666666,0.6666661699612936,32273.0,29433.0,2840.0,P5_nullable_interaction
DEEPSEEK,nhanes_laboratory.ssuvcm_j,v03_plus_nullable,v00_baseline,nullable isolado vs baseline,1,0.0,0.3551163872083028,32273.0,29433.0,2840.0,P5_nullable_interaction
DEEPSEEK,nhanes_laboratory.uio_j,v03_plus_nullable,v00_baseline,nullable isolado vs baseline,1,0.3333333333333333,0.7859696944554647,32273.0,29433.0,2840.0,P5_nullable_interaction
DEEPSEEK,nhanes_laboratory.vic_j,v03_plus_nullable,v00_baseline,nullable isolado vs baseline,1,0.0,0.46519899368286133,32273.0,29433.0,2840.0,P5_nullable_interaction
DEEPSEEK,nhanes_laboratory.vid_j,v03_plus_nullable,v00_baseline,nullable isolado vs baseline,1,1.0,0.999999483426412,32273.0,29433.0,2840.0,P5_nullable_interaction
DEEPSEEK,nhanes_questionnaire.alq_j,v03_plus_nullable,v00_baseline,nullable isolado vs baseline,1,0.3333333333333333,0.8274076581001282,32273.0,29433.0,2840.0,P5_nullable_interaction
DEEPSEEK,nhanes_questionnaire.dpq_j,v03_plus_nullable,v00_baseline,nullable isolado vs baseline,1,1.0,0.999998946984609,32273.0,29433.0,2840.0,P5_nullable_interaction
DEEPSEEK,nhanes_questionnaire.hsq_j,v03_plus_nullable,v00_baseline,nullable isolado vs baseline,1,1.0,0.9999994039535522,32273.0,29433.0,2840.0,P5_nullable_interaction
DEEPSEEK,nhanes_questionnaire.puqmec_j,v03_plus_nullable,v00_baseline,nullable isolado vs baseline,1,1.0,0.9999993443489075,32273.0,29433.0,2840.0,P5_nullable_interaction
DEEPSEEK,nhanes_questionnaire.smqshs_j,v03_plus_nullable,v00_baseline,nullable isolado vs baseline,1,1.0,0.9999990463256836,32273.0,29433.0,2840.0,P5_nullable_interaction
DEEPSEEK,nhanes_questionnaire.whq_j,v03_plus_nullable,v00_baseline,nullable isolado vs baseline,1,1.0,0.9999993642171224,32273.0,29433.0,2840.0,P5_nullable_interaction
DEEPSEEK,nhanes_demographics.demo_j,v00_baseline,v01_full,v00_baseline vs v01_full,1,0.3333333333333333,0.5853866338729858,29433.0,160713.0,-131280.0,P7_vs_full
DEEPSEEK,nhanes_dietary.ds1tot_j,v00_baseline,v01_full,v00_baseline vs v01_full,1,0.6666666666666666,0.9010827342669169,29433.0,160713.0,-131280.0,P7_vs_full
DEEPSEEK,nhanes_dietary.ds2ids_j,v00_baseline,v01_full,v00_baseline vs v01_full,1,0.3333333333333333,0.7434117595354716,29433.0,160713.0,-131280.0,P7_vs_full
DEEPSEEK,nhanes_dietary.ds2tot_j,v00_baseline,v01_full,v00_baseline vs v01_full,1,1.0,0.9999993642171224,29433.0,160713.0,-131280.0,P7_vs_full
DEEPSEEK,nhanes_dietary.dsqids_j,v00_baseline,v01_full,v00_baseline vs v01_full,1,0.3333333333333333,0.5846967697143555,29433.0,160713.0,-131280.0,P7_vs_full
DEEPSEEK,nhanes_dietary.dsqtot_j,v00_baseline,v01_full,v00_baseline vs v01_full,1,1.0,0.9999994039535522,29433.0,160713.0,-131280.0,P7_vs_full
DEEPSEEK,nhanes_examination.bmx_j,v00_baseline,v01_full,v00_baseline vs v01_full,1,0.3333333333333333,0.8081857562065125,29433.0,160713.0,-131280.0,P7_vs_full
DEEPSEEK,nhanes_examination.bpx_j,v00_baseline,v01_full,v00_baseline vs v01_full,1,0.6666666666666666,0.6666662494341532,29433.0,160713.0,-131280.0,P7_vs_full
DEEPSEEK,nhanes_examination.bpxo_j,v00_baseline,v01_full,v00_baseline vs v01_full,1,0.0,0.6617144147555033,29433.0,160713.0,-131280.0,P7_vs_full
DEEPSEEK,nhanes_laboratory.cbc_j,v00_baseline,v01_full,v00_baseline vs v01_full,1,0.3333333333333333,0.7422868013381958,29433.0,160713.0,-131280.0,P7_vs_full
DEEPSEEK,nhanes_laboratory.fastqx_j,v00_baseline,v01_full,v00_baseline vs v01_full,1,0.3333333333333333,0.524099588394165,29433.0,160713.0,-131280.0,P7_vs_full
DEEPSEEK,nhanes_laboratory.ghb_j,v00_baseline,v01_full,v00_baseline vs v01_full,1,0.6666666666666666,0.9629385670026144,29433.0,160713.0,-131280.0,P7_vs_full
DEEPSEEK,nhanes_laboratory.hepa_j,v00_baseline,v01_full,v00_baseline vs v01_full,1,0.3333333333333333,0.8721884489059448,29433.0,160713.0,-131280.0,P7_vs_full
DEEPSEEK,nhanes_laboratory.ins_j,v00_baseline,v01_full,v00_baseline vs v01_full,1,0.3333333333333333,0.33333293596903485,29433.0,160713.0,-131280.0,P7_vs_full
DEEPSEEK,nhanes_laboratory.phthte_j,v00_baseline,v01_full,v00_baseline vs v01_full,1,0.0,0.5136168797810873,29433.0,160713.0,-131280.0,P7_vs_full
DEEPSEEK,nhanes_laboratory.ssuvcm_j,v00_baseline,v01_full,v00_baseline vs v01_full,1,0.6666666666666666,0.8706375360488892,29433.0,160713.0,-131280.0,P7_vs_full
DEEPSEEK,nhanes_laboratory.uio_j,v00_baseline,v01_full,v00_baseline vs v01_full,1,0.3333333333333333,0.7959025104840597,29433.0,160713.0,-131280.0,P7_vs_full
DEEPSEEK,nhanes_laboratory.vic_j,v00_baseline,v01_full,v00_baseline vs v01_full,1,0.0,0.7825451294581095,29433.0,160713.0,-131280.0,P7_vs_full
DEEPSEEK,nhanes_laboratory.vid_j,v00_baseline,v01_full,v00_baseline vs v01_full,1,1.0,0.999999483426412,29433.0,160713.0,-131280.0,P7_vs_full
DEEPSEEK,nhanes_questionnaire.alq_j,v00_baseline,v01_full,v00_baseline vs v01_full,1,0.6666666666666666,0.9087925354639689,29433.0,160713.0,-131280.0,P7_vs_full
DEEPSEEK,nhanes_questionnaire.dpq_j,v00_baseline,v01_full,v00_baseline vs v01_full,1,0.6666666666666666,0.9124553203582764,29433.0,160713.0,-131280.0,P7_vs_full
DEEPSEEK,nhanes_questionnaire.hsq_j,v00_baseline,v01_full,v00_baseline vs v01_full,1,0.0,0.5528689821561178,29433.0,160713.0,-131280.0,P7_vs_full
DEEPSEEK,nhanes_questionnaire.puqmec_j,v00_baseline,v01_full,v00_baseline vs v01_full,1,0.6666666666666666,0.6666662494341532,29433.0,160713.0,-131280.0,P7_vs_full
DEEPSEEK,nhanes_questionnaire.smqshs_j,v00_baseline,v01_full,v00_baseline vs v01_full,1,0.6666666666666666,0.9384351571400961,29433.0,160713.0,-131280.0,P7_vs_full
DEEPSEEK,nhanes_questionnaire.whq_j,v00_baseline,v01_full,v00_baseline vs v01_full,1,0.3333333333333333,0.3333331346511841,29433.0,160713.0,-131280.0,P7_vs_full
DEEPSEEK,nhanes_demographics.demo_j,v02_plus_fk,v01_full,v02_plus_fk vs v01_full,1,0.3333333333333333,0.5853866338729858,29683.0,160713.0,-131030.0,P7_vs_full
DEEPSEEK,nhanes_dietary.ds1tot_j,v02_plus_fk,v01_full,v02_plus_fk vs v01_full,1,0.6666666666666666,0.9100055495897929,29683.0,160713.0,-131030.0,P7_vs_full
DEEPSEEK,nhanes_dietary.ds2ids_j,v02_plus_fk,v01_full,v02_plus_fk vs v01_full,1,0.3333333333333333,0.7088577747344971,29683.0,160713.0,-131030.0,P7_vs_full
DEEPSEEK,nhanes_dietary.ds2tot_j,v02_plus_fk,v01_full,v02_plus_fk vs v01_full,1,1.0,0.9999993642171224,29683.0,160713.0,-131030.0,P7_vs_full
DEEPSEEK,nhanes_dietary.dsqids_j,v02_plus_fk,v01_full,v02_plus_fk vs v01_full,1,0.3333333333333333,0.5903513431549072,29683.0,160713.0,-131030.0,P7_vs_full
DEEPSEEK,nhanes_dietary.dsqtot_j,v02_plus_fk,v01_full,v02_plus_fk vs v01_full,1,0.6666666666666666,0.8851188023885092,29683.0,160713.0,-131030.0,P7_vs_full
DEEPSEEK,nhanes_examination.bmx_j,v02_plus_fk,v01_full,v02_plus_fk vs v01_full,1,0.3333333333333333,0.5931140780448914,29683.0,160713.0,-131030.0,P7_vs_full
DEEPSEEK,nhanes_examination.bpx_j,v02_plus_fk,v01_full,v02_plus_fk vs v01_full,1,0.6666666666666666,0.6666662494341532,29683.0,160713.0,-131030.0,P7_vs_full
DEEPSEEK,nhanes_examination.bpxo_j,v02_plus_fk,v01_full,v02_plus_fk vs v01_full,1,0.0,0.27883915106455487,29683.0,160713.0,-131030.0,P7_vs_full
DEEPSEEK,nhanes_laboratory.cbc_j,v02_plus_fk,v01_full,v02_plus_fk vs v01_full,1,1.0,0.9999993443489075,29683.0,160713.0,-131030.0,P7_vs_full
DEEPSEEK,nhanes_laboratory.fastqx_j,v02_plus_fk,v01_full,v02_plus_fk vs v01_full,1,0.3333333333333333,0.524099588394165,29683.0,160713.0,-131030.0,P7_vs_full
DEEPSEEK,nhanes_laboratory.ghb_j,v02_plus_fk,v01_full,v02_plus_fk vs v01_full,1,1.0,0.9999993046124777,29683.0,160713.0,-131030.0,P7_vs_full
DEEPSEEK,nhanes_laboratory.hepa_j,v02_plus_fk,v01_full,v02_plus_fk vs v01_full,1,0.3333333333333333,0.8964436451594034,29683.0,160713.0,-131030.0,P7_vs_full
DEEPSEEK,nhanes_laboratory.ins_j,v02_plus_fk,v01_full,v02_plus_fk vs v01_full,1,0.3333333333333333,0.33333293596903485,29683.0,160713.0,-131030.0,P7_vs_full
DEEPSEEK,nhanes_laboratory.phthte_j,v02_plus_fk,v01_full,v02_plus_fk vs v01_full,1,0.0,0.5136168797810873,29683.0,160713.0,-131030.0,P7_vs_full
DEEPSEEK,nhanes_laboratory.ssuvcm_j,v02_plus_fk,v01_full,v02_plus_fk vs v01_full,1,0.0,0.3932101329167684,29683.0,160713.0,-131030.0,P7_vs_full
DEEPSEEK,nhanes_laboratory.uio_j,v02_plus_fk,v01_full,v02_plus_fk vs v01_full,1,0.4,0.6608449697494507,29683.0,160713.0,-131030.0,P7_vs_full
DEEPSEEK,nhanes_laboratory.vic_j,v02_plus_fk,v01_full,v02_plus_fk vs v01_full,1,0.6666666666666666,0.6666660904884338,29683.0,160713.0,-131030.0,P7_vs_full
DEEPSEEK,nhanes_laboratory.vid_j,v02_plus_fk,v01_full,v02_plus_fk vs v01_full,1,0.0,0.5111250082651774,29683.0,160713.0,-131030.0,P7_vs_full
DEEPSEEK,nhanes_questionnaire.alq_j,v02_plus_fk,v01_full,v02_plus_fk vs v01_full,1,0.6666666666666666,0.9186143477757772,29683.0,160713.0,-131030.0,P7_vs_full
DEEPSEEK,nhanes_questionnaire.dpq_j,v02_plus_fk,v01_full,v02_plus_fk vs v01_full,1,0.6666666666666666,0.9124553203582764,29683.0,160713.0,-131030.0,P7_vs_full
DEEPSEEK,nhanes_questionnaire.hsq_j,v02_plus_fk,v01_full,v02_plus_fk vs v01_full,1,0.0,0.5528689821561178,29683.0,160713.0,-131030.0,P7_vs_full
DEEPSEEK,nhanes_questionnaire.puqmec_j,v02_plus_fk,v01_full,v02_plus_fk vs v01_full,1,0.3333333333333333,0.6327850023905436,29683.0,160713.0,-131030.0,P7_vs_full
DEEPSEEK,nhanes_questionnaire.smqshs_j,v02_plus_fk,v01_full,v02_plus_fk vs v01_full,1,0.6666666666666666,0.8807653784751892,29683.0,160713.0,-131030.0,P7_vs_full
DEEPSEEK,nhanes_questionnaire.whq_j,v02_plus_fk,v01_full,v02_plus_fk vs v01_full,1,0.3333333333333333,0.3333331346511841,29683.0,160713.0,-131030.0,P7_vs_full
DEEPSEEK,nhanes_demographics.demo_j,v03_plus_nullable,v01_full,v03_plus_nullable vs v01_full,1,0.3333333333333333,0.5853866338729858,32273.0,160713.0,-128440.0,P7_vs_full
DEEPSEEK,nhanes_dietary.ds1tot_j,v03_plus_nullable,v01_full,v03_plus_nullable vs v01_full,1,0.6666666666666666,0.9100055495897929,32273.0,160713.0,-128440.0,P7_vs_full
DEEPSEEK,nhanes_dietary.ds2ids_j,v03_plus_nullable,v01_full,v03_plus_nullable vs v01_full,1,0.3333333333333333,0.7434117595354716,32273.0,160713.0,-128440.0,P7_vs_full
DEEPSEEK,nhanes_dietary.ds2tot_j,v03_plus_nullable,v01_full,v03_plus_nullable vs v01_full,1,0.0,0.7901837627092997,32273.0,160713.0,-128440.0,P7_vs_full
DEEPSEEK,nhanes_dietary.dsqids_j,v03_plus_nullable,v01_full,v03_plus_nullable vs v01_full,1,0.3333333333333333,0.592329720656077,32273.0,160713.0,-128440.0,P7_vs_full
DEEPSEEK,nhanes_dietary.dsqtot_j,v03_plus_nullable,v01_full,v03_plus_nullable vs v01_full,1,0.6666666666666666,0.8931634028752645,32273.0,160713.0,-128440.0,P7_vs_full
DEEPSEEK,nhanes_examination.bmx_j,v03_plus_nullable,v01_full,v03_plus_nullable vs v01_full,1,0.0,0.7028782765070597,32273.0,160713.0,-128440.0,P7_vs_full
DEEPSEEK,nhanes_examination.bpx_j,v03_plus_nullable,v01_full,v03_plus_nullable vs v01_full,1,0.6666666666666666,0.9108405907948812,32273.0,160713.0,-128440.0,P7_vs_full
DEEPSEEK,nhanes_examination.bpxo_j,v03_plus_nullable,v01_full,v03_plus_nullable vs v01_full,1,0.3333333333333333,0.6121723055839539,32273.0,160713.0,-128440.0,P7_vs_full
DEEPSEEK,nhanes_laboratory.cbc_j,v03_plus_nullable,v01_full,v03_plus_nullable vs v01_full,1,0.6666666666666666,0.8998598257700602,32273.0,160713.0,-128440.0,P7_vs_full
DEEPSEEK,nhanes_laboratory.fastqx_j,v03_plus_nullable,v01_full,v03_plus_nullable vs v01_full,1,0.3333333333333333,0.524099588394165,32273.0,160713.0,-128440.0,P7_vs_full
DEEPSEEK,nhanes_laboratory.ghb_j,v03_plus_nullable,v01_full,v03_plus_nullable vs v01_full,1,0.6666666666666666,0.6666662494341532,32273.0,160713.0,-128440.0,P7_vs_full
DEEPSEEK,nhanes_laboratory.hepa_j,v03_plus_nullable,v01_full,v03_plus_nullable vs v01_full,1,0.6666666666666666,0.6666663289070129,32273.0,160713.0,-128440.0,P7_vs_full
DEEPSEEK,nhanes_laboratory.ins_j,v03_plus_nullable,v01_full,v03_plus_nullable vs v01_full,1,0.3333333333333333,0.33333293596903485,32273.0,160713.0,-128440.0,P7_vs_full
DEEPSEEK,nhanes_laboratory.phthte_j,v03_plus_nullable,v01_full,v03_plus_nullable vs v01_full,1,0.0,0.5136168797810873,32273.0,160713.0,-128440.0,P7_vs_full
DEEPSEEK,nhanes_laboratory.ssuvcm_j,v03_plus_nullable,v01_full,v03_plus_nullable vs v01_full,1,0.0,0.1771345337231954,32273.0,160713.0,-128440.0,P7_vs_full
DEEPSEEK,nhanes_laboratory.uio_j,v03_plus_nullable,v01_full,v03_plus_nullable vs v01_full,1,0.6666666666666666,0.890035351117452,32273.0,160713.0,-128440.0,P7_vs_full
DEEPSEEK,nhanes_laboratory.vic_j,v03_plus_nullable,v01_full,v03_plus_nullable vs v01_full,1,0.0,0.23271449406941733,32273.0,160713.0,-128440.0,P7_vs_full
DEEPSEEK,nhanes_laboratory.vid_j,v03_plus_nullable,v01_full,v03_plus_nullable vs v01_full,1,1.0,0.999999483426412,32273.0,160713.0,-128440.0,P7_vs_full
DEEPSEEK,nhanes_questionnaire.alq_j,v03_plus_nullable,v01_full,v03_plus_nullable vs v01_full,1,0.6666666666666666,0.9186143477757772,32273.0,160713.0,-128440.0,P7_vs_full
DEEPSEEK,nhanes_questionnaire.dpq_j,v03_plus_nullable,v01_full,v03_plus_nullable vs v01_full,1,0.6666666666666666,0.9124553203582764,32273.0,160713.0,-128440.0,P7_vs_full
DEEPSEEK,nhanes_questionnaire.hsq_j,v03_plus_nullable,v01_full,v03_plus_nullable vs v01_full,1,0.0,0.5528689821561178,32273.0,160713.0,-128440.0,P7_vs_full
DEEPSEEK,nhanes_questionnaire.puqmec_j,v03_plus_nullable,v01_full,v03_plus_nullable vs v01_full,1,0.6666666666666666,0.6666662494341532,32273.0,160713.0,-128440.0,P7_vs_full
DEEPSEEK,nhanes_questionnaire.smqshs_j,v03_plus_nullable,v01_full,v03_plus_nullable vs v01_full,1,0.6666666666666666,0.9384351571400961,32273.0,160713.0,-128440.0,P7_vs_full
DEEPSEEK,nhanes_questionnaire.whq_j,v03_plus_nullable,v01_full,v03_plus_nullable vs v01_full,1,0.3333333333333333,0.3333331346511841,32273.0,160713.0,-128440.0,P7_vs_full
DEEPSEEK,nhanes_demographics.demo_j,v04_plus_numeric_stats,v01_full,v04_plus_numeric_stats vs v01_full,1,0.6666666666666666,0.6666662096977234,58015.0,160713.0,-102698.0,P7_vs_full
DEEPSEEK,nhanes_dietary.ds1tot_j,v04_plus_numeric_stats,v01_full,v04_plus_numeric_stats vs v01_full,1,1.0,0.9999992648760477,58015.0,160713.0,-102698.0,P7_vs_full
DEEPSEEK,nhanes_dietary.ds2ids_j,v04_plus_numeric_stats,v01_full,v04_plus_numeric_stats vs v01_full,1,0.3333333333333333,0.7434117595354716,58015.0,160713.0,-102698.0,P7_vs_full
DEEPSEEK,nhanes_dietary.ds2tot_j,v04_plus_numeric_stats,v01_full,v04_plus_numeric_stats vs v01_full,1,1.0,0.9999993642171224,58015.0,160713.0,-102698.0,P7_vs_full
DEEPSEEK,nhanes_dietary.dsqids_j,v04_plus_numeric_stats,v01_full,v04_plus_numeric_stats vs v01_full,1,0.6666666666666666,0.6666662494341532,58015.0,160713.0,-102698.0,P7_vs_full
DEEPSEEK,nhanes_dietary.dsqtot_j,v04_plus_numeric_stats,v01_full,v04_plus_numeric_stats vs v01_full,1,0.3333333333333333,0.8045566280682882,58015.0,160713.0,-102698.0,P7_vs_full
DEEPSEEK,nhanes_examination.bmx_j,v04_plus_numeric_stats,v01_full,v04_plus_numeric_stats vs v01_full,1,0.3333333333333333,0.8081857562065125,58015.0,160713.0,-102698.0,P7_vs_full
DEEPSEEK,nhanes_examination.bpx_j,v04_plus_numeric_stats,v01_full,v04_plus_numeric_stats vs v01_full,1,0.6666666666666666,0.6666662494341532,58015.0,160713.0,-102698.0,P7_vs_full
DEEPSEEK,nhanes_examination.bpxo_j,v04_plus_numeric_stats,v01_full,v04_plus_numeric_stats vs v01_full,1,0.0,0.27883915106455487,58015.0,160713.0,-102698.0,P7_vs_full
DEEPSEEK,nhanes_laboratory.cbc_j,v04_plus_numeric_stats,v01_full,v04_plus_numeric_stats vs v01_full,1,0.3333333333333333,0.7422868013381958,58015.0,160713.0,-102698.0,P7_vs_full
DEEPSEEK,nhanes_laboratory.fastqx_j,v04_plus_numeric_stats,v01_full,v04_plus_numeric_stats vs v01_full,1,0.6666666666666666,0.6666661699612936,58015.0,160713.0,-102698.0,P7_vs_full
DEEPSEEK,nhanes_laboratory.ghb_j,v04_plus_numeric_stats,v01_full,v04_plus_numeric_stats vs v01_full,1,1.0,0.9999993046124777,58015.0,160713.0,-102698.0,P7_vs_full
DEEPSEEK,nhanes_laboratory.hepa_j,v04_plus_numeric_stats,v01_full,v04_plus_numeric_stats vs v01_full,1,0.0,0.709924062093099,58015.0,160713.0,-102698.0,P7_vs_full
DEEPSEEK,nhanes_laboratory.ins_j,v04_plus_numeric_stats,v01_full,v04_plus_numeric_stats vs v01_full,1,0.3333333333333333,0.7014789779980978,58015.0,160713.0,-102698.0,P7_vs_full
DEEPSEEK,nhanes_laboratory.phthte_j,v04_plus_numeric_stats,v01_full,v04_plus_numeric_stats vs v01_full,1,0.3333333333333333,0.833404541015625,58015.0,160713.0,-102698.0,P7_vs_full
DEEPSEEK,nhanes_laboratory.ssuvcm_j,v04_plus_numeric_stats,v01_full,v04_plus_numeric_stats vs v01_full,1,0.0,0.20499990383783975,58015.0,160713.0,-102698.0,P7_vs_full
DEEPSEEK,nhanes_laboratory.uio_j,v04_plus_numeric_stats,v01_full,v04_plus_numeric_stats vs v01_full,1,0.6666666666666666,0.890035351117452,58015.0,160713.0,-102698.0,P7_vs_full
DEEPSEEK,nhanes_laboratory.vic_j,v04_plus_numeric_stats,v01_full,v04_plus_numeric_stats vs v01_full,1,0.6666666666666666,0.6666660904884338,58015.0,160713.0,-102698.0,P7_vs_full
DEEPSEEK,nhanes_laboratory.vid_j,v04_plus_numeric_stats,v01_full,v04_plus_numeric_stats vs v01_full,1,1.0,0.999999483426412,58015.0,160713.0,-102698.0,P7_vs_full
DEEPSEEK,nhanes_questionnaire.alq_j,v04_plus_numeric_stats,v01_full,v04_plus_numeric_stats vs v01_full,1,1.0,0.9999992251396179,58015.0,160713.0,-102698.0,P7_vs_full
DEEPSEEK,nhanes_questionnaire.dpq_j,v04_plus_numeric_stats,v01_full,v04_plus_numeric_stats vs v01_full,1,0.3333333333333333,0.7653478384017944,58015.0,160713.0,-102698.0,P7_vs_full
DEEPSEEK,nhanes_questionnaire.hsq_j,v04_plus_numeric_stats,v01_full,v04_plus_numeric_stats vs v01_full,1,0.6666666666666666,0.8396321932474772,58015.0,160713.0,-102698.0,P7_vs_full
DEEPSEEK,nhanes_questionnaire.puqmec_j,v04_plus_numeric_stats,v01_full,v04_plus_numeric_stats vs v01_full,1,0.3333333333333333,0.5490219990412394,58015.0,160713.0,-102698.0,P7_vs_full
DEEPSEEK,nhanes_questionnaire.smqshs_j,v04_plus_numeric_stats,v01_full,v04_plus_numeric_stats vs v01_full,1,0.6666666666666666,0.6666660308837891,58015.0,160713.0,-102698.0,P7_vs_full
DEEPSEEK,nhanes_questionnaire.whq_j,v04_plus_numeric_stats,v01_full,v04_plus_numeric_stats vs v01_full,1,0.6666666666666666,0.6666662693023682,58015.0,160713.0,-102698.0,P7_vs_full
DEEPSEEK,nhanes_demographics.demo_j,v05_plus_sample_values,v01_full,v05_plus_sample_values vs v01_full,1,0.3333333333333333,0.5853866338729858,64762.0,160713.0,-95951.0,P7_vs_full
DEEPSEEK,nhanes_dietary.ds1tot_j,v05_plus_sample_values,v01_full,v05_plus_sample_values vs v01_full,1,0.6666666666666666,0.9100055495897929,64762.0,160713.0,-95951.0,P7_vs_full
DEEPSEEK,nhanes_dietary.ds2ids_j,v05_plus_sample_values,v01_full,v05_plus_sample_values vs v01_full,1,0.3333333333333333,0.7434117595354716,64762.0,160713.0,-95951.0,P7_vs_full
DEEPSEEK,nhanes_dietary.ds2tot_j,v05_plus_sample_values,v01_full,v05_plus_sample_values vs v01_full,1,1.0,0.9999993642171224,64762.0,160713.0,-95951.0,P7_vs_full
DEEPSEEK,nhanes_dietary.dsqids_j,v05_plus_sample_values,v01_full,v05_plus_sample_values vs v01_full,1,0.3333333333333333,0.5846967697143555,64762.0,160713.0,-95951.0,P7_vs_full
DEEPSEEK,nhanes_dietary.dsqtot_j,v05_plus_sample_values,v01_full,v05_plus_sample_values vs v01_full,1,0.0,0.7053977847099304,64762.0,160713.0,-95951.0,P7_vs_full
DEEPSEEK,nhanes_examination.bmx_j,v05_plus_sample_values,v01_full,v05_plus_sample_values vs v01_full,1,0.3333333333333333,0.5595971941947937,64762.0,160713.0,-95951.0,P7_vs_full
DEEPSEEK,nhanes_examination.bpx_j,v05_plus_sample_values,v01_full,v05_plus_sample_values vs v01_full,1,0.6666666666666666,0.6666662494341532,64762.0,160713.0,-95951.0,P7_vs_full
DEEPSEEK,nhanes_examination.bpxo_j,v05_plus_sample_values,v01_full,v05_plus_sample_values vs v01_full,1,0.0,0.27883915106455487,64762.0,160713.0,-95951.0,P7_vs_full
DEEPSEEK,nhanes_laboratory.cbc_j,v05_plus_sample_values,v01_full,v05_plus_sample_values vs v01_full,1,0.3333333333333333,0.7784649928410848,64762.0,160713.0,-95951.0,P7_vs_full
DEEPSEEK,nhanes_laboratory.fastqx_j,v05_plus_sample_values,v01_full,v05_plus_sample_values vs v01_full,1,0.3333333333333333,0.6427116990089417,64762.0,160713.0,-95951.0,P7_vs_full
DEEPSEEK,nhanes_laboratory.ghb_j,v05_plus_sample_values,v01_full,v05_plus_sample_values vs v01_full,1,1.0,0.9999993046124777,64762.0,160713.0,-95951.0,P7_vs_full
DEEPSEEK,nhanes_laboratory.hepa_j,v05_plus_sample_values,v01_full,v05_plus_sample_values vs v01_full,1,0.0,0.4776437282562256,64762.0,160713.0,-95951.0,P7_vs_full
DEEPSEEK,nhanes_laboratory.ins_j,v05_plus_sample_values,v01_full,v05_plus_sample_values vs v01_full,1,0.6666666666666666,0.6666659712791443,64762.0,160713.0,-95951.0,P7_vs_full
DEEPSEEK,nhanes_laboratory.phthte_j,v05_plus_sample_values,v01_full,v05_plus_sample_values vs v01_full,1,0.3333333333333333,0.8584727247556051,64762.0,160713.0,-95951.0,P7_vs_full
DEEPSEEK,nhanes_laboratory.ssuvcm_j,v05_plus_sample_values,v01_full,v05_plus_sample_values vs v01_full,1,0.0,0.40086454153060913,64762.0,160713.0,-95951.0,P7_vs_full
DEEPSEEK,nhanes_laboratory.uio_j,v05_plus_sample_values,v01_full,v05_plus_sample_values vs v01_full,1,0.3333333333333333,0.7888862291971842,64762.0,160713.0,-95951.0,P7_vs_full
DEEPSEEK,nhanes_laboratory.vic_j,v05_plus_sample_values,v01_full,v05_plus_sample_values vs v01_full,1,0.6666666666666666,0.6666660904884338,64762.0,160713.0,-95951.0,P7_vs_full
DEEPSEEK,nhanes_laboratory.vid_j,v05_plus_sample_values,v01_full,v05_plus_sample_values vs v01_full,1,1.0,0.999999483426412,64762.0,160713.0,-95951.0,P7_vs_full
DEEPSEEK,nhanes_questionnaire.alq_j,v05_plus_sample_values,v01_full,v05_plus_sample_values vs v01_full,1,0.6666666666666666,0.9087925354639689,64762.0,160713.0,-95951.0,P7_vs_full
DEEPSEEK,nhanes_questionnaire.dpq_j,v05_plus_sample_values,v01_full,v05_plus_sample_values vs v01_full,1,1.0,0.999998946984609,64762.0,160713.0,-95951.0,P7_vs_full
DEEPSEEK,nhanes_questionnaire.hsq_j,v05_plus_sample_values,v01_full,v05_plus_sample_values vs v01_full,1,0.6666666666666666,0.6666662494341532,64762.0,160713.0,-95951.0,P7_vs_full
DEEPSEEK,nhanes_questionnaire.puqmec_j,v05_plus_sample_values,v01_full,v05_plus_sample_values vs v01_full,1,0.6666666666666666,0.6666661103566488,64762.0,160713.0,-95951.0,P7_vs_full
DEEPSEEK,nhanes_questionnaire.smqshs_j,v05_plus_sample_values,v01_full,v05_plus_sample_values vs v01_full,1,0.6666666666666666,0.952552874883016,64762.0,160713.0,-95951.0,P7_vs_full
DEEPSEEK,nhanes_questionnaire.whq_j,v05_plus_sample_values,v01_full,v05_plus_sample_values vs v01_full,1,0.6666666666666666,0.6666662693023682,64762.0,160713.0,-95951.0,P7_vs_full
DEEPSEEK,nhanes_demographics.demo_j,v06_plus_frequent_values,v01_full,v06_plus_frequent_values vs v01_full,1,0.6666666666666666,0.6666662096977234,65391.0,160713.0,-95322.0,P7_vs_full
DEEPSEEK,nhanes_dietary.ds1tot_j,v06_plus_frequent_values,v01_full,v06_plus_frequent_values vs v01_full,1,0.6666666666666666,0.9100055495897929,65391.0,160713.0,-95322.0,P7_vs_full
DEEPSEEK,nhanes_dietary.ds2ids_j,v06_plus_frequent_values,v01_full,v06_plus_frequent_values vs v01_full,1,1.0,0.9999994436899821,65391.0,160713.0,-95322.0,P7_vs_full
DEEPSEEK,nhanes_dietary.ds2tot_j,v06_plus_frequent_values,v01_full,v06_plus_frequent_values vs v01_full,1,1.0,0.9999993642171224,65391.0,160713.0,-95322.0,P7_vs_full
DEEPSEEK,nhanes_dietary.dsqids_j,v06_plus_frequent_values,v01_full,v06_plus_frequent_values vs v01_full,1,0.6666666666666666,0.8974722822507223,65391.0,160713.0,-95322.0,P7_vs_full
DEEPSEEK,nhanes_dietary.dsqtot_j,v06_plus_frequent_values,v01_full,v06_plus_frequent_values vs v01_full,1,0.6666666666666666,0.8851188023885092,65391.0,160713.0,-95322.0,P7_vs_full
DEEPSEEK,nhanes_examination.bmx_j,v06_plus_frequent_values,v01_full,v06_plus_frequent_values vs v01_full,1,0.3333333333333333,0.8035175005594889,65391.0,160713.0,-95322.0,P7_vs_full
DEEPSEEK,nhanes_examination.bpx_j,v06_plus_frequent_values,v01_full,v06_plus_frequent_values vs v01_full,1,0.6666666666666666,0.6666662494341532,65391.0,160713.0,-95322.0,P7_vs_full
DEEPSEEK,nhanes_examination.bpxo_j,v06_plus_frequent_values,v01_full,v06_plus_frequent_values vs v01_full,1,0.0,0.4551979899406433,65391.0,160713.0,-95322.0,P7_vs_full
DEEPSEEK,nhanes_laboratory.cbc_j,v06_plus_frequent_values,v01_full,v06_plus_frequent_values vs v01_full,1,0.6666666666666666,0.8998598257700602,65391.0,160713.0,-95322.0,P7_vs_full
DEEPSEEK,nhanes_laboratory.fastqx_j,v06_plus_frequent_values,v01_full,v06_plus_frequent_values vs v01_full,1,0.3333333333333333,0.524099588394165,65391.0,160713.0,-95322.0,P7_vs_full
DEEPSEEK,nhanes_laboratory.ghb_j,v06_plus_frequent_values,v01_full,v06_plus_frequent_values vs v01_full,1,0.6666666666666666,0.6666662494341532,65391.0,160713.0,-95322.0,P7_vs_full
DEEPSEEK,nhanes_laboratory.hepa_j,v06_plus_frequent_values,v01_full,v06_plus_frequent_values vs v01_full,1,0.3333333333333333,0.6188671588897705,65391.0,160713.0,-95322.0,P7_vs_full
DEEPSEEK,nhanes_laboratory.ins_j,v06_plus_frequent_values,v01_full,v06_plus_frequent_values vs v01_full,1,0.3333333333333333,0.33333293596903485,65391.0,160713.0,-95322.0,P7_vs_full
DEEPSEEK,nhanes_laboratory.phthte_j,v06_plus_frequent_values,v01_full,v06_plus_frequent_values vs v01_full,1,0.3333333333333333,0.833404541015625,65391.0,160713.0,-95322.0,P7_vs_full
DEEPSEEK,nhanes_laboratory.ssuvcm_j,v06_plus_frequent_values,v01_full,v06_plus_frequent_values vs v01_full,1,0.0,0.4110449552536011,65391.0,160713.0,-95322.0,P7_vs_full
DEEPSEEK,nhanes_laboratory.uio_j,v06_plus_frequent_values,v01_full,v06_plus_frequent_values vs v01_full,1,0.3333333333333333,0.7109183867772421,65391.0,160713.0,-95322.0,P7_vs_full
DEEPSEEK,nhanes_laboratory.vic_j,v06_plus_frequent_values,v01_full,v06_plus_frequent_values vs v01_full,1,0.6666666666666666,0.6666660904884338,65391.0,160713.0,-95322.0,P7_vs_full
DEEPSEEK,nhanes_laboratory.vid_j,v06_plus_frequent_values,v01_full,v06_plus_frequent_values vs v01_full,1,1.0,0.999999483426412,65391.0,160713.0,-95322.0,P7_vs_full
DEEPSEEK,nhanes_questionnaire.alq_j,v06_plus_frequent_values,v01_full,v06_plus_frequent_values vs v01_full,1,1.0,0.9999992251396179,65391.0,160713.0,-95322.0,P7_vs_full
DEEPSEEK,nhanes_questionnaire.dpq_j,v06_plus_frequent_values,v01_full,v06_plus_frequent_values vs v01_full,1,1.0,0.999998946984609,65391.0,160713.0,-95322.0,P7_vs_full
DEEPSEEK,nhanes_questionnaire.hsq_j,v06_plus_frequent_values,v01_full,v06_plus_frequent_values vs v01_full,1,0.3333333333333333,0.5646438598632812,65391.0,160713.0,-95322.0,P7_vs_full
DEEPSEEK,nhanes_questionnaire.puqmec_j,v06_plus_frequent_values,v01_full,v06_plus_frequent_values vs v01_full,1,0.3333333333333333,0.33333297570546466,65391.0,160713.0,-95322.0,P7_vs_full
DEEPSEEK,nhanes_questionnaire.smqshs_j,v06_plus_frequent_values,v01_full,v06_plus_frequent_values vs v01_full,1,0.6666666666666666,0.6666660308837891,65391.0,160713.0,-95322.0,P7_vs_full
DEEPSEEK,nhanes_questionnaire.whq_j,v06_plus_frequent_values,v01_full,v06_plus_frequent_values vs v01_full,1,0.6666666666666666,0.8979770342508951,65391.0,160713.0,-95322.0,P7_vs_full
DEEPSEEK,nhanes_demographics.demo_j,v07_plus_sample_rows,v01_full,v07_plus_sample_rows vs v01_full,1,1.0,0.9999992450078329,47022.0,160713.0,-113691.0,P7_vs_full
DEEPSEEK,nhanes_dietary.ds1tot_j,v07_plus_sample_rows,v01_full,v07_plus_sample_rows vs v01_full,1,0.6666666666666666,0.9100055495897929,47022.0,160713.0,-113691.0,P7_vs_full
DEEPSEEK,nhanes_dietary.ds2ids_j,v07_plus_sample_rows,v01_full,v07_plus_sample_rows vs v01_full,1,0.6666666666666666,0.9212779601414999,47022.0,160713.0,-113691.0,P7_vs_full
DEEPSEEK,nhanes_dietary.ds2tot_j,v07_plus_sample_rows,v01_full,v07_plus_sample_rows vs v01_full,1,1.0,0.9999993642171224,47022.0,160713.0,-113691.0,P7_vs_full
DEEPSEEK,nhanes_dietary.dsqids_j,v07_plus_sample_rows,v01_full,v07_plus_sample_rows vs v01_full,1,0.3333333333333333,0.5846967697143555,47022.0,160713.0,-113691.0,P7_vs_full
DEEPSEEK,nhanes_dietary.dsqtot_j,v07_plus_sample_rows,v01_full,v07_plus_sample_rows vs v01_full,1,1.0,0.9999994039535522,47022.0,160713.0,-113691.0,P7_vs_full
DEEPSEEK,nhanes_examination.bmx_j,v07_plus_sample_rows,v01_full,v07_plus_sample_rows vs v01_full,1,0.3333333333333333,0.5931140780448914,47022.0,160713.0,-113691.0,P7_vs_full
DEEPSEEK,nhanes_examination.bpx_j,v07_plus_sample_rows,v01_full,v07_plus_sample_rows vs v01_full,1,1.0,0.9999994039535522,47022.0,160713.0,-113691.0,P7_vs_full
DEEPSEEK,nhanes_examination.bpxo_j,v07_plus_sample_rows,v01_full,v07_plus_sample_rows vs v01_full,1,0.3333333333333333,0.6308372418085734,47022.0,160713.0,-113691.0,P7_vs_full
DEEPSEEK,nhanes_laboratory.cbc_j,v07_plus_sample_rows,v01_full,v07_plus_sample_rows vs v01_full,1,0.3333333333333333,0.7784649928410848,47022.0,160713.0,-113691.0,P7_vs_full
DEEPSEEK,nhanes_laboratory.fastqx_j,v07_plus_sample_rows,v01_full,v07_plus_sample_rows vs v01_full,1,0.6666666666666666,0.6666661699612936,47022.0,160713.0,-113691.0,P7_vs_full
DEEPSEEK,nhanes_laboratory.ghb_j,v07_plus_sample_rows,v01_full,v07_plus_sample_rows vs v01_full,1,0.6666666666666666,0.6666662494341532,47022.0,160713.0,-113691.0,P7_vs_full
DEEPSEEK,nhanes_laboratory.hepa_j,v07_plus_sample_rows,v01_full,v07_plus_sample_rows vs v01_full,1,0.3333333333333333,0.8964436451594034,47022.0,160713.0,-113691.0,P7_vs_full
DEEPSEEK,nhanes_laboratory.ins_j,v07_plus_sample_rows,v01_full,v07_plus_sample_rows vs v01_full,1,0.3333333333333333,0.6260755856831869,47022.0,160713.0,-113691.0,P7_vs_full
DEEPSEEK,nhanes_laboratory.phthte_j,v07_plus_sample_rows,v01_full,v07_plus_sample_rows vs v01_full,1,0.3333333333333333,0.8195110758145651,47022.0,160713.0,-113691.0,P7_vs_full
DEEPSEEK,nhanes_laboratory.ssuvcm_j,v07_plus_sample_rows,v01_full,v07_plus_sample_rows vs v01_full,1,1.0,0.9999992648760477,47022.0,160713.0,-113691.0,P7_vs_full
DEEPSEEK,nhanes_laboratory.uio_j,v07_plus_sample_rows,v01_full,v07_plus_sample_rows vs v01_full,1,0.3333333333333333,0.7109183867772421,47022.0,160713.0,-113691.0,P7_vs_full
DEEPSEEK,nhanes_laboratory.vic_j,v07_plus_sample_rows,v01_full,v07_plus_sample_rows vs v01_full,1,0.3333333333333333,0.7929760416348776,47022.0,160713.0,-113691.0,P7_vs_full
DEEPSEEK,nhanes_laboratory.vid_j,v07_plus_sample_rows,v01_full,v07_plus_sample_rows vs v01_full,1,0.0,0.6797746022542318,47022.0,160713.0,-113691.0,P7_vs_full
DEEPSEEK,nhanes_questionnaire.alq_j,v07_plus_sample_rows,v01_full,v07_plus_sample_rows vs v01_full,1,0.6666666666666666,0.9087925354639689,47022.0,160713.0,-113691.0,P7_vs_full
DEEPSEEK,nhanes_questionnaire.dpq_j,v07_plus_sample_rows,v01_full,v07_plus_sample_rows vs v01_full,1,0.3333333333333333,0.7653478384017944,47022.0,160713.0,-113691.0,P7_vs_full
DEEPSEEK,nhanes_questionnaire.hsq_j,v07_plus_sample_rows,v01_full,v07_plus_sample_rows vs v01_full,1,0.3333333333333333,0.5646437406539917,47022.0,160713.0,-113691.0,P7_vs_full
DEEPSEEK,nhanes_questionnaire.puqmec_j,v07_plus_sample_rows,v01_full,v07_plus_sample_rows vs v01_full,1,0.3333333333333333,0.5221411387125651,47022.0,160713.0,-113691.0,P7_vs_full
DEEPSEEK,nhanes_questionnaire.smqshs_j,v07_plus_sample_rows,v01_full,v07_plus_sample_rows vs v01_full,1,0.6666666666666666,0.9384351571400961,47022.0,160713.0,-113691.0,P7_vs_full
DEEPSEEK,nhanes_questionnaire.whq_j,v07_plus_sample_rows,v01_full,v07_plus_sample_rows vs v01_full,1,0.3333333333333333,0.5136313637097677,47022.0,160713.0,-113691.0,P7_vs_full
DEEPSEEK,nhanes_demographics.demo_j,v08_fk_plus_sample_values,v01_full,v08_fk_plus_sample_values vs v01_full,1,0.0,0.48038971424102783,65012.0,160713.0,-95701.0,P7_vs_full
DEEPSEEK,nhanes_dietary.ds1tot_j,v08_fk_plus_sample_values,v01_full,v08_fk_plus_sample_values vs v01_full,1,0.0,0.6908961335817972,65012.0,160713.0,-95701.0,P7_vs_full
DEEPSEEK,nhanes_dietary.ds2ids_j,v08_fk_plus_sample_values,v01_full,v08_fk_plus_sample_values vs v01_full,1,0.3333333333333333,0.5331956148147583,65012.0,160713.0,-95701.0,P7_vs_full
DEEPSEEK,nhanes_dietary.ds2tot_j,v08_fk_plus_sample_values,v01_full,v08_fk_plus_sample_values vs v01_full,1,0.0,0.6906410654385885,65012.0,160713.0,-95701.0,P7_vs_full
DEEPSEEK,nhanes_dietary.dsqids_j,v08_fk_plus_sample_values,v01_full,v08_fk_plus_sample_values vs v01_full,1,0.6666666666666666,0.6666662494341532,65012.0,160713.0,-95701.0,P7_vs_full
DEEPSEEK,nhanes_dietary.dsqtot_j,v08_fk_plus_sample_values,v01_full,v08_fk_plus_sample_values vs v01_full,1,1.0,0.9999994039535522,65012.0,160713.0,-95701.0,P7_vs_full
DEEPSEEK,nhanes_examination.bmx_j,v08_fk_plus_sample_values,v01_full,v08_fk_plus_sample_values vs v01_full,1,0.3333333333333333,0.8017559250195821,65012.0,160713.0,-95701.0,P7_vs_full
DEEPSEEK,nhanes_examination.bpx_j,v08_fk_plus_sample_values,v01_full,v08_fk_plus_sample_values vs v01_full,1,0.3333333333333333,0.612172265847524,65012.0,160713.0,-95701.0,P7_vs_full
DEEPSEEK,nhanes_examination.bpxo_j,v08_fk_plus_sample_values,v01_full,v08_fk_plus_sample_values vs v01_full,1,0.0,0.27883915106455487,65012.0,160713.0,-95701.0,P7_vs_full
DEEPSEEK,nhanes_laboratory.cbc_j,v08_fk_plus_sample_values,v01_full,v08_fk_plus_sample_values vs v01_full,1,0.3333333333333333,0.7784649928410848,65012.0,160713.0,-95701.0,P7_vs_full
DEEPSEEK,nhanes_laboratory.fastqx_j,v08_fk_plus_sample_values,v01_full,v08_fk_plus_sample_values vs v01_full,1,0.6666666666666666,0.6666661699612936,65012.0,160713.0,-95701.0,P7_vs_full
DEEPSEEK,nhanes_laboratory.ghb_j,v08_fk_plus_sample_values,v01_full,v08_fk_plus_sample_values vs v01_full,1,0.3333333333333333,0.6024249990781149,65012.0,160713.0,-95701.0,P7_vs_full
DEEPSEEK,nhanes_laboratory.hepa_j,v08_fk_plus_sample_values,v01_full,v08_fk_plus_sample_values vs v01_full,1,0.0,0.6650558908780416,65012.0,160713.0,-95701.0,P7_vs_full
DEEPSEEK,nhanes_laboratory.ins_j,v08_fk_plus_sample_values,v01_full,v08_fk_plus_sample_values vs v01_full,1,0.6666666666666666,0.6666659712791443,65012.0,160713.0,-95701.0,P7_vs_full
DEEPSEEK,nhanes_laboratory.phthte_j,v08_fk_plus_sample_values,v01_full,v08_fk_plus_sample_values vs v01_full,1,0.6666666666666666,0.9476392070452372,65012.0,160713.0,-95701.0,P7_vs_full
DEEPSEEK,nhanes_laboratory.ssuvcm_j,v08_fk_plus_sample_values,v01_full,v08_fk_plus_sample_values vs v01_full,1,0.0,0.40086454153060913,65012.0,160713.0,-95701.0,P7_vs_full
DEEPSEEK,nhanes_laboratory.uio_j,v08_fk_plus_sample_values,v01_full,v08_fk_plus_sample_values vs v01_full,1,0.0,0.494734783967336,65012.0,160713.0,-95701.0,P7_vs_full
DEEPSEEK,nhanes_laboratory.vic_j,v08_fk_plus_sample_values,v01_full,v08_fk_plus_sample_values vs v01_full,1,0.6666666666666666,0.6666660904884338,65012.0,160713.0,-95701.0,P7_vs_full
DEEPSEEK,nhanes_laboratory.vid_j,v08_fk_plus_sample_values,v01_full,v08_fk_plus_sample_values vs v01_full,1,0.0,0.6158749063809713,65012.0,160713.0,-95701.0,P7_vs_full
DEEPSEEK,nhanes_questionnaire.alq_j,v08_fk_plus_sample_values,v01_full,v08_fk_plus_sample_values vs v01_full,1,0.6666666666666666,0.9087925354639689,65012.0,160713.0,-95701.0,P7_vs_full
DEEPSEEK,nhanes_questionnaire.dpq_j,v08_fk_plus_sample_values,v01_full,v08_fk_plus_sample_values vs v01_full,1,1.0,0.999998946984609,65012.0,160713.0,-95701.0,P7_vs_full
DEEPSEEK,nhanes_questionnaire.hsq_j,v08_fk_plus_sample_values,v01_full,v08_fk_plus_sample_values vs v01_full,1,0.3333333333333333,0.5646438598632812,65012.0,160713.0,-95701.0,P7_vs_full
DEEPSEEK,nhanes_questionnaire.puqmec_j,v08_fk_plus_sample_values,v01_full,v08_fk_plus_sample_values vs v01_full,1,0.6666666666666666,0.6666661103566488,65012.0,160713.0,-95701.0,P7_vs_full
DEEPSEEK,nhanes_questionnaire.smqshs_j,v08_fk_plus_sample_values,v01_full,v08_fk_plus_sample_values vs v01_full,1,0.6666666666666666,0.9435304800669352,65012.0,160713.0,-95701.0,P7_vs_full
DEEPSEEK,nhanes_questionnaire.whq_j,v08_fk_plus_sample_values,v01_full,v08_fk_plus_sample_values vs v01_full,1,0.6666666666666666,0.6666662693023682,65012.0,160713.0,-95701.0,P7_vs_full
DEEPSEEK,nhanes_demographics.demo_j,v09_fk_plus_frequent_values,v01_full,v09_fk_plus_frequent_values vs v01_full,1,0.3333333333333333,0.5853866338729858,65641.0,160713.0,-95072.0,P7_vs_full
DEEPSEEK,nhanes_dietary.ds1tot_j,v09_fk_plus_frequent_values,v01_full,v09_fk_plus_frequent_values vs v01_full,1,0.6666666666666666,0.9100055495897929,65641.0,160713.0,-95072.0,P7_vs_full
DEEPSEEK,nhanes_dietary.ds2ids_j,v09_fk_plus_frequent_values,v01_full,v09_fk_plus_frequent_values vs v01_full,1,0.3333333333333333,0.7434117595354716,65641.0,160713.0,-95072.0,P7_vs_full
DEEPSEEK,nhanes_dietary.ds2tot_j,v09_fk_plus_frequent_values,v01_full,v09_fk_plus_frequent_values vs v01_full,1,1.0,0.9999993642171224,65641.0,160713.0,-95072.0,P7_vs_full
DEEPSEEK,nhanes_dietary.dsqids_j,v09_fk_plus_frequent_values,v01_full,v09_fk_plus_frequent_values vs v01_full,1,1.0,0.9999994238217672,65641.0,160713.0,-95072.0,P7_vs_full
DEEPSEEK,nhanes_dietary.dsqtot_j,v09_fk_plus_frequent_values,v01_full,v09_fk_plus_frequent_values vs v01_full,1,0.0,0.6664190491040548,65641.0,160713.0,-95072.0,P7_vs_full
DEEPSEEK,nhanes_examination.bmx_j,v09_fk_plus_frequent_values,v01_full,v09_fk_plus_frequent_values vs v01_full,1,0.3333333333333333,0.8035175005594889,65641.0,160713.0,-95072.0,P7_vs_full
DEEPSEEK,nhanes_examination.bpx_j,v09_fk_plus_frequent_values,v01_full,v09_fk_plus_frequent_values vs v01_full,1,0.6666666666666666,0.6666662494341532,65641.0,160713.0,-95072.0,P7_vs_full
DEEPSEEK,nhanes_examination.bpxo_j,v09_fk_plus_frequent_values,v01_full,v09_fk_plus_frequent_values vs v01_full,1,0.0,0.27883915106455487,65641.0,160713.0,-95072.0,P7_vs_full
DEEPSEEK,nhanes_laboratory.cbc_j,v09_fk_plus_frequent_values,v01_full,v09_fk_plus_frequent_values vs v01_full,1,0.6666666666666666,0.8998598257700602,65641.0,160713.0,-95072.0,P7_vs_full
DEEPSEEK,nhanes_laboratory.fastqx_j,v09_fk_plus_frequent_values,v01_full,v09_fk_plus_frequent_values vs v01_full,1,0.3333333333333333,0.524099588394165,65641.0,160713.0,-95072.0,P7_vs_full
DEEPSEEK,nhanes_laboratory.ghb_j,v09_fk_plus_frequent_values,v01_full,v09_fk_plus_frequent_values vs v01_full,1,0.6666666666666666,0.6666662494341532,65641.0,160713.0,-95072.0,P7_vs_full
DEEPSEEK,nhanes_laboratory.hepa_j,v09_fk_plus_frequent_values,v01_full,v09_fk_plus_frequent_values vs v01_full,1,0.6666666666666666,0.8510355949401855,65641.0,160713.0,-95072.0,P7_vs_full
DEEPSEEK,nhanes_laboratory.ins_j,v09_fk_plus_frequent_values,v01_full,v09_fk_plus_frequent_values vs v01_full,1,0.3333333333333333,0.33333293596903485,65641.0,160713.0,-95072.0,P7_vs_full
DEEPSEEK,nhanes_laboratory.phthte_j,v09_fk_plus_frequent_values,v01_full,v09_fk_plus_frequent_values vs v01_full,1,0.3333333333333333,0.8532221913337708,65641.0,160713.0,-95072.0,P7_vs_full
DEEPSEEK,nhanes_laboratory.ssuvcm_j,v09_fk_plus_frequent_values,v01_full,v09_fk_plus_frequent_values vs v01_full,1,0.0,0.25904252131779987,65641.0,160713.0,-95072.0,P7_vs_full
DEEPSEEK,nhanes_laboratory.uio_j,v09_fk_plus_frequent_values,v01_full,v09_fk_plus_frequent_values vs v01_full,1,0.3333333333333333,0.7959025104840597,65641.0,160713.0,-95072.0,P7_vs_full
DEEPSEEK,nhanes_laboratory.vic_j,v09_fk_plus_frequent_values,v01_full,v09_fk_plus_frequent_values vs v01_full,1,0.3333333333333333,0.8275249401728312,65641.0,160713.0,-95072.0,P7_vs_full
DEEPSEEK,nhanes_laboratory.vid_j,v09_fk_plus_frequent_values,v01_full,v09_fk_plus_frequent_values vs v01_full,1,0.0,0.40430257717768353,65641.0,160713.0,-95072.0,P7_vs_full
DEEPSEEK,nhanes_questionnaire.alq_j,v09_fk_plus_frequent_values,v01_full,v09_fk_plus_frequent_values vs v01_full,1,1.0,0.9999992251396179,65641.0,160713.0,-95072.0,P7_vs_full
DEEPSEEK,nhanes_questionnaire.dpq_j,v09_fk_plus_frequent_values,v01_full,v09_fk_plus_frequent_values vs v01_full,1,0.0,0.4320149024327596,65641.0,160713.0,-95072.0,P7_vs_full
DEEPSEEK,nhanes_questionnaire.hsq_j,v09_fk_plus_frequent_values,v01_full,v09_fk_plus_frequent_values vs v01_full,1,0.6666666666666666,0.6666662494341532,65641.0,160713.0,-95072.0,P7_vs_full
DEEPSEEK,nhanes_questionnaire.puqmec_j,v09_fk_plus_frequent_values,v01_full,v09_fk_plus_frequent_values vs v01_full,1,0.3333333333333333,0.7614669998486837,65641.0,160713.0,-95072.0,P7_vs_full
DEEPSEEK,nhanes_questionnaire.smqshs_j,v09_fk_plus_frequent_values,v01_full,v09_fk_plus_frequent_values vs v01_full,1,0.6666666666666666,0.9384351571400961,65641.0,160713.0,-95072.0,P7_vs_full
DEEPSEEK,nhanes_questionnaire.whq_j,v09_fk_plus_frequent_values,v01_full,v09_fk_plus_frequent_values vs v01_full,1,0.6666666666666666,0.8979770342508951,65641.0,160713.0,-95072.0,P7_vs_full
DEEPSEEK,nhanes_demographics.demo_j,v10_fk_plus_sample_and_frequent,v01_full,v10_fk_plus_sample_and_frequent vs v01_full,1,0.3333333333333333,0.3333331147829692,98667.0,160713.0,-62046.0,P7_vs_full
DEEPSEEK,nhanes_dietary.ds1tot_j,v10_fk_plus_sample_and_frequent,v01_full,v10_fk_plus_sample_and_frequent vs v01_full,1,0.6666666666666666,0.9100055495897929,98667.0,160713.0,-62046.0,P7_vs_full
DEEPSEEK,nhanes_dietary.ds2ids_j,v10_fk_plus_sample_and_frequent,v01_full,v10_fk_plus_sample_and_frequent vs v01_full,1,0.3333333333333333,0.7434117595354716,98667.0,160713.0,-62046.0,P7_vs_full
DEEPSEEK,nhanes_dietary.ds2tot_j,v10_fk_plus_sample_and_frequent,v01_full,v10_fk_plus_sample_and_frequent vs v01_full,1,1.0,0.9999993642171224,98667.0,160713.0,-62046.0,P7_vs_full
DEEPSEEK,nhanes_dietary.dsqids_j,v10_fk_plus_sample_and_frequent,v01_full,v10_fk_plus_sample_and_frequent vs v01_full,1,0.6666666666666666,0.6666662494341532,98667.0,160713.0,-62046.0,P7_vs_full
DEEPSEEK,nhanes_dietary.dsqtot_j,v10_fk_plus_sample_and_frequent,v01_full,v10_fk_plus_sample_and_frequent vs v01_full,1,0.6666666666666666,0.852213184038798,98667.0,160713.0,-62046.0,P7_vs_full
DEEPSEEK,nhanes_examination.bmx_j,v10_fk_plus_sample_and_frequent,v01_full,v10_fk_plus_sample_and_frequent vs v01_full,1,0.6666666666666666,0.8707278370857239,98667.0,160713.0,-62046.0,P7_vs_full
DEEPSEEK,nhanes_examination.bpx_j,v10_fk_plus_sample_and_frequent,v01_full,v10_fk_plus_sample_and_frequent vs v01_full,1,0.6666666666666666,0.9108405907948812,98667.0,160713.0,-62046.0,P7_vs_full
DEEPSEEK,nhanes_examination.bpxo_j,v10_fk_plus_sample_and_frequent,v01_full,v10_fk_plus_sample_and_frequent vs v01_full,1,0.0,0.27883915106455487,98667.0,160713.0,-62046.0,P7_vs_full
DEEPSEEK,nhanes_laboratory.cbc_j,v10_fk_plus_sample_and_frequent,v01_full,v10_fk_plus_sample_and_frequent vs v01_full,1,0.3333333333333333,0.7784649928410848,98667.0,160713.0,-62046.0,P7_vs_full
DEEPSEEK,nhanes_laboratory.fastqx_j,v10_fk_plus_sample_and_frequent,v01_full,v10_fk_plus_sample_and_frequent vs v01_full,1,0.3333333333333333,0.6427116990089417,98667.0,160713.0,-62046.0,P7_vs_full
DEEPSEEK,nhanes_laboratory.ghb_j,v10_fk_plus_sample_and_frequent,v01_full,v10_fk_plus_sample_and_frequent vs v01_full,1,1.0,0.9999993046124777,98667.0,160713.0,-62046.0,P7_vs_full
DEEPSEEK,nhanes_laboratory.hepa_j,v10_fk_plus_sample_and_frequent,v01_full,v10_fk_plus_sample_and_frequent vs v01_full,1,0.3333333333333333,0.6188671588897705,98667.0,160713.0,-62046.0,P7_vs_full
DEEPSEEK,nhanes_laboratory.ins_j,v10_fk_plus_sample_and_frequent,v01_full,v10_fk_plus_sample_and_frequent vs v01_full,1,0.6666666666666666,0.9594087600708008,98667.0,160713.0,-62046.0,P7_vs_full
DEEPSEEK,nhanes_laboratory.phthte_j,v10_fk_plus_sample_and_frequent,v01_full,v10_fk_plus_sample_and_frequent vs v01_full,1,0.3333333333333333,0.8659039338429769,98667.0,160713.0,-62046.0,P7_vs_full
DEEPSEEK,nhanes_laboratory.ssuvcm_j,v10_fk_plus_sample_and_frequent,v01_full,v10_fk_plus_sample_and_frequent vs v01_full,1,0.0,0.40086454153060913,98667.0,160713.0,-62046.0,P7_vs_full
DEEPSEEK,nhanes_laboratory.uio_j,v10_fk_plus_sample_and_frequent,v01_full,v10_fk_plus_sample_and_frequent vs v01_full,1,0.0,0.494734783967336,98667.0,160713.0,-62046.0,P7_vs_full
DEEPSEEK,nhanes_laboratory.vic_j,v10_fk_plus_sample_and_frequent,v01_full,v10_fk_plus_sample_and_frequent vs v01_full,1,0.6666666666666666,0.9231580893198649,98667.0,160713.0,-62046.0,P7_vs_full
DEEPSEEK,nhanes_laboratory.vid_j,v10_fk_plus_sample_and_frequent,v01_full,v10_fk_plus_sample_and_frequent vs v01_full,1,0.0,0.41535242398579914,98667.0,160713.0,-62046.0,P7_vs_full
DEEPSEEK,nhanes_questionnaire.alq_j,v10_fk_plus_sample_and_frequent,v01_full,v10_fk_plus_sample_and_frequent vs v01_full,1,0.6666666666666666,0.9186143477757772,98667.0,160713.0,-62046.0,P7_vs_full
DEEPSEEK,nhanes_questionnaire.dpq_j,v10_fk_plus_sample_and_frequent,v01_full,v10_fk_plus_sample_and_frequent vs v01_full,1,1.0,0.999998946984609,98667.0,160713.0,-62046.0,P7_vs_full
DEEPSEEK,nhanes_questionnaire.hsq_j,v10_fk_plus_sample_and_frequent,v01_full,v10_fk_plus_sample_and_frequent vs v01_full,1,0.6666666666666666,0.897976835568746,98667.0,160713.0,-62046.0,P7_vs_full
DEEPSEEK,nhanes_questionnaire.puqmec_j,v10_fk_plus_sample_and_frequent,v01_full,v10_fk_plus_sample_and_frequent vs v01_full,1,0.3333333333333333,0.5490219990412394,98667.0,160713.0,-62046.0,P7_vs_full
DEEPSEEK,nhanes_questionnaire.smqshs_j,v10_fk_plus_sample_and_frequent,v01_full,v10_fk_plus_sample_and_frequent vs v01_full,1,0.3333333333333333,0.6051021814346313,98667.0,160713.0,-62046.0,P7_vs_full
DEEPSEEK,nhanes_questionnaire.whq_j,v10_fk_plus_sample_and_frequent,v01_full,v10_fk_plus_sample_and_frequent vs v01_full,1,0.6666666666666666,0.6666662693023682,98667.0,160713.0,-62046.0,P7_vs_full
DEEPSEEK,nhanes_demographics.demo_j,v11_fk_plus_sample_rows,v01_full,v11_fk_plus_sample_rows vs v01_full,1,0.3333333333333333,0.3333331147829692,47272.0,160713.0,-113441.0,P7_vs_full
DEEPSEEK,nhanes_dietary.ds1tot_j,v11_fk_plus_sample_rows,v01_full,v11_fk_plus_sample_rows vs v01_full,1,0.6666666666666666,0.9100055495897929,47272.0,160713.0,-113441.0,P7_vs_full
DEEPSEEK,nhanes_dietary.ds2ids_j,v11_fk_plus_sample_rows,v01_full,v11_fk_plus_sample_rows vs v01_full,1,0.3333333333333333,0.7297026912371317,47272.0,160713.0,-113441.0,P7_vs_full
DEEPSEEK,nhanes_dietary.ds2tot_j,v11_fk_plus_sample_rows,v01_full,v11_fk_plus_sample_rows vs v01_full,1,1.0,0.9999993642171224,47272.0,160713.0,-113441.0,P7_vs_full
DEEPSEEK,nhanes_dietary.dsqids_j,v11_fk_plus_sample_rows,v01_full,v11_fk_plus_sample_rows vs v01_full,1,0.3333333333333333,0.578583300113678,47272.0,160713.0,-113441.0,P7_vs_full
DEEPSEEK,nhanes_dietary.dsqtot_j,v11_fk_plus_sample_rows,v01_full,v11_fk_plus_sample_rows vs v01_full,1,0.6666666666666666,0.8851188023885092,47272.0,160713.0,-113441.0,P7_vs_full
DEEPSEEK,nhanes_examination.bmx_j,v11_fk_plus_sample_rows,v01_full,v11_fk_plus_sample_rows vs v01_full,1,0.3333333333333333,0.5931140780448914,47272.0,160713.0,-113441.0,P7_vs_full
DEEPSEEK,nhanes_examination.bpx_j,v11_fk_plus_sample_rows,v01_full,v11_fk_plus_sample_rows vs v01_full,1,0.6666666666666666,0.6666662494341532,47272.0,160713.0,-113441.0,P7_vs_full
DEEPSEEK,nhanes_examination.bpxo_j,v11_fk_plus_sample_rows,v01_full,v11_fk_plus_sample_rows vs v01_full,1,1.0,0.9999993642171224,47272.0,160713.0,-113441.0,P7_vs_full
DEEPSEEK,nhanes_laboratory.cbc_j,v11_fk_plus_sample_rows,v01_full,v11_fk_plus_sample_rows vs v01_full,1,1.0,0.9999993443489075,47272.0,160713.0,-113441.0,P7_vs_full
DEEPSEEK,nhanes_laboratory.fastqx_j,v11_fk_plus_sample_rows,v01_full,v11_fk_plus_sample_rows vs v01_full,1,0.6666666666666666,0.6666661699612936,47272.0,160713.0,-113441.0,P7_vs_full
DEEPSEEK,nhanes_laboratory.ghb_j,v11_fk_plus_sample_rows,v01_full,v11_fk_plus_sample_rows vs v01_full,1,1.0,0.9999993046124777,47272.0,160713.0,-113441.0,P7_vs_full
DEEPSEEK,nhanes_laboratory.hepa_j,v11_fk_plus_sample_rows,v01_full,v11_fk_plus_sample_rows vs v01_full,1,0.6666666666666666,0.9199876189231873,47272.0,160713.0,-113441.0,P7_vs_full
DEEPSEEK,nhanes_laboratory.ins_j,v11_fk_plus_sample_rows,v01_full,v11_fk_plus_sample_rows vs v01_full,1,0.3333333333333333,0.6260755856831869,47272.0,160713.0,-113441.0,P7_vs_full
DEEPSEEK,nhanes_laboratory.phthte_j,v11_fk_plus_sample_rows,v01_full,v11_fk_plus_sample_rows vs v01_full,1,0.3333333333333333,0.833404541015625,47272.0,160713.0,-113441.0,P7_vs_full
DEEPSEEK,nhanes_laboratory.ssuvcm_j,v11_fk_plus_sample_rows,v01_full,v11_fk_plus_sample_rows vs v01_full,1,0.0,0.42709054549535114,47272.0,160713.0,-113441.0,P7_vs_full
DEEPSEEK,nhanes_laboratory.uio_j,v11_fk_plus_sample_rows,v01_full,v11_fk_plus_sample_rows vs v01_full,1,0.3333333333333333,0.7109183867772421,47272.0,160713.0,-113441.0,P7_vs_full
DEEPSEEK,nhanes_laboratory.vic_j,v11_fk_plus_sample_rows,v01_full,v11_fk_plus_sample_rows vs v01_full,1,0.6666666666666666,0.6666660904884338,47272.0,160713.0,-113441.0,P7_vs_full
DEEPSEEK,nhanes_laboratory.vid_j,v11_fk_plus_sample_rows,v01_full,v11_fk_plus_sample_rows vs v01_full,1,0.0,0.6797746022542318,47272.0,160713.0,-113441.0,P7_vs_full
DEEPSEEK,nhanes_questionnaire.alq_j,v11_fk_plus_sample_rows,v01_full,v11_fk_plus_sample_rows vs v01_full,1,0.6666666666666666,0.9087925354639689,47272.0,160713.0,-113441.0,P7_vs_full
DEEPSEEK,nhanes_questionnaire.dpq_j,v11_fk_plus_sample_rows,v01_full,v11_fk_plus_sample_rows vs v01_full,1,1.0,0.999998946984609,47272.0,160713.0,-113441.0,P7_vs_full
DEEPSEEK,nhanes_questionnaire.hsq_j,v11_fk_plus_sample_rows,v01_full,v11_fk_plus_sample_rows vs v01_full,1,0.3333333333333333,0.5646437406539917,47272.0,160713.0,-113441.0,P7_vs_full
DEEPSEEK,nhanes_questionnaire.puqmec_j,v11_fk_plus_sample_rows,v01_full,v11_fk_plus_sample_rows vs v01_full,1,0.3333333333333333,0.5221411387125651,47272.0,160713.0,-113441.0,P7_vs_full
DEEPSEEK,nhanes_questionnaire.smqshs_j,v11_fk_plus_sample_rows,v01_full,v11_fk_plus_sample_rows vs v01_full,1,0.6666666666666666,0.9435304800669352,47272.0,160713.0,-113441.0,P7_vs_full
DEEPSEEK,nhanes_questionnaire.whq_j,v11_fk_plus_sample_rows,v01_full,v11_fk_plus_sample_rows vs v01_full,1,0.3333333333333333,0.5429396828015646,47272.0,160713.0,-113441.0,P7_vs_full
DEEPSEEK,nhanes_demographics.demo_j,v12_nullable_plus_sample_values,v01_full,v12_nullable_plus_sample_values vs v01_full,1,0.3333333333333333,0.3333331147829692,67627.0,160713.0,-93086.0,P7_vs_full
DEEPSEEK,nhanes_dietary.ds1tot_j,v12_nullable_plus_sample_values,v01_full,v12_nullable_plus_sample_values vs v01_full,1,0.6666666666666666,0.9100055495897929,67627.0,160713.0,-93086.0,P7_vs_full
DEEPSEEK,nhanes_dietary.ds2ids_j,v12_nullable_plus_sample_values,v01_full,v12_nullable_plus_sample_values vs v01_full,1,0.3333333333333333,0.7441771427790324,67627.0,160713.0,-93086.0,P7_vs_full
DEEPSEEK,nhanes_dietary.ds2tot_j,v12_nullable_plus_sample_values,v01_full,v12_nullable_plus_sample_values vs v01_full,1,0.0,0.6749322017033895,67627.0,160713.0,-93086.0,P7_vs_full
DEEPSEEK,nhanes_dietary.dsqids_j,v12_nullable_plus_sample_values,v01_full,v12_nullable_plus_sample_values vs v01_full,1,0.6666666666666666,0.6666662494341532,67627.0,160713.0,-93086.0,P7_vs_full
DEEPSEEK,nhanes_dietary.dsqtot_j,v12_nullable_plus_sample_values,v01_full,v12_nullable_plus_sample_values vs v01_full,1,1.0,0.9999994039535522,67627.0,160713.0,-93086.0,P7_vs_full
DEEPSEEK,nhanes_examination.bmx_j,v12_nullable_plus_sample_values,v01_full,v12_nullable_plus_sample_values vs v01_full,1,0.3333333333333333,0.8081857562065125,67627.0,160713.0,-93086.0,P7_vs_full
DEEPSEEK,nhanes_examination.bpx_j,v12_nullable_plus_sample_values,v01_full,v12_nullable_plus_sample_values vs v01_full,1,0.6666666666666666,0.6666662494341532,67627.0,160713.0,-93086.0,P7_vs_full
DEEPSEEK,nhanes_examination.bpxo_j,v12_nullable_plus_sample_values,v01_full,v12_nullable_plus_sample_values vs v01_full,1,0.0,0.27883915106455487,67627.0,160713.0,-93086.0,P7_vs_full
DEEPSEEK,nhanes_laboratory.cbc_j,v12_nullable_plus_sample_values,v01_full,v12_nullable_plus_sample_values vs v01_full,1,1.0,0.9999993443489075,67627.0,160713.0,-93086.0,P7_vs_full
DEEPSEEK,nhanes_laboratory.fastqx_j,v12_nullable_plus_sample_values,v01_full,v12_nullable_plus_sample_values vs v01_full,1,0.6666666666666666,0.6666661699612936,67627.0,160713.0,-93086.0,P7_vs_full
DEEPSEEK,nhanes_laboratory.ghb_j,v12_nullable_plus_sample_values,v01_full,v12_nullable_plus_sample_values vs v01_full,1,0.3333333333333333,0.576255718866984,67627.0,160713.0,-93086.0,P7_vs_full
DEEPSEEK,nhanes_laboratory.hepa_j,v12_nullable_plus_sample_values,v01_full,v12_nullable_plus_sample_values vs v01_full,1,0.0,0.5369280576705933,67627.0,160713.0,-93086.0,P7_vs_full
DEEPSEEK,nhanes_laboratory.ins_j,v12_nullable_plus_sample_values,v01_full,v12_nullable_plus_sample_values vs v01_full,1,0.6666666666666666,0.6666659712791443,67627.0,160713.0,-93086.0,P7_vs_full
DEEPSEEK,nhanes_laboratory.phthte_j,v12_nullable_plus_sample_values,v01_full,v12_nullable_plus_sample_values vs v01_full,1,0.3333333333333333,0.572249193986257,67627.0,160713.0,-93086.0,P7_vs_full
DEEPSEEK,nhanes_laboratory.ssuvcm_j,v12_nullable_plus_sample_values,v01_full,v12_nullable_plus_sample_values vs v01_full,1,0.0,0.40086454153060913,67627.0,160713.0,-93086.0,P7_vs_full
DEEPSEEK,nhanes_laboratory.uio_j,v12_nullable_plus_sample_values,v01_full,v12_nullable_plus_sample_values vs v01_full,1,0.3333333333333333,0.7959025104840597,67627.0,160713.0,-93086.0,P7_vs_full
DEEPSEEK,nhanes_laboratory.vic_j,v12_nullable_plus_sample_values,v01_full,v12_nullable_plus_sample_values vs v01_full,1,0.6666666666666666,0.6666660904884338,67627.0,160713.0,-93086.0,P7_vs_full
DEEPSEEK,nhanes_laboratory.vid_j,v12_nullable_plus_sample_values,v01_full,v12_nullable_plus_sample_values vs v01_full,1,1.0,0.999999483426412,67627.0,160713.0,-93086.0,P7_vs_full
DEEPSEEK,nhanes_questionnaire.alq_j,v12_nullable_plus_sample_values,v01_full,v12_nullable_plus_sample_values vs v01_full,1,0.6666666666666666,0.9186143477757772,67627.0,160713.0,-93086.0,P7_vs_full
DEEPSEEK,nhanes_questionnaire.dpq_j,v12_nullable_plus_sample_values,v01_full,v12_nullable_plus_sample_values vs v01_full,1,1.0,0.999998946984609,67627.0,160713.0,-93086.0,P7_vs_full
DEEPSEEK,nhanes_questionnaire.hsq_j,v12_nullable_plus_sample_values,v01_full,v12_nullable_plus_sample_values vs v01_full,1,0.0,0.231310764948527,67627.0,160713.0,-93086.0,P7_vs_full
DEEPSEEK,nhanes_questionnaire.puqmec_j,v12_nullable_plus_sample_values,v01_full,v12_nullable_plus_sample_values vs v01_full,1,0.6666666666666666,0.6666661103566488,67627.0,160713.0,-93086.0,P7_vs_full
DEEPSEEK,nhanes_questionnaire.smqshs_j,v12_nullable_plus_sample_values,v01_full,v12_nullable_plus_sample_values vs v01_full,1,0.6666666666666666,0.952552874883016,67627.0,160713.0,-93086.0,P7_vs_full
DEEPSEEK,nhanes_questionnaire.whq_j,v12_nullable_plus_sample_values,v01_full,v12_nullable_plus_sample_values vs v01_full,1,0.3333333333333333,0.5136313637097677,67627.0,160713.0,-93086.0,P7_vs_full
DEEPSEEK,nhanes_demographics.demo_j,v13_nullable_plus_frequent_values,v01_full,v13_nullable_plus_frequent_values vs v01_full,1,0.3333333333333333,0.5853866338729858,68256.0,160713.0,-92457.0,P7_vs_full
DEEPSEEK,nhanes_dietary.ds1tot_j,v13_nullable_plus_frequent_values,v01_full,v13_nullable_plus_frequent_values vs v01_full,1,0.6666666666666666,0.9100055495897929,68256.0,160713.0,-92457.0,P7_vs_full
DEEPSEEK,nhanes_dietary.ds2ids_j,v13_nullable_plus_frequent_values,v01_full,v13_nullable_plus_frequent_values vs v01_full,1,0.6666666666666666,0.955013652642568,68256.0,160713.0,-92457.0,P7_vs_full
DEEPSEEK,nhanes_dietary.ds2tot_j,v13_nullable_plus_frequent_values,v01_full,v13_nullable_plus_frequent_values vs v01_full,1,1.0,0.9999993642171224,68256.0,160713.0,-92457.0,P7_vs_full
DEEPSEEK,nhanes_dietary.dsqids_j,v13_nullable_plus_frequent_values,v01_full,v13_nullable_plus_frequent_values vs v01_full,1,1.0,0.9999994238217672,68256.0,160713.0,-92457.0,P7_vs_full
DEEPSEEK,nhanes_dietary.dsqtot_j,v13_nullable_plus_frequent_values,v01_full,v13_nullable_plus_frequent_values vs v01_full,1,0.3333333333333333,0.8695573409398397,68256.0,160713.0,-92457.0,P7_vs_full
DEEPSEEK,nhanes_examination.bmx_j,v13_nullable_plus_frequent_values,v01_full,v13_nullable_plus_frequent_values vs v01_full,1,0.3333333333333333,0.8035175005594889,68256.0,160713.0,-92457.0,P7_vs_full
DEEPSEEK,nhanes_examination.bpx_j,v13_nullable_plus_frequent_values,v01_full,v13_nullable_plus_frequent_values vs v01_full,1,0.6666666666666666,0.6666662494341532,68256.0,160713.0,-92457.0,P7_vs_full
DEEPSEEK,nhanes_examination.bpxo_j,v13_nullable_plus_frequent_values,v01_full,v13_nullable_plus_frequent_values vs v01_full,1,0.0,0.27883915106455487,68256.0,160713.0,-92457.0,P7_vs_full
DEEPSEEK,nhanes_laboratory.cbc_j,v13_nullable_plus_frequent_values,v01_full,v13_nullable_plus_frequent_values vs v01_full,1,0.6666666666666666,0.8998598257700602,68256.0,160713.0,-92457.0,P7_vs_full
DEEPSEEK,nhanes_laboratory.fastqx_j,v13_nullable_plus_frequent_values,v01_full,v13_nullable_plus_frequent_values vs v01_full,1,0.6666666666666666,0.6666661699612936,68256.0,160713.0,-92457.0,P7_vs_full
DEEPSEEK,nhanes_laboratory.ghb_j,v13_nullable_plus_frequent_values,v01_full,v13_nullable_plus_frequent_values vs v01_full,1,0.6666666666666666,0.6666662494341532,68256.0,160713.0,-92457.0,P7_vs_full
DEEPSEEK,nhanes_laboratory.hepa_j,v13_nullable_plus_frequent_values,v01_full,v13_nullable_plus_frequent_values vs v01_full,1,0.3333333333333333,0.8032364249229431,68256.0,160713.0,-92457.0,P7_vs_full
DEEPSEEK,nhanes_laboratory.ins_j,v13_nullable_plus_frequent_values,v01_full,v13_nullable_plus_frequent_values vs v01_full,1,0.3333333333333333,0.6084417899449667,68256.0,160713.0,-92457.0,P7_vs_full
DEEPSEEK,nhanes_laboratory.phthte_j,v13_nullable_plus_frequent_values,v01_full,v13_nullable_plus_frequent_values vs v01_full,1,0.3333333333333333,0.8532221913337708,68256.0,160713.0,-92457.0,P7_vs_full
DEEPSEEK,nhanes_laboratory.ssuvcm_j,v13_nullable_plus_frequent_values,v01_full,v13_nullable_plus_frequent_values vs v01_full,1,0.0,0.3845913807551066,68256.0,160713.0,-92457.0,P7_vs_full
DEEPSEEK,nhanes_laboratory.uio_j,v13_nullable_plus_frequent_values,v01_full,v13_nullable_plus_frequent_values vs v01_full,1,0.3333333333333333,0.7131327191988627,68256.0,160713.0,-92457.0,P7_vs_full
DEEPSEEK,nhanes_laboratory.vic_j,v13_nullable_plus_frequent_values,v01_full,v13_nullable_plus_frequent_values vs v01_full,1,0.6666666666666666,0.6666660904884338,68256.0,160713.0,-92457.0,P7_vs_full
DEEPSEEK,nhanes_laboratory.vid_j,v13_nullable_plus_frequent_values,v01_full,v13_nullable_plus_frequent_values vs v01_full,1,1.0,0.999999483426412,68256.0,160713.0,-92457.0,P7_vs_full
DEEPSEEK,nhanes_questionnaire.alq_j,v13_nullable_plus_frequent_values,v01_full,v13_nullable_plus_frequent_values vs v01_full,1,1.0,0.9999992251396179,68256.0,160713.0,-92457.0,P7_vs_full
DEEPSEEK,nhanes_questionnaire.dpq_j,v13_nullable_plus_frequent_values,v01_full,v13_nullable_plus_frequent_values vs v01_full,1,1.0,0.999998946984609,68256.0,160713.0,-92457.0,P7_vs_full
DEEPSEEK,nhanes_questionnaire.hsq_j,v13_nullable_plus_frequent_values,v01_full,v13_nullable_plus_frequent_values vs v01_full,1,0.3333333333333333,0.5646438598632812,68256.0,160713.0,-92457.0,P7_vs_full
DEEPSEEK,nhanes_questionnaire.puqmec_j,v13_nullable_plus_frequent_values,v01_full,v13_nullable_plus_frequent_values vs v01_full,1,0.3333333333333333,0.772671123345693,68256.0,160713.0,-92457.0,P7_vs_full
DEEPSEEK,nhanes_questionnaire.smqshs_j,v13_nullable_plus_frequent_values,v01_full,v13_nullable_plus_frequent_values vs v01_full,1,0.3333333333333333,0.5669811566670736,68256.0,160713.0,-92457.0,P7_vs_full
DEEPSEEK,nhanes_questionnaire.whq_j,v13_nullable_plus_frequent_values,v01_full,v13_nullable_plus_frequent_values vs v01_full,1,1.0,0.9999994436899821,68256.0,160713.0,-92457.0,P7_vs_full
DEEPSEEK,nhanes_demographics.demo_j,v14_nullable_plus_numeric_stats,v01_full,v14_nullable_plus_numeric_stats vs v01_full,1,0.6666666666666666,0.6666662096977234,60880.0,160713.0,-99833.0,P7_vs_full
DEEPSEEK,nhanes_dietary.ds1tot_j,v14_nullable_plus_numeric_stats,v01_full,v14_nullable_plus_numeric_stats vs v01_full,1,0.6666666666666666,0.9100055495897929,60880.0,160713.0,-99833.0,P7_vs_full
DEEPSEEK,nhanes_dietary.ds2ids_j,v14_nullable_plus_numeric_stats,v01_full,v14_nullable_plus_numeric_stats vs v01_full,1,0.3333333333333333,0.7434117595354716,60880.0,160713.0,-99833.0,P7_vs_full
DEEPSEEK,nhanes_dietary.ds2tot_j,v14_nullable_plus_numeric_stats,v01_full,v14_nullable_plus_numeric_stats vs v01_full,1,1.0,0.9999993642171224,60880.0,160713.0,-99833.0,P7_vs_full
DEEPSEEK,nhanes_dietary.dsqids_j,v14_nullable_plus_numeric_stats,v01_full,v14_nullable_plus_numeric_stats vs v01_full,1,0.6666666666666666,0.6666662494341532,60880.0,160713.0,-99833.0,P7_vs_full
DEEPSEEK,nhanes_dietary.dsqtot_j,v14_nullable_plus_numeric_stats,v01_full,v14_nullable_plus_numeric_stats vs v01_full,1,0.6666666666666666,0.852213184038798,60880.0,160713.0,-99833.0,P7_vs_full
DEEPSEEK,nhanes_examination.bmx_j,v14_nullable_plus_numeric_stats,v01_full,v14_nullable_plus_numeric_stats vs v01_full,1,0.3333333333333333,0.5595971941947937,60880.0,160713.0,-99833.0,P7_vs_full
DEEPSEEK,nhanes_examination.bpx_j,v14_nullable_plus_numeric_stats,v01_full,v14_nullable_plus_numeric_stats vs v01_full,1,0.6666666666666666,0.6666662494341532,60880.0,160713.0,-99833.0,P7_vs_full
DEEPSEEK,nhanes_examination.bpxo_j,v14_nullable_plus_numeric_stats,v01_full,v14_nullable_plus_numeric_stats vs v01_full,1,1.0,0.9999993642171224,60880.0,160713.0,-99833.0,P7_vs_full
DEEPSEEK,nhanes_laboratory.cbc_j,v14_nullable_plus_numeric_stats,v01_full,v14_nullable_plus_numeric_stats vs v01_full,1,1.0,0.9999993443489075,60880.0,160713.0,-99833.0,P7_vs_full
DEEPSEEK,nhanes_laboratory.fastqx_j,v14_nullable_plus_numeric_stats,v01_full,v14_nullable_plus_numeric_stats vs v01_full,1,0.6666666666666666,0.6666661699612936,60880.0,160713.0,-99833.0,P7_vs_full
DEEPSEEK,nhanes_laboratory.ghb_j,v14_nullable_plus_numeric_stats,v01_full,v14_nullable_plus_numeric_stats vs v01_full,1,1.0,0.9999993046124777,60880.0,160713.0,-99833.0,P7_vs_full
DEEPSEEK,nhanes_laboratory.hepa_j,v14_nullable_plus_numeric_stats,v01_full,v14_nullable_plus_numeric_stats vs v01_full,1,0.0,0.6650558908780416,60880.0,160713.0,-99833.0,P7_vs_full
DEEPSEEK,nhanes_laboratory.ins_j,v14_nullable_plus_numeric_stats,v01_full,v14_nullable_plus_numeric_stats vs v01_full,1,0.6666666666666666,0.8408877849578857,60880.0,160713.0,-99833.0,P7_vs_full
DEEPSEEK,nhanes_laboratory.phthte_j,v14_nullable_plus_numeric_stats,v01_full,v14_nullable_plus_numeric_stats vs v01_full,1,0.0,0.7611164251963297,60880.0,160713.0,-99833.0,P7_vs_full
DEEPSEEK,nhanes_laboratory.ssuvcm_j,v14_nullable_plus_numeric_stats,v01_full,v14_nullable_plus_numeric_stats vs v01_full,1,0.0,0.41980340083440143,60880.0,160713.0,-99833.0,P7_vs_full
DEEPSEEK,nhanes_laboratory.uio_j,v14_nullable_plus_numeric_stats,v01_full,v14_nullable_plus_numeric_stats vs v01_full,1,0.3333333333333333,0.511269748210907,60880.0,160713.0,-99833.0,P7_vs_full
DEEPSEEK,nhanes_laboratory.vic_j,v14_nullable_plus_numeric_stats,v01_full,v14_nullable_plus_numeric_stats vs v01_full,1,0.6666666666666666,0.6666660904884338,60880.0,160713.0,-99833.0,P7_vs_full
DEEPSEEK,nhanes_laboratory.vid_j,v14_nullable_plus_numeric_stats,v01_full,v14_nullable_plus_numeric_stats vs v01_full,1,0.0,0.5111250082651774,60880.0,160713.0,-99833.0,P7_vs_full
DEEPSEEK,nhanes_questionnaire.alq_j,v14_nullable_plus_numeric_stats,v01_full,v14_nullable_plus_numeric_stats vs v01_full,1,0.6666666666666666,0.9186143477757772,60880.0,160713.0,-99833.0,P7_vs_full
DEEPSEEK,nhanes_questionnaire.dpq_j,v14_nullable_plus_numeric_stats,v01_full,v14_nullable_plus_numeric_stats vs v01_full,1,0.3333333333333333,0.7653478384017944,60880.0,160713.0,-99833.0,P7_vs_full
DEEPSEEK,nhanes_questionnaire.hsq_j,v14_nullable_plus_numeric_stats,v01_full,v14_nullable_plus_numeric_stats vs v01_full,1,0.3333333333333333,0.8862019578615824,60880.0,160713.0,-99833.0,P7_vs_full
DEEPSEEK,nhanes_questionnaire.puqmec_j,v14_nullable_plus_numeric_stats,v01_full,v14_nullable_plus_numeric_stats vs v01_full,1,0.3333333333333333,0.7726719578107198,60880.0,160713.0,-99833.0,P7_vs_full
DEEPSEEK,nhanes_questionnaire.smqshs_j,v14_nullable_plus_numeric_stats,v01_full,v14_nullable_plus_numeric_stats vs v01_full,1,0.6666666666666666,0.9435304800669352,60880.0,160713.0,-99833.0,P7_vs_full
DEEPSEEK,nhanes_questionnaire.whq_j,v14_nullable_plus_numeric_stats,v01_full,v14_nullable_plus_numeric_stats vs v01_full,1,0.3333333333333333,0.3333331346511841,60880.0,160713.0,-99833.0,P7_vs_full
DEEPSEEK,nhanes_demographics.demo_j,v15_sample_rows_vs_sample_values,v01_full,v15_sample_rows_vs_sample_values vs v01_full,1,0.3333333333333333,0.5853866338729858,82376.0,160713.0,-78337.0,P7_vs_full
DEEPSEEK,nhanes_dietary.ds1tot_j,v15_sample_rows_vs_sample_values,v01_full,v15_sample_rows_vs_sample_values vs v01_full,1,0.6666666666666666,0.9100055495897929,82376.0,160713.0,-78337.0,P7_vs_full
DEEPSEEK,nhanes_dietary.ds2ids_j,v15_sample_rows_vs_sample_values,v01_full,v15_sample_rows_vs_sample_values vs v01_full,1,1.0,0.9999994436899821,82376.0,160713.0,-78337.0,P7_vs_full
DEEPSEEK,nhanes_dietary.ds2tot_j,v15_sample_rows_vs_sample_values,v01_full,v15_sample_rows_vs_sample_values vs v01_full,1,1.0,0.9999993642171224,82376.0,160713.0,-78337.0,P7_vs_full
DEEPSEEK,nhanes_dietary.dsqids_j,v15_sample_rows_vs_sample_values,v01_full,v15_sample_rows_vs_sample_values vs v01_full,1,0.6666666666666666,0.9180299441019694,82376.0,160713.0,-78337.0,P7_vs_full
DEEPSEEK,nhanes_dietary.dsqtot_j,v15_sample_rows_vs_sample_values,v01_full,v15_sample_rows_vs_sample_values vs v01_full,1,0.6666666666666666,0.852213184038798,82376.0,160713.0,-78337.0,P7_vs_full
DEEPSEEK,nhanes_examination.bmx_j,v15_sample_rows_vs_sample_values,v01_full,v15_sample_rows_vs_sample_values vs v01_full,1,0.3333333333333333,0.8061483899752299,82376.0,160713.0,-78337.0,P7_vs_full
DEEPSEEK,nhanes_examination.bpx_j,v15_sample_rows_vs_sample_values,v01_full,v15_sample_rows_vs_sample_values vs v01_full,1,1.0,0.9999994039535522,82376.0,160713.0,-78337.0,P7_vs_full
DEEPSEEK,nhanes_examination.bpxo_j,v15_sample_rows_vs_sample_values,v01_full,v15_sample_rows_vs_sample_values vs v01_full,1,1.0,0.9999993642171224,82376.0,160713.0,-78337.0,P7_vs_full
DEEPSEEK,nhanes_laboratory.cbc_j,v15_sample_rows_vs_sample_values,v01_full,v15_sample_rows_vs_sample_values vs v01_full,1,0.3333333333333333,0.7784649928410848,82376.0,160713.0,-78337.0,P7_vs_full
DEEPSEEK,nhanes_laboratory.fastqx_j,v15_sample_rows_vs_sample_values,v01_full,v15_sample_rows_vs_sample_values vs v01_full,1,0.6666666666666666,0.9727948109308878,82376.0,160713.0,-78337.0,P7_vs_full
DEEPSEEK,nhanes_laboratory.ghb_j,v15_sample_rows_vs_sample_values,v01_full,v15_sample_rows_vs_sample_values vs v01_full,1,1.0,0.9999993046124777,82376.0,160713.0,-78337.0,P7_vs_full
DEEPSEEK,nhanes_laboratory.hepa_j,v15_sample_rows_vs_sample_values,v01_full,v15_sample_rows_vs_sample_values vs v01_full,1,0.6666666666666666,0.9199876189231873,82376.0,160713.0,-78337.0,P7_vs_full
DEEPSEEK,nhanes_laboratory.ins_j,v15_sample_rows_vs_sample_values,v01_full,v15_sample_rows_vs_sample_values vs v01_full,1,0.6666666666666666,0.9594087600708008,82376.0,160713.0,-78337.0,P7_vs_full
DEEPSEEK,nhanes_laboratory.phthte_j,v15_sample_rows_vs_sample_values,v01_full,v15_sample_rows_vs_sample_values vs v01_full,1,0.3333333333333333,0.833404541015625,82376.0,160713.0,-78337.0,P7_vs_full
DEEPSEEK,nhanes_laboratory.ssuvcm_j,v15_sample_rows_vs_sample_values,v01_full,v15_sample_rows_vs_sample_values vs v01_full,1,0.0,0.4111857811609904,82376.0,160713.0,-78337.0,P7_vs_full
DEEPSEEK,nhanes_laboratory.uio_j,v15_sample_rows_vs_sample_values,v01_full,v15_sample_rows_vs_sample_values vs v01_full,1,1.0,0.9999990661938986,82376.0,160713.0,-78337.0,P7_vs_full
DEEPSEEK,nhanes_laboratory.vic_j,v15_sample_rows_vs_sample_values,v01_full,v15_sample_rows_vs_sample_values vs v01_full,1,0.6666666666666666,0.6666660904884338,82376.0,160713.0,-78337.0,P7_vs_full
DEEPSEEK,nhanes_laboratory.vid_j,v15_sample_rows_vs_sample_values,v01_full,v15_sample_rows_vs_sample_values vs v01_full,1,1.0,0.999999483426412,82376.0,160713.0,-78337.0,P7_vs_full
DEEPSEEK,nhanes_questionnaire.alq_j,v15_sample_rows_vs_sample_values,v01_full,v15_sample_rows_vs_sample_values vs v01_full,1,0.3333333333333333,0.8274076581001282,82376.0,160713.0,-78337.0,P7_vs_full
DEEPSEEK,nhanes_questionnaire.dpq_j,v15_sample_rows_vs_sample_values,v01_full,v15_sample_rows_vs_sample_values vs v01_full,1,0.3333333333333333,0.7653478384017944,82376.0,160713.0,-78337.0,P7_vs_full
DEEPSEEK,nhanes_questionnaire.hsq_j,v15_sample_rows_vs_sample_values,v01_full,v15_sample_rows_vs_sample_values vs v01_full,1,0.3333333333333333,0.8508860071500143,82376.0,160713.0,-78337.0,P7_vs_full
DEEPSEEK,nhanes_questionnaire.puqmec_j,v15_sample_rows_vs_sample_values,v01_full,v15_sample_rows_vs_sample_values vs v01_full,1,0.4,0.3999997615814209,82376.0,160713.0,-78337.0,P7_vs_full
DEEPSEEK,nhanes_questionnaire.smqshs_j,v15_sample_rows_vs_sample_values,v01_full,v15_sample_rows_vs_sample_values vs v01_full,1,1.0,0.9999992450078329,82376.0,160713.0,-78337.0,P7_vs_full
DEEPSEEK,nhanes_questionnaire.whq_j,v15_sample_rows_vs_sample_values,v01_full,v15_sample_rows_vs_sample_values vs v01_full,1,0.6666666666666666,0.6666662693023682,82376.0,160713.0,-78337.0,P7_vs_full
DEEPSEEK,nhanes_demographics.demo_j,v16_sample_rows_vs_frequent_values,v01_full,v16_sample_rows_vs_frequent_values vs v01_full,1,0.6666666666666666,0.6666662096977234,83005.0,160713.0,-77708.0,P7_vs_full
DEEPSEEK,nhanes_dietary.ds1tot_j,v16_sample_rows_vs_frequent_values,v01_full,v16_sample_rows_vs_frequent_values vs v01_full,1,0.6666666666666666,0.9100055495897929,83005.0,160713.0,-77708.0,P7_vs_full
DEEPSEEK,nhanes_dietary.ds2ids_j,v16_sample_rows_vs_frequent_values,v01_full,v16_sample_rows_vs_frequent_values vs v01_full,1,0.6666666666666666,0.955013652642568,83005.0,160713.0,-77708.0,P7_vs_full
DEEPSEEK,nhanes_dietary.ds2tot_j,v16_sample_rows_vs_frequent_values,v01_full,v16_sample_rows_vs_frequent_values vs v01_full,1,1.0,0.9999993642171224,83005.0,160713.0,-77708.0,P7_vs_full
DEEPSEEK,nhanes_dietary.dsqids_j,v16_sample_rows_vs_frequent_values,v01_full,v16_sample_rows_vs_frequent_values vs v01_full,1,1.0,0.9999994238217672,83005.0,160713.0,-77708.0,P7_vs_full
DEEPSEEK,nhanes_dietary.dsqtot_j,v16_sample_rows_vs_frequent_values,v01_full,v16_sample_rows_vs_frequent_values vs v01_full,1,0.6666666666666666,0.8851188023885092,83005.0,160713.0,-77708.0,P7_vs_full
DEEPSEEK,nhanes_examination.bmx_j,v16_sample_rows_vs_frequent_values,v01_full,v16_sample_rows_vs_frequent_values vs v01_full,1,0.3333333333333333,0.5931140780448914,83005.0,160713.0,-77708.0,P7_vs_full
DEEPSEEK,nhanes_examination.bpx_j,v16_sample_rows_vs_frequent_values,v01_full,v16_sample_rows_vs_frequent_values vs v01_full,1,1.0,0.9999994039535522,83005.0,160713.0,-77708.0,P7_vs_full
DEEPSEEK,nhanes_examination.bpxo_j,v16_sample_rows_vs_frequent_values,v01_full,v16_sample_rows_vs_frequent_values vs v01_full,1,0.0,0.27883915106455487,83005.0,160713.0,-77708.0,P7_vs_full
DEEPSEEK,nhanes_laboratory.cbc_j,v16_sample_rows_vs_frequent_values,v01_full,v16_sample_rows_vs_frequent_values vs v01_full,1,0.3333333333333333,0.7784649928410848,83005.0,160713.0,-77708.0,P7_vs_full
DEEPSEEK,nhanes_laboratory.fastqx_j,v16_sample_rows_vs_frequent_values,v01_full,v16_sample_rows_vs_frequent_values vs v01_full,1,0.6666666666666666,0.9727948109308878,83005.0,160713.0,-77708.0,P7_vs_full
DEEPSEEK,nhanes_laboratory.ghb_j,v16_sample_rows_vs_frequent_values,v01_full,v16_sample_rows_vs_frequent_values vs v01_full,1,1.0,0.9999993046124777,83005.0,160713.0,-77708.0,P7_vs_full
DEEPSEEK,nhanes_laboratory.hepa_j,v16_sample_rows_vs_frequent_values,v01_full,v16_sample_rows_vs_frequent_values vs v01_full,1,0.3333333333333333,0.6188671588897705,83005.0,160713.0,-77708.0,P7_vs_full
DEEPSEEK,nhanes_laboratory.ins_j,v16_sample_rows_vs_frequent_values,v01_full,v16_sample_rows_vs_frequent_values vs v01_full,1,0.6666666666666666,0.9594087600708008,83005.0,160713.0,-77708.0,P7_vs_full
DEEPSEEK,nhanes_laboratory.phthte_j,v16_sample_rows_vs_frequent_values,v01_full,v16_sample_rows_vs_frequent_values vs v01_full,1,0.3333333333333333,0.833404541015625,83005.0,160713.0,-77708.0,P7_vs_full
DEEPSEEK,nhanes_laboratory.ssuvcm_j,v16_sample_rows_vs_frequent_values,v01_full,v16_sample_rows_vs_frequent_values vs v01_full,1,0.0,0.4541706442832947,83005.0,160713.0,-77708.0,P7_vs_full
DEEPSEEK,nhanes_laboratory.uio_j,v16_sample_rows_vs_frequent_values,v01_full,v16_sample_rows_vs_frequent_values vs v01_full,1,0.3333333333333333,0.7131327191988627,83005.0,160713.0,-77708.0,P7_vs_full
DEEPSEEK,nhanes_laboratory.vic_j,v16_sample_rows_vs_frequent_values,v01_full,v16_sample_rows_vs_frequent_values vs v01_full,1,0.6666666666666666,0.6666660904884338,83005.0,160713.0,-77708.0,P7_vs_full
DEEPSEEK,nhanes_laboratory.vid_j,v16_sample_rows_vs_frequent_values,v01_full,v16_sample_rows_vs_frequent_values vs v01_full,1,1.0,0.999999483426412,83005.0,160713.0,-77708.0,P7_vs_full
DEEPSEEK,nhanes_questionnaire.alq_j,v16_sample_rows_vs_frequent_values,v01_full,v16_sample_rows_vs_frequent_values vs v01_full,1,1.0,0.9999992251396179,83005.0,160713.0,-77708.0,P7_vs_full
DEEPSEEK,nhanes_questionnaire.dpq_j,v16_sample_rows_vs_frequent_values,v01_full,v16_sample_rows_vs_frequent_values vs v01_full,1,0.3333333333333333,0.7653478384017944,83005.0,160713.0,-77708.0,P7_vs_full
DEEPSEEK,nhanes_questionnaire.hsq_j,v16_sample_rows_vs_frequent_values,v01_full,v16_sample_rows_vs_frequent_values vs v01_full,1,0.3333333333333333,0.5646438598632812,83005.0,160713.0,-77708.0,P7_vs_full
DEEPSEEK,nhanes_questionnaire.puqmec_j,v16_sample_rows_vs_frequent_values,v01_full,v16_sample_rows_vs_frequent_values vs v01_full,1,0.3333333333333333,0.5365008115768433,83005.0,160713.0,-77708.0,P7_vs_full
DEEPSEEK,nhanes_questionnaire.smqshs_j,v16_sample_rows_vs_frequent_values,v01_full,v16_sample_rows_vs_frequent_values vs v01_full,1,0.6666666666666666,0.6666660308837891,83005.0,160713.0,-77708.0,P7_vs_full
DEEPSEEK,nhanes_questionnaire.whq_j,v16_sample_rows_vs_frequent_values,v01_full,v16_sample_rows_vs_frequent_values vs v01_full,1,0.0,0.20722246170043945,83005.0,160713.0,-77708.0,P7_vs_full
DEEPSEEK,nhanes_demographics.demo_j,v17_sample_rows_plus_both_values,v01_full,v17_sample_rows_plus_both_values vs v01_full,1,0.6666666666666666,0.6666662096977234,116031.0,160713.0,-44682.0,P7_vs_full
DEEPSEEK,nhanes_dietary.ds1tot_j,v17_sample_rows_plus_both_values,v01_full,v17_sample_rows_plus_both_values vs v01_full,1,1.0,0.9999992648760477,116031.0,160713.0,-44682.0,P7_vs_full
DEEPSEEK,nhanes_dietary.ds2ids_j,v17_sample_rows_plus_both_values,v01_full,v17_sample_rows_plus_both_values vs v01_full,1,0.3333333333333333,0.5677495996157328,116031.0,160713.0,-44682.0,P7_vs_full
DEEPSEEK,nhanes_dietary.ds2tot_j,v17_sample_rows_plus_both_values,v01_full,v17_sample_rows_plus_both_values vs v01_full,1,1.0,0.9999993642171224,116031.0,160713.0,-44682.0,P7_vs_full
DEEPSEEK,nhanes_dietary.dsqids_j,v17_sample_rows_plus_both_values,v01_full,v17_sample_rows_plus_both_values vs v01_full,1,0.3333333333333333,0.578583300113678,116031.0,160713.0,-44682.0,P7_vs_full
DEEPSEEK,nhanes_dietary.dsqtot_j,v17_sample_rows_plus_both_values,v01_full,v17_sample_rows_plus_both_values vs v01_full,1,0.3333333333333333,0.8695573409398397,116031.0,160713.0,-44682.0,P7_vs_full
DEEPSEEK,nhanes_examination.bmx_j,v17_sample_rows_plus_both_values,v01_full,v17_sample_rows_plus_both_values vs v01_full,1,0.3333333333333333,0.5931140780448914,116031.0,160713.0,-44682.0,P7_vs_full
DEEPSEEK,nhanes_examination.bpx_j,v17_sample_rows_plus_both_values,v01_full,v17_sample_rows_plus_both_values vs v01_full,1,1.0,0.9999994039535522,116031.0,160713.0,-44682.0,P7_vs_full
DEEPSEEK,nhanes_examination.bpxo_j,v17_sample_rows_plus_both_values,v01_full,v17_sample_rows_plus_both_values vs v01_full,1,0.6666666666666666,0.6666662096977234,116031.0,160713.0,-44682.0,P7_vs_full
DEEPSEEK,nhanes_laboratory.cbc_j,v17_sample_rows_plus_both_values,v01_full,v17_sample_rows_plus_both_values vs v01_full,1,0.3333333333333333,0.7784649928410848,116031.0,160713.0,-44682.0,P7_vs_full
DEEPSEEK,nhanes_laboratory.fastqx_j,v17_sample_rows_plus_both_values,v01_full,v17_sample_rows_plus_both_values vs v01_full,1,0.3333333333333333,0.6427116990089417,116031.0,160713.0,-44682.0,P7_vs_full
DEEPSEEK,nhanes_laboratory.ghb_j,v17_sample_rows_plus_both_values,v01_full,v17_sample_rows_plus_both_values vs v01_full,1,1.0,0.9999993046124777,116031.0,160713.0,-44682.0,P7_vs_full
DEEPSEEK,nhanes_laboratory.hepa_j,v17_sample_rows_plus_both_values,v01_full,v17_sample_rows_plus_both_values vs v01_full,1,1.0,0.999999463558197,116031.0,160713.0,-44682.0,P7_vs_full
DEEPSEEK,nhanes_laboratory.ins_j,v17_sample_rows_plus_both_values,v01_full,v17_sample_rows_plus_both_values vs v01_full,1,0.6666666666666666,0.8408877849578857,116031.0,160713.0,-44682.0,P7_vs_full
DEEPSEEK,nhanes_laboratory.phthte_j,v17_sample_rows_plus_both_values,v01_full,v17_sample_rows_plus_both_values vs v01_full,1,0.6666666666666666,0.9476392070452372,116031.0,160713.0,-44682.0,P7_vs_full
DEEPSEEK,nhanes_laboratory.ssuvcm_j,v17_sample_rows_plus_both_values,v01_full,v17_sample_rows_plus_both_values vs v01_full,1,0.3333333333333333,0.6260757644971212,116031.0,160713.0,-44682.0,P7_vs_full
DEEPSEEK,nhanes_laboratory.uio_j,v17_sample_rows_plus_both_values,v01_full,v17_sample_rows_plus_both_values vs v01_full,1,1.0,0.9999990661938986,116031.0,160713.0,-44682.0,P7_vs_full
DEEPSEEK,nhanes_laboratory.vic_j,v17_sample_rows_plus_both_values,v01_full,v17_sample_rows_plus_both_values vs v01_full,1,0.6666666666666666,0.6666660904884338,116031.0,160713.0,-44682.0,P7_vs_full
DEEPSEEK,nhanes_laboratory.vid_j,v17_sample_rows_plus_both_values,v01_full,v17_sample_rows_plus_both_values vs v01_full,1,1.0,0.999999483426412,116031.0,160713.0,-44682.0,P7_vs_full
DEEPSEEK,nhanes_questionnaire.alq_j,v17_sample_rows_plus_both_values,v01_full,v17_sample_rows_plus_both_values vs v01_full,1,0.6666666666666666,0.9087925354639689,116031.0,160713.0,-44682.0,P7_vs_full
DEEPSEEK,nhanes_questionnaire.dpq_j,v17_sample_rows_plus_both_values,v01_full,v17_sample_rows_plus_both_values vs v01_full,1,0.6666666666666666,0.6666659514109293,116031.0,160713.0,-44682.0,P7_vs_full
DEEPSEEK,nhanes_questionnaire.hsq_j,v17_sample_rows_plus_both_values,v01_full,v17_sample_rows_plus_both_values vs v01_full,1,0.3333333333333333,0.5646438598632812,116031.0,160713.0,-44682.0,P7_vs_full
DEEPSEEK,nhanes_questionnaire.puqmec_j,v17_sample_rows_plus_both_values,v01_full,v17_sample_rows_plus_both_values vs v01_full,1,0.3333333333333333,0.5490219990412394,116031.0,160713.0,-44682.0,P7_vs_full
DEEPSEEK,nhanes_questionnaire.smqshs_j,v17_sample_rows_plus_both_values,v01_full,v17_sample_rows_plus_both_values vs v01_full,1,0.6666666666666666,0.9384351571400961,116031.0,160713.0,-44682.0,P7_vs_full
DEEPSEEK,nhanes_questionnaire.whq_j,v17_sample_rows_plus_both_values,v01_full,v17_sample_rows_plus_both_values vs v01_full,1,0.6666666666666666,0.6666662693023682,116031.0,160713.0,-44682.0,P7_vs_full
DEEPSEEK,nhanes_demographics.demo_j,v18_fk_nullable_sample_values,v01_full,v18_fk_nullable_sample_values vs v01_full,1,0.0,0.4288888971010844,67877.0,160713.0,-92836.0,P7_vs_full
DEEPSEEK,nhanes_dietary.ds1tot_j,v18_fk_nullable_sample_values,v01_full,v18_fk_nullable_sample_values vs v01_full,1,0.6666666666666666,0.9100055495897929,67877.0,160713.0,-92836.0,P7_vs_full
DEEPSEEK,nhanes_dietary.ds2ids_j,v18_fk_nullable_sample_values,v01_full,v18_fk_nullable_sample_values vs v01_full,1,0.3333333333333333,0.7088577747344971,67877.0,160713.0,-92836.0,P7_vs_full
DEEPSEEK,nhanes_dietary.ds2tot_j,v18_fk_nullable_sample_values,v01_full,v18_fk_nullable_sample_values vs v01_full,1,1.0,0.9999993642171224,67877.0,160713.0,-92836.0,P7_vs_full
DEEPSEEK,nhanes_dietary.dsqids_j,v18_fk_nullable_sample_values,v01_full,v18_fk_nullable_sample_values vs v01_full,1,0.6666666666666666,0.6666662494341532,67877.0,160713.0,-92836.0,P7_vs_full
DEEPSEEK,nhanes_dietary.dsqtot_j,v18_fk_nullable_sample_values,v01_full,v18_fk_nullable_sample_values vs v01_full,1,0.6666666666666666,0.964183489481608,67877.0,160713.0,-92836.0,P7_vs_full
DEEPSEEK,nhanes_examination.bmx_j,v18_fk_nullable_sample_values,v01_full,v18_fk_nullable_sample_values vs v01_full,1,0.3333333333333333,0.5595971941947937,67877.0,160713.0,-92836.0,P7_vs_full
DEEPSEEK,nhanes_examination.bpx_j,v18_fk_nullable_sample_values,v01_full,v18_fk_nullable_sample_values vs v01_full,1,0.3333333333333333,0.612172265847524,67877.0,160713.0,-92836.0,P7_vs_full
DEEPSEEK,nhanes_examination.bpxo_j,v18_fk_nullable_sample_values,v01_full,v18_fk_nullable_sample_values vs v01_full,1,0.0,0.451898455619812,67877.0,160713.0,-92836.0,P7_vs_full
DEEPSEEK,nhanes_laboratory.cbc_j,v18_fk_nullable_sample_values,v01_full,v18_fk_nullable_sample_values vs v01_full,1,0.3333333333333333,0.7784649928410848,67877.0,160713.0,-92836.0,P7_vs_full
DEEPSEEK,nhanes_laboratory.fastqx_j,v18_fk_nullable_sample_values,v01_full,v18_fk_nullable_sample_values vs v01_full,1,0.6666666666666666,0.6666661699612936,67877.0,160713.0,-92836.0,P7_vs_full
DEEPSEEK,nhanes_laboratory.ghb_j,v18_fk_nullable_sample_values,v01_full,v18_fk_nullable_sample_values vs v01_full,1,1.0,0.9999993046124777,67877.0,160713.0,-92836.0,P7_vs_full
DEEPSEEK,nhanes_laboratory.hepa_j,v18_fk_nullable_sample_values,v01_full,v18_fk_nullable_sample_values vs v01_full,1,0.3333333333333333,0.8032364249229431,67877.0,160713.0,-92836.0,P7_vs_full
DEEPSEEK,nhanes_laboratory.ins_j,v18_fk_nullable_sample_values,v01_full,v18_fk_nullable_sample_values vs v01_full,1,0.6666666666666666,0.6666659712791443,67877.0,160713.0,-92836.0,P7_vs_full
DEEPSEEK,nhanes_laboratory.phthte_j,v18_fk_nullable_sample_values,v01_full,v18_fk_nullable_sample_values vs v01_full,1,1.0,0.9999993046124777,67877.0,160713.0,-92836.0,P7_vs_full
DEEPSEEK,nhanes_laboratory.ssuvcm_j,v18_fk_nullable_sample_values,v01_full,v18_fk_nullable_sample_values vs v01_full,1,0.0,0.41980340083440143,67877.0,160713.0,-92836.0,P7_vs_full
DEEPSEEK,nhanes_laboratory.uio_j,v18_fk_nullable_sample_values,v01_full,v18_fk_nullable_sample_values vs v01_full,1,0.6666666666666666,0.890035351117452,67877.0,160713.0,-92836.0,P7_vs_full
DEEPSEEK,nhanes_laboratory.vic_j,v18_fk_nullable_sample_values,v01_full,v18_fk_nullable_sample_values vs v01_full,1,0.6666666666666666,0.6666660904884338,67877.0,160713.0,-92836.0,P7_vs_full
DEEPSEEK,nhanes_laboratory.vid_j,v18_fk_nullable_sample_values,v01_full,v18_fk_nullable_sample_values vs v01_full,1,0.3333333333333333,0.8290144205093384,67877.0,160713.0,-92836.0,P7_vs_full
DEEPSEEK,nhanes_questionnaire.alq_j,v18_fk_nullable_sample_values,v01_full,v18_fk_nullable_sample_values vs v01_full,1,0.6666666666666666,0.9186143477757772,67877.0,160713.0,-92836.0,P7_vs_full
DEEPSEEK,nhanes_questionnaire.dpq_j,v18_fk_nullable_sample_values,v01_full,v18_fk_nullable_sample_values vs v01_full,1,1.0,0.999998946984609,67877.0,160713.0,-92836.0,P7_vs_full
DEEPSEEK,nhanes_questionnaire.hsq_j,v18_fk_nullable_sample_values,v01_full,v18_fk_nullable_sample_values vs v01_full,1,0.6666666666666666,0.897976835568746,67877.0,160713.0,-92836.0,P7_vs_full
DEEPSEEK,nhanes_questionnaire.puqmec_j,v18_fk_nullable_sample_values,v01_full,v18_fk_nullable_sample_values vs v01_full,1,0.3333333333333333,0.5468668937683105,67877.0,160713.0,-92836.0,P7_vs_full
DEEPSEEK,nhanes_questionnaire.smqshs_j,v18_fk_nullable_sample_values,v01_full,v18_fk_nullable_sample_values vs v01_full,1,0.6666666666666666,0.9435304800669352,67877.0,160713.0,-92836.0,P7_vs_full
DEEPSEEK,nhanes_questionnaire.whq_j,v18_fk_nullable_sample_values,v01_full,v18_fk_nullable_sample_values vs v01_full,1,0.6666666666666666,0.6666662693023682,67877.0,160713.0,-92836.0,P7_vs_full
DEEPSEEK,nhanes_demographics.demo_j,v19_fk_nullable_frequent_values,v01_full,v19_fk_nullable_frequent_values vs v01_full,1,0.3333333333333333,0.3333331147829692,68506.0,160713.0,-92207.0,P7_vs_full
DEEPSEEK,nhanes_dietary.ds1tot_j,v19_fk_nullable_frequent_values,v01_full,v19_fk_nullable_frequent_values vs v01_full,1,0.6666666666666666,0.9100055495897929,68506.0,160713.0,-92207.0,P7_vs_full
DEEPSEEK,nhanes_dietary.ds2ids_j,v19_fk_nullable_frequent_values,v01_full,v19_fk_nullable_frequent_values vs v01_full,1,0.3333333333333333,0.7434117595354716,68506.0,160713.0,-92207.0,P7_vs_full
DEEPSEEK,nhanes_dietary.ds2tot_j,v19_fk_nullable_frequent_values,v01_full,v19_fk_nullable_frequent_values vs v01_full,1,1.0,0.9999993642171224,68506.0,160713.0,-92207.0,P7_vs_full
DEEPSEEK,nhanes_dietary.dsqids_j,v19_fk_nullable_frequent_values,v01_full,v19_fk_nullable_frequent_values vs v01_full,1,0.3333333333333333,0.8155028025309244,68506.0,160713.0,-92207.0,P7_vs_full
DEEPSEEK,nhanes_dietary.dsqtot_j,v19_fk_nullable_frequent_values,v01_full,v19_fk_nullable_frequent_values vs v01_full,1,0.0,0.6856524149576823,68506.0,160713.0,-92207.0,P7_vs_full
DEEPSEEK,nhanes_examination.bmx_j,v19_fk_nullable_frequent_values,v01_full,v19_fk_nullable_frequent_values vs v01_full,1,0.3333333333333333,0.7989372412363688,68506.0,160713.0,-92207.0,P7_vs_full
DEEPSEEK,nhanes_examination.bpx_j,v19_fk_nullable_frequent_values,v01_full,v19_fk_nullable_frequent_values vs v01_full,1,0.6666666666666666,0.9108405907948812,68506.0,160713.0,-92207.0,P7_vs_full
DEEPSEEK,nhanes_examination.bpxo_j,v19_fk_nullable_frequent_values,v01_full,v19_fk_nullable_frequent_values vs v01_full,1,1.0,0.9999993642171224,68506.0,160713.0,-92207.0,P7_vs_full
DEEPSEEK,nhanes_laboratory.cbc_j,v19_fk_nullable_frequent_values,v01_full,v19_fk_nullable_frequent_values vs v01_full,1,0.3333333333333333,0.7784649928410848,68506.0,160713.0,-92207.0,P7_vs_full
DEEPSEEK,nhanes_laboratory.fastqx_j,v19_fk_nullable_frequent_values,v01_full,v19_fk_nullable_frequent_values vs v01_full,1,0.3333333333333333,0.33333301544189453,68506.0,160713.0,-92207.0,P7_vs_full
DEEPSEEK,nhanes_laboratory.ghb_j,v19_fk_nullable_frequent_values,v01_full,v19_fk_nullable_frequent_values vs v01_full,1,0.3333333333333333,0.5884226361910502,68506.0,160713.0,-92207.0,P7_vs_full
DEEPSEEK,nhanes_laboratory.hepa_j,v19_fk_nullable_frequent_values,v01_full,v19_fk_nullable_frequent_values vs v01_full,1,0.0,0.47472522656122845,68506.0,160713.0,-92207.0,P7_vs_full
DEEPSEEK,nhanes_laboratory.ins_j,v19_fk_nullable_frequent_values,v01_full,v19_fk_nullable_frequent_values vs v01_full,1,0.3333333333333333,0.5500173568725586,68506.0,160713.0,-92207.0,P7_vs_full
DEEPSEEK,nhanes_laboratory.phthte_j,v19_fk_nullable_frequent_values,v01_full,v19_fk_nullable_frequent_values vs v01_full,1,0.6666666666666666,0.9476392070452372,68506.0,160713.0,-92207.0,P7_vs_full
DEEPSEEK,nhanes_laboratory.ssuvcm_j,v19_fk_nullable_frequent_values,v01_full,v19_fk_nullable_frequent_values vs v01_full,1,0.0,0.40086454153060913,68506.0,160713.0,-92207.0,P7_vs_full
DEEPSEEK,nhanes_laboratory.uio_j,v19_fk_nullable_frequent_values,v01_full,v19_fk_nullable_frequent_values vs v01_full,1,0.3333333333333333,0.7109183867772421,68506.0,160713.0,-92207.0,P7_vs_full
DEEPSEEK,nhanes_laboratory.vic_j,v19_fk_nullable_frequent_values,v01_full,v19_fk_nullable_frequent_values vs v01_full,1,0.6666666666666666,0.6666660904884338,68506.0,160713.0,-92207.0,P7_vs_full
DEEPSEEK,nhanes_laboratory.vid_j,v19_fk_nullable_frequent_values,v01_full,v19_fk_nullable_frequent_values vs v01_full,1,0.0,0.40430257717768353,68506.0,160713.0,-92207.0,P7_vs_full
DEEPSEEK,nhanes_questionnaire.alq_j,v19_fk_nullable_frequent_values,v01_full,v19_fk_nullable_frequent_values vs v01_full,1,1.0,0.9999992251396179,68506.0,160713.0,-92207.0,P7_vs_full
DEEPSEEK,nhanes_questionnaire.dpq_j,v19_fk_nullable_frequent_values,v01_full,v19_fk_nullable_frequent_values vs v01_full,1,0.3333333333333333,0.7653478384017944,68506.0,160713.0,-92207.0,P7_vs_full
DEEPSEEK,nhanes_questionnaire.hsq_j,v19_fk_nullable_frequent_values,v01_full,v19_fk_nullable_frequent_values vs v01_full,1,0.6666666666666666,0.6666662494341532,68506.0,160713.0,-92207.0,P7_vs_full
DEEPSEEK,nhanes_questionnaire.puqmec_j,v19_fk_nullable_frequent_values,v01_full,v19_fk_nullable_frequent_values vs v01_full,1,0.0,0.5591088136037191,68506.0,160713.0,-92207.0,P7_vs_full
DEEPSEEK,nhanes_questionnaire.smqshs_j,v19_fk_nullable_frequent_values,v01_full,v19_fk_nullable_frequent_values vs v01_full,1,0.3333333333333333,0.5669811566670736,68506.0,160713.0,-92207.0,P7_vs_full
DEEPSEEK,nhanes_questionnaire.whq_j,v19_fk_nullable_frequent_values,v01_full,v19_fk_nullable_frequent_values vs v01_full,1,0.6666666666666666,0.6666662693023682,68506.0,160713.0,-92207.0,P7_vs_full
DEEPSEEK,nhanes_demographics.demo_j,v20_fk_nullable_both_values,v01_full,v20_fk_nullable_both_values vs v01_full,1,0.6666666666666666,0.6666662096977234,101532.0,160713.0,-59181.0,P7_vs_full
DEEPSEEK,nhanes_dietary.ds1tot_j,v20_fk_nullable_both_values,v01_full,v20_fk_nullable_both_values vs v01_full,1,0.6666666666666666,0.9100055495897929,101532.0,160713.0,-59181.0,P7_vs_full
DEEPSEEK,nhanes_dietary.ds2ids_j,v20_fk_nullable_both_values,v01_full,v20_fk_nullable_both_values vs v01_full,1,0.0,0.6462112665176392,101532.0,160713.0,-59181.0,P7_vs_full
DEEPSEEK,nhanes_dietary.ds2tot_j,v20_fk_nullable_both_values,v01_full,v20_fk_nullable_both_values vs v01_full,1,1.0,0.9999993642171224,101532.0,160713.0,-59181.0,P7_vs_full
DEEPSEEK,nhanes_dietary.dsqids_j,v20_fk_nullable_both_values,v01_full,v20_fk_nullable_both_values vs v01_full,1,1.0,0.9999994238217672,101532.0,160713.0,-59181.0,P7_vs_full
DEEPSEEK,nhanes_dietary.dsqtot_j,v20_fk_nullable_both_values,v01_full,v20_fk_nullable_both_values vs v01_full,1,0.3333333333333333,0.8461358149846395,101532.0,160713.0,-59181.0,P7_vs_full
DEEPSEEK,nhanes_examination.bmx_j,v20_fk_nullable_both_values,v01_full,v20_fk_nullable_both_values vs v01_full,1,0.3333333333333333,0.8061483899752299,101532.0,160713.0,-59181.0,P7_vs_full
DEEPSEEK,nhanes_examination.bpx_j,v20_fk_nullable_both_values,v01_full,v20_fk_nullable_both_values vs v01_full,1,1.0,0.9999994039535522,101532.0,160713.0,-59181.0,P7_vs_full
DEEPSEEK,nhanes_examination.bpxo_j,v20_fk_nullable_both_values,v01_full,v20_fk_nullable_both_values vs v01_full,1,0.0,0.27883915106455487,101532.0,160713.0,-59181.0,P7_vs_full
DEEPSEEK,nhanes_laboratory.cbc_j,v20_fk_nullable_both_values,v01_full,v20_fk_nullable_both_values vs v01_full,1,0.3333333333333333,0.7784649928410848,101532.0,160713.0,-59181.0,P7_vs_full
DEEPSEEK,nhanes_laboratory.fastqx_j,v20_fk_nullable_both_values,v01_full,v20_fk_nullable_both_values vs v01_full,1,0.3333333333333333,0.33333301544189453,101532.0,160713.0,-59181.0,P7_vs_full
DEEPSEEK,nhanes_laboratory.ghb_j,v20_fk_nullable_both_values,v01_full,v20_fk_nullable_both_values vs v01_full,1,1.0,0.9999993046124777,101532.0,160713.0,-59181.0,P7_vs_full
DEEPSEEK,nhanes_laboratory.hepa_j,v20_fk_nullable_both_values,v01_full,v20_fk_nullable_both_values vs v01_full,1,0.0,0.6650558908780416,101532.0,160713.0,-59181.0,P7_vs_full
DEEPSEEK,nhanes_laboratory.ins_j,v20_fk_nullable_both_values,v01_full,v20_fk_nullable_both_values vs v01_full,1,0.6666666666666666,0.8408877849578857,101532.0,160713.0,-59181.0,P7_vs_full
DEEPSEEK,nhanes_laboratory.phthte_j,v20_fk_nullable_both_values,v01_full,v20_fk_nullable_both_values vs v01_full,1,0.3333333333333333,0.8695041735967001,101532.0,160713.0,-59181.0,P7_vs_full
DEEPSEEK,nhanes_laboratory.ssuvcm_j,v20_fk_nullable_both_values,v01_full,v20_fk_nullable_both_values vs v01_full,1,0.0,0.22160436709721884,101532.0,160713.0,-59181.0,P7_vs_full
DEEPSEEK,nhanes_laboratory.uio_j,v20_fk_nullable_both_values,v01_full,v20_fk_nullable_both_values vs v01_full,1,1.0,0.9999990661938986,101532.0,160713.0,-59181.0,P7_vs_full
DEEPSEEK,nhanes_laboratory.vic_j,v20_fk_nullable_both_values,v01_full,v20_fk_nullable_both_values vs v01_full,1,0.6666666666666666,0.6666660904884338,101532.0,160713.0,-59181.0,P7_vs_full
DEEPSEEK,nhanes_laboratory.vid_j,v20_fk_nullable_both_values,v01_full,v20_fk_nullable_both_values vs v01_full,1,1.0,0.999999483426412,101532.0,160713.0,-59181.0,P7_vs_full
DEEPSEEK,nhanes_questionnaire.alq_j,v20_fk_nullable_both_values,v01_full,v20_fk_nullable_both_values vs v01_full,1,1.0,0.9999992251396179,101532.0,160713.0,-59181.0,P7_vs_full
DEEPSEEK,nhanes_questionnaire.dpq_j,v20_fk_nullable_both_values,v01_full,v20_fk_nullable_both_values vs v01_full,1,0.3333333333333333,0.7653478384017944,101532.0,160713.0,-59181.0,P7_vs_full
DEEPSEEK,nhanes_questionnaire.hsq_j,v20_fk_nullable_both_values,v01_full,v20_fk_nullable_both_values vs v01_full,1,0.3333333333333333,0.5646438598632812,101532.0,160713.0,-59181.0,P7_vs_full
DEEPSEEK,nhanes_questionnaire.puqmec_j,v20_fk_nullable_both_values,v01_full,v20_fk_nullable_both_values vs v01_full,1,0.3333333333333333,0.5490219990412394,101532.0,160713.0,-59181.0,P7_vs_full
DEEPSEEK,nhanes_questionnaire.smqshs_j,v20_fk_nullable_both_values,v01_full,v20_fk_nullable_both_values vs v01_full,1,0.6666666666666666,0.9384351571400961,101532.0,160713.0,-59181.0,P7_vs_full
DEEPSEEK,nhanes_questionnaire.whq_j,v20_fk_nullable_both_values,v01_full,v20_fk_nullable_both_values vs v01_full,1,1.0,0.9999994436899821,101532.0,160713.0,-59181.0,P7_vs_full
DEEPSEEK,nhanes_demographics.demo_j,v21_fk_nullable_sample_rows,v01_full,v21_fk_nullable_sample_rows vs v01_full,1,1.0,0.9999992450078329,50137.0,160713.0,-110576.0,P7_vs_full
DEEPSEEK,nhanes_dietary.ds1tot_j,v21_fk_nullable_sample_rows,v01_full,v21_fk_nullable_sample_rows vs v01_full,1,0.6666666666666666,0.9100055495897929,50137.0,160713.0,-110576.0,P7_vs_full
DEEPSEEK,nhanes_dietary.ds2ids_j,v21_fk_nullable_sample_rows,v01_full,v21_fk_nullable_sample_rows vs v01_full,1,0.3333333333333333,0.7434117595354716,50137.0,160713.0,-110576.0,P7_vs_full
DEEPSEEK,nhanes_dietary.ds2tot_j,v21_fk_nullable_sample_rows,v01_full,v21_fk_nullable_sample_rows vs v01_full,1,1.0,0.9999993642171224,50137.0,160713.0,-110576.0,P7_vs_full
DEEPSEEK,nhanes_dietary.dsqids_j,v21_fk_nullable_sample_rows,v01_full,v21_fk_nullable_sample_rows vs v01_full,1,0.3333333333333333,0.8155028025309244,50137.0,160713.0,-110576.0,P7_vs_full
DEEPSEEK,nhanes_dietary.dsqtot_j,v21_fk_nullable_sample_rows,v01_full,v21_fk_nullable_sample_rows vs v01_full,1,0.0,0.6856524149576823,50137.0,160713.0,-110576.0,P7_vs_full
DEEPSEEK,nhanes_examination.bmx_j,v21_fk_nullable_sample_rows,v01_full,v21_fk_nullable_sample_rows vs v01_full,1,0.3333333333333333,0.5595971941947937,50137.0,160713.0,-110576.0,P7_vs_full
DEEPSEEK,nhanes_examination.bpx_j,v21_fk_nullable_sample_rows,v01_full,v21_fk_nullable_sample_rows vs v01_full,1,0.6666666666666666,0.6666662494341532,50137.0,160713.0,-110576.0,P7_vs_full
DEEPSEEK,nhanes_examination.bpxo_j,v21_fk_nullable_sample_rows,v01_full,v21_fk_nullable_sample_rows vs v01_full,1,0.3333333333333333,0.6121723055839539,50137.0,160713.0,-110576.0,P7_vs_full
DEEPSEEK,nhanes_laboratory.cbc_j,v21_fk_nullable_sample_rows,v01_full,v21_fk_nullable_sample_rows vs v01_full,1,1.0,0.9999993443489075,50137.0,160713.0,-110576.0,P7_vs_full
DEEPSEEK,nhanes_laboratory.fastqx_j,v21_fk_nullable_sample_rows,v01_full,v21_fk_nullable_sample_rows vs v01_full,1,0.6666666666666666,0.6666661699612936,50137.0,160713.0,-110576.0,P7_vs_full
DEEPSEEK,nhanes_laboratory.ghb_j,v21_fk_nullable_sample_rows,v01_full,v21_fk_nullable_sample_rows vs v01_full,1,1.0,0.9999993046124777,50137.0,160713.0,-110576.0,P7_vs_full
DEEPSEEK,nhanes_laboratory.hepa_j,v21_fk_nullable_sample_rows,v01_full,v21_fk_nullable_sample_rows vs v01_full,1,1.0,0.999999463558197,50137.0,160713.0,-110576.0,P7_vs_full
DEEPSEEK,nhanes_laboratory.ins_j,v21_fk_nullable_sample_rows,v01_full,v21_fk_nullable_sample_rows vs v01_full,1,0.3333333333333333,0.6084417899449667,50137.0,160713.0,-110576.0,P7_vs_full
DEEPSEEK,nhanes_laboratory.phthte_j,v21_fk_nullable_sample_rows,v01_full,v21_fk_nullable_sample_rows vs v01_full,1,0.3333333333333333,0.833404541015625,50137.0,160713.0,-110576.0,P7_vs_full
DEEPSEEK,nhanes_laboratory.ssuvcm_j,v21_fk_nullable_sample_rows,v01_full,v21_fk_nullable_sample_rows vs v01_full,1,0.0,0.2011738419532776,50137.0,160713.0,-110576.0,P7_vs_full
DEEPSEEK,nhanes_laboratory.uio_j,v21_fk_nullable_sample_rows,v01_full,v21_fk_nullable_sample_rows vs v01_full,1,0.3333333333333333,0.7109183867772421,50137.0,160713.0,-110576.0,P7_vs_full
DEEPSEEK,nhanes_laboratory.vic_j,v21_fk_nullable_sample_rows,v01_full,v21_fk_nullable_sample_rows vs v01_full,1,0.6666666666666666,0.6666660904884338,50137.0,160713.0,-110576.0,P7_vs_full
DEEPSEEK,nhanes_laboratory.vid_j,v21_fk_nullable_sample_rows,v01_full,v21_fk_nullable_sample_rows vs v01_full,1,0.0,0.6797746022542318,50137.0,160713.0,-110576.0,P7_vs_full
DEEPSEEK,nhanes_questionnaire.alq_j,v21_fk_nullable_sample_rows,v01_full,v21_fk_nullable_sample_rows vs v01_full,1,1.0,0.9999992251396179,50137.0,160713.0,-110576.0,P7_vs_full
DEEPSEEK,nhanes_questionnaire.dpq_j,v21_fk_nullable_sample_rows,v01_full,v21_fk_nullable_sample_rows vs v01_full,1,0.3333333333333333,0.7653478384017944,50137.0,160713.0,-110576.0,P7_vs_full
DEEPSEEK,nhanes_questionnaire.hsq_j,v21_fk_nullable_sample_rows,v01_full,v21_fk_nullable_sample_rows vs v01_full,1,0.3333333333333333,0.5646438598632812,50137.0,160713.0,-110576.0,P7_vs_full
DEEPSEEK,nhanes_questionnaire.puqmec_j,v21_fk_nullable_sample_rows,v01_full,v21_fk_nullable_sample_rows vs v01_full,1,0.3333333333333333,0.7428656617800394,50137.0,160713.0,-110576.0,P7_vs_full
DEEPSEEK,nhanes_questionnaire.smqshs_j,v21_fk_nullable_sample_rows,v01_full,v21_fk_nullable_sample_rows vs v01_full,1,1.0,0.9999992450078329,50137.0,160713.0,-110576.0,P7_vs_full
DEEPSEEK,nhanes_questionnaire.whq_j,v21_fk_nullable_sample_rows,v01_full,v21_fk_nullable_sample_rows vs v01_full,1,0.0,0.20722246170043945,50137.0,160713.0,-110576.0,P7_vs_full
DEEPSEEK,nhanes_demographics.demo_j,v22_fk_nullable_sample_rows_plus_frequent,v01_full,v22_fk_nullable_sample_rows_plus_frequent vs v01_full,1,0.6666666666666666,0.6666662096977234,86120.0,160713.0,-74593.0,P7_vs_full
DEEPSEEK,nhanes_dietary.ds1tot_j,v22_fk_nullable_sample_rows_plus_frequent,v01_full,v22_fk_nullable_sample_rows_plus_frequent vs v01_full,1,0.6666666666666666,0.9100055495897929,86120.0,160713.0,-74593.0,P7_vs_full
DEEPSEEK,nhanes_dietary.ds2ids_j,v22_fk_nullable_sample_rows_plus_frequent,v01_full,v22_fk_nullable_sample_rows_plus_frequent vs v01_full,1,1.0,0.9999994436899821,86120.0,160713.0,-74593.0,P7_vs_full
DEEPSEEK,nhanes_dietary.ds2tot_j,v22_fk_nullable_sample_rows_plus_frequent,v01_full,v22_fk_nullable_sample_rows_plus_frequent vs v01_full,1,1.0,0.9999993642171224,86120.0,160713.0,-74593.0,P7_vs_full
DEEPSEEK,nhanes_dietary.dsqids_j,v22_fk_nullable_sample_rows_plus_frequent,v01_full,v22_fk_nullable_sample_rows_plus_frequent vs v01_full,1,0.6666666666666666,0.9180299441019694,86120.0,160713.0,-74593.0,P7_vs_full
DEEPSEEK,nhanes_dietary.dsqtot_j,v22_fk_nullable_sample_rows_plus_frequent,v01_full,v22_fk_nullable_sample_rows_plus_frequent vs v01_full,1,0.3333333333333333,0.8461358149846395,86120.0,160713.0,-74593.0,P7_vs_full
DEEPSEEK,nhanes_examination.bmx_j,v22_fk_nullable_sample_rows_plus_frequent,v01_full,v22_fk_nullable_sample_rows_plus_frequent vs v01_full,1,0.3333333333333333,0.8081857562065125,86120.0,160713.0,-74593.0,P7_vs_full
DEEPSEEK,nhanes_examination.bpx_j,v22_fk_nullable_sample_rows_plus_frequent,v01_full,v22_fk_nullable_sample_rows_plus_frequent vs v01_full,1,0.6666666666666666,0.6666662494341532,86120.0,160713.0,-74593.0,P7_vs_full
DEEPSEEK,nhanes_examination.bpxo_j,v22_fk_nullable_sample_rows_plus_frequent,v01_full,v22_fk_nullable_sample_rows_plus_frequent vs v01_full,1,1.0,0.9999993642171224,86120.0,160713.0,-74593.0,P7_vs_full
DEEPSEEK,nhanes_laboratory.cbc_j,v22_fk_nullable_sample_rows_plus_frequent,v01_full,v22_fk_nullable_sample_rows_plus_frequent vs v01_full,1,0.3333333333333333,0.7784649928410848,86120.0,160713.0,-74593.0,P7_vs_full
DEEPSEEK,nhanes_laboratory.fastqx_j,v22_fk_nullable_sample_rows_plus_frequent,v01_full,v22_fk_nullable_sample_rows_plus_frequent vs v01_full,1,0.3333333333333333,0.583828886349996,86120.0,160713.0,-74593.0,P7_vs_full
DEEPSEEK,nhanes_laboratory.ghb_j,v22_fk_nullable_sample_rows_plus_frequent,v01_full,v22_fk_nullable_sample_rows_plus_frequent vs v01_full,1,0.6666666666666666,0.9629385670026144,86120.0,160713.0,-74593.0,P7_vs_full
DEEPSEEK,nhanes_laboratory.hepa_j,v22_fk_nullable_sample_rows_plus_frequent,v01_full,v22_fk_nullable_sample_rows_plus_frequent vs v01_full,1,1.0,0.999999463558197,86120.0,160713.0,-74593.0,P7_vs_full
DEEPSEEK,nhanes_laboratory.ins_j,v22_fk_nullable_sample_rows_plus_frequent,v01_full,v22_fk_nullable_sample_rows_plus_frequent vs v01_full,1,0.6666666666666666,0.8408877849578857,86120.0,160713.0,-74593.0,P7_vs_full
DEEPSEEK,nhanes_laboratory.phthte_j,v22_fk_nullable_sample_rows_plus_frequent,v01_full,v22_fk_nullable_sample_rows_plus_frequent vs v01_full,1,0.3333333333333333,0.833404541015625,86120.0,160713.0,-74593.0,P7_vs_full
DEEPSEEK,nhanes_laboratory.ssuvcm_j,v22_fk_nullable_sample_rows_plus_frequent,v01_full,v22_fk_nullable_sample_rows_plus_frequent vs v01_full,1,0.0,0.408073365688324,86120.0,160713.0,-74593.0,P7_vs_full
DEEPSEEK,nhanes_laboratory.uio_j,v22_fk_nullable_sample_rows_plus_frequent,v01_full,v22_fk_nullable_sample_rows_plus_frequent vs v01_full,1,0.3333333333333333,0.5313940048217773,86120.0,160713.0,-74593.0,P7_vs_full
DEEPSEEK,nhanes_laboratory.vic_j,v22_fk_nullable_sample_rows_plus_frequent,v01_full,v22_fk_nullable_sample_rows_plus_frequent vs v01_full,1,0.6666666666666666,0.6666660904884338,86120.0,160713.0,-74593.0,P7_vs_full
DEEPSEEK,nhanes_laboratory.vid_j,v22_fk_nullable_sample_rows_plus_frequent,v01_full,v22_fk_nullable_sample_rows_plus_frequent vs v01_full,1,0.6666666666666666,0.9197757442792257,86120.0,160713.0,-74593.0,P7_vs_full
DEEPSEEK,nhanes_questionnaire.alq_j,v22_fk_nullable_sample_rows_plus_frequent,v01_full,v22_fk_nullable_sample_rows_plus_frequent vs v01_full,1,0.6666666666666666,0.9186143477757772,86120.0,160713.0,-74593.0,P7_vs_full
DEEPSEEK,nhanes_questionnaire.dpq_j,v22_fk_nullable_sample_rows_plus_frequent,v01_full,v22_fk_nullable_sample_rows_plus_frequent vs v01_full,1,0.3333333333333333,0.7653478384017944,86120.0,160713.0,-74593.0,P7_vs_full
DEEPSEEK,nhanes_questionnaire.hsq_j,v22_fk_nullable_sample_rows_plus_frequent,v01_full,v22_fk_nullable_sample_rows_plus_frequent vs v01_full,1,0.3333333333333333,0.5646438598632812,86120.0,160713.0,-74593.0,P7_vs_full
DEEPSEEK,nhanes_questionnaire.puqmec_j,v22_fk_nullable_sample_rows_plus_frequent,v01_full,v22_fk_nullable_sample_rows_plus_frequent vs v01_full,1,0.3333333333333333,0.5271767973899841,86120.0,160713.0,-74593.0,P7_vs_full
DEEPSEEK,nhanes_questionnaire.smqshs_j,v22_fk_nullable_sample_rows_plus_frequent,v01_full,v22_fk_nullable_sample_rows_plus_frequent vs v01_full,1,0.6666666666666666,0.9384351571400961,86120.0,160713.0,-74593.0,P7_vs_full
DEEPSEEK,nhanes_questionnaire.whq_j,v22_fk_nullable_sample_rows_plus_frequent,v01_full,v22_fk_nullable_sample_rows_plus_frequent vs v01_full,1,0.0,0.20722246170043945,86120.0,160713.0,-74593.0,P7_vs_full
DEEPSEEK,nhanes_demographics.demo_j,v23_fk_nullable_sample_rows_plus_sample_values,v01_full,v23_fk_nullable_sample_rows_plus_sample_values vs v01_full,1,0.3333333333333333,0.5853866338729858,85491.0,160713.0,-75222.0,P7_vs_full
DEEPSEEK,nhanes_dietary.ds1tot_j,v23_fk_nullable_sample_rows_plus_sample_values,v01_full,v23_fk_nullable_sample_rows_plus_sample_values vs v01_full,1,0.6666666666666666,0.9100055495897929,85491.0,160713.0,-75222.0,P7_vs_full
DEEPSEEK,nhanes_dietary.ds2ids_j,v23_fk_nullable_sample_rows_plus_sample_values,v01_full,v23_fk_nullable_sample_rows_plus_sample_values vs v01_full,1,1.0,0.9999994436899821,85491.0,160713.0,-75222.0,P7_vs_full
DEEPSEEK,nhanes_dietary.ds2tot_j,v23_fk_nullable_sample_rows_plus_sample_values,v01_full,v23_fk_nullable_sample_rows_plus_sample_values vs v01_full,1,1.0,0.9999993642171224,85491.0,160713.0,-75222.0,P7_vs_full
DEEPSEEK,nhanes_dietary.dsqids_j,v23_fk_nullable_sample_rows_plus_sample_values,v01_full,v23_fk_nullable_sample_rows_plus_sample_values vs v01_full,1,0.3333333333333333,0.5846967697143555,85491.0,160713.0,-75222.0,P7_vs_full
DEEPSEEK,nhanes_dietary.dsqtot_j,v23_fk_nullable_sample_rows_plus_sample_values,v01_full,v23_fk_nullable_sample_rows_plus_sample_values vs v01_full,1,0.3333333333333333,0.8461358149846395,85491.0,160713.0,-75222.0,P7_vs_full
DEEPSEEK,nhanes_examination.bmx_j,v23_fk_nullable_sample_rows_plus_sample_values,v01_full,v23_fk_nullable_sample_rows_plus_sample_values vs v01_full,1,0.3333333333333333,0.5931140780448914,85491.0,160713.0,-75222.0,P7_vs_full
DEEPSEEK,nhanes_examination.bpx_j,v23_fk_nullable_sample_rows_plus_sample_values,v01_full,v23_fk_nullable_sample_rows_plus_sample_values vs v01_full,1,1.0,0.9999994039535522,85491.0,160713.0,-75222.0,P7_vs_full
DEEPSEEK,nhanes_examination.bpxo_j,v23_fk_nullable_sample_rows_plus_sample_values,v01_full,v23_fk_nullable_sample_rows_plus_sample_values vs v01_full,1,0.0,0.27883915106455487,85491.0,160713.0,-75222.0,P7_vs_full
DEEPSEEK,nhanes_laboratory.cbc_j,v23_fk_nullable_sample_rows_plus_sample_values,v01_full,v23_fk_nullable_sample_rows_plus_sample_values vs v01_full,1,1.0,0.9999993443489075,85491.0,160713.0,-75222.0,P7_vs_full
DEEPSEEK,nhanes_laboratory.fastqx_j,v23_fk_nullable_sample_rows_plus_sample_values,v01_full,v23_fk_nullable_sample_rows_plus_sample_values vs v01_full,1,0.6666666666666666,0.6666661699612936,85491.0,160713.0,-75222.0,P7_vs_full
DEEPSEEK,nhanes_laboratory.ghb_j,v23_fk_nullable_sample_rows_plus_sample_values,v01_full,v23_fk_nullable_sample_rows_plus_sample_values vs v01_full,1,1.0,0.9999993046124777,85491.0,160713.0,-75222.0,P7_vs_full
DEEPSEEK,nhanes_laboratory.hepa_j,v23_fk_nullable_sample_rows_plus_sample_values,v01_full,v23_fk_nullable_sample_rows_plus_sample_values vs v01_full,1,1.0,0.999999463558197,85491.0,160713.0,-75222.0,P7_vs_full
DEEPSEEK,nhanes_laboratory.ins_j,v23_fk_nullable_sample_rows_plus_sample_values,v01_full,v23_fk_nullable_sample_rows_plus_sample_values vs v01_full,1,0.3333333333333333,0.6260755856831869,85491.0,160713.0,-75222.0,P7_vs_full
DEEPSEEK,nhanes_laboratory.phthte_j,v23_fk_nullable_sample_rows_plus_sample_values,v01_full,v23_fk_nullable_sample_rows_plus_sample_values vs v01_full,1,0.3333333333333333,0.833404541015625,85491.0,160713.0,-75222.0,P7_vs_full
DEEPSEEK,nhanes_laboratory.ssuvcm_j,v23_fk_nullable_sample_rows_plus_sample_values,v01_full,v23_fk_nullable_sample_rows_plus_sample_values vs v01_full,1,0.0,0.1962981422742208,85491.0,160713.0,-75222.0,P7_vs_full
DEEPSEEK,nhanes_laboratory.uio_j,v23_fk_nullable_sample_rows_plus_sample_values,v01_full,v23_fk_nullable_sample_rows_plus_sample_values vs v01_full,1,0.6666666666666666,0.890035351117452,85491.0,160713.0,-75222.0,P7_vs_full
DEEPSEEK,nhanes_laboratory.vic_j,v23_fk_nullable_sample_rows_plus_sample_values,v01_full,v23_fk_nullable_sample_rows_plus_sample_values vs v01_full,1,0.6666666666666666,0.6666660904884338,85491.0,160713.0,-75222.0,P7_vs_full
DEEPSEEK,nhanes_laboratory.vid_j,v23_fk_nullable_sample_rows_plus_sample_values,v01_full,v23_fk_nullable_sample_rows_plus_sample_values vs v01_full,1,1.0,0.999999483426412,85491.0,160713.0,-75222.0,P7_vs_full
DEEPSEEK,nhanes_questionnaire.alq_j,v23_fk_nullable_sample_rows_plus_sample_values,v01_full,v23_fk_nullable_sample_rows_plus_sample_values vs v01_full,1,0.6666666666666666,0.9087925354639689,85491.0,160713.0,-75222.0,P7_vs_full
DEEPSEEK,nhanes_questionnaire.dpq_j,v23_fk_nullable_sample_rows_plus_sample_values,v01_full,v23_fk_nullable_sample_rows_plus_sample_values vs v01_full,1,1.0,0.999998946984609,85491.0,160713.0,-75222.0,P7_vs_full
DEEPSEEK,nhanes_questionnaire.hsq_j,v23_fk_nullable_sample_rows_plus_sample_values,v01_full,v23_fk_nullable_sample_rows_plus_sample_values vs v01_full,1,0.6666666666666666,0.897976835568746,85491.0,160713.0,-75222.0,P7_vs_full
DEEPSEEK,nhanes_questionnaire.puqmec_j,v23_fk_nullable_sample_rows_plus_sample_values,v01_full,v23_fk_nullable_sample_rows_plus_sample_values vs v01_full,1,0.4,0.39999957084655763,85491.0,160713.0,-75222.0,P7_vs_full
DEEPSEEK,nhanes_questionnaire.smqshs_j,v23_fk_nullable_sample_rows_plus_sample_values,v01_full,v23_fk_nullable_sample_rows_plus_sample_values vs v01_full,1,0.6666666666666666,0.9384351571400961,85491.0,160713.0,-75222.0,P7_vs_full
DEEPSEEK,nhanes_questionnaire.whq_j,v23_fk_nullable_sample_rows_plus_sample_values,v01_full,v23_fk_nullable_sample_rows_plus_sample_values vs v01_full,1,0.6666666666666666,0.6666662693023682,85491.0,160713.0,-75222.0,P7_vs_full
DEEPSEEK,nhanes_demographics.demo_j,v24_full_no_numeric_stats,v01_full,v24_full_no_numeric_stats vs v01_full,1,0.6666666666666666,0.6666662096977234,133865.0,160713.0,-26848.0,P7_vs_full
DEEPSEEK,nhanes_dietary.ds1tot_j,v24_full_no_numeric_stats,v01_full,v24_full_no_numeric_stats vs v01_full,1,0.3333333333333333,0.7680434385935465,133865.0,160713.0,-26848.0,P7_vs_full
DEEPSEEK,nhanes_dietary.ds2ids_j,v24_full_no_numeric_stats,v01_full,v24_full_no_numeric_stats vs v01_full,1,1.0,0.9999994436899821,133865.0,160713.0,-26848.0,P7_vs_full
DEEPSEEK,nhanes_dietary.ds2tot_j,v24_full_no_numeric_stats,v01_full,v24_full_no_numeric_stats vs v01_full,1,1.0,0.9999993642171224,133865.0,160713.0,-26848.0,P7_vs_full
DEEPSEEK,nhanes_dietary.dsqids_j,v24_full_no_numeric_stats,v01_full,v24_full_no_numeric_stats vs v01_full,1,0.6666666666666666,0.9180299441019694,133865.0,160713.0,-26848.0,P7_vs_full
DEEPSEEK,nhanes_dietary.dsqtot_j,v24_full_no_numeric_stats,v01_full,v24_full_no_numeric_stats vs v01_full,1,0.3333333333333333,0.8461358149846395,133865.0,160713.0,-26848.0,P7_vs_full
DEEPSEEK,nhanes_examination.bmx_j,v24_full_no_numeric_stats,v01_full,v24_full_no_numeric_stats vs v01_full,1,0.3333333333333333,0.8061483899752299,133865.0,160713.0,-26848.0,P7_vs_full
DEEPSEEK,nhanes_examination.bpx_j,v24_full_no_numeric_stats,v01_full,v24_full_no_numeric_stats vs v01_full,1,1.0,0.9999994039535522,133865.0,160713.0,-26848.0,P7_vs_full
DEEPSEEK,nhanes_examination.bpxo_j,v24_full_no_numeric_stats,v01_full,v24_full_no_numeric_stats vs v01_full,1,0.6666666666666666,0.9108405510584513,133865.0,160713.0,-26848.0,P7_vs_full
DEEPSEEK,nhanes_laboratory.cbc_j,v24_full_no_numeric_stats,v01_full,v24_full_no_numeric_stats vs v01_full,1,1.0,0.9999993443489075,133865.0,160713.0,-26848.0,P7_vs_full
DEEPSEEK,nhanes_laboratory.fastqx_j,v24_full_no_numeric_stats,v01_full,v24_full_no_numeric_stats vs v01_full,1,0.3333333333333333,0.5275437633196512,133865.0,160713.0,-26848.0,P7_vs_full
DEEPSEEK,nhanes_laboratory.ghb_j,v24_full_no_numeric_stats,v01_full,v24_full_no_numeric_stats vs v01_full,1,0.6666666666666666,0.6666662494341532,133865.0,160713.0,-26848.0,P7_vs_full
DEEPSEEK,nhanes_laboratory.hepa_j,v24_full_no_numeric_stats,v01_full,v24_full_no_numeric_stats vs v01_full,1,1.0,0.999999463558197,133865.0,160713.0,-26848.0,P7_vs_full
DEEPSEEK,nhanes_laboratory.ins_j,v24_full_no_numeric_stats,v01_full,v24_full_no_numeric_stats vs v01_full,1,0.6666666666666666,0.6666659712791443,133865.0,160713.0,-26848.0,P7_vs_full
DEEPSEEK,nhanes_laboratory.phthte_j,v24_full_no_numeric_stats,v01_full,v24_full_no_numeric_stats vs v01_full,1,0.6666666666666666,0.8718711733818054,133865.0,160713.0,-26848.0,P7_vs_full
DEEPSEEK,nhanes_laboratory.ssuvcm_j,v24_full_no_numeric_stats,v01_full,v24_full_no_numeric_stats vs v01_full,1,0.0,0.0,133865.0,160713.0,-26848.0,P7_vs_full
DEEPSEEK,nhanes_laboratory.uio_j,v24_full_no_numeric_stats,v01_full,v24_full_no_numeric_stats vs v01_full,1,1.0,0.9999990661938986,133865.0,160713.0,-26848.0,P7_vs_full
DEEPSEEK,nhanes_laboratory.vic_j,v24_full_no_numeric_stats,v01_full,v24_full_no_numeric_stats vs v01_full,1,0.6666666666666666,0.9124024311701456,133865.0,160713.0,-26848.0,P7_vs_full
DEEPSEEK,nhanes_laboratory.vid_j,v24_full_no_numeric_stats,v01_full,v24_full_no_numeric_stats vs v01_full,1,0.0,0.4203636447588603,133865.0,160713.0,-26848.0,P7_vs_full
DEEPSEEK,nhanes_questionnaire.alq_j,v24_full_no_numeric_stats,v01_full,v24_full_no_numeric_stats vs v01_full,1,1.0,0.9999992251396179,133865.0,160713.0,-26848.0,P7_vs_full
DEEPSEEK,nhanes_questionnaire.dpq_j,v24_full_no_numeric_stats,v01_full,v24_full_no_numeric_stats vs v01_full,1,0.3333333333333333,0.7653478384017944,133865.0,160713.0,-26848.0,P7_vs_full
DEEPSEEK,nhanes_questionnaire.hsq_j,v24_full_no_numeric_stats,v01_full,v24_full_no_numeric_stats vs v01_full,1,0.6666666666666666,0.897976835568746,133865.0,160713.0,-26848.0,P7_vs_full
DEEPSEEK,nhanes_questionnaire.puqmec_j,v24_full_no_numeric_stats,v01_full,v24_full_no_numeric_stats vs v01_full,1,0.3333333333333333,0.5038147767384847,133865.0,160713.0,-26848.0,P7_vs_full
DEEPSEEK,nhanes_questionnaire.smqshs_j,v24_full_no_numeric_stats,v01_full,v24_full_no_numeric_stats vs v01_full,1,0.6666666666666666,0.9384351571400961,133865.0,160713.0,-26848.0,P7_vs_full
DEEPSEEK,nhanes_questionnaire.whq_j,v24_full_no_numeric_stats,v01_full,v24_full_no_numeric_stats vs v01_full,1,0.3333333333333333,0.5444901784261068,133865.0,160713.0,-26848.0,P7_vs_full
DEEPSEEK,nhanes_demographics.demo_j,v25_full_no_sample_rows,v01_full,v25_full_no_sample_rows vs v01_full,1,0.3333333333333333,0.3333331147829692,142563.0,160713.0,-18150.0,P7_vs_full
DEEPSEEK,nhanes_dietary.ds1tot_j,v25_full_no_sample_rows,v01_full,v25_full_no_sample_rows vs v01_full,1,0.0,0.6908961335817972,142563.0,160713.0,-18150.0,P7_vs_full
DEEPSEEK,nhanes_dietary.ds2ids_j,v25_full_no_sample_rows,v01_full,v25_full_no_sample_rows vs v01_full,1,1.0,0.9999994436899821,142563.0,160713.0,-18150.0,P7_vs_full
DEEPSEEK,nhanes_dietary.ds2tot_j,v25_full_no_sample_rows,v01_full,v25_full_no_sample_rows vs v01_full,1,0.0,0.6749322017033895,142563.0,160713.0,-18150.0,P7_vs_full
DEEPSEEK,nhanes_dietary.dsqids_j,v25_full_no_sample_rows,v01_full,v25_full_no_sample_rows vs v01_full,1,1.0,0.9999994238217672,142563.0,160713.0,-18150.0,P7_vs_full
DEEPSEEK,nhanes_dietary.dsqtot_j,v25_full_no_sample_rows,v01_full,v25_full_no_sample_rows vs v01_full,1,1.0,0.9999994039535522,142563.0,160713.0,-18150.0,P7_vs_full
DEEPSEEK,nhanes_examination.bmx_j,v25_full_no_sample_rows,v01_full,v25_full_no_sample_rows vs v01_full,1,0.3333333333333333,0.5595971941947937,142563.0,160713.0,-18150.0,P7_vs_full
DEEPSEEK,nhanes_examination.bpx_j,v25_full_no_sample_rows,v01_full,v25_full_no_sample_rows vs v01_full,1,1.0,0.9999994039535522,142563.0,160713.0,-18150.0,P7_vs_full
DEEPSEEK,nhanes_examination.bpxo_j,v25_full_no_sample_rows,v01_full,v25_full_no_sample_rows vs v01_full,1,0.6666666666666666,0.9108405510584513,142563.0,160713.0,-18150.0,P7_vs_full
DEEPSEEK,nhanes_laboratory.cbc_j,v25_full_no_sample_rows,v01_full,v25_full_no_sample_rows vs v01_full,1,1.0,0.9999993443489075,142563.0,160713.0,-18150.0,P7_vs_full
DEEPSEEK,nhanes_laboratory.fastqx_j,v25_full_no_sample_rows,v01_full,v25_full_no_sample_rows vs v01_full,1,0.3333333333333333,0.6427116990089417,142563.0,160713.0,-18150.0,P7_vs_full
DEEPSEEK,nhanes_laboratory.ghb_j,v25_full_no_sample_rows,v01_full,v25_full_no_sample_rows vs v01_full,1,0.6666666666666666,0.6666662494341532,142563.0,160713.0,-18150.0,P7_vs_full
DEEPSEEK,nhanes_laboratory.hepa_j,v25_full_no_sample_rows,v01_full,v25_full_no_sample_rows vs v01_full,1,0.0,0.5036473075548807,142563.0,160713.0,-18150.0,P7_vs_full
DEEPSEEK,nhanes_laboratory.ins_j,v25_full_no_sample_rows,v01_full,v25_full_no_sample_rows vs v01_full,1,0.6666666666666666,0.8408877849578857,142563.0,160713.0,-18150.0,P7_vs_full
DEEPSEEK,nhanes_laboratory.phthte_j,v25_full_no_sample_rows,v01_full,v25_full_no_sample_rows vs v01_full,1,0.3333333333333333,0.833404541015625,142563.0,160713.0,-18150.0,P7_vs_full
DEEPSEEK,nhanes_laboratory.ssuvcm_j,v25_full_no_sample_rows,v01_full,v25_full_no_sample_rows vs v01_full,1,0.0,0.18794745206832886,142563.0,160713.0,-18150.0,P7_vs_full
DEEPSEEK,nhanes_laboratory.uio_j,v25_full_no_sample_rows,v01_full,v25_full_no_sample_rows vs v01_full,1,0.0,0.494734783967336,142563.0,160713.0,-18150.0,P7_vs_full
DEEPSEEK,nhanes_laboratory.vic_j,v25_full_no_sample_rows,v01_full,v25_full_no_sample_rows vs v01_full,1,0.6666666666666666,0.6666660904884338,142563.0,160713.0,-18150.0,P7_vs_full
DEEPSEEK,nhanes_laboratory.vid_j,v25_full_no_sample_rows,v01_full,v25_full_no_sample_rows vs v01_full,1,1.0,0.999999483426412,142563.0,160713.0,-18150.0,P7_vs_full
DEEPSEEK,nhanes_questionnaire.alq_j,v25_full_no_sample_rows,v01_full,v25_full_no_sample_rows vs v01_full,1,1.0,0.9999992251396179,142563.0,160713.0,-18150.0,P7_vs_full
DEEPSEEK,nhanes_questionnaire.dpq_j,v25_full_no_sample_rows,v01_full,v25_full_no_sample_rows vs v01_full,1,0.3333333333333333,0.7653478384017944,142563.0,160713.0,-18150.0,P7_vs_full
DEEPSEEK,nhanes_questionnaire.hsq_j,v25_full_no_sample_rows,v01_full,v25_full_no_sample_rows vs v01_full,1,0.3333333333333333,0.7483270963033041,142563.0,160713.0,-18150.0,P7_vs_full
DEEPSEEK,nhanes_questionnaire.puqmec_j,v25_full_no_sample_rows,v01_full,v25_full_no_sample_rows vs v01_full,1,0.6666666666666666,0.6666662494341532,142563.0,160713.0,-18150.0,P7_vs_full
DEEPSEEK,nhanes_questionnaire.smqshs_j,v25_full_no_sample_rows,v01_full,v25_full_no_sample_rows vs v01_full,1,0.6666666666666666,0.9435304800669352,142563.0,160713.0,-18150.0,P7_vs_full
DEEPSEEK,nhanes_questionnaire.whq_j,v25_full_no_sample_rows,v01_full,v25_full_no_sample_rows vs v01_full,1,0.6666666666666666,0.6666662693023682,142563.0,160713.0,-18150.0,P7_vs_full
