LLM_Model,Tabela,Variante_A,Variante_B,Comparacao,Runs_Comparados,HardDice_mean,SoftDice_mean,TokensIn_A_mean,TokensIn_B_mean,Delta_TokensIn,RQ
DEEPSEEK,public.ta_medicamento_catmat,v02_plus_fk,v00_baseline,FK vs baseline,1,0.3333333333333333,0.7121440768241882,27898.0,24080.0,3818.0,P1_isolated_effects
DEEPSEEK,public.ta_tecido_mole,v02_plus_fk,v00_baseline,FK vs baseline,1,0.3333333333333333,0.5536924799283346,27898.0,24080.0,3818.0,P1_isolated_effects
DEEPSEEK,public.ta_vacinacao,v02_plus_fk,v00_baseline,FK vs baseline,1,0.3333333333333333,0.8835965792338053,27898.0,24080.0,3818.0,P1_isolated_effects
DEEPSEEK,public.tb_antecedente,v02_plus_fk,v00_baseline,FK vs baseline,1,0.0,0.7352741161982218,27898.0,24080.0,3818.0,P1_isolated_effects
DEEPSEEK,public.tb_ciap_ms,v02_plus_fk,v00_baseline,FK vs baseline,1,0.6666666666666666,0.6666659911473592,27898.0,24080.0,3818.0,P1_isolated_effects
DEEPSEEK,public.tb_cidadao,v02_plus_fk,v00_baseline,FK vs baseline,1,0.6666666666666666,0.6666664481163025,27898.0,24080.0,3818.0,P1_isolated_effects
DEEPSEEK,public.tb_cuidado_compartilhado_evol,v02_plus_fk,v00_baseline,FK vs baseline,1,0.3333333333333333,0.5311773618062338,27898.0,24080.0,3818.0,P1_isolated_effects
DEEPSEEK,public.tb_dim_catmat,v02_plus_fk,v00_baseline,FK vs baseline,1,0.6666666666666666,0.9433531761169434,27898.0,24080.0,3818.0,P1_isolated_effects
DEEPSEEK,public.tb_evolucao_odonto,v02_plus_fk,v00_baseline,FK vs baseline,1,1.0,0.9999992648760477,27898.0,24080.0,3818.0,P1_isolated_effects
DEEPSEEK,public.tb_evolucao_subjetivo,v02_plus_fk,v00_baseline,FK vs baseline,1,0.8,0.7999995946884155,27898.0,24080.0,3818.0,P1_isolated_effects
DEEPSEEK,public.tb_exame_hemoglobina_glicada,v02_plus_fk,v00_baseline,FK vs baseline,1,0.6666666666666666,0.6666661500930786,27898.0,24080.0,3818.0,P1_isolated_effects
DEEPSEEK,public.tb_exame_prenatal,v02_plus_fk,v00_baseline,FK vs baseline,1,0.3333333333333333,0.7932324806849161,27898.0,24080.0,3818.0,P1_isolated_effects
DEEPSEEK,public.tb_fat_atend_odonto_problemas,v02_plus_fk,v00_baseline,FK vs baseline,1,0.6666666666666666,0.6666661699612936,27898.0,24080.0,3818.0,P1_isolated_effects
DEEPSEEK,public.tb_fat_rel_op_risco_cardio,v02_plus_fk,v00_baseline,FK vs baseline,1,0.3333333333333333,0.8659634788831075,27898.0,24080.0,3818.0,P1_isolated_effects
DEEPSEEK,public.tb_historico_dados_fao,v02_plus_fk,v00_baseline,FK vs baseline,1,0.6666666666666666,0.6666662096977234,27898.0,24080.0,3818.0,P1_isolated_effects
DEEPSEEK,public.tb_justificativa_prontuario,v02_plus_fk,v00_baseline,FK vs baseline,1,0.3333333333333333,0.7933917244275411,27898.0,24080.0,3818.0,P1_isolated_effects
DEEPSEEK,public.tb_lembrete_evolucao,v02_plus_fk,v00_baseline,FK vs baseline,1,0.0,0.7466340065002441,27898.0,24080.0,3818.0,P1_isolated_effects
DEEPSEEK,public.tb_medicamento_uso_continuo,v02_plus_fk,v00_baseline,FK vs baseline,1,0.0,0.7514592607816061,27898.0,24080.0,3818.0,P1_isolated_effects
DEEPSEEK,public.tb_medicao,v02_plus_fk,v00_baseline,FK vs baseline,1,0.0,0.6893076697985331,27898.0,24080.0,3818.0,P1_isolated_effects
DEEPSEEK,public.tb_odontograma,v02_plus_fk,v00_baseline,FK vs baseline,1,1.0,0.9999992450078329,27898.0,24080.0,3818.0,P1_isolated_effects
DEEPSEEK,public.tb_problema,v02_plus_fk,v00_baseline,FK vs baseline,1,0.0,0.7163854837417603,27898.0,24080.0,3818.0,P1_isolated_effects
DEEPSEEK,public.tb_proced_exame_especifico,v02_plus_fk,v00_baseline,FK vs baseline,1,1.0,0.9999996821085612,27898.0,24080.0,3818.0,P1_isolated_effects
DEEPSEEK,public.tb_raca_cor,v02_plus_fk,v00_baseline,FK vs baseline,1,0.3333333333333333,0.8823775251706442,27898.0,24080.0,3818.0,P1_isolated_effects
DEEPSEEK,public.tb_tipo_glicemia,v02_plus_fk,v00_baseline,FK vs baseline,1,0.0,0.9439283311367035,27898.0,24080.0,3818.0,P1_isolated_effects
DEEPSEEK,public.ta_medicamento_catmat,v03_plus_nullable,v00_baseline,nullable vs baseline,1,0.3333333333333333,0.8940744201342264,25521.0,24080.0,1441.0,P1_isolated_effects
DEEPSEEK,public.ta_tecido_mole,v03_plus_nullable,v00_baseline,nullable vs baseline,1,0.6666666666666666,0.875344971815745,25521.0,24080.0,1441.0,P1_isolated_effects
DEEPSEEK,public.ta_vacinacao,v03_plus_nullable,v00_baseline,nullable vs baseline,1,0.3333333333333333,0.9203188021977743,25521.0,24080.0,1441.0,P1_isolated_effects
DEEPSEEK,public.tb_antecedente,v03_plus_nullable,v00_baseline,nullable vs baseline,1,0.0,0.7352741161982218,25521.0,24080.0,1441.0,P1_isolated_effects
DEEPSEEK,public.tb_ciap_ms,v03_plus_nullable,v00_baseline,nullable vs baseline,1,0.6666666666666666,0.8886316617329916,25521.0,24080.0,1441.0,P1_isolated_effects
DEEPSEEK,public.tb_cidadao,v03_plus_nullable,v00_baseline,nullable vs baseline,1,1.0,0.9999995430310568,25521.0,24080.0,1441.0,P1_isolated_effects
DEEPSEEK,public.tb_cuidado_compartilhado_evol,v03_plus_nullable,v00_baseline,nullable vs baseline,1,0.3333333333333333,0.753942608833313,25521.0,24080.0,1441.0,P1_isolated_effects
DEEPSEEK,public.tb_dim_catmat,v03_plus_nullable,v00_baseline,nullable vs baseline,1,1.0,0.9999994039535522,25521.0,24080.0,1441.0,P1_isolated_effects
DEEPSEEK,public.tb_evolucao_odonto,v03_plus_nullable,v00_baseline,nullable vs baseline,1,0.6666666666666666,0.924153745174408,25521.0,24080.0,1441.0,P1_isolated_effects
DEEPSEEK,public.tb_evolucao_subjetivo,v03_plus_nullable,v00_baseline,nullable vs baseline,1,0.8,0.7999995946884155,25521.0,24080.0,1441.0,P1_isolated_effects
DEEPSEEK,public.tb_exame_hemoglobina_glicada,v03_plus_nullable,v00_baseline,nullable vs baseline,1,1.0,0.9999993443489075,25521.0,24080.0,1441.0,P1_isolated_effects
DEEPSEEK,public.tb_exame_prenatal,v03_plus_nullable,v00_baseline,nullable vs baseline,1,0.6666666666666666,0.9048769474029541,25521.0,24080.0,1441.0,P1_isolated_effects
DEEPSEEK,public.tb_fat_atend_odonto_problemas,v03_plus_nullable,v00_baseline,nullable vs baseline,1,0.3333333333333333,0.5546675523122152,25521.0,24080.0,1441.0,P1_isolated_effects
DEEPSEEK,public.tb_fat_rel_op_risco_cardio,v03_plus_nullable,v00_baseline,nullable vs baseline,1,0.3333333333333333,0.8659634788831075,25521.0,24080.0,1441.0,P1_isolated_effects
DEEPSEEK,public.tb_historico_dados_fao,v03_plus_nullable,v00_baseline,nullable vs baseline,1,0.6666666666666666,0.6666662891705831,25521.0,24080.0,1441.0,P1_isolated_effects
DEEPSEEK,public.tb_justificativa_prontuario,v03_plus_nullable,v00_baseline,nullable vs baseline,1,0.0,0.8691309889157613,25521.0,24080.0,1441.0,P1_isolated_effects
DEEPSEEK,public.tb_lembrete_evolucao,v03_plus_nullable,v00_baseline,nullable vs baseline,1,1.0,0.9999993443489075,25521.0,24080.0,1441.0,P1_isolated_effects
DEEPSEEK,public.tb_medicamento_uso_continuo,v03_plus_nullable,v00_baseline,nullable vs baseline,1,0.0,0.8212923010190328,25521.0,24080.0,1441.0,P1_isolated_effects
DEEPSEEK,public.tb_medicao,v03_plus_nullable,v00_baseline,nullable vs baseline,1,0.3333333333333333,0.5648866494496664,25521.0,24080.0,1441.0,P1_isolated_effects
DEEPSEEK,public.tb_odontograma,v03_plus_nullable,v00_baseline,nullable vs baseline,1,1.0,0.9999992450078329,25521.0,24080.0,1441.0,P1_isolated_effects
DEEPSEEK,public.tb_problema,v03_plus_nullable,v00_baseline,nullable vs baseline,1,0.0,0.6891894737879435,25521.0,24080.0,1441.0,P1_isolated_effects
DEEPSEEK,public.tb_proced_exame_especifico,v03_plus_nullable,v00_baseline,nullable vs baseline,1,0.6666666666666666,0.9660900235176086,25521.0,24080.0,1441.0,P1_isolated_effects
DEEPSEEK,public.tb_raca_cor,v03_plus_nullable,v00_baseline,nullable vs baseline,1,1.0,0.9999992648760477,25521.0,24080.0,1441.0,P1_isolated_effects
DEEPSEEK,public.tb_tipo_glicemia,v03_plus_nullable,v00_baseline,nullable vs baseline,1,0.0,0.9439283311367035,25521.0,24080.0,1441.0,P1_isolated_effects
DEEPSEEK,public.ta_medicamento_catmat,v04_plus_numeric_stats,v00_baseline,numeric_stats vs baseline,1,0.0,0.6911296844482422,31906.0,24080.0,7826.0,P1_isolated_effects
DEEPSEEK,public.ta_tecido_mole,v04_plus_numeric_stats,v00_baseline,numeric_stats vs baseline,1,0.6666666666666666,0.9028758406639099,31906.0,24080.0,7826.0,P1_isolated_effects
DEEPSEEK,public.ta_vacinacao,v04_plus_numeric_stats,v00_baseline,numeric_stats vs baseline,1,0.3333333333333333,0.7787630955378214,31906.0,24080.0,7826.0,P1_isolated_effects
DEEPSEEK,public.tb_antecedente,v04_plus_numeric_stats,v00_baseline,numeric_stats vs baseline,1,0.0,0.7352741161982218,31906.0,24080.0,7826.0,P1_isolated_effects
DEEPSEEK,public.tb_ciap_ms,v04_plus_numeric_stats,v00_baseline,numeric_stats vs baseline,1,0.6666666666666666,0.8653554916381836,31906.0,24080.0,7826.0,P1_isolated_effects
DEEPSEEK,public.tb_cidadao,v04_plus_numeric_stats,v00_baseline,numeric_stats vs baseline,1,0.6666666666666666,0.9287423888842264,31906.0,24080.0,7826.0,P1_isolated_effects
DEEPSEEK,public.tb_cuidado_compartilhado_evol,v04_plus_numeric_stats,v00_baseline,numeric_stats vs baseline,1,0.3333333333333333,0.5389039715131124,31906.0,24080.0,7826.0,P1_isolated_effects
DEEPSEEK,public.tb_dim_catmat,v04_plus_numeric_stats,v00_baseline,numeric_stats vs baseline,1,0.6666666666666666,0.9433531761169434,31906.0,24080.0,7826.0,P1_isolated_effects
DEEPSEEK,public.tb_evolucao_odonto,v04_plus_numeric_stats,v00_baseline,numeric_stats vs baseline,1,1.0,0.9999992648760477,31906.0,24080.0,7826.0,P1_isolated_effects
DEEPSEEK,public.tb_evolucao_subjetivo,v04_plus_numeric_stats,v00_baseline,numeric_stats vs baseline,1,0.8,0.7999995946884155,31906.0,24080.0,7826.0,P1_isolated_effects
DEEPSEEK,public.tb_exame_hemoglobina_glicada,v04_plus_numeric_stats,v00_baseline,numeric_stats vs baseline,1,1.0,0.9999993443489075,31906.0,24080.0,7826.0,P1_isolated_effects
DEEPSEEK,public.tb_exame_prenatal,v04_plus_numeric_stats,v00_baseline,numeric_stats vs baseline,1,0.6666666666666666,0.8783355355262756,31906.0,24080.0,7826.0,P1_isolated_effects
DEEPSEEK,public.tb_fat_atend_odonto_problemas,v04_plus_numeric_stats,v00_baseline,numeric_stats vs baseline,1,0.3333333333333333,0.5546675523122152,31906.0,24080.0,7826.0,P1_isolated_effects
DEEPSEEK,public.tb_fat_rel_op_risco_cardio,v04_plus_numeric_stats,v00_baseline,numeric_stats vs baseline,1,0.3333333333333333,0.8659634788831075,31906.0,24080.0,7826.0,P1_isolated_effects
DEEPSEEK,public.tb_historico_dados_fao,v04_plus_numeric_stats,v00_baseline,numeric_stats vs baseline,1,0.3333333333333333,0.6056219339370728,31906.0,24080.0,7826.0,P1_isolated_effects
DEEPSEEK,public.tb_justificativa_prontuario,v04_plus_numeric_stats,v00_baseline,numeric_stats vs baseline,1,0.0,0.8691309889157613,31906.0,24080.0,7826.0,P1_isolated_effects
DEEPSEEK,public.tb_lembrete_evolucao,v04_plus_numeric_stats,v00_baseline,numeric_stats vs baseline,1,0.6666666666666666,0.9066018462181091,31906.0,24080.0,7826.0,P1_isolated_effects
DEEPSEEK,public.tb_medicamento_uso_continuo,v04_plus_numeric_stats,v00_baseline,numeric_stats vs baseline,1,0.3333333333333333,0.8351534207661947,31906.0,24080.0,7826.0,P1_isolated_effects
DEEPSEEK,public.tb_medicao,v04_plus_numeric_stats,v00_baseline,numeric_stats vs baseline,1,0.0,0.48765506347020465,31906.0,24080.0,7826.0,P1_isolated_effects
DEEPSEEK,public.tb_odontograma,v04_plus_numeric_stats,v00_baseline,numeric_stats vs baseline,1,1.0,0.9999992450078329,31906.0,24080.0,7826.0,P1_isolated_effects
DEEPSEEK,public.tb_problema,v04_plus_numeric_stats,v00_baseline,numeric_stats vs baseline,1,0.0,0.6963334878285726,31906.0,24080.0,7826.0,P1_isolated_effects
DEEPSEEK,public.tb_proced_exame_especifico,v04_plus_numeric_stats,v00_baseline,numeric_stats vs baseline,1,0.0,0.7376871506373087,31906.0,24080.0,7826.0,P1_isolated_effects
DEEPSEEK,public.tb_raca_cor,v04_plus_numeric_stats,v00_baseline,numeric_stats vs baseline,1,0.3333333333333333,0.8408161203066508,31906.0,24080.0,7826.0,P1_isolated_effects
DEEPSEEK,public.tb_tipo_glicemia,v04_plus_numeric_stats,v00_baseline,numeric_stats vs baseline,1,0.0,0.9439283311367035,31906.0,24080.0,7826.0,P1_isolated_effects
DEEPSEEK,public.ta_medicamento_catmat,v05_plus_sample_values,v00_baseline,sample_values vs baseline,1,0.3333333333333333,0.7485936482747396,53194.0,24080.0,29114.0,P1_isolated_effects
DEEPSEEK,public.ta_tecido_mole,v05_plus_sample_values,v00_baseline,sample_values vs baseline,1,1.0,0.9999993840853373,53194.0,24080.0,29114.0,P1_isolated_effects
DEEPSEEK,public.ta_vacinacao,v05_plus_sample_values,v00_baseline,sample_values vs baseline,1,0.3333333333333333,0.5729946494102478,53194.0,24080.0,29114.0,P1_isolated_effects
DEEPSEEK,public.tb_antecedente,v05_plus_sample_values,v00_baseline,sample_values vs baseline,1,0.0,0.7352741161982218,53194.0,24080.0,29114.0,P1_isolated_effects
DEEPSEEK,public.tb_ciap_ms,v05_plus_sample_values,v00_baseline,sample_values vs baseline,1,0.3333333333333333,0.33333301544189453,53194.0,24080.0,29114.0,P1_isolated_effects
DEEPSEEK,public.tb_cidadao,v05_plus_sample_values,v00_baseline,sample_values vs baseline,1,0.3333333333333333,0.5532934268315634,53194.0,24080.0,29114.0,P1_isolated_effects
DEEPSEEK,public.tb_cuidado_compartilhado_evol,v05_plus_sample_values,v00_baseline,sample_values vs baseline,1,0.3333333333333333,0.7017297744750977,53194.0,24080.0,29114.0,P1_isolated_effects
DEEPSEEK,public.tb_dim_catmat,v05_plus_sample_values,v00_baseline,sample_values vs baseline,1,0.6666666666666666,0.9433531761169434,53194.0,24080.0,29114.0,P1_isolated_effects
DEEPSEEK,public.tb_evolucao_odonto,v05_plus_sample_values,v00_baseline,sample_values vs baseline,1,1.0,0.9999992648760477,53194.0,24080.0,29114.0,P1_isolated_effects
DEEPSEEK,public.tb_evolucao_subjetivo,v05_plus_sample_values,v00_baseline,sample_values vs baseline,1,0.0,0.5322715282440186,53194.0,24080.0,29114.0,P1_isolated_effects
DEEPSEEK,public.tb_exame_hemoglobina_glicada,v05_plus_sample_values,v00_baseline,sample_values vs baseline,1,1.0,0.9999993443489075,53194.0,24080.0,29114.0,P1_isolated_effects
DEEPSEEK,public.tb_exame_prenatal,v05_plus_sample_values,v00_baseline,sample_values vs baseline,1,1.0,0.9999994436899821,53194.0,24080.0,29114.0,P1_isolated_effects
DEEPSEEK,public.tb_fat_atend_odonto_problemas,v05_plus_sample_values,v00_baseline,sample_values vs baseline,1,0.3333333333333333,0.6035904685656229,53194.0,24080.0,29114.0,P1_isolated_effects
DEEPSEEK,public.tb_fat_rel_op_risco_cardio,v05_plus_sample_values,v00_baseline,sample_values vs baseline,1,0.3333333333333333,0.5049813787142435,53194.0,24080.0,29114.0,P1_isolated_effects
DEEPSEEK,public.tb_historico_dados_fao,v05_plus_sample_values,v00_baseline,sample_values vs baseline,1,0.0,0.1917646328608195,53194.0,24080.0,29114.0,P1_isolated_effects
DEEPSEEK,public.tb_justificativa_prontuario,v05_plus_sample_values,v00_baseline,sample_values vs baseline,1,0.0,0.8691309889157613,53194.0,24080.0,29114.0,P1_isolated_effects
DEEPSEEK,public.tb_lembrete_evolucao,v05_plus_sample_values,v00_baseline,sample_values vs baseline,1,0.0,0.0,53194.0,24080.0,29114.0,P1_isolated_effects
DEEPSEEK,public.tb_medicamento_uso_continuo,v05_plus_sample_values,v00_baseline,sample_values vs baseline,1,0.3333333333333333,0.8351534207661947,53194.0,24080.0,29114.0,P1_isolated_effects
DEEPSEEK,public.tb_medicao,v05_plus_sample_values,v00_baseline,sample_values vs baseline,1,1.0,0.9999991257985433,53194.0,24080.0,29114.0,P1_isolated_effects
DEEPSEEK,public.tb_odontograma,v05_plus_sample_values,v00_baseline,sample_values vs baseline,1,1.0,0.9999992450078329,53194.0,24080.0,29114.0,P1_isolated_effects
DEEPSEEK,public.tb_problema,v05_plus_sample_values,v00_baseline,sample_values vs baseline,1,0.3333333333333333,0.8099842468897501,53194.0,24080.0,29114.0,P1_isolated_effects
DEEPSEEK,public.tb_proced_exame_especifico,v05_plus_sample_values,v00_baseline,sample_values vs baseline,1,0.0,0.7103075583775839,53194.0,24080.0,29114.0,P1_isolated_effects
DEEPSEEK,public.tb_raca_cor,v05_plus_sample_values,v00_baseline,sample_values vs baseline,1,0.3333333333333333,0.8408161203066508,53194.0,24080.0,29114.0,P1_isolated_effects
DEEPSEEK,public.tb_tipo_glicemia,v05_plus_sample_values,v00_baseline,sample_values vs baseline,1,0.0,0.7551426649093628,53194.0,24080.0,29114.0,P1_isolated_effects
DEEPSEEK,public.ta_medicamento_catmat,v06_plus_frequent_values,v00_baseline,frequent_values vs baseline,1,0.3333333333333333,0.7121440768241882,40769.0,24080.0,16689.0,P1_isolated_effects
DEEPSEEK,public.ta_tecido_mole,v06_plus_frequent_values,v00_baseline,frequent_values vs baseline,1,0.3333333333333333,0.8816887338956197,40769.0,24080.0,16689.0,P1_isolated_effects
DEEPSEEK,public.ta_vacinacao,v06_plus_frequent_values,v00_baseline,frequent_values vs baseline,1,0.3333333333333333,0.7580340504646301,40769.0,24080.0,16689.0,P1_isolated_effects
DEEPSEEK,public.tb_antecedente,v06_plus_frequent_values,v00_baseline,frequent_values vs baseline,1,0.6666666666666666,0.9459640383720398,40769.0,24080.0,16689.0,P1_isolated_effects
DEEPSEEK,public.tb_ciap_ms,v06_plus_frequent_values,v00_baseline,frequent_values vs baseline,1,0.3333333333333333,0.516353189945221,40769.0,24080.0,16689.0,P1_isolated_effects
DEEPSEEK,public.tb_cidadao,v06_plus_frequent_values,v00_baseline,frequent_values vs baseline,1,0.6666666666666666,0.6666664481163025,40769.0,24080.0,16689.0,P1_isolated_effects
DEEPSEEK,public.tb_cuidado_compartilhado_evol,v06_plus_frequent_values,v00_baseline,frequent_values vs baseline,1,0.3333333333333333,0.5776685277620951,40769.0,24080.0,16689.0,P1_isolated_effects
DEEPSEEK,public.tb_dim_catmat,v06_plus_frequent_values,v00_baseline,frequent_values vs baseline,1,0.3333333333333333,0.5626715024312338,40769.0,24080.0,16689.0,P1_isolated_effects
DEEPSEEK,public.tb_evolucao_odonto,v06_plus_frequent_values,v00_baseline,frequent_values vs baseline,1,0.6666666666666666,0.8417823314666748,40769.0,24080.0,16689.0,P1_isolated_effects
DEEPSEEK,public.tb_evolucao_subjetivo,v06_plus_frequent_values,v00_baseline,frequent_values vs baseline,1,0.4,0.634525465965271,40769.0,24080.0,16689.0,P1_isolated_effects
DEEPSEEK,public.tb_exame_hemoglobina_glicada,v06_plus_frequent_values,v00_baseline,frequent_values vs baseline,1,0.6666666666666666,0.6666661500930786,40769.0,24080.0,16689.0,P1_isolated_effects
DEEPSEEK,public.tb_exame_prenatal,v06_plus_frequent_values,v00_baseline,frequent_values vs baseline,1,0.6666666666666666,0.8803013563156128,40769.0,24080.0,16689.0,P1_isolated_effects
DEEPSEEK,public.tb_fat_atend_odonto_problemas,v06_plus_frequent_values,v00_baseline,frequent_values vs baseline,1,0.6666666666666666,0.6666661699612936,40769.0,24080.0,16689.0,P1_isolated_effects
DEEPSEEK,public.tb_fat_rel_op_risco_cardio,v06_plus_frequent_values,v00_baseline,frequent_values vs baseline,1,0.3333333333333333,0.5049813787142435,40769.0,24080.0,16689.0,P1_isolated_effects
DEEPSEEK,public.tb_historico_dados_fao,v06_plus_frequent_values,v00_baseline,frequent_values vs baseline,1,0.0,0.0,40769.0,24080.0,16689.0,P1_isolated_effects
DEEPSEEK,public.tb_justificativa_prontuario,v06_plus_frequent_values,v00_baseline,frequent_values vs baseline,1,0.0,0.7305057843526205,40769.0,24080.0,16689.0,P1_isolated_effects
DEEPSEEK,public.tb_lembrete_evolucao,v06_plus_frequent_values,v00_baseline,frequent_values vs baseline,1,0.3333333333333333,0.7265423734982809,40769.0,24080.0,16689.0,P1_isolated_effects
DEEPSEEK,public.tb_medicamento_uso_continuo,v06_plus_frequent_values,v00_baseline,frequent_values vs baseline,1,0.0,0.794831653436025,40769.0,24080.0,16689.0,P1_isolated_effects
DEEPSEEK,public.tb_medicao,v06_plus_frequent_values,v00_baseline,frequent_values vs baseline,1,1.0,0.9999991257985433,40769.0,24080.0,16689.0,P1_isolated_effects
DEEPSEEK,public.tb_odontograma,v06_plus_frequent_values,v00_baseline,frequent_values vs baseline,1,1.0,0.9999992450078329,40769.0,24080.0,16689.0,P1_isolated_effects
DEEPSEEK,public.tb_problema,v06_plus_frequent_values,v00_baseline,frequent_values vs baseline,1,0.3333333333333333,0.805019736289978,40769.0,24080.0,16689.0,P1_isolated_effects
DEEPSEEK,public.tb_proced_exame_especifico,v06_plus_frequent_values,v00_baseline,frequent_values vs baseline,1,0.3333333333333333,0.9564486344655355,40769.0,24080.0,16689.0,P1_isolated_effects
DEEPSEEK,public.tb_raca_cor,v06_plus_frequent_values,v00_baseline,frequent_values vs baseline,1,0.3333333333333333,0.8823775251706442,40769.0,24080.0,16689.0,P1_isolated_effects
DEEPSEEK,public.tb_tipo_glicemia,v06_plus_frequent_values,v00_baseline,frequent_values vs baseline,1,1.0,0.9999993145465851,40769.0,24080.0,16689.0,P1_isolated_effects
DEEPSEEK,public.ta_medicamento_catmat,v07_plus_sample_rows,v00_baseline,sample_rows vs baseline,1,0.3333333333333333,0.7897707223892212,36713.0,24080.0,12633.0,P1_isolated_effects
DEEPSEEK,public.ta_tecido_mole,v07_plus_sample_rows,v00_baseline,sample_rows vs baseline,1,0.3333333333333333,0.627596358458201,36713.0,24080.0,12633.0,P1_isolated_effects
DEEPSEEK,public.ta_vacinacao,v07_plus_sample_rows,v00_baseline,sample_rows vs baseline,1,0.3333333333333333,0.7639806270599365,36713.0,24080.0,12633.0,P1_isolated_effects
DEEPSEEK,public.tb_antecedente,v07_plus_sample_rows,v00_baseline,sample_rows vs baseline,1,0.6666666666666666,0.9417584935824076,36713.0,24080.0,12633.0,P1_isolated_effects
DEEPSEEK,public.tb_ciap_ms,v07_plus_sample_rows,v00_baseline,sample_rows vs baseline,1,0.3333333333333333,0.33333301544189453,36713.0,24080.0,12633.0,P1_isolated_effects
DEEPSEEK,public.tb_cidadao,v07_plus_sample_rows,v00_baseline,sample_rows vs baseline,1,0.3333333333333333,0.5532934268315634,36713.0,24080.0,12633.0,P1_isolated_effects
DEEPSEEK,public.tb_cuidado_compartilhado_evol,v07_plus_sample_rows,v00_baseline,sample_rows vs baseline,1,0.3333333333333333,0.8289705316225687,36713.0,24080.0,12633.0,P1_isolated_effects
DEEPSEEK,public.tb_dim_catmat,v07_plus_sample_rows,v00_baseline,sample_rows vs baseline,1,0.6666666666666666,0.9433531761169434,36713.0,24080.0,12633.0,P1_isolated_effects
DEEPSEEK,public.tb_evolucao_odonto,v07_plus_sample_rows,v00_baseline,sample_rows vs baseline,1,1.0,0.9999992648760477,36713.0,24080.0,12633.0,P1_isolated_effects
DEEPSEEK,public.tb_evolucao_subjetivo,v07_plus_sample_rows,v00_baseline,sample_rows vs baseline,1,0.4,0.7375810861587524,36713.0,24080.0,12633.0,P1_isolated_effects
DEEPSEEK,public.tb_exame_hemoglobina_glicada,v07_plus_sample_rows,v00_baseline,sample_rows vs baseline,1,0.6666666666666666,0.6666661500930786,36713.0,24080.0,12633.0,P1_isolated_effects
DEEPSEEK,public.tb_exame_prenatal,v07_plus_sample_rows,v00_baseline,sample_rows vs baseline,1,1.0,0.9999994436899821,36713.0,24080.0,12633.0,P1_isolated_effects
DEEPSEEK,public.tb_fat_atend_odonto_problemas,v07_plus_sample_rows,v00_baseline,sample_rows vs baseline,1,0.6666666666666666,0.6666661699612936,36713.0,24080.0,12633.0,P1_isolated_effects
DEEPSEEK,public.tb_fat_rel_op_risco_cardio,v07_plus_sample_rows,v00_baseline,sample_rows vs baseline,1,1.0,0.9999993443489075,36713.0,24080.0,12633.0,P1_isolated_effects
DEEPSEEK,public.tb_historico_dados_fao,v07_plus_sample_rows,v00_baseline,sample_rows vs baseline,1,0.3333333333333333,0.33333319425582886,36713.0,24080.0,12633.0,P1_isolated_effects
DEEPSEEK,public.tb_justificativa_prontuario,v07_plus_sample_rows,v00_baseline,sample_rows vs baseline,1,0.0,0.6593252817789713,36713.0,24080.0,12633.0,P1_isolated_effects
DEEPSEEK,public.tb_lembrete_evolucao,v07_plus_sample_rows,v00_baseline,sample_rows vs baseline,1,0.0,0.4312019944190979,36713.0,24080.0,12633.0,P1_isolated_effects
DEEPSEEK,public.tb_medicamento_uso_continuo,v07_plus_sample_rows,v00_baseline,sample_rows vs baseline,1,0.0,0.8212923010190328,36713.0,24080.0,12633.0,P1_isolated_effects
DEEPSEEK,public.tb_medicao,v07_plus_sample_rows,v00_baseline,sample_rows vs baseline,1,0.6666666666666666,0.9227675994237264,36713.0,24080.0,12633.0,P1_isolated_effects
DEEPSEEK,public.tb_odontograma,v07_plus_sample_rows,v00_baseline,sample_rows vs baseline,1,1.0,0.9999992450078329,36713.0,24080.0,12633.0,P1_isolated_effects
DEEPSEEK,public.tb_problema,v07_plus_sample_rows,v00_baseline,sample_rows vs baseline,1,0.0,0.6963334878285726,36713.0,24080.0,12633.0,P1_isolated_effects
DEEPSEEK,public.tb_proced_exame_especifico,v07_plus_sample_rows,v00_baseline,sample_rows vs baseline,1,0.0,0.795515259106954,36713.0,24080.0,12633.0,P1_isolated_effects
DEEPSEEK,public.tb_raca_cor,v07_plus_sample_rows,v00_baseline,sample_rows vs baseline,1,0.3333333333333333,0.5850238800048828,36713.0,24080.0,12633.0,P1_isolated_effects
DEEPSEEK,public.tb_tipo_glicemia,v07_plus_sample_rows,v00_baseline,sample_rows vs baseline,1,0.0,0.6067378282546997,36713.0,24080.0,12633.0,P1_isolated_effects
DEEPSEEK,public.ta_medicamento_catmat,v04_plus_numeric_stats,v00_baseline,numeric_stats sozinho,1,0.0,0.6911296844482422,31906.0,24080.0,7826.0,P2_numeric_stats
DEEPSEEK,public.ta_tecido_mole,v04_plus_numeric_stats,v00_baseline,numeric_stats sozinho,1,0.6666666666666666,0.9028758406639099,31906.0,24080.0,7826.0,P2_numeric_stats
DEEPSEEK,public.ta_vacinacao,v04_plus_numeric_stats,v00_baseline,numeric_stats sozinho,1,0.3333333333333333,0.7787630955378214,31906.0,24080.0,7826.0,P2_numeric_stats
DEEPSEEK,public.tb_antecedente,v04_plus_numeric_stats,v00_baseline,numeric_stats sozinho,1,0.0,0.7352741161982218,31906.0,24080.0,7826.0,P2_numeric_stats
DEEPSEEK,public.tb_ciap_ms,v04_plus_numeric_stats,v00_baseline,numeric_stats sozinho,1,0.6666666666666666,0.8653554916381836,31906.0,24080.0,7826.0,P2_numeric_stats
DEEPSEEK,public.tb_cidadao,v04_plus_numeric_stats,v00_baseline,numeric_stats sozinho,1,0.6666666666666666,0.9287423888842264,31906.0,24080.0,7826.0,P2_numeric_stats
DEEPSEEK,public.tb_cuidado_compartilhado_evol,v04_plus_numeric_stats,v00_baseline,numeric_stats sozinho,1,0.3333333333333333,0.5389039715131124,31906.0,24080.0,7826.0,P2_numeric_stats
DEEPSEEK,public.tb_dim_catmat,v04_plus_numeric_stats,v00_baseline,numeric_stats sozinho,1,0.6666666666666666,0.9433531761169434,31906.0,24080.0,7826.0,P2_numeric_stats
DEEPSEEK,public.tb_evolucao_odonto,v04_plus_numeric_stats,v00_baseline,numeric_stats sozinho,1,1.0,0.9999992648760477,31906.0,24080.0,7826.0,P2_numeric_stats
DEEPSEEK,public.tb_evolucao_subjetivo,v04_plus_numeric_stats,v00_baseline,numeric_stats sozinho,1,0.8,0.7999995946884155,31906.0,24080.0,7826.0,P2_numeric_stats
DEEPSEEK,public.tb_exame_hemoglobina_glicada,v04_plus_numeric_stats,v00_baseline,numeric_stats sozinho,1,1.0,0.9999993443489075,31906.0,24080.0,7826.0,P2_numeric_stats
DEEPSEEK,public.tb_exame_prenatal,v04_plus_numeric_stats,v00_baseline,numeric_stats sozinho,1,0.6666666666666666,0.8783355355262756,31906.0,24080.0,7826.0,P2_numeric_stats
DEEPSEEK,public.tb_fat_atend_odonto_problemas,v04_plus_numeric_stats,v00_baseline,numeric_stats sozinho,1,0.3333333333333333,0.5546675523122152,31906.0,24080.0,7826.0,P2_numeric_stats
DEEPSEEK,public.tb_fat_rel_op_risco_cardio,v04_plus_numeric_stats,v00_baseline,numeric_stats sozinho,1,0.3333333333333333,0.8659634788831075,31906.0,24080.0,7826.0,P2_numeric_stats
DEEPSEEK,public.tb_historico_dados_fao,v04_plus_numeric_stats,v00_baseline,numeric_stats sozinho,1,0.3333333333333333,0.6056219339370728,31906.0,24080.0,7826.0,P2_numeric_stats
DEEPSEEK,public.tb_justificativa_prontuario,v04_plus_numeric_stats,v00_baseline,numeric_stats sozinho,1,0.0,0.8691309889157613,31906.0,24080.0,7826.0,P2_numeric_stats
DEEPSEEK,public.tb_lembrete_evolucao,v04_plus_numeric_stats,v00_baseline,numeric_stats sozinho,1,0.6666666666666666,0.9066018462181091,31906.0,24080.0,7826.0,P2_numeric_stats
DEEPSEEK,public.tb_medicamento_uso_continuo,v04_plus_numeric_stats,v00_baseline,numeric_stats sozinho,1,0.3333333333333333,0.8351534207661947,31906.0,24080.0,7826.0,P2_numeric_stats
DEEPSEEK,public.tb_medicao,v04_plus_numeric_stats,v00_baseline,numeric_stats sozinho,1,0.0,0.48765506347020465,31906.0,24080.0,7826.0,P2_numeric_stats
DEEPSEEK,public.tb_odontograma,v04_plus_numeric_stats,v00_baseline,numeric_stats sozinho,1,1.0,0.9999992450078329,31906.0,24080.0,7826.0,P2_numeric_stats
DEEPSEEK,public.tb_problema,v04_plus_numeric_stats,v00_baseline,numeric_stats sozinho,1,0.0,0.6963334878285726,31906.0,24080.0,7826.0,P2_numeric_stats
DEEPSEEK,public.tb_proced_exame_especifico,v04_plus_numeric_stats,v00_baseline,numeric_stats sozinho,1,0.0,0.7376871506373087,31906.0,24080.0,7826.0,P2_numeric_stats
DEEPSEEK,public.tb_raca_cor,v04_plus_numeric_stats,v00_baseline,numeric_stats sozinho,1,0.3333333333333333,0.8408161203066508,31906.0,24080.0,7826.0,P2_numeric_stats
DEEPSEEK,public.tb_tipo_glicemia,v04_plus_numeric_stats,v00_baseline,numeric_stats sozinho,1,0.0,0.9439283311367035,31906.0,24080.0,7826.0,P2_numeric_stats
DEEPSEEK,public.ta_medicamento_catmat,v14_nullable_plus_numeric_stats,v03_plus_nullable,numeric_stats + nullable vs nullable,1,0.3333333333333333,0.7100151379903158,33481.0,25521.0,7960.0,P2_numeric_stats
DEEPSEEK,public.ta_tecido_mole,v14_nullable_plus_numeric_stats,v03_plus_nullable,numeric_stats + nullable vs nullable,1,0.3333333333333333,0.7782214283943176,33481.0,25521.0,7960.0,P2_numeric_stats
DEEPSEEK,public.ta_vacinacao,v14_nullable_plus_numeric_stats,v03_plus_nullable,numeric_stats + nullable vs nullable,1,0.3333333333333333,0.8659613927205404,33481.0,25521.0,7960.0,P2_numeric_stats
DEEPSEEK,public.tb_antecedente,v14_nullable_plus_numeric_stats,v03_plus_nullable,numeric_stats + nullable vs nullable,1,1.0,0.9999993642171224,33481.0,25521.0,7960.0,P2_numeric_stats
DEEPSEEK,public.tb_ciap_ms,v14_nullable_plus_numeric_stats,v03_plus_nullable,numeric_stats + nullable vs nullable,1,1.0,0.9999991456667582,33481.0,25521.0,7960.0,P2_numeric_stats
DEEPSEEK,public.tb_cidadao,v14_nullable_plus_numeric_stats,v03_plus_nullable,numeric_stats + nullable vs nullable,1,0.6666666666666666,0.8822244008382162,33481.0,25521.0,7960.0,P2_numeric_stats
DEEPSEEK,public.tb_cuidado_compartilhado_evol,v14_nullable_plus_numeric_stats,v03_plus_nullable,numeric_stats + nullable vs nullable,1,1.0,0.999999205271403,33481.0,25521.0,7960.0,P2_numeric_stats
DEEPSEEK,public.tb_dim_catmat,v14_nullable_plus_numeric_stats,v03_plus_nullable,numeric_stats + nullable vs nullable,1,0.6666666666666666,0.9433531761169434,33481.0,25521.0,7960.0,P2_numeric_stats
DEEPSEEK,public.tb_evolucao_odonto,v14_nullable_plus_numeric_stats,v03_plus_nullable,numeric_stats + nullable vs nullable,1,0.6666666666666666,0.924153745174408,33481.0,25521.0,7960.0,P2_numeric_stats
DEEPSEEK,public.tb_evolucao_subjetivo,v14_nullable_plus_numeric_stats,v03_plus_nullable,numeric_stats + nullable vs nullable,1,1.0,0.999999483426412,33481.0,25521.0,7960.0,P2_numeric_stats
DEEPSEEK,public.tb_exame_hemoglobina_glicada,v14_nullable_plus_numeric_stats,v03_plus_nullable,numeric_stats + nullable vs nullable,1,0.6666666666666666,0.6666661500930786,33481.0,25521.0,7960.0,P2_numeric_stats
DEEPSEEK,public.tb_exame_prenatal,v14_nullable_plus_numeric_stats,v03_plus_nullable,numeric_stats + nullable vs nullable,1,0.3333333333333333,0.7851788600285848,33481.0,25521.0,7960.0,P2_numeric_stats
DEEPSEEK,public.tb_fat_atend_odonto_problemas,v14_nullable_plus_numeric_stats,v03_plus_nullable,numeric_stats + nullable vs nullable,1,0.6666666666666666,0.8351856072743734,33481.0,25521.0,7960.0,P2_numeric_stats
DEEPSEEK,public.tb_fat_rel_op_risco_cardio,v14_nullable_plus_numeric_stats,v03_plus_nullable,numeric_stats + nullable vs nullable,1,1.0,0.9999993244806925,33481.0,25521.0,7960.0,P2_numeric_stats
DEEPSEEK,public.tb_historico_dados_fao,v14_nullable_plus_numeric_stats,v03_plus_nullable,numeric_stats + nullable vs nullable,1,0.3333333333333333,0.8246451417605082,33481.0,25521.0,7960.0,P2_numeric_stats
DEEPSEEK,public.tb_justificativa_prontuario,v14_nullable_plus_numeric_stats,v03_plus_nullable,numeric_stats + nullable vs nullable,1,1.0,0.9999993244806925,33481.0,25521.0,7960.0,P2_numeric_stats
DEEPSEEK,public.tb_lembrete_evolucao,v14_nullable_plus_numeric_stats,v03_plus_nullable,numeric_stats + nullable vs nullable,1,1.0,0.9999993443489075,33481.0,25521.0,7960.0,P2_numeric_stats
DEEPSEEK,public.tb_medicamento_uso_continuo,v14_nullable_plus_numeric_stats,v03_plus_nullable,numeric_stats + nullable vs nullable,1,0.0,0.9343599875768026,33481.0,25521.0,7960.0,P2_numeric_stats
DEEPSEEK,public.tb_medicao,v14_nullable_plus_numeric_stats,v03_plus_nullable,numeric_stats + nullable vs nullable,1,0.3333333333333333,0.333333154519399,33481.0,25521.0,7960.0,P2_numeric_stats
DEEPSEEK,public.tb_odontograma,v14_nullable_plus_numeric_stats,v03_plus_nullable,numeric_stats + nullable vs nullable,1,1.0,0.9999992450078329,33481.0,25521.0,7960.0,P2_numeric_stats
DEEPSEEK,public.tb_problema,v14_nullable_plus_numeric_stats,v03_plus_nullable,numeric_stats + nullable vs nullable,1,0.6666666666666666,0.6666662295659384,33481.0,25521.0,7960.0,P2_numeric_stats
DEEPSEEK,public.tb_proced_exame_especifico,v14_nullable_plus_numeric_stats,v03_plus_nullable,numeric_stats + nullable vs nullable,1,0.0,0.7621543010075887,33481.0,25521.0,7960.0,P2_numeric_stats
DEEPSEEK,public.tb_raca_cor,v14_nullable_plus_numeric_stats,v03_plus_nullable,numeric_stats + nullable vs nullable,1,0.0,0.534263034661611,33481.0,25521.0,7960.0,P2_numeric_stats
DEEPSEEK,public.tb_tipo_glicemia,v14_nullable_plus_numeric_stats,v03_plus_nullable,numeric_stats + nullable vs nullable,1,0.0,0.9439283311367035,33481.0,25521.0,7960.0,P2_numeric_stats
DEEPSEEK,public.ta_medicamento_catmat,v01_full,v24_full_no_numeric_stats,full vs full-sem-numeric_stats,1,0.3333333333333333,0.7288054823875427,101577.0,94826.0,6751.0,P2_numeric_stats
DEEPSEEK,public.ta_tecido_mole,v01_full,v24_full_no_numeric_stats,full vs full-sem-numeric_stats,1,0.3333333333333333,0.7654279271761576,101577.0,94826.0,6751.0,P2_numeric_stats
DEEPSEEK,public.ta_vacinacao,v01_full,v24_full_no_numeric_stats,full vs full-sem-numeric_stats,1,0.3333333333333333,0.8329174717267355,101577.0,94826.0,6751.0,P2_numeric_stats
DEEPSEEK,public.tb_antecedente,v01_full,v24_full_no_numeric_stats,full vs full-sem-numeric_stats,1,1.0,0.9999994039535522,101577.0,94826.0,6751.0,P2_numeric_stats
DEEPSEEK,public.tb_ciap_ms,v01_full,v24_full_no_numeric_stats,full vs full-sem-numeric_stats,1,0.3333333333333333,0.5058478514353434,101577.0,94826.0,6751.0,P2_numeric_stats
DEEPSEEK,public.tb_cidadao,v01_full,v24_full_no_numeric_stats,full vs full-sem-numeric_stats,1,1.0,0.9999995231628418,101577.0,94826.0,6751.0,P2_numeric_stats
DEEPSEEK,public.tb_cuidado_compartilhado_evol,v01_full,v24_full_no_numeric_stats,full vs full-sem-numeric_stats,1,1.0,0.999999205271403,101577.0,94826.0,6751.0,P2_numeric_stats
DEEPSEEK,public.tb_dim_catmat,v01_full,v24_full_no_numeric_stats,full vs full-sem-numeric_stats,1,0.6666666666666666,0.839168906211853,101577.0,94826.0,6751.0,P2_numeric_stats
DEEPSEEK,public.tb_evolucao_odonto,v01_full,v24_full_no_numeric_stats,full vs full-sem-numeric_stats,1,0.6666666666666666,0.9050434827804565,101577.0,94826.0,6751.0,P2_numeric_stats
DEEPSEEK,public.tb_evolucao_subjetivo,v01_full,v24_full_no_numeric_stats,full vs full-sem-numeric_stats,1,0.6666666666666666,0.6666660110155741,101577.0,94826.0,6751.0,P2_numeric_stats
DEEPSEEK,public.tb_exame_hemoglobina_glicada,v01_full,v24_full_no_numeric_stats,full vs full-sem-numeric_stats,1,0.3333333333333333,0.8572799563407898,101577.0,94826.0,6751.0,P2_numeric_stats
DEEPSEEK,public.tb_exame_prenatal,v01_full,v24_full_no_numeric_stats,full vs full-sem-numeric_stats,1,0.6666666666666666,0.9489309986432394,101577.0,94826.0,6751.0,P2_numeric_stats
DEEPSEEK,public.tb_fat_atend_odonto_problemas,v01_full,v24_full_no_numeric_stats,full vs full-sem-numeric_stats,1,1.0,0.9999992450078329,101577.0,94826.0,6751.0,P2_numeric_stats
DEEPSEEK,public.tb_fat_rel_op_risco_cardio,v01_full,v24_full_no_numeric_stats,full vs full-sem-numeric_stats,1,1.0,0.9999993840853373,101577.0,94826.0,6751.0,P2_numeric_stats
DEEPSEEK,public.tb_historico_dados_fao,v01_full,v24_full_no_numeric_stats,full vs full-sem-numeric_stats,1,0.6666666666666666,0.8989140192667643,101577.0,94826.0,6751.0,P2_numeric_stats
DEEPSEEK,public.tb_justificativa_prontuario,v01_full,v24_full_no_numeric_stats,full vs full-sem-numeric_stats,1,0.3333333333333333,0.8093829949696859,101577.0,94826.0,6751.0,P2_numeric_stats
DEEPSEEK,public.tb_lembrete_evolucao,v01_full,v24_full_no_numeric_stats,full vs full-sem-numeric_stats,1,1.0,0.9999991059303284,101577.0,94826.0,6751.0,P2_numeric_stats
DEEPSEEK,public.tb_medicamento_uso_continuo,v01_full,v24_full_no_numeric_stats,full vs full-sem-numeric_stats,1,0.3333333333333333,0.95903213818868,101577.0,94826.0,6751.0,P2_numeric_stats
DEEPSEEK,public.tb_medicao,v01_full,v24_full_no_numeric_stats,full vs full-sem-numeric_stats,1,0.0,0.45925788084665936,101577.0,94826.0,6751.0,P2_numeric_stats
DEEPSEEK,public.tb_odontograma,v01_full,v24_full_no_numeric_stats,full vs full-sem-numeric_stats,1,1.0,0.9999992450078329,101577.0,94826.0,6751.0,P2_numeric_stats
DEEPSEEK,public.tb_problema,v01_full,v24_full_no_numeric_stats,full vs full-sem-numeric_stats,1,0.6666666666666666,0.9681238929430643,101577.0,94826.0,6751.0,P2_numeric_stats
DEEPSEEK,public.tb_proced_exame_especifico,v01_full,v24_full_no_numeric_stats,full vs full-sem-numeric_stats,1,0.3333333333333333,0.7788777152697245,101577.0,94826.0,6751.0,P2_numeric_stats
DEEPSEEK,public.tb_raca_cor,v01_full,v24_full_no_numeric_stats,full vs full-sem-numeric_stats,1,0.0,0.7270990411440531,101577.0,94826.0,6751.0,P2_numeric_stats
DEEPSEEK,public.tb_tipo_glicemia,v01_full,v24_full_no_numeric_stats,full vs full-sem-numeric_stats,1,0.3333333333333333,0.836445172627767,101577.0,94826.0,6751.0,P2_numeric_stats
DEEPSEEK,public.ta_medicamento_catmat,v07_plus_sample_rows,v05_plus_sample_values,rows vs sample_values,1,0.6666666666666666,0.868229866027832,36713.0,53194.0,-16481.0,P3_sample_rows_vs_col_values
DEEPSEEK,public.ta_tecido_mole,v07_plus_sample_rows,v05_plus_sample_values,rows vs sample_values,1,0.3333333333333333,0.627596358458201,36713.0,53194.0,-16481.0,P3_sample_rows_vs_col_values
DEEPSEEK,public.ta_vacinacao,v07_plus_sample_rows,v05_plus_sample_values,rows vs sample_values,1,0.3333333333333333,0.6376984715461731,36713.0,53194.0,-16481.0,P3_sample_rows_vs_col_values
DEEPSEEK,public.tb_antecedente,v07_plus_sample_rows,v05_plus_sample_values,rows vs sample_values,1,0.0,0.7033539215723673,36713.0,53194.0,-16481.0,P3_sample_rows_vs_col_values
DEEPSEEK,public.tb_ciap_ms,v07_plus_sample_rows,v05_plus_sample_values,rows vs sample_values,1,0.3333333333333333,0.5132968425750732,36713.0,53194.0,-16481.0,P3_sample_rows_vs_col_values
DEEPSEEK,public.tb_cidadao,v07_plus_sample_rows,v05_plus_sample_values,rows vs sample_values,1,1.0,0.9999995231628418,36713.0,53194.0,-16481.0,P3_sample_rows_vs_col_values
DEEPSEEK,public.tb_cuidado_compartilhado_evol,v07_plus_sample_rows,v05_plus_sample_values,rows vs sample_values,1,0.3333333333333333,0.7649268507957458,36713.0,53194.0,-16481.0,P3_sample_rows_vs_col_values
DEEPSEEK,public.tb_dim_catmat,v07_plus_sample_rows,v05_plus_sample_values,rows vs sample_values,1,1.0,0.999999463558197,36713.0,53194.0,-16481.0,P3_sample_rows_vs_col_values
DEEPSEEK,public.tb_evolucao_odonto,v07_plus_sample_rows,v05_plus_sample_values,rows vs sample_values,1,1.0,0.9999992648760477,36713.0,53194.0,-16481.0,P3_sample_rows_vs_col_values
DEEPSEEK,public.tb_evolucao_subjetivo,v07_plus_sample_rows,v05_plus_sample_values,rows vs sample_values,1,0.0,0.26642394065856934,36713.0,53194.0,-16481.0,P3_sample_rows_vs_col_values
DEEPSEEK,public.tb_exame_hemoglobina_glicada,v07_plus_sample_rows,v05_plus_sample_values,rows vs sample_values,1,0.6666666666666666,0.6666661500930786,36713.0,53194.0,-16481.0,P3_sample_rows_vs_col_values
DEEPSEEK,public.tb_exame_prenatal,v07_plus_sample_rows,v05_plus_sample_values,rows vs sample_values,1,1.0,0.9999994436899821,36713.0,53194.0,-16481.0,P3_sample_rows_vs_col_values
DEEPSEEK,public.tb_fat_atend_odonto_problemas,v07_plus_sample_rows,v05_plus_sample_values,rows vs sample_values,1,0.3333333333333333,0.7791978716850281,36713.0,53194.0,-16481.0,P3_sample_rows_vs_col_values
DEEPSEEK,public.tb_fat_rel_op_risco_cardio,v07_plus_sample_rows,v05_plus_sample_values,rows vs sample_values,1,0.3333333333333333,0.5049813787142435,36713.0,53194.0,-16481.0,P3_sample_rows_vs_col_values
DEEPSEEK,public.tb_historico_dados_fao,v07_plus_sample_rows,v05_plus_sample_values,rows vs sample_values,1,0.0,0.0,36713.0,53194.0,-16481.0,P3_sample_rows_vs_col_values
DEEPSEEK,public.tb_justificativa_prontuario,v07_plus_sample_rows,v05_plus_sample_values,rows vs sample_values,1,0.0,0.734222412109375,36713.0,53194.0,-16481.0,P3_sample_rows_vs_col_values
DEEPSEEK,public.tb_lembrete_evolucao,v07_plus_sample_rows,v05_plus_sample_values,rows vs sample_values,1,0.0,0.3849601745605469,36713.0,53194.0,-16481.0,P3_sample_rows_vs_col_values
DEEPSEEK,public.tb_medicamento_uso_continuo,v07_plus_sample_rows,v05_plus_sample_values,rows vs sample_values,1,0.0,0.8878910740216573,36713.0,53194.0,-16481.0,P3_sample_rows_vs_col_values
DEEPSEEK,public.tb_medicao,v07_plus_sample_rows,v05_plus_sample_values,rows vs sample_values,1,0.6666666666666666,0.9227675994237264,36713.0,53194.0,-16481.0,P3_sample_rows_vs_col_values
DEEPSEEK,public.tb_odontograma,v07_plus_sample_rows,v05_plus_sample_values,rows vs sample_values,1,1.0,0.9999992450078329,36713.0,53194.0,-16481.0,P3_sample_rows_vs_col_values
DEEPSEEK,public.tb_problema,v07_plus_sample_rows,v05_plus_sample_values,rows vs sample_values,1,0.0,0.7596894900004069,36713.0,53194.0,-16481.0,P3_sample_rows_vs_col_values
DEEPSEEK,public.tb_proced_exame_especifico,v07_plus_sample_rows,v05_plus_sample_values,rows vs sample_values,1,0.0,0.7556551496187845,36713.0,53194.0,-16481.0,P3_sample_rows_vs_col_values
DEEPSEEK,public.tb_raca_cor,v07_plus_sample_rows,v05_plus_sample_values,rows vs sample_values,1,0.0,0.7270990411440531,36713.0,53194.0,-16481.0,P3_sample_rows_vs_col_values
DEEPSEEK,public.tb_tipo_glicemia,v07_plus_sample_rows,v05_plus_sample_values,rows vs sample_values,1,0.0,0.7929025491078695,36713.0,53194.0,-16481.0,P3_sample_rows_vs_col_values
DEEPSEEK,public.ta_medicamento_catmat,v07_plus_sample_rows,v06_plus_frequent_values,rows vs frequent_values,1,0.6666666666666666,0.6666664083798727,36713.0,40769.0,-4056.0,P3_sample_rows_vs_col_values
DEEPSEEK,public.ta_tecido_mole,v07_plus_sample_rows,v06_plus_frequent_values,rows vs frequent_values,1,0.6666666666666666,0.6666661302248637,36713.0,40769.0,-4056.0,P3_sample_rows_vs_col_values
DEEPSEEK,public.ta_vacinacao,v07_plus_sample_rows,v06_plus_frequent_values,rows vs frequent_values,1,0.6666666666666666,0.6666660706202189,36713.0,40769.0,-4056.0,P3_sample_rows_vs_col_values
DEEPSEEK,public.tb_antecedente,v07_plus_sample_rows,v06_plus_frequent_values,rows vs frequent_values,1,0.6666666666666666,0.9135747750600179,36713.0,40769.0,-4056.0,P3_sample_rows_vs_col_values
DEEPSEEK,public.tb_ciap_ms,v07_plus_sample_rows,v06_plus_frequent_values,rows vs frequent_values,1,0.3333333333333333,0.543337861696879,36713.0,40769.0,-4056.0,P3_sample_rows_vs_col_values
DEEPSEEK,public.tb_cidadao,v07_plus_sample_rows,v06_plus_frequent_values,rows vs frequent_values,1,0.3333333333333333,0.7827917734781901,36713.0,40769.0,-4056.0,P3_sample_rows_vs_col_values
DEEPSEEK,public.tb_cuidado_compartilhado_evol,v07_plus_sample_rows,v06_plus_frequent_values,rows vs frequent_values,1,0.3333333333333333,0.7631792028745016,36713.0,40769.0,-4056.0,P3_sample_rows_vs_col_values
DEEPSEEK,public.tb_dim_catmat,v07_plus_sample_rows,v06_plus_frequent_values,rows vs frequent_values,1,0.3333333333333333,0.5265268087387085,36713.0,40769.0,-4056.0,P3_sample_rows_vs_col_values
DEEPSEEK,public.tb_evolucao_odonto,v07_plus_sample_rows,v06_plus_frequent_values,rows vs frequent_values,1,0.6666666666666666,0.8417823314666748,36713.0,40769.0,-4056.0,P3_sample_rows_vs_col_values
DEEPSEEK,public.tb_evolucao_subjetivo,v07_plus_sample_rows,v06_plus_frequent_values,rows vs frequent_values,1,0.3333333333333333,0.507938285668691,36713.0,40769.0,-4056.0,P3_sample_rows_vs_col_values
DEEPSEEK,public.tb_exame_hemoglobina_glicada,v07_plus_sample_rows,v06_plus_frequent_values,rows vs frequent_values,1,0.6666666666666666,0.9251547257105509,36713.0,40769.0,-4056.0,P3_sample_rows_vs_col_values
DEEPSEEK,public.tb_exame_prenatal,v07_plus_sample_rows,v06_plus_frequent_values,rows vs frequent_values,1,0.6666666666666666,0.8803013563156128,36713.0,40769.0,-4056.0,P3_sample_rows_vs_col_values
DEEPSEEK,public.tb_fat_atend_odonto_problemas,v07_plus_sample_rows,v06_plus_frequent_values,rows vs frequent_values,1,1.0,0.9999993840853373,36713.0,40769.0,-4056.0,P3_sample_rows_vs_col_values
DEEPSEEK,public.tb_fat_rel_op_risco_cardio,v07_plus_sample_rows,v06_plus_frequent_values,rows vs frequent_values,1,0.3333333333333333,0.5049813787142435,36713.0,40769.0,-4056.0,P3_sample_rows_vs_col_values
DEEPSEEK,public.tb_historico_dados_fao,v07_plus_sample_rows,v06_plus_frequent_values,rows vs frequent_values,1,0.0,0.2624673843383789,36713.0,40769.0,-4056.0,P3_sample_rows_vs_col_values
DEEPSEEK,public.tb_justificativa_prontuario,v07_plus_sample_rows,v06_plus_frequent_values,rows vs frequent_values,1,0.3333333333333333,0.8049613038698832,36713.0,40769.0,-4056.0,P3_sample_rows_vs_col_values
DEEPSEEK,public.tb_lembrete_evolucao,v07_plus_sample_rows,v06_plus_frequent_values,rows vs frequent_values,1,0.0,0.4465762972831726,36713.0,40769.0,-4056.0,P3_sample_rows_vs_col_values
DEEPSEEK,public.tb_medicamento_uso_continuo,v07_plus_sample_rows,v06_plus_frequent_values,rows vs frequent_values,1,0.0,0.8759532769521078,36713.0,40769.0,-4056.0,P3_sample_rows_vs_col_values
DEEPSEEK,public.tb_medicao,v07_plus_sample_rows,v06_plus_frequent_values,rows vs frequent_values,1,0.6666666666666666,0.9227675994237264,36713.0,40769.0,-4056.0,P3_sample_rows_vs_col_values
DEEPSEEK,public.tb_odontograma,v07_plus_sample_rows,v06_plus_frequent_values,rows vs frequent_values,1,1.0,0.9999992450078329,36713.0,40769.0,-4056.0,P3_sample_rows_vs_col_values
DEEPSEEK,public.tb_problema,v07_plus_sample_rows,v06_plus_frequent_values,rows vs frequent_values,1,0.0,0.768514891465505,36713.0,40769.0,-4056.0,P3_sample_rows_vs_col_values
DEEPSEEK,public.tb_proced_exame_especifico,v07_plus_sample_rows,v06_plus_frequent_values,rows vs frequent_values,1,0.0,0.8059197862943014,36713.0,40769.0,-4056.0,P3_sample_rows_vs_col_values
DEEPSEEK,public.tb_raca_cor,v07_plus_sample_rows,v06_plus_frequent_values,rows vs frequent_values,1,0.3333333333333333,0.6055953105290731,36713.0,40769.0,-4056.0,P3_sample_rows_vs_col_values
DEEPSEEK,public.tb_tipo_glicemia,v07_plus_sample_rows,v06_plus_frequent_values,rows vs frequent_values,1,0.0,0.6067378282546997,36713.0,40769.0,-4056.0,P3_sample_rows_vs_col_values
DEEPSEEK,public.ta_medicamento_catmat,v15_sample_rows_vs_sample_values,v07_plus_sample_rows,rows+sample_val vs rows,1,0.3333333333333333,0.8593771457672119,65838.0,36713.0,29125.0,P3_sample_rows_vs_col_values
DEEPSEEK,public.ta_tecido_mole,v15_sample_rows_vs_sample_values,v07_plus_sample_rows,rows+sample_val vs rows,1,0.6666666666666666,0.6666661302248637,65838.0,36713.0,29125.0,P3_sample_rows_vs_col_values
DEEPSEEK,public.ta_vacinacao,v15_sample_rows_vs_sample_values,v07_plus_sample_rows,rows+sample_val vs rows,1,0.3333333333333333,0.6376984715461731,65838.0,36713.0,29125.0,P3_sample_rows_vs_col_values
DEEPSEEK,public.tb_antecedente,v15_sample_rows_vs_sample_values,v07_plus_sample_rows,rows+sample_val vs rows,1,0.0,0.6909321149190267,65838.0,36713.0,29125.0,P3_sample_rows_vs_col_values
DEEPSEEK,public.tb_ciap_ms,v15_sample_rows_vs_sample_values,v07_plus_sample_rows,rows+sample_val vs rows,1,0.6666666666666666,0.8628624081611633,65838.0,36713.0,29125.0,P3_sample_rows_vs_col_values
DEEPSEEK,public.tb_cidadao,v15_sample_rows_vs_sample_values,v07_plus_sample_rows,rows+sample_val vs rows,1,0.3333333333333333,0.959731658299764,65838.0,36713.0,29125.0,P3_sample_rows_vs_col_values
DEEPSEEK,public.tb_cuidado_compartilhado_evol,v15_sample_rows_vs_sample_values,v07_plus_sample_rows,rows+sample_val vs rows,1,0.3333333333333333,0.8230951031049093,65838.0,36713.0,29125.0,P3_sample_rows_vs_col_values
DEEPSEEK,public.tb_dim_catmat,v15_sample_rows_vs_sample_values,v07_plus_sample_rows,rows+sample_val vs rows,1,1.0,0.999999463558197,65838.0,36713.0,29125.0,P3_sample_rows_vs_col_values
DEEPSEEK,public.tb_evolucao_odonto,v15_sample_rows_vs_sample_values,v07_plus_sample_rows,rows+sample_val vs rows,1,1.0,0.9999992648760477,65838.0,36713.0,29125.0,P3_sample_rows_vs_col_values
DEEPSEEK,public.tb_evolucao_subjetivo,v15_sample_rows_vs_sample_values,v07_plus_sample_rows,rows+sample_val vs rows,1,0.3333333333333333,0.5368391275405884,65838.0,36713.0,29125.0,P3_sample_rows_vs_col_values
DEEPSEEK,public.tb_exame_hemoglobina_glicada,v15_sample_rows_vs_sample_values,v07_plus_sample_rows,rows+sample_val vs rows,1,0.6666666666666666,0.9369913140932719,65838.0,36713.0,29125.0,P3_sample_rows_vs_col_values
DEEPSEEK,public.tb_exame_prenatal,v15_sample_rows_vs_sample_values,v07_plus_sample_rows,rows+sample_val vs rows,1,0.3333333333333333,0.7932324806849161,65838.0,36713.0,29125.0,P3_sample_rows_vs_col_values
DEEPSEEK,public.tb_fat_atend_odonto_problemas,v15_sample_rows_vs_sample_values,v07_plus_sample_rows,rows+sample_val vs rows,1,0.3333333333333333,0.5956755677858988,65838.0,36713.0,29125.0,P3_sample_rows_vs_col_values
DEEPSEEK,public.tb_fat_rel_op_risco_cardio,v15_sample_rows_vs_sample_values,v07_plus_sample_rows,rows+sample_val vs rows,1,0.3333333333333333,0.5049813787142435,65838.0,36713.0,29125.0,P3_sample_rows_vs_col_values
DEEPSEEK,public.tb_historico_dados_fao,v15_sample_rows_vs_sample_values,v07_plus_sample_rows,rows+sample_val vs rows,1,0.0,0.6215634743372599,65838.0,36713.0,29125.0,P3_sample_rows_vs_col_values
DEEPSEEK,public.tb_justificativa_prontuario,v15_sample_rows_vs_sample_values,v07_plus_sample_rows,rows+sample_val vs rows,1,0.0,0.7274645765622457,65838.0,36713.0,29125.0,P3_sample_rows_vs_col_values
DEEPSEEK,public.tb_lembrete_evolucao,v15_sample_rows_vs_sample_values,v07_plus_sample_rows,rows+sample_val vs rows,1,0.3333333333333333,0.8102838595708212,65838.0,36713.0,29125.0,P3_sample_rows_vs_col_values
DEEPSEEK,public.tb_medicamento_uso_continuo,v15_sample_rows_vs_sample_values,v07_plus_sample_rows,rows+sample_val vs rows,1,0.0,0.8066791693369547,65838.0,36713.0,29125.0,P3_sample_rows_vs_col_values
DEEPSEEK,public.tb_medicao,v15_sample_rows_vs_sample_values,v07_plus_sample_rows,rows+sample_val vs rows,1,0.6666666666666666,0.9227675994237264,65838.0,36713.0,29125.0,P3_sample_rows_vs_col_values
DEEPSEEK,public.tb_odontograma,v15_sample_rows_vs_sample_values,v07_plus_sample_rows,rows+sample_val vs rows,1,1.0,0.9999992450078329,65838.0,36713.0,29125.0,P3_sample_rows_vs_col_values
DEEPSEEK,public.tb_problema,v15_sample_rows_vs_sample_values,v07_plus_sample_rows,rows+sample_val vs rows,1,0.3333333333333333,0.7312793334325155,65838.0,36713.0,29125.0,P3_sample_rows_vs_col_values
DEEPSEEK,public.tb_proced_exame_especifico,v15_sample_rows_vs_sample_values,v07_plus_sample_rows,rows+sample_val vs rows,1,0.0,0.7904247840245565,65838.0,36713.0,29125.0,P3_sample_rows_vs_col_values
DEEPSEEK,public.tb_raca_cor,v15_sample_rows_vs_sample_values,v07_plus_sample_rows,rows+sample_val vs rows,1,0.3333333333333333,0.8339085181554159,65838.0,36713.0,29125.0,P3_sample_rows_vs_col_values
DEEPSEEK,public.tb_tipo_glicemia,v15_sample_rows_vs_sample_values,v07_plus_sample_rows,rows+sample_val vs rows,1,0.0,0.7513860861460367,65838.0,36713.0,29125.0,P3_sample_rows_vs_col_values
DEEPSEEK,public.ta_medicamento_catmat,v15_sample_rows_vs_sample_values,v05_plus_sample_values,rows+sample_val vs sample_val,1,0.3333333333333333,0.8337551156679789,65838.0,53194.0,12644.0,P3_sample_rows_vs_col_values
DEEPSEEK,public.ta_tecido_mole,v15_sample_rows_vs_sample_values,v05_plus_sample_values,rows+sample_val vs sample_val,1,0.6666666666666666,0.9609295725822449,65838.0,53194.0,12644.0,P3_sample_rows_vs_col_values
DEEPSEEK,public.ta_vacinacao,v15_sample_rows_vs_sample_values,v05_plus_sample_values,rows+sample_val vs sample_val,1,0.6666666666666666,0.6666661898295084,65838.0,53194.0,12644.0,P3_sample_rows_vs_col_values
DEEPSEEK,public.tb_antecedente,v15_sample_rows_vs_sample_values,v05_plus_sample_values,rows+sample_val vs sample_val,1,0.6666666666666666,0.8675850629806519,65838.0,53194.0,12644.0,P3_sample_rows_vs_col_values
DEEPSEEK,public.tb_ciap_ms,v15_sample_rows_vs_sample_values,v05_plus_sample_values,rows+sample_val vs sample_val,1,0.3333333333333333,0.6846657196680704,65838.0,53194.0,12644.0,P3_sample_rows_vs_col_values
DEEPSEEK,public.tb_cidadao,v15_sample_rows_vs_sample_values,v05_plus_sample_values,rows+sample_val vs sample_val,1,0.3333333333333333,0.959731658299764,65838.0,53194.0,12644.0,P3_sample_rows_vs_col_values
DEEPSEEK,public.tb_cuidado_compartilhado_evol,v15_sample_rows_vs_sample_values,v05_plus_sample_values,rows+sample_val vs sample_val,1,0.6666666666666666,0.8578670620918274,65838.0,53194.0,12644.0,P3_sample_rows_vs_col_values
DEEPSEEK,public.tb_dim_catmat,v15_sample_rows_vs_sample_values,v05_plus_sample_values,rows+sample_val vs sample_val,1,1.0,0.999999463558197,65838.0,53194.0,12644.0,P3_sample_rows_vs_col_values
DEEPSEEK,public.tb_evolucao_odonto,v15_sample_rows_vs_sample_values,v05_plus_sample_values,rows+sample_val vs sample_val,1,1.0,0.9999992648760477,65838.0,53194.0,12644.0,P3_sample_rows_vs_col_values
DEEPSEEK,public.tb_evolucao_subjetivo,v15_sample_rows_vs_sample_values,v05_plus_sample_values,rows+sample_val vs sample_val,1,0.0,0.5993168552716573,65838.0,53194.0,12644.0,P3_sample_rows_vs_col_values
DEEPSEEK,public.tb_exame_hemoglobina_glicada,v15_sample_rows_vs_sample_values,v05_plus_sample_values,rows+sample_val vs sample_val,1,0.3333333333333333,0.6036581794420878,65838.0,53194.0,12644.0,P3_sample_rows_vs_col_values
DEEPSEEK,public.tb_exame_prenatal,v15_sample_rows_vs_sample_values,v05_plus_sample_values,rows+sample_val vs sample_val,1,0.3333333333333333,0.7932324806849161,65838.0,53194.0,12644.0,P3_sample_rows_vs_col_values
DEEPSEEK,public.tb_fat_atend_odonto_problemas,v15_sample_rows_vs_sample_values,v05_plus_sample_values,rows+sample_val vs sample_val,1,0.3333333333333333,0.6035904685656229,65838.0,53194.0,12644.0,P3_sample_rows_vs_col_values
DEEPSEEK,public.tb_fat_rel_op_risco_cardio,v15_sample_rows_vs_sample_values,v05_plus_sample_values,rows+sample_val vs sample_val,1,1.0,0.9999993840853373,65838.0,53194.0,12644.0,P3_sample_rows_vs_col_values
DEEPSEEK,public.tb_historico_dados_fao,v15_sample_rows_vs_sample_values,v05_plus_sample_values,rows+sample_val vs sample_val,1,0.3333333333333333,0.3333330750465393,65838.0,53194.0,12644.0,P3_sample_rows_vs_col_values
DEEPSEEK,public.tb_justificativa_prontuario,v15_sample_rows_vs_sample_values,v05_plus_sample_values,rows+sample_val vs sample_val,1,0.6666666666666666,0.9331371188163757,65838.0,53194.0,12644.0,P3_sample_rows_vs_col_values
DEEPSEEK,public.tb_lembrete_evolucao,v15_sample_rows_vs_sample_values,v05_plus_sample_values,rows+sample_val vs sample_val,1,0.0,0.2678481737772624,65838.0,53194.0,12644.0,P3_sample_rows_vs_col_values
DEEPSEEK,public.tb_medicamento_uso_continuo,v15_sample_rows_vs_sample_values,v05_plus_sample_values,rows+sample_val vs sample_val,1,0.3333333333333333,0.8122691512107849,65838.0,53194.0,12644.0,P3_sample_rows_vs_col_values
DEEPSEEK,public.tb_medicao,v15_sample_rows_vs_sample_values,v05_plus_sample_values,rows+sample_val vs sample_val,1,1.0,0.9999991257985433,65838.0,53194.0,12644.0,P3_sample_rows_vs_col_values
DEEPSEEK,public.tb_odontograma,v15_sample_rows_vs_sample_values,v05_plus_sample_values,rows+sample_val vs sample_val,1,1.0,0.9999992450078329,65838.0,53194.0,12644.0,P3_sample_rows_vs_col_values
DEEPSEEK,public.tb_problema,v15_sample_rows_vs_sample_values,v05_plus_sample_values,rows+sample_val vs sample_val,1,0.3333333333333333,0.7283487319946289,65838.0,53194.0,12644.0,P3_sample_rows_vs_col_values
DEEPSEEK,public.tb_proced_exame_especifico,v15_sample_rows_vs_sample_values,v05_plus_sample_values,rows+sample_val vs sample_val,1,0.6666666666666666,0.8918971618016561,65838.0,53194.0,12644.0,P3_sample_rows_vs_col_values
DEEPSEEK,public.tb_raca_cor,v15_sample_rows_vs_sample_values,v05_plus_sample_values,rows+sample_val vs sample_val,1,0.0,0.8620091676712036,65838.0,53194.0,12644.0,P3_sample_rows_vs_col_values
DEEPSEEK,public.tb_tipo_glicemia,v15_sample_rows_vs_sample_values,v05_plus_sample_values,rows+sample_val vs sample_val,1,0.3333333333333333,0.8067029118537903,65838.0,53194.0,12644.0,P3_sample_rows_vs_col_values
DEEPSEEK,public.ta_medicamento_catmat,v16_sample_rows_vs_frequent_values,v07_plus_sample_rows,rows+freq_val vs rows,1,1.0,0.9999995231628418,53413.0,36713.0,16700.0,P3_sample_rows_vs_col_values
DEEPSEEK,public.ta_tecido_mole,v16_sample_rows_vs_frequent_values,v07_plus_sample_rows,rows+freq_val vs rows,1,0.6666666666666666,0.6666661302248637,53413.0,36713.0,16700.0,P3_sample_rows_vs_col_values
DEEPSEEK,public.ta_vacinacao,v16_sample_rows_vs_frequent_values,v07_plus_sample_rows,rows+freq_val vs rows,1,0.3333333333333333,0.8761827150980631,53413.0,36713.0,16700.0,P3_sample_rows_vs_col_values
DEEPSEEK,public.tb_antecedente,v16_sample_rows_vs_frequent_values,v07_plus_sample_rows,rows+freq_val vs rows,1,0.0,0.7554216980934143,53413.0,36713.0,16700.0,P3_sample_rows_vs_col_values
DEEPSEEK,public.tb_ciap_ms,v16_sample_rows_vs_frequent_values,v07_plus_sample_rows,rows+freq_val vs rows,1,0.6666666666666666,0.6666660706202189,53413.0,36713.0,16700.0,P3_sample_rows_vs_col_values
DEEPSEEK,public.tb_cidadao,v16_sample_rows_vs_frequent_values,v07_plus_sample_rows,rows+freq_val vs rows,1,0.0,0.5342414379119873,53413.0,36713.0,16700.0,P3_sample_rows_vs_col_values
DEEPSEEK,public.tb_cuidado_compartilhado_evol,v16_sample_rows_vs_frequent_values,v07_plus_sample_rows,rows+freq_val vs rows,1,0.3333333333333333,0.8416545589764913,53413.0,36713.0,16700.0,P3_sample_rows_vs_col_values
DEEPSEEK,public.tb_dim_catmat,v16_sample_rows_vs_frequent_values,v07_plus_sample_rows,rows+freq_val vs rows,1,0.6666666666666666,0.839725136756897,53413.0,36713.0,16700.0,P3_sample_rows_vs_col_values
DEEPSEEK,public.tb_evolucao_odonto,v16_sample_rows_vs_frequent_values,v07_plus_sample_rows,rows+freq_val vs rows,1,0.6666666666666666,0.9050434827804565,53413.0,36713.0,16700.0,P3_sample_rows_vs_col_values
DEEPSEEK,public.tb_evolucao_subjetivo,v16_sample_rows_vs_frequent_values,v07_plus_sample_rows,rows+freq_val vs rows,1,0.3333333333333333,0.507938285668691,53413.0,36713.0,16700.0,P3_sample_rows_vs_col_values
DEEPSEEK,public.tb_exame_hemoglobina_glicada,v16_sample_rows_vs_frequent_values,v07_plus_sample_rows,rows+freq_val vs rows,1,0.6666666666666666,0.9369913140932719,53413.0,36713.0,16700.0,P3_sample_rows_vs_col_values
DEEPSEEK,public.tb_exame_prenatal,v16_sample_rows_vs_frequent_values,v07_plus_sample_rows,rows+freq_val vs rows,1,0.6666666666666666,0.9188473224639893,53413.0,36713.0,16700.0,P3_sample_rows_vs_col_values
DEEPSEEK,public.tb_fat_atend_odonto_problemas,v16_sample_rows_vs_frequent_values,v07_plus_sample_rows,rows+freq_val vs rows,1,1.0,0.9999993840853373,53413.0,36713.0,16700.0,P3_sample_rows_vs_col_values
DEEPSEEK,public.tb_fat_rel_op_risco_cardio,v16_sample_rows_vs_frequent_values,v07_plus_sample_rows,rows+freq_val vs rows,1,0.3333333333333333,0.5049813787142435,53413.0,36713.0,16700.0,P3_sample_rows_vs_col_values
DEEPSEEK,public.tb_historico_dados_fao,v16_sample_rows_vs_frequent_values,v07_plus_sample_rows,rows+freq_val vs rows,1,0.0,0.2624673843383789,53413.0,36713.0,16700.0,P3_sample_rows_vs_col_values
DEEPSEEK,public.tb_justificativa_prontuario,v16_sample_rows_vs_frequent_values,v07_plus_sample_rows,rows+freq_val vs rows,1,0.6666666666666666,0.895486056804657,53413.0,36713.0,16700.0,P3_sample_rows_vs_col_values
DEEPSEEK,public.tb_lembrete_evolucao,v16_sample_rows_vs_frequent_values,v07_plus_sample_rows,rows+freq_val vs rows,1,0.6666666666666666,0.889444092909495,53413.0,36713.0,16700.0,P3_sample_rows_vs_col_values
DEEPSEEK,public.tb_medicamento_uso_continuo,v16_sample_rows_vs_frequent_values,v07_plus_sample_rows,rows+freq_val vs rows,1,0.0,0.9328784942626953,53413.0,36713.0,16700.0,P3_sample_rows_vs_col_values
DEEPSEEK,public.tb_medicao,v16_sample_rows_vs_frequent_values,v07_plus_sample_rows,rows+freq_val vs rows,1,0.3333333333333333,0.564886728922526,53413.0,36713.0,16700.0,P3_sample_rows_vs_col_values
DEEPSEEK,public.tb_odontograma,v16_sample_rows_vs_frequent_values,v07_plus_sample_rows,rows+freq_val vs rows,1,1.0,0.9999992450078329,53413.0,36713.0,16700.0,P3_sample_rows_vs_col_values
DEEPSEEK,public.tb_problema,v16_sample_rows_vs_frequent_values,v07_plus_sample_rows,rows+freq_val vs rows,1,0.0,0.7656513253847758,53413.0,36713.0,16700.0,P3_sample_rows_vs_col_values
DEEPSEEK,public.tb_proced_exame_especifico,v16_sample_rows_vs_frequent_values,v07_plus_sample_rows,rows+freq_val vs rows,1,0.0,0.7887556155522665,53413.0,36713.0,16700.0,P3_sample_rows_vs_col_values
DEEPSEEK,public.tb_raca_cor,v16_sample_rows_vs_frequent_values,v07_plus_sample_rows,rows+freq_val vs rows,1,1.0,0.999999205271403,53413.0,36713.0,16700.0,P3_sample_rows_vs_col_values
DEEPSEEK,public.tb_tipo_glicemia,v16_sample_rows_vs_frequent_values,v07_plus_sample_rows,rows+freq_val vs rows,1,0.0,0.7861634691556295,53413.0,36713.0,16700.0,P3_sample_rows_vs_col_values
DEEPSEEK,public.ta_medicamento_catmat,v17_sample_rows_plus_both_values,v07_plus_sample_rows,rows+ambos vs rows,1,0.6666666666666666,0.6666664083798727,81329.0,36713.0,44616.0,P3_sample_rows_vs_col_values
DEEPSEEK,public.ta_tecido_mole,v17_sample_rows_plus_both_values,v07_plus_sample_rows,rows+ambos vs rows,1,0.3333333333333333,0.627596358458201,81329.0,36713.0,44616.0,P3_sample_rows_vs_col_values
DEEPSEEK,public.ta_vacinacao,v17_sample_rows_plus_both_values,v07_plus_sample_rows,rows+ambos vs rows,1,0.6666666666666666,0.6666660706202189,81329.0,36713.0,44616.0,P3_sample_rows_vs_col_values
DEEPSEEK,public.tb_antecedente,v17_sample_rows_plus_both_values,v07_plus_sample_rows,rows+ambos vs rows,1,0.0,0.7554216980934143,81329.0,36713.0,44616.0,P3_sample_rows_vs_col_values
DEEPSEEK,public.tb_ciap_ms,v17_sample_rows_plus_both_values,v07_plus_sample_rows,rows+ambos vs rows,1,0.3333333333333333,0.5132968425750732,81329.0,36713.0,44616.0,P3_sample_rows_vs_col_values
DEEPSEEK,public.tb_cidadao,v17_sample_rows_plus_both_values,v07_plus_sample_rows,rows+ambos vs rows,1,0.3333333333333333,0.5532934268315634,81329.0,36713.0,44616.0,P3_sample_rows_vs_col_values
DEEPSEEK,public.tb_cuidado_compartilhado_evol,v17_sample_rows_plus_both_values,v07_plus_sample_rows,rows+ambos vs rows,1,0.3333333333333333,0.776460071404775,81329.0,36713.0,44616.0,P3_sample_rows_vs_col_values
DEEPSEEK,public.tb_dim_catmat,v17_sample_rows_plus_both_values,v07_plus_sample_rows,rows+ambos vs rows,1,1.0,0.999999463558197,81329.0,36713.0,44616.0,P3_sample_rows_vs_col_values
DEEPSEEK,public.tb_evolucao_odonto,v17_sample_rows_plus_both_values,v07_plus_sample_rows,rows+ambos vs rows,1,0.6666666666666666,0.9050434827804565,81329.0,36713.0,44616.0,P3_sample_rows_vs_col_values
DEEPSEEK,public.tb_evolucao_subjetivo,v17_sample_rows_plus_both_values,v07_plus_sample_rows,rows+ambos vs rows,1,0.3333333333333333,0.542374849319458,81329.0,36713.0,44616.0,P3_sample_rows_vs_col_values
DEEPSEEK,public.tb_exame_hemoglobina_glicada,v17_sample_rows_plus_both_values,v07_plus_sample_rows,rows+ambos vs rows,1,0.6666666666666666,0.6666661500930786,81329.0,36713.0,44616.0,P3_sample_rows_vs_col_values
DEEPSEEK,public.tb_exame_prenatal,v17_sample_rows_plus_both_values,v07_plus_sample_rows,rows+ambos vs rows,1,0.6666666666666666,0.9188473224639893,81329.0,36713.0,44616.0,P3_sample_rows_vs_col_values
DEEPSEEK,public.tb_fat_atend_odonto_problemas,v17_sample_rows_plus_both_values,v07_plus_sample_rows,rows+ambos vs rows,1,1.0,0.9999993840853373,81329.0,36713.0,44616.0,P3_sample_rows_vs_col_values
DEEPSEEK,public.tb_fat_rel_op_risco_cardio,v17_sample_rows_plus_both_values,v07_plus_sample_rows,rows+ambos vs rows,1,0.3333333333333333,0.5049813787142435,81329.0,36713.0,44616.0,P3_sample_rows_vs_col_values
DEEPSEEK,public.tb_historico_dados_fao,v17_sample_rows_plus_both_values,v07_plus_sample_rows,rows+ambos vs rows,1,0.0,0.0,81329.0,36713.0,44616.0,P3_sample_rows_vs_col_values
DEEPSEEK,public.tb_justificativa_prontuario,v17_sample_rows_plus_both_values,v07_plus_sample_rows,rows+ambos vs rows,1,0.3333333333333333,0.8523740967114767,81329.0,36713.0,44616.0,P3_sample_rows_vs_col_values
DEEPSEEK,public.tb_lembrete_evolucao,v17_sample_rows_plus_both_values,v07_plus_sample_rows,rows+ambos vs rows,1,0.0,0.7606748143831888,81329.0,36713.0,44616.0,P3_sample_rows_vs_col_values
DEEPSEEK,public.tb_medicamento_uso_continuo,v17_sample_rows_plus_both_values,v07_plus_sample_rows,rows+ambos vs rows,1,0.0,0.9021469751993815,81329.0,36713.0,44616.0,P3_sample_rows_vs_col_values
DEEPSEEK,public.tb_medicao,v17_sample_rows_plus_both_values,v07_plus_sample_rows,rows+ambos vs rows,1,0.6666666666666666,0.9461365540822347,81329.0,36713.0,44616.0,P3_sample_rows_vs_col_values
DEEPSEEK,public.tb_odontograma,v17_sample_rows_plus_both_values,v07_plus_sample_rows,rows+ambos vs rows,1,1.0,0.9999992450078329,81329.0,36713.0,44616.0,P3_sample_rows_vs_col_values
DEEPSEEK,public.tb_problema,v17_sample_rows_plus_both_values,v07_plus_sample_rows,rows+ambos vs rows,1,0.3333333333333333,0.8652335604031881,81329.0,36713.0,44616.0,P3_sample_rows_vs_col_values
DEEPSEEK,public.tb_proced_exame_especifico,v17_sample_rows_plus_both_values,v07_plus_sample_rows,rows+ambos vs rows,1,0.0,0.7904247840245565,81329.0,36713.0,44616.0,P3_sample_rows_vs_col_values
DEEPSEEK,public.tb_raca_cor,v17_sample_rows_plus_both_values,v07_plus_sample_rows,rows+ambos vs rows,1,0.3333333333333333,0.8339085181554159,81329.0,36713.0,44616.0,P3_sample_rows_vs_col_values
DEEPSEEK,public.tb_tipo_glicemia,v17_sample_rows_plus_both_values,v07_plus_sample_rows,rows+ambos vs rows,1,0.0,0.7513860861460367,81329.0,36713.0,44616.0,P3_sample_rows_vs_col_values
DEEPSEEK,public.ta_medicamento_catmat,v01_full,v25_full_no_sample_rows,full vs full-sem-rows,1,0.6666666666666666,0.6666662891705831,101577.0,88718.0,12859.0,P3_sample_rows_vs_col_values
DEEPSEEK,public.ta_tecido_mole,v01_full,v25_full_no_sample_rows,full vs full-sem-rows,1,0.3333333333333333,0.823361317316691,101577.0,88718.0,12859.0,P3_sample_rows_vs_col_values
DEEPSEEK,public.ta_vacinacao,v01_full,v25_full_no_sample_rows,full vs full-sem-rows,1,1.0,0.9999992648760477,101577.0,88718.0,12859.0,P3_sample_rows_vs_col_values
DEEPSEEK,public.tb_antecedente,v01_full,v25_full_no_sample_rows,full vs full-sem-rows,1,0.6666666666666666,0.9295165538787842,101577.0,88718.0,12859.0,P3_sample_rows_vs_col_values
DEEPSEEK,public.tb_ciap_ms,v01_full,v25_full_no_sample_rows,full vs full-sem-rows,1,0.3333333333333333,0.6498611370722452,101577.0,88718.0,12859.0,P3_sample_rows_vs_col_values
DEEPSEEK,public.tb_cidadao,v01_full,v25_full_no_sample_rows,full vs full-sem-rows,1,0.6666666666666666,0.6666664481163025,101577.0,88718.0,12859.0,P3_sample_rows_vs_col_values
DEEPSEEK,public.tb_cuidado_compartilhado_evol,v01_full,v25_full_no_sample_rows,full vs full-sem-rows,1,1.0,0.999999205271403,101577.0,88718.0,12859.0,P3_sample_rows_vs_col_values
DEEPSEEK,public.tb_dim_catmat,v01_full,v25_full_no_sample_rows,full vs full-sem-rows,1,0.6666666666666666,0.6666661699612936,101577.0,88718.0,12859.0,P3_sample_rows_vs_col_values
DEEPSEEK,public.tb_evolucao_odonto,v01_full,v25_full_no_sample_rows,full vs full-sem-rows,1,0.6666666666666666,0.9050434827804565,101577.0,88718.0,12859.0,P3_sample_rows_vs_col_values
DEEPSEEK,public.tb_evolucao_subjetivo,v01_full,v25_full_no_sample_rows,full vs full-sem-rows,1,0.0,0.531830628712972,101577.0,88718.0,12859.0,P3_sample_rows_vs_col_values
DEEPSEEK,public.tb_exame_hemoglobina_glicada,v01_full,v25_full_no_sample_rows,full vs full-sem-rows,1,1.0,0.9999992847442627,101577.0,88718.0,12859.0,P3_sample_rows_vs_col_values
DEEPSEEK,public.tb_exame_prenatal,v01_full,v25_full_no_sample_rows,full vs full-sem-rows,1,1.0,0.9999992847442627,101577.0,88718.0,12859.0,P3_sample_rows_vs_col_values
DEEPSEEK,public.tb_fat_atend_odonto_problemas,v01_full,v25_full_no_sample_rows,full vs full-sem-rows,1,0.6666666666666666,0.9549027482668558,101577.0,88718.0,12859.0,P3_sample_rows_vs_col_values
DEEPSEEK,public.tb_fat_rel_op_risco_cardio,v01_full,v25_full_no_sample_rows,full vs full-sem-rows,1,1.0,0.9999993840853373,101577.0,88718.0,12859.0,P3_sample_rows_vs_col_values
DEEPSEEK,public.tb_historico_dados_fao,v01_full,v25_full_no_sample_rows,full vs full-sem-rows,1,0.6666666666666666,0.8989140192667643,101577.0,88718.0,12859.0,P3_sample_rows_vs_col_values
DEEPSEEK,public.tb_justificativa_prontuario,v01_full,v25_full_no_sample_rows,full vs full-sem-rows,1,0.3333333333333333,0.6197255651156107,101577.0,88718.0,12859.0,P3_sample_rows_vs_col_values
DEEPSEEK,public.tb_lembrete_evolucao,v01_full,v25_full_no_sample_rows,full vs full-sem-rows,1,0.6666666666666666,0.6666661500930786,101577.0,88718.0,12859.0,P3_sample_rows_vs_col_values
DEEPSEEK,public.tb_medicamento_uso_continuo,v01_full,v25_full_no_sample_rows,full vs full-sem-rows,1,0.3333333333333333,0.95903213818868,101577.0,88718.0,12859.0,P3_sample_rows_vs_col_values
DEEPSEEK,public.tb_medicao,v01_full,v25_full_no_sample_rows,full vs full-sem-rows,1,0.6666666666666666,0.8834632833798727,101577.0,88718.0,12859.0,P3_sample_rows_vs_col_values
DEEPSEEK,public.tb_odontograma,v01_full,v25_full_no_sample_rows,full vs full-sem-rows,1,1.0,0.9999992450078329,101577.0,88718.0,12859.0,P3_sample_rows_vs_col_values
DEEPSEEK,public.tb_problema,v01_full,v25_full_no_sample_rows,full vs full-sem-rows,1,0.3333333333333333,0.7610992987950643,101577.0,88718.0,12859.0,P3_sample_rows_vs_col_values
DEEPSEEK,public.tb_proced_exame_especifico,v01_full,v25_full_no_sample_rows,full vs full-sem-rows,1,1.0,0.9999993046124777,101577.0,88718.0,12859.0,P3_sample_rows_vs_col_values
DEEPSEEK,public.tb_raca_cor,v01_full,v25_full_no_sample_rows,full vs full-sem-rows,1,0.3333333333333333,0.8339085181554159,101577.0,88718.0,12859.0,P3_sample_rows_vs_col_values
DEEPSEEK,public.tb_tipo_glicemia,v01_full,v25_full_no_sample_rows,full vs full-sem-rows,1,0.3333333333333333,0.8503245910008749,101577.0,88718.0,12859.0,P3_sample_rows_vs_col_values
DEEPSEEK,public.ta_medicamento_catmat,v08_fk_plus_sample_values,v05_plus_sample_values,FK+sample_val vs sample_val,1,0.3333333333333333,0.7534127036730448,57012.0,53194.0,3818.0,P4_fk_interaction
DEEPSEEK,public.ta_tecido_mole,v08_fk_plus_sample_values,v05_plus_sample_values,FK+sample_val vs sample_val,1,0.6666666666666666,0.9028758406639099,57012.0,53194.0,3818.0,P4_fk_interaction
DEEPSEEK,public.ta_vacinacao,v08_fk_plus_sample_values,v05_plus_sample_values,FK+sample_val vs sample_val,1,0.6666666666666666,0.6666661898295084,57012.0,53194.0,3818.0,P4_fk_interaction
DEEPSEEK,public.tb_antecedente,v08_fk_plus_sample_values,v05_plus_sample_values,FK+sample_val vs sample_val,1,1.0,0.9999993642171224,57012.0,53194.0,3818.0,P4_fk_interaction
DEEPSEEK,public.tb_ciap_ms,v08_fk_plus_sample_values,v05_plus_sample_values,FK+sample_val vs sample_val,1,0.0,0.622064491113027,57012.0,53194.0,3818.0,P4_fk_interaction
DEEPSEEK,public.tb_cidadao,v08_fk_plus_sample_values,v05_plus_sample_values,FK+sample_val vs sample_val,1,0.3333333333333333,0.7827917734781901,57012.0,53194.0,3818.0,P4_fk_interaction
DEEPSEEK,public.tb_cuidado_compartilhado_evol,v08_fk_plus_sample_values,v05_plus_sample_values,FK+sample_val vs sample_val,1,0.3333333333333333,0.6112239360809326,57012.0,53194.0,3818.0,P4_fk_interaction
DEEPSEEK,public.tb_dim_catmat,v08_fk_plus_sample_values,v05_plus_sample_values,FK+sample_val vs sample_val,1,0.6666666666666666,0.9433531761169434,57012.0,53194.0,3818.0,P4_fk_interaction
DEEPSEEK,public.tb_evolucao_odonto,v08_fk_plus_sample_values,v05_plus_sample_values,FK+sample_val vs sample_val,1,0.6666666666666666,0.9050434827804565,57012.0,53194.0,3818.0,P4_fk_interaction
DEEPSEEK,public.tb_evolucao_subjetivo,v08_fk_plus_sample_values,v05_plus_sample_values,FK+sample_val vs sample_val,1,0.6666666666666666,0.94727090994517,57012.0,53194.0,3818.0,P4_fk_interaction
DEEPSEEK,public.tb_exame_hemoglobina_glicada,v08_fk_plus_sample_values,v05_plus_sample_values,FK+sample_val vs sample_val,1,0.6666666666666666,0.6666661500930786,57012.0,53194.0,3818.0,P4_fk_interaction
DEEPSEEK,public.tb_exame_prenatal,v08_fk_plus_sample_values,v05_plus_sample_values,FK+sample_val vs sample_val,1,0.3333333333333333,0.7932324806849161,57012.0,53194.0,3818.0,P4_fk_interaction
DEEPSEEK,public.tb_fat_atend_odonto_problemas,v08_fk_plus_sample_values,v05_plus_sample_values,FK+sample_val vs sample_val,1,0.3333333333333333,0.6215696136156718,57012.0,53194.0,3818.0,P4_fk_interaction
DEEPSEEK,public.tb_fat_rel_op_risco_cardio,v08_fk_plus_sample_values,v05_plus_sample_values,FK+sample_val vs sample_val,1,1.0,0.9999993840853373,57012.0,53194.0,3818.0,P4_fk_interaction
DEEPSEEK,public.tb_historico_dados_fao,v08_fk_plus_sample_values,v05_plus_sample_values,FK+sample_val vs sample_val,1,0.6666666666666666,0.6666661699612936,57012.0,53194.0,3818.0,P4_fk_interaction
DEEPSEEK,public.tb_justificativa_prontuario,v08_fk_plus_sample_values,v05_plus_sample_values,FK+sample_val vs sample_val,1,0.3333333333333333,0.7814622720082601,57012.0,53194.0,3818.0,P4_fk_interaction
DEEPSEEK,public.tb_lembrete_evolucao,v08_fk_plus_sample_values,v05_plus_sample_values,FK+sample_val vs sample_val,1,0.0,0.4965023398399353,57012.0,53194.0,3818.0,P4_fk_interaction
DEEPSEEK,public.tb_medicamento_uso_continuo,v08_fk_plus_sample_values,v05_plus_sample_values,FK+sample_val vs sample_val,1,0.3333333333333333,0.9291402300198873,57012.0,53194.0,3818.0,P4_fk_interaction
DEEPSEEK,public.tb_medicao,v08_fk_plus_sample_values,v05_plus_sample_values,FK+sample_val vs sample_val,1,0.6666666666666666,0.9228401581446329,57012.0,53194.0,3818.0,P4_fk_interaction
DEEPSEEK,public.tb_odontograma,v08_fk_plus_sample_values,v05_plus_sample_values,FK+sample_val vs sample_val,1,1.0,0.9999992450078329,57012.0,53194.0,3818.0,P4_fk_interaction
DEEPSEEK,public.tb_problema,v08_fk_plus_sample_values,v05_plus_sample_values,FK+sample_val vs sample_val,1,0.3333333333333333,0.7283487319946289,57012.0,53194.0,3818.0,P4_fk_interaction
DEEPSEEK,public.tb_proced_exame_especifico,v08_fk_plus_sample_values,v05_plus_sample_values,FK+sample_val vs sample_val,1,1.0,0.9999995032946268,57012.0,53194.0,3818.0,P4_fk_interaction
DEEPSEEK,public.tb_raca_cor,v08_fk_plus_sample_values,v05_plus_sample_values,FK+sample_val vs sample_val,1,0.0,0.7763005097707113,57012.0,53194.0,3818.0,P4_fk_interaction
DEEPSEEK,public.tb_tipo_glicemia,v08_fk_plus_sample_values,v05_plus_sample_values,FK+sample_val vs sample_val,1,1.0,0.9999991655349731,57012.0,53194.0,3818.0,P4_fk_interaction
DEEPSEEK,public.ta_medicamento_catmat,v09_fk_plus_frequent_values,v06_plus_frequent_values,FK+freq_val vs freq_val,1,0.6666666666666666,0.6666662891705831,44587.0,40769.0,3818.0,P4_fk_interaction
DEEPSEEK,public.ta_tecido_mole,v09_fk_plus_frequent_values,v06_plus_frequent_values,FK+freq_val vs freq_val,1,0.3333333333333333,0.7456078926722208,44587.0,40769.0,3818.0,P4_fk_interaction
DEEPSEEK,public.ta_vacinacao,v09_fk_plus_frequent_values,v06_plus_frequent_values,FK+freq_val vs freq_val,1,0.6666666666666666,0.6666660706202189,44587.0,40769.0,3818.0,P4_fk_interaction
DEEPSEEK,public.tb_antecedente,v09_fk_plus_frequent_values,v06_plus_frequent_values,FK+freq_val vs freq_val,1,0.0,0.7807910641034445,44587.0,40769.0,3818.0,P4_fk_interaction
DEEPSEEK,public.tb_ciap_ms,v09_fk_plus_frequent_values,v06_plus_frequent_values,FK+freq_val vs freq_val,1,0.3333333333333333,0.8207839131355286,44587.0,40769.0,3818.0,P4_fk_interaction
DEEPSEEK,public.tb_cidadao,v09_fk_plus_frequent_values,v06_plus_frequent_values,FK+freq_val vs freq_val,1,1.0,0.9999995628992716,44587.0,40769.0,3818.0,P4_fk_interaction
DEEPSEEK,public.tb_cuidado_compartilhado_evol,v09_fk_plus_frequent_values,v06_plus_frequent_values,FK+freq_val vs freq_val,1,0.3333333333333333,0.8946106632550558,44587.0,40769.0,3818.0,P4_fk_interaction
DEEPSEEK,public.tb_dim_catmat,v09_fk_plus_frequent_values,v06_plus_frequent_values,FK+freq_val vs freq_val,1,0.3333333333333333,0.7723452647527059,44587.0,40769.0,3818.0,P4_fk_interaction
DEEPSEEK,public.tb_evolucao_odonto,v09_fk_plus_frequent_values,v06_plus_frequent_values,FK+freq_val vs freq_val,1,0.6666666666666666,0.8537089625994364,44587.0,40769.0,3818.0,P4_fk_interaction
DEEPSEEK,public.tb_evolucao_subjetivo,v09_fk_plus_frequent_values,v06_plus_frequent_values,FK+freq_val vs freq_val,1,0.6666666666666666,0.666666309038798,44587.0,40769.0,3818.0,P4_fk_interaction
DEEPSEEK,public.tb_exame_hemoglobina_glicada,v09_fk_plus_frequent_values,v06_plus_frequent_values,FK+freq_val vs freq_val,1,1.0,0.9999993244806925,44587.0,40769.0,3818.0,P4_fk_interaction
DEEPSEEK,public.tb_exame_prenatal,v09_fk_plus_frequent_values,v06_plus_frequent_values,FK+freq_val vs freq_val,1,0.3333333333333333,0.8360409736633301,44587.0,40769.0,3818.0,P4_fk_interaction
DEEPSEEK,public.tb_fat_atend_odonto_problemas,v09_fk_plus_frequent_values,v06_plus_frequent_values,FK+freq_val vs freq_val,1,0.3333333333333333,0.7713041305541992,44587.0,40769.0,3818.0,P4_fk_interaction
DEEPSEEK,public.tb_fat_rel_op_risco_cardio,v09_fk_plus_frequent_values,v06_plus_frequent_values,FK+freq_val vs freq_val,1,1.0,0.9999993840853373,44587.0,40769.0,3818.0,P4_fk_interaction
DEEPSEEK,public.tb_historico_dados_fao,v09_fk_plus_frequent_values,v06_plus_frequent_values,FK+freq_val vs freq_val,1,0.6666666666666666,0.8706316749254862,44587.0,40769.0,3818.0,P4_fk_interaction
DEEPSEEK,public.tb_justificativa_prontuario,v09_fk_plus_frequent_values,v06_plus_frequent_values,FK+freq_val vs freq_val,1,0.0,0.792375365893046,44587.0,40769.0,3818.0,P4_fk_interaction
DEEPSEEK,public.tb_lembrete_evolucao,v09_fk_plus_frequent_values,v06_plus_frequent_values,FK+freq_val vs freq_val,1,0.3333333333333333,0.5345907807350159,44587.0,40769.0,3818.0,P4_fk_interaction
DEEPSEEK,public.tb_medicamento_uso_continuo,v09_fk_plus_frequent_values,v06_plus_frequent_values,FK+freq_val vs freq_val,1,0.0,0.7633772095044454,44587.0,40769.0,3818.0,P4_fk_interaction
DEEPSEEK,public.tb_medicao,v09_fk_plus_frequent_values,v06_plus_frequent_values,FK+freq_val vs freq_val,1,1.0,0.9999991257985433,44587.0,40769.0,3818.0,P4_fk_interaction
DEEPSEEK,public.tb_odontograma,v09_fk_plus_frequent_values,v06_plus_frequent_values,FK+freq_val vs freq_val,1,1.0,0.9999992450078329,44587.0,40769.0,3818.0,P4_fk_interaction
DEEPSEEK,public.tb_problema,v09_fk_plus_frequent_values,v06_plus_frequent_values,FK+freq_val vs freq_val,1,0.3333333333333333,0.7974757750829061,44587.0,40769.0,3818.0,P4_fk_interaction
DEEPSEEK,public.tb_proced_exame_especifico,v09_fk_plus_frequent_values,v06_plus_frequent_values,FK+freq_val vs freq_val,1,0.3333333333333333,0.9564486344655355,44587.0,40769.0,3818.0,P4_fk_interaction
DEEPSEEK,public.tb_raca_cor,v09_fk_plus_frequent_values,v06_plus_frequent_values,FK+freq_val vs freq_val,1,0.3333333333333333,0.8278186519940695,44587.0,40769.0,3818.0,P4_fk_interaction
DEEPSEEK,public.tb_tipo_glicemia,v09_fk_plus_frequent_values,v06_plus_frequent_values,FK+freq_val vs freq_val,1,0.0,0.7551426649093628,44587.0,40769.0,3818.0,P4_fk_interaction
DEEPSEEK,public.ta_medicamento_catmat,v10_fk_plus_sample_and_frequent,v08_fk_plus_sample_values,FK+ambos vs FK+sample_val,1,1.0,0.999999463558197,72503.0,57012.0,15491.0,P4_fk_interaction
DEEPSEEK,public.ta_tecido_mole,v10_fk_plus_sample_and_frequent,v08_fk_plus_sample_values,FK+ambos vs FK+sample_val,1,0.3333333333333333,0.8874113162358602,72503.0,57012.0,15491.0,P4_fk_interaction
DEEPSEEK,public.ta_vacinacao,v10_fk_plus_sample_and_frequent,v08_fk_plus_sample_values,FK+ambos vs FK+sample_val,1,0.6666666666666666,0.9285171429316202,72503.0,57012.0,15491.0,P4_fk_interaction
DEEPSEEK,public.tb_antecedente,v10_fk_plus_sample_and_frequent,v08_fk_plus_sample_values,FK+ambos vs FK+sample_val,1,1.0,0.9999993642171224,72503.0,57012.0,15491.0,P4_fk_interaction
DEEPSEEK,public.tb_ciap_ms,v10_fk_plus_sample_and_frequent,v08_fk_plus_sample_values,FK+ambos vs FK+sample_val,1,1.0,0.9999991456667582,72503.0,57012.0,15491.0,P4_fk_interaction
DEEPSEEK,public.tb_cidadao,v10_fk_plus_sample_and_frequent,v08_fk_plus_sample_values,FK+ambos vs FK+sample_val,1,1.0,0.9999995628992716,72503.0,57012.0,15491.0,P4_fk_interaction
DEEPSEEK,public.tb_cuidado_compartilhado_evol,v10_fk_plus_sample_and_frequent,v08_fk_plus_sample_values,FK+ambos vs FK+sample_val,1,1.0,0.999999205271403,72503.0,57012.0,15491.0,P4_fk_interaction
DEEPSEEK,public.tb_dim_catmat,v10_fk_plus_sample_and_frequent,v08_fk_plus_sample_values,FK+ambos vs FK+sample_val,1,0.6666666666666666,0.9433531761169434,72503.0,57012.0,15491.0,P4_fk_interaction
DEEPSEEK,public.tb_evolucao_odonto,v10_fk_plus_sample_and_frequent,v08_fk_plus_sample_values,FK+ambos vs FK+sample_val,1,0.6666666666666666,0.9560623168945312,72503.0,57012.0,15491.0,P4_fk_interaction
DEEPSEEK,public.tb_evolucao_subjetivo,v10_fk_plus_sample_and_frequent,v08_fk_plus_sample_values,FK+ambos vs FK+sample_val,1,0.6666666666666666,0.8444422086079916,72503.0,57012.0,15491.0,P4_fk_interaction
DEEPSEEK,public.tb_exame_hemoglobina_glicada,v10_fk_plus_sample_and_frequent,v08_fk_plus_sample_values,FK+ambos vs FK+sample_val,1,1.0,0.9999993244806925,72503.0,57012.0,15491.0,P4_fk_interaction
DEEPSEEK,public.tb_exame_prenatal,v10_fk_plus_sample_and_frequent,v08_fk_plus_sample_values,FK+ambos vs FK+sample_val,1,0.6666666666666666,0.8823022047678629,72503.0,57012.0,15491.0,P4_fk_interaction
DEEPSEEK,public.tb_fat_atend_odonto_problemas,v10_fk_plus_sample_and_frequent,v08_fk_plus_sample_values,FK+ambos vs FK+sample_val,1,0.6666666666666666,0.9549027482668558,72503.0,57012.0,15491.0,P4_fk_interaction
DEEPSEEK,public.tb_fat_rel_op_risco_cardio,v10_fk_plus_sample_and_frequent,v08_fk_plus_sample_values,FK+ambos vs FK+sample_val,1,1.0,0.9999993840853373,72503.0,57012.0,15491.0,P4_fk_interaction
DEEPSEEK,public.tb_historico_dados_fao,v10_fk_plus_sample_and_frequent,v08_fk_plus_sample_values,FK+ambos vs FK+sample_val,1,0.6666666666666666,0.8989140192667643,72503.0,57012.0,15491.0,P4_fk_interaction
DEEPSEEK,public.tb_justificativa_prontuario,v10_fk_plus_sample_and_frequent,v08_fk_plus_sample_values,FK+ambos vs FK+sample_val,1,0.6666666666666666,0.9491111636161804,72503.0,57012.0,15491.0,P4_fk_interaction
DEEPSEEK,public.tb_lembrete_evolucao,v10_fk_plus_sample_and_frequent,v08_fk_plus_sample_values,FK+ambos vs FK+sample_val,1,1.0,0.9999991257985433,72503.0,57012.0,15491.0,P4_fk_interaction
DEEPSEEK,public.tb_medicamento_uso_continuo,v10_fk_plus_sample_and_frequent,v08_fk_plus_sample_values,FK+ambos vs FK+sample_val,1,0.3333333333333333,0.8445258339246114,72503.0,57012.0,15491.0,P4_fk_interaction
DEEPSEEK,public.tb_medicao,v10_fk_plus_sample_and_frequent,v08_fk_plus_sample_values,FK+ambos vs FK+sample_val,1,1.0,0.9999991456667582,72503.0,57012.0,15491.0,P4_fk_interaction
DEEPSEEK,public.tb_odontograma,v10_fk_plus_sample_and_frequent,v08_fk_plus_sample_values,FK+ambos vs FK+sample_val,1,1.0,0.9999992450078329,72503.0,57012.0,15491.0,P4_fk_interaction
DEEPSEEK,public.tb_problema,v10_fk_plus_sample_and_frequent,v08_fk_plus_sample_values,FK+ambos vs FK+sample_val,1,0.6666666666666666,0.9807534416516622,72503.0,57012.0,15491.0,P4_fk_interaction
DEEPSEEK,public.tb_proced_exame_especifico,v10_fk_plus_sample_and_frequent,v08_fk_plus_sample_values,FK+ambos vs FK+sample_val,1,1.0,0.9999995032946268,72503.0,57012.0,15491.0,P4_fk_interaction
DEEPSEEK,public.tb_raca_cor,v10_fk_plus_sample_and_frequent,v08_fk_plus_sample_values,FK+ambos vs FK+sample_val,1,0.6666666666666666,0.9262282450993856,72503.0,57012.0,15491.0,P4_fk_interaction
DEEPSEEK,public.tb_tipo_glicemia,v10_fk_plus_sample_and_frequent,v08_fk_plus_sample_values,FK+ambos vs FK+sample_val,1,1.0,0.9999991655349731,72503.0,57012.0,15491.0,P4_fk_interaction
DEEPSEEK,public.ta_medicamento_catmat,v11_fk_plus_sample_rows,v07_plus_sample_rows,FK+rows vs rows,1,0.6666666666666666,0.8868000706036886,40531.0,36713.0,3818.0,P4_fk_interaction
DEEPSEEK,public.ta_tecido_mole,v11_fk_plus_sample_rows,v07_plus_sample_rows,FK+rows vs rows,1,0.3333333333333333,0.7383463780085245,40531.0,36713.0,3818.0,P4_fk_interaction
DEEPSEEK,public.ta_vacinacao,v11_fk_plus_sample_rows,v07_plus_sample_rows,FK+rows vs rows,1,0.3333333333333333,0.8484285871187845,40531.0,36713.0,3818.0,P4_fk_interaction
DEEPSEEK,public.tb_antecedente,v11_fk_plus_sample_rows,v07_plus_sample_rows,FK+rows vs rows,1,0.3333333333333333,0.841846227645874,40531.0,36713.0,3818.0,P4_fk_interaction
DEEPSEEK,public.tb_ciap_ms,v11_fk_plus_sample_rows,v07_plus_sample_rows,FK+rows vs rows,1,0.3333333333333333,0.5132968425750732,40531.0,36713.0,3818.0,P4_fk_interaction
DEEPSEEK,public.tb_cidadao,v11_fk_plus_sample_rows,v07_plus_sample_rows,FK+rows vs rows,1,0.3333333333333333,0.7827917734781901,40531.0,36713.0,3818.0,P4_fk_interaction
DEEPSEEK,public.tb_cuidado_compartilhado_evol,v11_fk_plus_sample_rows,v07_plus_sample_rows,FK+rows vs rows,1,0.3333333333333333,0.8116554617881775,40531.0,36713.0,3818.0,P4_fk_interaction
DEEPSEEK,public.tb_dim_catmat,v11_fk_plus_sample_rows,v07_plus_sample_rows,FK+rows vs rows,1,1.0,0.999999463558197,40531.0,36713.0,3818.0,P4_fk_interaction
DEEPSEEK,public.tb_evolucao_odonto,v11_fk_plus_sample_rows,v07_plus_sample_rows,FK+rows vs rows,1,1.0,0.9999992648760477,40531.0,36713.0,3818.0,P4_fk_interaction
DEEPSEEK,public.tb_evolucao_subjetivo,v11_fk_plus_sample_rows,v07_plus_sample_rows,FK+rows vs rows,1,0.4,0.7375810861587524,40531.0,36713.0,3818.0,P4_fk_interaction
DEEPSEEK,public.tb_exame_hemoglobina_glicada,v11_fk_plus_sample_rows,v07_plus_sample_rows,FK+rows vs rows,1,0.3333333333333333,0.8567612767219543,40531.0,36713.0,3818.0,P4_fk_interaction
DEEPSEEK,public.tb_exame_prenatal,v11_fk_plus_sample_rows,v07_plus_sample_rows,FK+rows vs rows,1,0.6666666666666666,0.8803013563156128,40531.0,36713.0,3818.0,P4_fk_interaction
DEEPSEEK,public.tb_fat_atend_odonto_problemas,v11_fk_plus_sample_rows,v07_plus_sample_rows,FK+rows vs rows,1,0.3333333333333333,0.7713041305541992,40531.0,36713.0,3818.0,P4_fk_interaction
DEEPSEEK,public.tb_fat_rel_op_risco_cardio,v11_fk_plus_sample_rows,v07_plus_sample_rows,FK+rows vs rows,1,0.3333333333333333,0.524902860323588,40531.0,36713.0,3818.0,P4_fk_interaction
DEEPSEEK,public.tb_historico_dados_fao,v11_fk_plus_sample_rows,v07_plus_sample_rows,FK+rows vs rows,1,0.6666666666666666,0.666666050752004,40531.0,36713.0,3818.0,P4_fk_interaction
DEEPSEEK,public.tb_justificativa_prontuario,v11_fk_plus_sample_rows,v07_plus_sample_rows,FK+rows vs rows,1,0.0,0.7274645765622457,40531.0,36713.0,3818.0,P4_fk_interaction
DEEPSEEK,public.tb_lembrete_evolucao,v11_fk_plus_sample_rows,v07_plus_sample_rows,FK+rows vs rows,1,0.3333333333333333,0.840773324171702,40531.0,36713.0,3818.0,P4_fk_interaction
DEEPSEEK,public.tb_medicamento_uso_continuo,v11_fk_plus_sample_rows,v07_plus_sample_rows,FK+rows vs rows,1,0.0,0.7491413156191508,40531.0,36713.0,3818.0,P4_fk_interaction
DEEPSEEK,public.tb_medicao,v11_fk_plus_sample_rows,v07_plus_sample_rows,FK+rows vs rows,1,0.3333333333333333,0.564886728922526,40531.0,36713.0,3818.0,P4_fk_interaction
DEEPSEEK,public.tb_odontograma,v11_fk_plus_sample_rows,v07_plus_sample_rows,FK+rows vs rows,1,1.0,0.9999992450078329,40531.0,36713.0,3818.0,P4_fk_interaction
DEEPSEEK,public.tb_problema,v11_fk_plus_sample_rows,v07_plus_sample_rows,FK+rows vs rows,1,0.6666666666666666,0.9494638641675314,40531.0,36713.0,3818.0,P4_fk_interaction
DEEPSEEK,public.tb_proced_exame_especifico,v11_fk_plus_sample_rows,v07_plus_sample_rows,FK+rows vs rows,1,0.3333333333333333,0.8956622878710429,40531.0,36713.0,3818.0,P4_fk_interaction
DEEPSEEK,public.tb_raca_cor,v11_fk_plus_sample_rows,v07_plus_sample_rows,FK+rows vs rows,1,0.3333333333333333,0.8382028142611185,40531.0,36713.0,3818.0,P4_fk_interaction
DEEPSEEK,public.tb_tipo_glicemia,v11_fk_plus_sample_rows,v07_plus_sample_rows,FK+rows vs rows,1,0.0,0.7746383349100748,40531.0,36713.0,3818.0,P4_fk_interaction
DEEPSEEK,public.ta_medicamento_catmat,v02_plus_fk,v00_baseline,FK isolado vs baseline,1,0.3333333333333333,0.7121440768241882,27898.0,24080.0,3818.0,P4_fk_interaction
DEEPSEEK,public.ta_tecido_mole,v02_plus_fk,v00_baseline,FK isolado vs baseline,1,0.3333333333333333,0.5536924799283346,27898.0,24080.0,3818.0,P4_fk_interaction
DEEPSEEK,public.ta_vacinacao,v02_plus_fk,v00_baseline,FK isolado vs baseline,1,0.3333333333333333,0.8835965792338053,27898.0,24080.0,3818.0,P4_fk_interaction
DEEPSEEK,public.tb_antecedente,v02_plus_fk,v00_baseline,FK isolado vs baseline,1,0.0,0.7352741161982218,27898.0,24080.0,3818.0,P4_fk_interaction
DEEPSEEK,public.tb_ciap_ms,v02_plus_fk,v00_baseline,FK isolado vs baseline,1,0.6666666666666666,0.6666659911473592,27898.0,24080.0,3818.0,P4_fk_interaction
DEEPSEEK,public.tb_cidadao,v02_plus_fk,v00_baseline,FK isolado vs baseline,1,0.6666666666666666,0.6666664481163025,27898.0,24080.0,3818.0,P4_fk_interaction
DEEPSEEK,public.tb_cuidado_compartilhado_evol,v02_plus_fk,v00_baseline,FK isolado vs baseline,1,0.3333333333333333,0.5311773618062338,27898.0,24080.0,3818.0,P4_fk_interaction
DEEPSEEK,public.tb_dim_catmat,v02_plus_fk,v00_baseline,FK isolado vs baseline,1,0.6666666666666666,0.9433531761169434,27898.0,24080.0,3818.0,P4_fk_interaction
DEEPSEEK,public.tb_evolucao_odonto,v02_plus_fk,v00_baseline,FK isolado vs baseline,1,1.0,0.9999992648760477,27898.0,24080.0,3818.0,P4_fk_interaction
DEEPSEEK,public.tb_evolucao_subjetivo,v02_plus_fk,v00_baseline,FK isolado vs baseline,1,0.8,0.7999995946884155,27898.0,24080.0,3818.0,P4_fk_interaction
DEEPSEEK,public.tb_exame_hemoglobina_glicada,v02_plus_fk,v00_baseline,FK isolado vs baseline,1,0.6666666666666666,0.6666661500930786,27898.0,24080.0,3818.0,P4_fk_interaction
DEEPSEEK,public.tb_exame_prenatal,v02_plus_fk,v00_baseline,FK isolado vs baseline,1,0.3333333333333333,0.7932324806849161,27898.0,24080.0,3818.0,P4_fk_interaction
DEEPSEEK,public.tb_fat_atend_odonto_problemas,v02_plus_fk,v00_baseline,FK isolado vs baseline,1,0.6666666666666666,0.6666661699612936,27898.0,24080.0,3818.0,P4_fk_interaction
DEEPSEEK,public.tb_fat_rel_op_risco_cardio,v02_plus_fk,v00_baseline,FK isolado vs baseline,1,0.3333333333333333,0.8659634788831075,27898.0,24080.0,3818.0,P4_fk_interaction
DEEPSEEK,public.tb_historico_dados_fao,v02_plus_fk,v00_baseline,FK isolado vs baseline,1,0.6666666666666666,0.6666662096977234,27898.0,24080.0,3818.0,P4_fk_interaction
DEEPSEEK,public.tb_justificativa_prontuario,v02_plus_fk,v00_baseline,FK isolado vs baseline,1,0.3333333333333333,0.7933917244275411,27898.0,24080.0,3818.0,P4_fk_interaction
DEEPSEEK,public.tb_lembrete_evolucao,v02_plus_fk,v00_baseline,FK isolado vs baseline,1,0.0,0.7466340065002441,27898.0,24080.0,3818.0,P4_fk_interaction
DEEPSEEK,public.tb_medicamento_uso_continuo,v02_plus_fk,v00_baseline,FK isolado vs baseline,1,0.0,0.7514592607816061,27898.0,24080.0,3818.0,P4_fk_interaction
DEEPSEEK,public.tb_medicao,v02_plus_fk,v00_baseline,FK isolado vs baseline,1,0.0,0.6893076697985331,27898.0,24080.0,3818.0,P4_fk_interaction
DEEPSEEK,public.tb_odontograma,v02_plus_fk,v00_baseline,FK isolado vs baseline,1,1.0,0.9999992450078329,27898.0,24080.0,3818.0,P4_fk_interaction
DEEPSEEK,public.tb_problema,v02_plus_fk,v00_baseline,FK isolado vs baseline,1,0.0,0.7163854837417603,27898.0,24080.0,3818.0,P4_fk_interaction
DEEPSEEK,public.tb_proced_exame_especifico,v02_plus_fk,v00_baseline,FK isolado vs baseline,1,1.0,0.9999996821085612,27898.0,24080.0,3818.0,P4_fk_interaction
DEEPSEEK,public.tb_raca_cor,v02_plus_fk,v00_baseline,FK isolado vs baseline,1,0.3333333333333333,0.8823775251706442,27898.0,24080.0,3818.0,P4_fk_interaction
DEEPSEEK,public.tb_tipo_glicemia,v02_plus_fk,v00_baseline,FK isolado vs baseline,1,0.0,0.9439283311367035,27898.0,24080.0,3818.0,P4_fk_interaction
DEEPSEEK,public.ta_medicamento_catmat,v12_nullable_plus_sample_values,v05_plus_sample_values,nullable+sample_val vs sample_val,1,0.6666666666666666,0.8963141043980917,54769.0,53194.0,1575.0,P5_nullable_interaction
DEEPSEEK,public.ta_tecido_mole,v12_nullable_plus_sample_values,v05_plus_sample_values,nullable+sample_val vs sample_val,1,1.0,0.9999993840853373,54769.0,53194.0,1575.0,P5_nullable_interaction
DEEPSEEK,public.ta_vacinacao,v12_nullable_plus_sample_values,v05_plus_sample_values,nullable+sample_val vs sample_val,1,0.3333333333333333,0.6378604769706726,54769.0,53194.0,1575.0,P5_nullable_interaction
DEEPSEEK,public.tb_antecedente,v12_nullable_plus_sample_values,v05_plus_sample_values,nullable+sample_val vs sample_val,1,1.0,0.9999993642171224,54769.0,53194.0,1575.0,P5_nullable_interaction
DEEPSEEK,public.tb_ciap_ms,v12_nullable_plus_sample_values,v05_plus_sample_values,nullable+sample_val vs sample_val,1,0.3333333333333333,0.7770428458849589,54769.0,53194.0,1575.0,P5_nullable_interaction
DEEPSEEK,public.tb_cidadao,v12_nullable_plus_sample_values,v05_plus_sample_values,nullable+sample_val vs sample_val,1,0.3333333333333333,0.7827917734781901,54769.0,53194.0,1575.0,P5_nullable_interaction
DEEPSEEK,public.tb_cuidado_compartilhado_evol,v12_nullable_plus_sample_values,v05_plus_sample_values,nullable+sample_val vs sample_val,1,0.3333333333333333,0.5962461829185486,54769.0,53194.0,1575.0,P5_nullable_interaction
DEEPSEEK,public.tb_dim_catmat,v12_nullable_plus_sample_values,v05_plus_sample_values,nullable+sample_val vs sample_val,1,0.0,0.7024864157040914,54769.0,53194.0,1575.0,P5_nullable_interaction
DEEPSEEK,public.tb_evolucao_odonto,v12_nullable_plus_sample_values,v05_plus_sample_values,nullable+sample_val vs sample_val,1,0.6666666666666666,0.8417823314666748,54769.0,53194.0,1575.0,P5_nullable_interaction
DEEPSEEK,public.tb_evolucao_subjetivo,v12_nullable_plus_sample_values,v05_plus_sample_values,nullable+sample_val vs sample_val,1,0.0,0.6828558246294657,54769.0,53194.0,1575.0,P5_nullable_interaction
DEEPSEEK,public.tb_exame_hemoglobina_glicada,v12_nullable_plus_sample_values,v05_plus_sample_values,nullable+sample_val vs sample_val,1,1.0,0.9999993443489075,54769.0,53194.0,1575.0,P5_nullable_interaction
DEEPSEEK,public.tb_exame_prenatal,v12_nullable_plus_sample_values,v05_plus_sample_values,nullable+sample_val vs sample_val,1,1.0,0.9999994436899821,54769.0,53194.0,1575.0,P5_nullable_interaction
DEEPSEEK,public.tb_fat_atend_odonto_problemas,v12_nullable_plus_sample_values,v05_plus_sample_values,nullable+sample_val vs sample_val,1,0.3333333333333333,0.6215696136156718,54769.0,53194.0,1575.0,P5_nullable_interaction
DEEPSEEK,public.tb_fat_rel_op_risco_cardio,v12_nullable_plus_sample_values,v05_plus_sample_values,nullable+sample_val vs sample_val,1,1.0,0.9999993840853373,54769.0,53194.0,1575.0,P5_nullable_interaction
DEEPSEEK,public.tb_historico_dados_fao,v12_nullable_plus_sample_values,v05_plus_sample_values,nullable+sample_val vs sample_val,1,1.0,0.9999991456667582,54769.0,53194.0,1575.0,P5_nullable_interaction
DEEPSEEK,public.tb_justificativa_prontuario,v12_nullable_plus_sample_values,v05_plus_sample_values,nullable+sample_val vs sample_val,1,0.3333333333333333,0.8627851009368896,54769.0,53194.0,1575.0,P5_nullable_interaction
DEEPSEEK,public.tb_lembrete_evolucao,v12_nullable_plus_sample_values,v05_plus_sample_values,nullable+sample_val vs sample_val,1,0.3333333333333333,0.8725512027740479,54769.0,53194.0,1575.0,P5_nullable_interaction
DEEPSEEK,public.tb_medicamento_uso_continuo,v12_nullable_plus_sample_values,v05_plus_sample_values,nullable+sample_val vs sample_val,1,0.3333333333333333,0.9362916549046835,54769.0,53194.0,1575.0,P5_nullable_interaction
DEEPSEEK,public.tb_medicao,v12_nullable_plus_sample_values,v05_plus_sample_values,nullable+sample_val vs sample_val,1,0.6666666666666666,0.9228401581446329,54769.0,53194.0,1575.0,P5_nullable_interaction
DEEPSEEK,public.tb_odontograma,v12_nullable_plus_sample_values,v05_plus_sample_values,nullable+sample_val vs sample_val,1,1.0,0.9999992450078329,54769.0,53194.0,1575.0,P5_nullable_interaction
DEEPSEEK,public.tb_problema,v12_nullable_plus_sample_values,v05_plus_sample_values,nullable+sample_val vs sample_val,1,0.0,0.4690748453140259,54769.0,53194.0,1575.0,P5_nullable_interaction
DEEPSEEK,public.tb_proced_exame_especifico,v12_nullable_plus_sample_values,v05_plus_sample_values,nullable+sample_val vs sample_val,1,1.0,0.9999995032946268,54769.0,53194.0,1575.0,P5_nullable_interaction
DEEPSEEK,public.tb_raca_cor,v12_nullable_plus_sample_values,v05_plus_sample_values,nullable+sample_val vs sample_val,1,0.0,0.7330178022384644,54769.0,53194.0,1575.0,P5_nullable_interaction
DEEPSEEK,public.tb_tipo_glicemia,v12_nullable_plus_sample_values,v05_plus_sample_values,nullable+sample_val vs sample_val,1,1.0,0.9999991655349731,54769.0,53194.0,1575.0,P5_nullable_interaction
DEEPSEEK,public.ta_medicamento_catmat,v13_nullable_plus_frequent_values,v06_plus_frequent_values,nullable+freq_val vs freq_val,1,0.3333333333333333,0.5851722359657288,42344.0,40769.0,1575.0,P5_nullable_interaction
DEEPSEEK,public.ta_tecido_mole,v13_nullable_plus_frequent_values,v06_plus_frequent_values,nullable+freq_val vs freq_val,1,1.0,0.9999993642171224,42344.0,40769.0,1575.0,P5_nullable_interaction
DEEPSEEK,public.ta_vacinacao,v13_nullable_plus_frequent_values,v06_plus_frequent_values,nullable+freq_val vs freq_val,1,0.3333333333333333,0.8037859201431274,42344.0,40769.0,1575.0,P5_nullable_interaction
DEEPSEEK,public.tb_antecedente,v13_nullable_plus_frequent_values,v06_plus_frequent_values,nullable+freq_val vs freq_val,1,0.3333333333333333,0.8418463667233785,42344.0,40769.0,1575.0,P5_nullable_interaction
DEEPSEEK,public.tb_ciap_ms,v13_nullable_plus_frequent_values,v06_plus_frequent_values,nullable+freq_val vs freq_val,1,0.3333333333333333,0.8523955146471659,42344.0,40769.0,1575.0,P5_nullable_interaction
DEEPSEEK,public.tb_cidadao,v13_nullable_plus_frequent_values,v06_plus_frequent_values,nullable+freq_val vs freq_val,1,1.0,0.9999995628992716,42344.0,40769.0,1575.0,P5_nullable_interaction
DEEPSEEK,public.tb_cuidado_compartilhado_evol,v13_nullable_plus_frequent_values,v06_plus_frequent_values,nullable+freq_val vs freq_val,1,0.3333333333333333,0.5755621393521627,42344.0,40769.0,1575.0,P5_nullable_interaction
DEEPSEEK,public.tb_dim_catmat,v13_nullable_plus_frequent_values,v06_plus_frequent_values,nullable+freq_val vs freq_val,1,0.6666666666666666,0.6666662494341532,42344.0,40769.0,1575.0,P5_nullable_interaction
DEEPSEEK,public.tb_evolucao_odonto,v13_nullable_plus_frequent_values,v06_plus_frequent_values,nullable+freq_val vs freq_val,1,1.0,0.9999992648760477,42344.0,40769.0,1575.0,P5_nullable_interaction
DEEPSEEK,public.tb_evolucao_subjetivo,v13_nullable_plus_frequent_values,v06_plus_frequent_values,nullable+freq_val vs freq_val,1,1.0,0.9999992450078329,42344.0,40769.0,1575.0,P5_nullable_interaction
DEEPSEEK,public.tb_exame_hemoglobina_glicada,v13_nullable_plus_frequent_values,v06_plus_frequent_values,nullable+freq_val vs freq_val,1,0.6666666666666666,0.9161321123441061,42344.0,40769.0,1575.0,P5_nullable_interaction
DEEPSEEK,public.tb_exame_prenatal,v13_nullable_plus_frequent_values,v06_plus_frequent_values,nullable+freq_val vs freq_val,1,0.3333333333333333,0.8360409736633301,42344.0,40769.0,1575.0,P5_nullable_interaction
DEEPSEEK,public.tb_fat_atend_odonto_problemas,v13_nullable_plus_frequent_values,v06_plus_frequent_values,nullable+freq_val vs freq_val,1,0.6666666666666666,0.6666661699612936,42344.0,40769.0,1575.0,P5_nullable_interaction
DEEPSEEK,public.tb_fat_rel_op_risco_cardio,v13_nullable_plus_frequent_values,v06_plus_frequent_values,nullable+freq_val vs freq_val,1,1.0,0.9999993840853373,42344.0,40769.0,1575.0,P5_nullable_interaction
DEEPSEEK,public.tb_historico_dados_fao,v13_nullable_plus_frequent_values,v06_plus_frequent_values,nullable+freq_val vs freq_val,1,0.6666666666666666,0.666666050752004,42344.0,40769.0,1575.0,P5_nullable_interaction
DEEPSEEK,public.tb_justificativa_prontuario,v13_nullable_plus_frequent_values,v06_plus_frequent_values,nullable+freq_val vs freq_val,1,0.0,0.8122560381889343,42344.0,40769.0,1575.0,P5_nullable_interaction
DEEPSEEK,public.tb_lembrete_evolucao,v13_nullable_plus_frequent_values,v06_plus_frequent_values,nullable+freq_val vs freq_val,1,0.3333333333333333,0.7828113039334615,42344.0,40769.0,1575.0,P5_nullable_interaction
DEEPSEEK,public.tb_medicamento_uso_continuo,v13_nullable_plus_frequent_values,v06_plus_frequent_values,nullable+freq_val vs freq_val,1,0.3333333333333333,0.9521944324175516,42344.0,40769.0,1575.0,P5_nullable_interaction
DEEPSEEK,public.tb_medicao,v13_nullable_plus_frequent_values,v06_plus_frequent_values,nullable+freq_val vs freq_val,1,0.0,0.48772762219111127,42344.0,40769.0,1575.0,P5_nullable_interaction
DEEPSEEK,public.tb_odontograma,v13_nullable_plus_frequent_values,v06_plus_frequent_values,nullable+freq_val vs freq_val,1,1.0,0.9999992450078329,42344.0,40769.0,1575.0,P5_nullable_interaction
DEEPSEEK,public.tb_problema,v13_nullable_plus_frequent_values,v06_plus_frequent_values,nullable+freq_val vs freq_val,1,0.3333333333333333,0.8754553000132242,42344.0,40769.0,1575.0,P5_nullable_interaction
DEEPSEEK,public.tb_proced_exame_especifico,v13_nullable_plus_frequent_values,v06_plus_frequent_values,nullable+freq_val vs freq_val,1,0.0,0.7012184460957845,42344.0,40769.0,1575.0,P5_nullable_interaction
DEEPSEEK,public.tb_raca_cor,v13_nullable_plus_frequent_values,v06_plus_frequent_values,nullable+freq_val vs freq_val,1,0.0,0.7667478322982788,42344.0,40769.0,1575.0,P5_nullable_interaction
DEEPSEEK,public.tb_tipo_glicemia,v13_nullable_plus_frequent_values,v06_plus_frequent_values,nullable+freq_val vs freq_val,1,0.0,0.9439283311367035,42344.0,40769.0,1575.0,P5_nullable_interaction
DEEPSEEK,public.ta_medicamento_catmat,v14_nullable_plus_numeric_stats,v04_plus_numeric_stats,nullable+numeric_stats vs numeric_stats,1,0.3333333333333333,0.6796707510948181,33481.0,31906.0,1575.0,P5_nullable_interaction
DEEPSEEK,public.ta_tecido_mole,v14_nullable_plus_numeric_stats,v04_plus_numeric_stats,nullable+numeric_stats vs numeric_stats,1,1.0,0.9999994436899821,33481.0,31906.0,1575.0,P5_nullable_interaction
DEEPSEEK,public.ta_vacinacao,v14_nullable_plus_numeric_stats,v04_plus_numeric_stats,nullable+numeric_stats vs numeric_stats,1,0.6666666666666666,0.6666659712791443,33481.0,31906.0,1575.0,P5_nullable_interaction
DEEPSEEK,public.tb_antecedente,v14_nullable_plus_numeric_stats,v04_plus_numeric_stats,nullable+numeric_stats vs numeric_stats,1,1.0,0.9999993642171224,33481.0,31906.0,1575.0,P5_nullable_interaction
DEEPSEEK,public.tb_ciap_ms,v14_nullable_plus_numeric_stats,v04_plus_numeric_stats,nullable+numeric_stats vs numeric_stats,1,0.6666666666666666,0.6666659911473592,33481.0,31906.0,1575.0,P5_nullable_interaction
DEEPSEEK,public.tb_cidadao,v14_nullable_plus_numeric_stats,v04_plus_numeric_stats,nullable+numeric_stats vs numeric_stats,1,0.6666666666666666,0.9227810899416605,33481.0,31906.0,1575.0,P5_nullable_interaction
DEEPSEEK,public.tb_cuidado_compartilhado_evol,v14_nullable_plus_numeric_stats,v04_plus_numeric_stats,nullable+numeric_stats vs numeric_stats,1,0.3333333333333333,0.5923930406570435,33481.0,31906.0,1575.0,P5_nullable_interaction
DEEPSEEK,public.tb_dim_catmat,v14_nullable_plus_numeric_stats,v04_plus_numeric_stats,nullable+numeric_stats vs numeric_stats,1,1.0,0.999999463558197,33481.0,31906.0,1575.0,P5_nullable_interaction
DEEPSEEK,public.tb_evolucao_odonto,v14_nullable_plus_numeric_stats,v04_plus_numeric_stats,nullable+numeric_stats vs numeric_stats,1,1.0,0.9999992648760477,33481.0,31906.0,1575.0,P5_nullable_interaction
DEEPSEEK,public.tb_evolucao_subjetivo,v14_nullable_plus_numeric_stats,v04_plus_numeric_stats,nullable+numeric_stats vs numeric_stats,1,0.6666666666666666,0.934353768825531,33481.0,31906.0,1575.0,P5_nullable_interaction
DEEPSEEK,public.tb_exame_hemoglobina_glicada,v14_nullable_plus_numeric_stats,v04_plus_numeric_stats,nullable+numeric_stats vs numeric_stats,1,0.6666666666666666,0.6666661500930786,33481.0,31906.0,1575.0,P5_nullable_interaction
DEEPSEEK,public.tb_exame_prenatal,v14_nullable_plus_numeric_stats,v04_plus_numeric_stats,nullable+numeric_stats vs numeric_stats,1,0.6666666666666666,0.9717196226119995,33481.0,31906.0,1575.0,P5_nullable_interaction
DEEPSEEK,public.tb_fat_atend_odonto_problemas,v14_nullable_plus_numeric_stats,v04_plus_numeric_stats,nullable+numeric_stats vs numeric_stats,1,1.0,0.9999992847442627,33481.0,31906.0,1575.0,P5_nullable_interaction
DEEPSEEK,public.tb_fat_rel_op_risco_cardio,v14_nullable_plus_numeric_stats,v04_plus_numeric_stats,nullable+numeric_stats vs numeric_stats,1,1.0,0.9999993244806925,33481.0,31906.0,1575.0,P5_nullable_interaction
DEEPSEEK,public.tb_historico_dados_fao,v14_nullable_plus_numeric_stats,v04_plus_numeric_stats,nullable+numeric_stats vs numeric_stats,1,1.0,0.999999463558197,33481.0,31906.0,1575.0,P5_nullable_interaction
DEEPSEEK,public.tb_justificativa_prontuario,v14_nullable_plus_numeric_stats,v04_plus_numeric_stats,nullable+numeric_stats vs numeric_stats,1,1.0,0.9999993244806925,33481.0,31906.0,1575.0,P5_nullable_interaction
DEEPSEEK,public.tb_lembrete_evolucao,v14_nullable_plus_numeric_stats,v04_plus_numeric_stats,nullable+numeric_stats vs numeric_stats,1,0.6666666666666666,0.9066018462181091,33481.0,31906.0,1575.0,P5_nullable_interaction
DEEPSEEK,public.tb_medicamento_uso_continuo,v14_nullable_plus_numeric_stats,v04_plus_numeric_stats,nullable+numeric_stats vs numeric_stats,1,0.3333333333333333,0.9291402300198873,33481.0,31906.0,1575.0,P5_nullable_interaction
DEEPSEEK,public.tb_medicao,v14_nullable_plus_numeric_stats,v04_plus_numeric_stats,nullable+numeric_stats vs numeric_stats,1,0.6666666666666666,0.6666663289070129,33481.0,31906.0,1575.0,P5_nullable_interaction
DEEPSEEK,public.tb_odontograma,v14_nullable_plus_numeric_stats,v04_plus_numeric_stats,nullable+numeric_stats vs numeric_stats,1,1.0,0.9999992450078329,33481.0,31906.0,1575.0,P5_nullable_interaction
DEEPSEEK,public.tb_problema,v14_nullable_plus_numeric_stats,v04_plus_numeric_stats,nullable+numeric_stats vs numeric_stats,1,0.0,0.7128139734268188,33481.0,31906.0,1575.0,P5_nullable_interaction
DEEPSEEK,public.tb_proced_exame_especifico,v14_nullable_plus_numeric_stats,v04_plus_numeric_stats,nullable+numeric_stats vs numeric_stats,1,0.0,0.9097988406817118,33481.0,31906.0,1575.0,P5_nullable_interaction
DEEPSEEK,public.tb_raca_cor,v14_nullable_plus_numeric_stats,v04_plus_numeric_stats,nullable+numeric_stats vs numeric_stats,1,0.0,0.6443084279696146,33481.0,31906.0,1575.0,P5_nullable_interaction
DEEPSEEK,public.tb_tipo_glicemia,v14_nullable_plus_numeric_stats,v04_plus_numeric_stats,nullable+numeric_stats vs numeric_stats,1,0.0,0.9439283311367035,33481.0,31906.0,1575.0,P5_nullable_interaction
DEEPSEEK,public.ta_medicamento_catmat,v03_plus_nullable,v00_baseline,nullable isolado vs baseline,1,0.3333333333333333,0.8940744201342264,25521.0,24080.0,1441.0,P5_nullable_interaction
DEEPSEEK,public.ta_tecido_mole,v03_plus_nullable,v00_baseline,nullable isolado vs baseline,1,0.6666666666666666,0.875344971815745,25521.0,24080.0,1441.0,P5_nullable_interaction
DEEPSEEK,public.ta_vacinacao,v03_plus_nullable,v00_baseline,nullable isolado vs baseline,1,0.3333333333333333,0.9203188021977743,25521.0,24080.0,1441.0,P5_nullable_interaction
DEEPSEEK,public.tb_antecedente,v03_plus_nullable,v00_baseline,nullable isolado vs baseline,1,0.0,0.7352741161982218,25521.0,24080.0,1441.0,P5_nullable_interaction
DEEPSEEK,public.tb_ciap_ms,v03_plus_nullable,v00_baseline,nullable isolado vs baseline,1,0.6666666666666666,0.8886316617329916,25521.0,24080.0,1441.0,P5_nullable_interaction
DEEPSEEK,public.tb_cidadao,v03_plus_nullable,v00_baseline,nullable isolado vs baseline,1,1.0,0.9999995430310568,25521.0,24080.0,1441.0,P5_nullable_interaction
DEEPSEEK,public.tb_cuidado_compartilhado_evol,v03_plus_nullable,v00_baseline,nullable isolado vs baseline,1,0.3333333333333333,0.753942608833313,25521.0,24080.0,1441.0,P5_nullable_interaction
DEEPSEEK,public.tb_dim_catmat,v03_plus_nullable,v00_baseline,nullable isolado vs baseline,1,1.0,0.9999994039535522,25521.0,24080.0,1441.0,P5_nullable_interaction
DEEPSEEK,public.tb_evolucao_odonto,v03_plus_nullable,v00_baseline,nullable isolado vs baseline,1,0.6666666666666666,0.924153745174408,25521.0,24080.0,1441.0,P5_nullable_interaction
DEEPSEEK,public.tb_evolucao_subjetivo,v03_plus_nullable,v00_baseline,nullable isolado vs baseline,1,0.8,0.7999995946884155,25521.0,24080.0,1441.0,P5_nullable_interaction
DEEPSEEK,public.tb_exame_hemoglobina_glicada,v03_plus_nullable,v00_baseline,nullable isolado vs baseline,1,1.0,0.9999993443489075,25521.0,24080.0,1441.0,P5_nullable_interaction
DEEPSEEK,public.tb_exame_prenatal,v03_plus_nullable,v00_baseline,nullable isolado vs baseline,1,0.6666666666666666,0.9048769474029541,25521.0,24080.0,1441.0,P5_nullable_interaction
DEEPSEEK,public.tb_fat_atend_odonto_problemas,v03_plus_nullable,v00_baseline,nullable isolado vs baseline,1,0.3333333333333333,0.5546675523122152,25521.0,24080.0,1441.0,P5_nullable_interaction
DEEPSEEK,public.tb_fat_rel_op_risco_cardio,v03_plus_nullable,v00_baseline,nullable isolado vs baseline,1,0.3333333333333333,0.8659634788831075,25521.0,24080.0,1441.0,P5_nullable_interaction
DEEPSEEK,public.tb_historico_dados_fao,v03_plus_nullable,v00_baseline,nullable isolado vs baseline,1,0.6666666666666666,0.6666662891705831,25521.0,24080.0,1441.0,P5_nullable_interaction
DEEPSEEK,public.tb_justificativa_prontuario,v03_plus_nullable,v00_baseline,nullable isolado vs baseline,1,0.0,0.8691309889157613,25521.0,24080.0,1441.0,P5_nullable_interaction
DEEPSEEK,public.tb_lembrete_evolucao,v03_plus_nullable,v00_baseline,nullable isolado vs baseline,1,1.0,0.9999993443489075,25521.0,24080.0,1441.0,P5_nullable_interaction
DEEPSEEK,public.tb_medicamento_uso_continuo,v03_plus_nullable,v00_baseline,nullable isolado vs baseline,1,0.0,0.8212923010190328,25521.0,24080.0,1441.0,P5_nullable_interaction
DEEPSEEK,public.tb_medicao,v03_plus_nullable,v00_baseline,nullable isolado vs baseline,1,0.3333333333333333,0.5648866494496664,25521.0,24080.0,1441.0,P5_nullable_interaction
DEEPSEEK,public.tb_odontograma,v03_plus_nullable,v00_baseline,nullable isolado vs baseline,1,1.0,0.9999992450078329,25521.0,24080.0,1441.0,P5_nullable_interaction
DEEPSEEK,public.tb_problema,v03_plus_nullable,v00_baseline,nullable isolado vs baseline,1,0.0,0.6891894737879435,25521.0,24080.0,1441.0,P5_nullable_interaction
DEEPSEEK,public.tb_proced_exame_especifico,v03_plus_nullable,v00_baseline,nullable isolado vs baseline,1,0.6666666666666666,0.9660900235176086,25521.0,24080.0,1441.0,P5_nullable_interaction
DEEPSEEK,public.tb_raca_cor,v03_plus_nullable,v00_baseline,nullable isolado vs baseline,1,1.0,0.9999992648760477,25521.0,24080.0,1441.0,P5_nullable_interaction
DEEPSEEK,public.tb_tipo_glicemia,v03_plus_nullable,v00_baseline,nullable isolado vs baseline,1,0.0,0.9439283311367035,25521.0,24080.0,1441.0,P5_nullable_interaction
DEEPSEEK,public.ta_medicamento_catmat,v00_baseline,v01_full,v00_baseline vs v01_full,1,0.0,0.6672628919283549,24080.0,101577.0,-77497.0,P7_vs_full
DEEPSEEK,public.ta_tecido_mole,v00_baseline,v01_full,v00_baseline vs v01_full,1,0.3333333333333333,0.8816887338956197,24080.0,101577.0,-77497.0,P7_vs_full
DEEPSEEK,public.ta_vacinacao,v00_baseline,v01_full,v00_baseline vs v01_full,1,0.3333333333333333,0.7898914813995361,24080.0,101577.0,-77497.0,P7_vs_full
DEEPSEEK,public.tb_antecedente,v00_baseline,v01_full,v00_baseline vs v01_full,1,0.0,0.7878109614054362,24080.0,101577.0,-77497.0,P7_vs_full
DEEPSEEK,public.tb_ciap_ms,v00_baseline,v01_full,v00_baseline vs v01_full,1,0.3333333333333333,0.5148021777470907,24080.0,101577.0,-77497.0,P7_vs_full
DEEPSEEK,public.tb_cidadao,v00_baseline,v01_full,v00_baseline vs v01_full,1,0.6666666666666666,0.6666664481163025,24080.0,101577.0,-77497.0,P7_vs_full
DEEPSEEK,public.tb_cuidado_compartilhado_evol,v00_baseline,v01_full,v00_baseline vs v01_full,1,0.3333333333333333,0.7895253499348959,24080.0,101577.0,-77497.0,P7_vs_full
DEEPSEEK,public.tb_dim_catmat,v00_baseline,v01_full,v00_baseline vs v01_full,1,0.6666666666666666,0.8366531729698181,24080.0,101577.0,-77497.0,P7_vs_full
DEEPSEEK,public.tb_evolucao_odonto,v00_baseline,v01_full,v00_baseline vs v01_full,1,0.6666666666666666,0.9050434827804565,24080.0,101577.0,-77497.0,P7_vs_full
DEEPSEEK,public.tb_evolucao_subjetivo,v00_baseline,v01_full,v00_baseline vs v01_full,1,0.0,0.5542343378067016,24080.0,101577.0,-77497.0,P7_vs_full
DEEPSEEK,public.tb_exame_hemoglobina_glicada,v00_baseline,v01_full,v00_baseline vs v01_full,1,0.6666666666666666,0.6666661500930786,24080.0,101577.0,-77497.0,P7_vs_full
DEEPSEEK,public.tb_exame_prenatal,v00_baseline,v01_full,v00_baseline vs v01_full,1,0.6666666666666666,0.8803013563156128,24080.0,101577.0,-77497.0,P7_vs_full
DEEPSEEK,public.tb_fat_atend_odonto_problemas,v00_baseline,v01_full,v00_baseline vs v01_full,1,0.3333333333333333,0.5546675523122152,24080.0,101577.0,-77497.0,P7_vs_full
DEEPSEEK,public.tb_fat_rel_op_risco_cardio,v00_baseline,v01_full,v00_baseline vs v01_full,1,0.3333333333333333,0.5049813787142435,24080.0,101577.0,-77497.0,P7_vs_full
DEEPSEEK,public.tb_historico_dados_fao,v00_baseline,v01_full,v00_baseline vs v01_full,1,0.0,0.1917646328608195,24080.0,101577.0,-77497.0,P7_vs_full
DEEPSEEK,public.tb_justificativa_prontuario,v00_baseline,v01_full,v00_baseline vs v01_full,1,0.3333333333333333,0.5421770016352335,24080.0,101577.0,-77497.0,P7_vs_full
DEEPSEEK,public.tb_lembrete_evolucao,v00_baseline,v01_full,v00_baseline vs v01_full,1,0.0,0.2359472115834554,24080.0,101577.0,-77497.0,P7_vs_full
DEEPSEEK,public.tb_medicamento_uso_continuo,v00_baseline,v01_full,v00_baseline vs v01_full,1,0.0,0.8364866971969604,24080.0,101577.0,-77497.0,P7_vs_full
DEEPSEEK,public.tb_medicao,v00_baseline,v01_full,v00_baseline vs v01_full,1,0.6666666666666666,0.8855322202046713,24080.0,101577.0,-77497.0,P7_vs_full
DEEPSEEK,public.tb_odontograma,v00_baseline,v01_full,v00_baseline vs v01_full,1,1.0,0.9999992450078329,24080.0,101577.0,-77497.0,P7_vs_full
DEEPSEEK,public.tb_problema,v00_baseline,v01_full,v00_baseline vs v01_full,1,0.3333333333333333,0.693627138932546,24080.0,101577.0,-77497.0,P7_vs_full
DEEPSEEK,public.tb_proced_exame_especifico,v00_baseline,v01_full,v00_baseline vs v01_full,1,0.3333333333333333,0.9033364653587341,24080.0,101577.0,-77497.0,P7_vs_full
DEEPSEEK,public.tb_raca_cor,v00_baseline,v01_full,v00_baseline vs v01_full,1,0.3333333333333333,0.5850238800048828,24080.0,101577.0,-77497.0,P7_vs_full
DEEPSEEK,public.tb_tipo_glicemia,v00_baseline,v01_full,v00_baseline vs v01_full,1,0.0,0.5992937088012695,24080.0,101577.0,-77497.0,P7_vs_full
DEEPSEEK,public.ta_medicamento_catmat,v02_plus_fk,v01_full,v02_plus_fk vs v01_full,1,0.6666666666666666,0.6666662891705831,27898.0,101577.0,-73679.0,P7_vs_full
DEEPSEEK,public.ta_tecido_mole,v02_plus_fk,v01_full,v02_plus_fk vs v01_full,1,0.3333333333333333,0.5587962667147318,27898.0,101577.0,-73679.0,P7_vs_full
DEEPSEEK,public.ta_vacinacao,v02_plus_fk,v01_full,v02_plus_fk vs v01_full,1,0.3333333333333333,0.7868382136027018,27898.0,101577.0,-73679.0,P7_vs_full
DEEPSEEK,public.tb_antecedente,v02_plus_fk,v01_full,v02_plus_fk vs v01_full,1,0.6666666666666666,0.9295165538787842,27898.0,101577.0,-73679.0,P7_vs_full
DEEPSEEK,public.tb_ciap_ms,v02_plus_fk,v01_full,v02_plus_fk vs v01_full,1,0.3333333333333333,0.5148021777470907,27898.0,101577.0,-73679.0,P7_vs_full
DEEPSEEK,public.tb_cidadao,v02_plus_fk,v01_full,v02_plus_fk vs v01_full,1,0.6666666666666666,0.6666664481163025,27898.0,101577.0,-73679.0,P7_vs_full
DEEPSEEK,public.tb_cuidado_compartilhado_evol,v02_plus_fk,v01_full,v02_plus_fk vs v01_full,1,0.3333333333333333,0.5731299122174581,27898.0,101577.0,-73679.0,P7_vs_full
DEEPSEEK,public.tb_dim_catmat,v02_plus_fk,v01_full,v02_plus_fk vs v01_full,1,0.6666666666666666,0.839168906211853,27898.0,101577.0,-73679.0,P7_vs_full
DEEPSEEK,public.tb_evolucao_odonto,v02_plus_fk,v01_full,v02_plus_fk vs v01_full,1,0.6666666666666666,0.9050434827804565,27898.0,101577.0,-73679.0,P7_vs_full
DEEPSEEK,public.tb_evolucao_subjetivo,v02_plus_fk,v01_full,v02_plus_fk vs v01_full,1,0.0,0.4618619481722514,27898.0,101577.0,-73679.0,P7_vs_full
DEEPSEEK,public.tb_exame_hemoglobina_glicada,v02_plus_fk,v01_full,v02_plus_fk vs v01_full,1,1.0,0.9999992847442627,27898.0,101577.0,-73679.0,P7_vs_full
DEEPSEEK,public.tb_exame_prenatal,v02_plus_fk,v01_full,v02_plus_fk vs v01_full,1,0.6666666666666666,0.8823022047678629,27898.0,101577.0,-73679.0,P7_vs_full
DEEPSEEK,public.tb_fat_atend_odonto_problemas,v02_plus_fk,v01_full,v02_plus_fk vs v01_full,1,0.3333333333333333,0.82302854458491,27898.0,101577.0,-73679.0,P7_vs_full
DEEPSEEK,public.tb_fat_rel_op_risco_cardio,v02_plus_fk,v01_full,v02_plus_fk vs v01_full,1,0.3333333333333333,0.3333331346511841,27898.0,101577.0,-73679.0,P7_vs_full
DEEPSEEK,public.tb_historico_dados_fao,v02_plus_fk,v01_full,v02_plus_fk vs v01_full,1,0.0,0.4240124821662903,27898.0,101577.0,-73679.0,P7_vs_full
DEEPSEEK,public.tb_justificativa_prontuario,v02_plus_fk,v01_full,v02_plus_fk vs v01_full,1,0.3333333333333333,0.6209577719370524,27898.0,101577.0,-73679.0,P7_vs_full
DEEPSEEK,public.tb_lembrete_evolucao,v02_plus_fk,v01_full,v02_plus_fk vs v01_full,1,0.3333333333333333,0.537625273068746,27898.0,101577.0,-73679.0,P7_vs_full
DEEPSEEK,public.tb_medicamento_uso_continuo,v02_plus_fk,v01_full,v02_plus_fk vs v01_full,1,0.3333333333333333,0.7505472501118978,27898.0,101577.0,-73679.0,P7_vs_full
DEEPSEEK,public.tb_medicao,v02_plus_fk,v01_full,v02_plus_fk vs v01_full,1,0.0,0.6609104871749878,27898.0,101577.0,-73679.0,P7_vs_full
DEEPSEEK,public.tb_odontograma,v02_plus_fk,v01_full,v02_plus_fk vs v01_full,1,1.0,0.9999992450078329,27898.0,101577.0,-73679.0,P7_vs_full
DEEPSEEK,public.tb_problema,v02_plus_fk,v01_full,v02_plus_fk vs v01_full,1,0.0,0.7135863900184631,27898.0,101577.0,-73679.0,P7_vs_full
DEEPSEEK,public.tb_proced_exame_especifico,v02_plus_fk,v01_full,v02_plus_fk vs v01_full,1,0.3333333333333333,0.9033364653587341,27898.0,101577.0,-73679.0,P7_vs_full
DEEPSEEK,public.tb_raca_cor,v02_plus_fk,v01_full,v02_plus_fk vs v01_full,1,0.3333333333333333,0.6055953105290731,27898.0,101577.0,-73679.0,P7_vs_full
DEEPSEEK,public.tb_tipo_glicemia,v02_plus_fk,v01_full,v02_plus_fk vs v01_full,1,0.0,0.6126271247863769,27898.0,101577.0,-73679.0,P7_vs_full
DEEPSEEK,public.ta_medicamento_catmat,v03_plus_nullable,v01_full,v03_plus_nullable vs v01_full,1,0.0,0.6343492468198141,25521.0,101577.0,-76056.0,P7_vs_full
DEEPSEEK,public.ta_tecido_mole,v03_plus_nullable,v01_full,v03_plus_nullable vs v01_full,1,0.3333333333333333,0.828154464562734,25521.0,101577.0,-76056.0,P7_vs_full
DEEPSEEK,public.ta_vacinacao,v03_plus_nullable,v01_full,v03_plus_nullable vs v01_full,1,0.3333333333333333,0.7832245031992594,25521.0,101577.0,-76056.0,P7_vs_full
DEEPSEEK,public.tb_antecedente,v03_plus_nullable,v01_full,v03_plus_nullable vs v01_full,1,0.6666666666666666,0.9295165538787842,25521.0,101577.0,-76056.0,P7_vs_full
DEEPSEEK,public.tb_ciap_ms,v03_plus_nullable,v01_full,v03_plus_nullable vs v01_full,1,0.3333333333333333,0.5148021777470907,25521.0,101577.0,-76056.0,P7_vs_full
DEEPSEEK,public.tb_cidadao,v03_plus_nullable,v01_full,v03_plus_nullable vs v01_full,1,0.6666666666666666,0.6666664481163025,25521.0,101577.0,-76056.0,P7_vs_full
DEEPSEEK,public.tb_cuidado_compartilhado_evol,v03_plus_nullable,v01_full,v03_plus_nullable vs v01_full,1,0.6666666666666666,0.8604066570599874,25521.0,101577.0,-76056.0,P7_vs_full
DEEPSEEK,public.tb_dim_catmat,v03_plus_nullable,v01_full,v03_plus_nullable vs v01_full,1,0.6666666666666666,0.8366531729698181,25521.0,101577.0,-76056.0,P7_vs_full
DEEPSEEK,public.tb_evolucao_odonto,v03_plus_nullable,v01_full,v03_plus_nullable vs v01_full,1,0.3333333333333333,0.8291979630788168,25521.0,101577.0,-76056.0,P7_vs_full
DEEPSEEK,public.tb_evolucao_subjetivo,v03_plus_nullable,v01_full,v03_plus_nullable vs v01_full,1,0.0,0.4618619481722514,25521.0,101577.0,-76056.0,P7_vs_full
DEEPSEEK,public.tb_exame_hemoglobina_glicada,v03_plus_nullable,v01_full,v03_plus_nullable vs v01_full,1,0.6666666666666666,0.6666661500930786,25521.0,101577.0,-76056.0,P7_vs_full
DEEPSEEK,public.tb_exame_prenatal,v03_plus_nullable,v01_full,v03_plus_nullable vs v01_full,1,0.3333333333333333,0.7851788600285848,25521.0,101577.0,-76056.0,P7_vs_full
DEEPSEEK,public.tb_fat_atend_odonto_problemas,v03_plus_nullable,v01_full,v03_plus_nullable vs v01_full,1,0.6666666666666666,0.9111997683842977,25521.0,101577.0,-76056.0,P7_vs_full
DEEPSEEK,public.tb_fat_rel_op_risco_cardio,v03_plus_nullable,v01_full,v03_plus_nullable vs v01_full,1,0.3333333333333333,0.3333331346511841,25521.0,101577.0,-76056.0,P7_vs_full
DEEPSEEK,public.tb_historico_dados_fao,v03_plus_nullable,v01_full,v03_plus_nullable vs v01_full,1,0.0,0.28873016436894733,25521.0,101577.0,-76056.0,P7_vs_full
DEEPSEEK,public.tb_justificativa_prontuario,v03_plus_nullable,v01_full,v03_plus_nullable vs v01_full,1,0.0,0.5361934502919515,25521.0,101577.0,-76056.0,P7_vs_full
DEEPSEEK,public.tb_lembrete_evolucao,v03_plus_nullable,v01_full,v03_plus_nullable vs v01_full,1,0.0,0.2359472115834554,25521.0,101577.0,-76056.0,P7_vs_full
DEEPSEEK,public.tb_medicamento_uso_continuo,v03_plus_nullable,v01_full,v03_plus_nullable vs v01_full,1,0.0,0.9044983784357706,25521.0,101577.0,-76056.0,P7_vs_full
DEEPSEEK,public.tb_medicao,v03_plus_nullable,v01_full,v03_plus_nullable vs v01_full,1,0.3333333333333333,0.5648866494496664,25521.0,101577.0,-76056.0,P7_vs_full
DEEPSEEK,public.tb_odontograma,v03_plus_nullable,v01_full,v03_plus_nullable vs v01_full,1,1.0,0.9999992450078329,25521.0,101577.0,-76056.0,P7_vs_full
DEEPSEEK,public.tb_problema,v03_plus_nullable,v01_full,v03_plus_nullable vs v01_full,1,0.0,0.5603001515070597,25521.0,101577.0,-76056.0,P7_vs_full
DEEPSEEK,public.tb_proced_exame_especifico,v03_plus_nullable,v01_full,v03_plus_nullable vs v01_full,1,0.3333333333333333,0.9294421275456747,25521.0,101577.0,-76056.0,P7_vs_full
DEEPSEEK,public.tb_raca_cor,v03_plus_nullable,v01_full,v03_plus_nullable vs v01_full,1,0.3333333333333333,0.5850238800048828,25521.0,101577.0,-76056.0,P7_vs_full
DEEPSEEK,public.tb_tipo_glicemia,v03_plus_nullable,v01_full,v03_plus_nullable vs v01_full,1,0.0,0.6126271247863769,25521.0,101577.0,-76056.0,P7_vs_full
DEEPSEEK,public.ta_medicamento_catmat,v04_plus_numeric_stats,v01_full,v04_plus_numeric_stats vs v01_full,1,0.6666666666666666,0.9241136312484741,31906.0,101577.0,-69671.0,P7_vs_full
DEEPSEEK,public.ta_tecido_mole,v04_plus_numeric_stats,v01_full,v04_plus_numeric_stats vs v01_full,1,0.3333333333333333,0.823361317316691,31906.0,101577.0,-69671.0,P7_vs_full
DEEPSEEK,public.ta_vacinacao,v04_plus_numeric_stats,v01_full,v04_plus_numeric_stats vs v01_full,1,0.3333333333333333,0.8790397842725118,31906.0,101577.0,-69671.0,P7_vs_full
DEEPSEEK,public.tb_antecedente,v04_plus_numeric_stats,v01_full,v04_plus_numeric_stats vs v01_full,1,0.6666666666666666,0.9295165538787842,31906.0,101577.0,-69671.0,P7_vs_full
DEEPSEEK,public.tb_ciap_ms,v04_plus_numeric_stats,v01_full,v04_plus_numeric_stats vs v01_full,1,0.3333333333333333,0.794948399066925,31906.0,101577.0,-69671.0,P7_vs_full
DEEPSEEK,public.tb_cidadao,v04_plus_numeric_stats,v01_full,v04_plus_numeric_stats vs v01_full,1,0.6666666666666666,0.6666664481163025,31906.0,101577.0,-69671.0,P7_vs_full
DEEPSEEK,public.tb_cuidado_compartilhado_evol,v04_plus_numeric_stats,v01_full,v04_plus_numeric_stats vs v01_full,1,0.3333333333333333,0.5696842869122823,31906.0,101577.0,-69671.0,P7_vs_full
DEEPSEEK,public.tb_dim_catmat,v04_plus_numeric_stats,v01_full,v04_plus_numeric_stats vs v01_full,1,0.6666666666666666,0.839168906211853,31906.0,101577.0,-69671.0,P7_vs_full
DEEPSEEK,public.tb_evolucao_odonto,v04_plus_numeric_stats,v01_full,v04_plus_numeric_stats vs v01_full,1,0.6666666666666666,0.9050434827804565,31906.0,101577.0,-69671.0,P7_vs_full
DEEPSEEK,public.tb_evolucao_subjetivo,v04_plus_numeric_stats,v01_full,v04_plus_numeric_stats vs v01_full,1,0.0,0.6815505623817444,31906.0,101577.0,-69671.0,P7_vs_full
DEEPSEEK,public.tb_exame_hemoglobina_glicada,v04_plus_numeric_stats,v01_full,v04_plus_numeric_stats vs v01_full,1,0.6666666666666666,0.6666661500930786,31906.0,101577.0,-69671.0,P7_vs_full
DEEPSEEK,public.tb_exame_prenatal,v04_plus_numeric_stats,v01_full,v04_plus_numeric_stats vs v01_full,1,0.6666666666666666,0.9717196226119995,31906.0,101577.0,-69671.0,P7_vs_full
DEEPSEEK,public.tb_fat_atend_odonto_problemas,v04_plus_numeric_stats,v01_full,v04_plus_numeric_stats vs v01_full,1,0.6666666666666666,0.9062379598617554,31906.0,101577.0,-69671.0,P7_vs_full
DEEPSEEK,public.tb_fat_rel_op_risco_cardio,v04_plus_numeric_stats,v01_full,v04_plus_numeric_stats vs v01_full,1,0.3333333333333333,0.3333331346511841,31906.0,101577.0,-69671.0,P7_vs_full
DEEPSEEK,public.tb_historico_dados_fao,v04_plus_numeric_stats,v01_full,v04_plus_numeric_stats vs v01_full,1,0.0,0.21022709210713705,31906.0,101577.0,-69671.0,P7_vs_full
DEEPSEEK,public.tb_justificativa_prontuario,v04_plus_numeric_stats,v01_full,v04_plus_numeric_stats vs v01_full,1,0.0,0.5361934502919515,31906.0,101577.0,-69671.0,P7_vs_full
DEEPSEEK,public.tb_lembrete_evolucao,v04_plus_numeric_stats,v01_full,v04_plus_numeric_stats vs v01_full,1,0.0,0.23605271180470785,31906.0,101577.0,-69671.0,P7_vs_full
DEEPSEEK,public.tb_medicamento_uso_continuo,v04_plus_numeric_stats,v01_full,v04_plus_numeric_stats vs v01_full,1,0.0,0.8907031615575155,31906.0,101577.0,-69671.0,P7_vs_full
DEEPSEEK,public.tb_medicao,v04_plus_numeric_stats,v01_full,v04_plus_numeric_stats vs v01_full,1,0.0,0.45925788084665936,31906.0,101577.0,-69671.0,P7_vs_full
DEEPSEEK,public.tb_odontograma,v04_plus_numeric_stats,v01_full,v04_plus_numeric_stats vs v01_full,1,1.0,0.9999992450078329,31906.0,101577.0,-69671.0,P7_vs_full
DEEPSEEK,public.tb_problema,v04_plus_numeric_stats,v01_full,v04_plus_numeric_stats vs v01_full,1,0.3333333333333333,0.76551753282547,31906.0,101577.0,-69671.0,P7_vs_full
DEEPSEEK,public.tb_proced_exame_especifico,v04_plus_numeric_stats,v01_full,v04_plus_numeric_stats vs v01_full,1,0.0,0.7581632932027181,31906.0,101577.0,-69671.0,P7_vs_full
DEEPSEEK,public.tb_raca_cor,v04_plus_numeric_stats,v01_full,v04_plus_numeric_stats vs v01_full,1,0.0,0.7270990411440531,31906.0,101577.0,-69671.0,P7_vs_full
DEEPSEEK,public.tb_tipo_glicemia,v04_plus_numeric_stats,v01_full,v04_plus_numeric_stats vs v01_full,1,0.0,0.6126271247863769,31906.0,101577.0,-69671.0,P7_vs_full
DEEPSEEK,public.ta_medicamento_catmat,v05_plus_sample_values,v01_full,v05_plus_sample_values vs v01_full,1,0.3333333333333333,0.711836596330007,53194.0,101577.0,-48383.0,P7_vs_full
DEEPSEEK,public.ta_tecido_mole,v05_plus_sample_values,v01_full,v05_plus_sample_values vs v01_full,1,0.3333333333333333,0.8816887338956197,53194.0,101577.0,-48383.0,P7_vs_full
DEEPSEEK,public.ta_vacinacao,v05_plus_sample_values,v01_full,v05_plus_sample_values vs v01_full,1,0.6666666666666666,0.6666661898295084,53194.0,101577.0,-48383.0,P7_vs_full
DEEPSEEK,public.tb_antecedente,v05_plus_sample_values,v01_full,v05_plus_sample_values vs v01_full,1,0.6666666666666666,0.9295165538787842,53194.0,101577.0,-48383.0,P7_vs_full
DEEPSEEK,public.tb_ciap_ms,v05_plus_sample_values,v01_full,v05_plus_sample_values vs v01_full,1,0.3333333333333333,0.5058478514353434,53194.0,101577.0,-48383.0,P7_vs_full
DEEPSEEK,public.tb_cidadao,v05_plus_sample_values,v01_full,v05_plus_sample_values vs v01_full,1,0.3333333333333333,0.5532934268315634,53194.0,101577.0,-48383.0,P7_vs_full
DEEPSEEK,public.tb_cuidado_compartilhado_evol,v05_plus_sample_values,v01_full,v05_plus_sample_values vs v01_full,1,0.3333333333333333,0.6112239360809326,53194.0,101577.0,-48383.0,P7_vs_full
DEEPSEEK,public.tb_dim_catmat,v05_plus_sample_values,v01_full,v05_plus_sample_values vs v01_full,1,0.6666666666666666,0.839168906211853,53194.0,101577.0,-48383.0,P7_vs_full
DEEPSEEK,public.tb_evolucao_odonto,v05_plus_sample_values,v01_full,v05_plus_sample_values vs v01_full,1,0.6666666666666666,0.9050434827804565,53194.0,101577.0,-48383.0,P7_vs_full
DEEPSEEK,public.tb_evolucao_subjetivo,v05_plus_sample_values,v01_full,v05_plus_sample_values vs v01_full,1,0.6666666666666666,0.6666660110155741,53194.0,101577.0,-48383.0,P7_vs_full
DEEPSEEK,public.tb_exame_hemoglobina_glicada,v05_plus_sample_values,v01_full,v05_plus_sample_values vs v01_full,1,0.6666666666666666,0.6666661500930786,53194.0,101577.0,-48383.0,P7_vs_full
DEEPSEEK,public.tb_exame_prenatal,v05_plus_sample_values,v01_full,v05_plus_sample_values vs v01_full,1,0.6666666666666666,0.8803013563156128,53194.0,101577.0,-48383.0,P7_vs_full
DEEPSEEK,public.tb_fat_atend_odonto_problemas,v05_plus_sample_values,v01_full,v05_plus_sample_values vs v01_full,1,0.3333333333333333,0.6215696136156718,53194.0,101577.0,-48383.0,P7_vs_full
DEEPSEEK,public.tb_fat_rel_op_risco_cardio,v05_plus_sample_values,v01_full,v05_plus_sample_values vs v01_full,1,1.0,0.9999993840853373,53194.0,101577.0,-48383.0,P7_vs_full
DEEPSEEK,public.tb_historico_dados_fao,v05_plus_sample_values,v01_full,v05_plus_sample_values vs v01_full,1,0.6666666666666666,0.6666661699612936,53194.0,101577.0,-48383.0,P7_vs_full
DEEPSEEK,public.tb_justificativa_prontuario,v05_plus_sample_values,v01_full,v05_plus_sample_values vs v01_full,1,0.0,0.5361934502919515,53194.0,101577.0,-48383.0,P7_vs_full
DEEPSEEK,public.tb_lembrete_evolucao,v05_plus_sample_values,v01_full,v05_plus_sample_values vs v01_full,1,0.0,0.2678481737772624,53194.0,101577.0,-48383.0,P7_vs_full
DEEPSEEK,public.tb_medicamento_uso_continuo,v05_plus_sample_values,v01_full,v05_plus_sample_values vs v01_full,1,0.0,0.8907031615575155,53194.0,101577.0,-48383.0,P7_vs_full
DEEPSEEK,public.tb_medicao,v05_plus_sample_values,v01_full,v05_plus_sample_values vs v01_full,1,0.6666666666666666,0.8855322202046713,53194.0,101577.0,-48383.0,P7_vs_full
DEEPSEEK,public.tb_odontograma,v05_plus_sample_values,v01_full,v05_plus_sample_values vs v01_full,1,1.0,0.9999992450078329,53194.0,101577.0,-48383.0,P7_vs_full
DEEPSEEK,public.tb_problema,v05_plus_sample_values,v01_full,v05_plus_sample_values vs v01_full,1,0.3333333333333333,0.7431799570719401,53194.0,101577.0,-48383.0,P7_vs_full
DEEPSEEK,public.tb_proced_exame_especifico,v05_plus_sample_values,v01_full,v05_plus_sample_values vs v01_full,1,0.0,0.6930810610453287,53194.0,101577.0,-48383.0,P7_vs_full
DEEPSEEK,public.tb_raca_cor,v05_plus_sample_values,v01_full,v05_plus_sample_values vs v01_full,1,0.0,0.7270990411440531,53194.0,101577.0,-48383.0,P7_vs_full
DEEPSEEK,public.tb_tipo_glicemia,v05_plus_sample_values,v01_full,v05_plus_sample_values vs v01_full,1,0.3333333333333333,0.8067029118537903,53194.0,101577.0,-48383.0,P7_vs_full
DEEPSEEK,public.ta_medicamento_catmat,v06_plus_frequent_values,v01_full,v06_plus_frequent_values vs v01_full,1,0.6666666666666666,0.6666662891705831,40769.0,101577.0,-60808.0,P7_vs_full
DEEPSEEK,public.ta_tecido_mole,v06_plus_frequent_values,v01_full,v06_plus_frequent_values vs v01_full,1,1.0,0.9999993642171224,40769.0,101577.0,-60808.0,P7_vs_full
DEEPSEEK,public.ta_vacinacao,v06_plus_frequent_values,v01_full,v06_plus_frequent_values vs v01_full,1,0.3333333333333333,0.839160680770874,40769.0,101577.0,-60808.0,P7_vs_full
DEEPSEEK,public.tb_antecedente,v06_plus_frequent_values,v01_full,v06_plus_frequent_values vs v01_full,1,0.3333333333333333,0.8418463667233785,40769.0,101577.0,-60808.0,P7_vs_full
DEEPSEEK,public.tb_ciap_ms,v06_plus_frequent_values,v01_full,v06_plus_frequent_values vs v01_full,1,0.3333333333333333,0.6498611370722452,40769.0,101577.0,-60808.0,P7_vs_full
DEEPSEEK,public.tb_cidadao,v06_plus_frequent_values,v01_full,v06_plus_frequent_values vs v01_full,1,0.6666666666666666,0.6666664481163025,40769.0,101577.0,-60808.0,P7_vs_full
DEEPSEEK,public.tb_cuidado_compartilhado_evol,v06_plus_frequent_values,v01_full,v06_plus_frequent_values vs v01_full,1,0.3333333333333333,0.5514405369758606,40769.0,101577.0,-60808.0,P7_vs_full
DEEPSEEK,public.tb_dim_catmat,v06_plus_frequent_values,v01_full,v06_plus_frequent_values vs v01_full,1,0.3333333333333333,0.5265268087387085,40769.0,101577.0,-60808.0,P7_vs_full
DEEPSEEK,public.tb_evolucao_odonto,v06_plus_frequent_values,v01_full,v06_plus_frequent_values vs v01_full,1,0.3333333333333333,0.7468265493710836,40769.0,101577.0,-60808.0,P7_vs_full
DEEPSEEK,public.tb_evolucao_subjetivo,v06_plus_frequent_values,v01_full,v06_plus_frequent_values vs v01_full,1,0.3333333333333333,0.5997570355733236,40769.0,101577.0,-60808.0,P7_vs_full
DEEPSEEK,public.tb_exame_hemoglobina_glicada,v06_plus_frequent_values,v01_full,v06_plus_frequent_values vs v01_full,1,0.6666666666666666,0.9251547257105509,40769.0,101577.0,-60808.0,P7_vs_full
DEEPSEEK,public.tb_exame_prenatal,v06_plus_frequent_values,v01_full,v06_plus_frequent_values vs v01_full,1,1.0,0.9999992847442627,40769.0,101577.0,-60808.0,P7_vs_full
DEEPSEEK,public.tb_fat_atend_odonto_problemas,v06_plus_frequent_values,v01_full,v06_plus_frequent_values vs v01_full,1,0.3333333333333333,0.7713041305541992,40769.0,101577.0,-60808.0,P7_vs_full
DEEPSEEK,public.tb_fat_rel_op_risco_cardio,v06_plus_frequent_values,v01_full,v06_plus_frequent_values vs v01_full,1,1.0,0.9999993840853373,40769.0,101577.0,-60808.0,P7_vs_full
DEEPSEEK,public.tb_historico_dados_fao,v06_plus_frequent_values,v01_full,v06_plus_frequent_values vs v01_full,1,0.3333333333333333,0.769546647866567,40769.0,101577.0,-60808.0,P7_vs_full
DEEPSEEK,public.tb_justificativa_prontuario,v06_plus_frequent_values,v01_full,v06_plus_frequent_values vs v01_full,1,0.3333333333333333,0.8380837241808573,40769.0,101577.0,-60808.0,P7_vs_full
DEEPSEEK,public.tb_lembrete_evolucao,v06_plus_frequent_values,v01_full,v06_plus_frequent_values vs v01_full,1,0.0,0.2359472115834554,40769.0,101577.0,-60808.0,P7_vs_full
DEEPSEEK,public.tb_medicamento_uso_continuo,v06_plus_frequent_values,v01_full,v06_plus_frequent_values vs v01_full,1,0.6666666666666666,0.9385080536206564,40769.0,101577.0,-60808.0,P7_vs_full
DEEPSEEK,public.tb_medicao,v06_plus_frequent_values,v01_full,v06_plus_frequent_values vs v01_full,1,0.6666666666666666,0.8855322202046713,40769.0,101577.0,-60808.0,P7_vs_full
DEEPSEEK,public.tb_odontograma,v06_plus_frequent_values,v01_full,v06_plus_frequent_values vs v01_full,1,1.0,0.9999992450078329,40769.0,101577.0,-60808.0,P7_vs_full
DEEPSEEK,public.tb_problema,v06_plus_frequent_values,v01_full,v06_plus_frequent_values vs v01_full,1,0.3333333333333333,0.7917290727297465,40769.0,101577.0,-60808.0,P7_vs_full
DEEPSEEK,public.tb_proced_exame_especifico,v06_plus_frequent_values,v01_full,v06_plus_frequent_values vs v01_full,1,0.6666666666666666,0.9361537496248881,40769.0,101577.0,-60808.0,P7_vs_full
DEEPSEEK,public.tb_raca_cor,v06_plus_frequent_values,v01_full,v06_plus_frequent_values vs v01_full,1,0.3333333333333333,0.6055953105290731,40769.0,101577.0,-60808.0,P7_vs_full
DEEPSEEK,public.tb_tipo_glicemia,v06_plus_frequent_values,v01_full,v06_plus_frequent_values vs v01_full,1,0.0,0.5992937088012695,40769.0,101577.0,-60808.0,P7_vs_full
DEEPSEEK,public.ta_medicamento_catmat,v07_plus_sample_rows,v01_full,v07_plus_sample_rows vs v01_full,1,0.3333333333333333,0.76405930519104,36713.0,101577.0,-64864.0,P7_vs_full
DEEPSEEK,public.ta_tecido_mole,v07_plus_sample_rows,v01_full,v07_plus_sample_rows vs v01_full,1,0.6666666666666666,0.6666661302248637,36713.0,101577.0,-64864.0,P7_vs_full
DEEPSEEK,public.ta_vacinacao,v07_plus_sample_rows,v01_full,v07_plus_sample_rows vs v01_full,1,0.3333333333333333,0.6376984715461731,36713.0,101577.0,-64864.0,P7_vs_full
DEEPSEEK,public.tb_antecedente,v07_plus_sample_rows,v01_full,v07_plus_sample_rows vs v01_full,1,0.0,0.7554216980934143,36713.0,101577.0,-64864.0,P7_vs_full
DEEPSEEK,public.tb_ciap_ms,v07_plus_sample_rows,v01_full,v07_plus_sample_rows vs v01_full,1,0.3333333333333333,0.7216999530792236,36713.0,101577.0,-64864.0,P7_vs_full
DEEPSEEK,public.tb_cidadao,v07_plus_sample_rows,v01_full,v07_plus_sample_rows vs v01_full,1,0.3333333333333333,0.5532934268315634,36713.0,101577.0,-64864.0,P7_vs_full
DEEPSEEK,public.tb_cuidado_compartilhado_evol,v07_plus_sample_rows,v01_full,v07_plus_sample_rows vs v01_full,1,0.3333333333333333,0.776460071404775,36713.0,101577.0,-64864.0,P7_vs_full
DEEPSEEK,public.tb_dim_catmat,v07_plus_sample_rows,v01_full,v07_plus_sample_rows vs v01_full,1,0.6666666666666666,0.839168906211853,36713.0,101577.0,-64864.0,P7_vs_full
DEEPSEEK,public.tb_evolucao_odonto,v07_plus_sample_rows,v01_full,v07_plus_sample_rows vs v01_full,1,0.6666666666666666,0.9050434827804565,36713.0,101577.0,-64864.0,P7_vs_full
DEEPSEEK,public.tb_evolucao_subjetivo,v07_plus_sample_rows,v01_full,v07_plus_sample_rows vs v01_full,1,0.0,0.44102901220321655,36713.0,101577.0,-64864.0,P7_vs_full
DEEPSEEK,public.tb_exame_hemoglobina_glicada,v07_plus_sample_rows,v01_full,v07_plus_sample_rows vs v01_full,1,1.0,0.9999992847442627,36713.0,101577.0,-64864.0,P7_vs_full
DEEPSEEK,public.tb_exame_prenatal,v07_plus_sample_rows,v01_full,v07_plus_sample_rows vs v01_full,1,0.6666666666666666,0.8803013563156128,36713.0,101577.0,-64864.0,P7_vs_full
DEEPSEEK,public.tb_fat_atend_odonto_problemas,v07_plus_sample_rows,v01_full,v07_plus_sample_rows vs v01_full,1,0.3333333333333333,0.7713041305541992,36713.0,101577.0,-64864.0,P7_vs_full
DEEPSEEK,public.tb_fat_rel_op_risco_cardio,v07_plus_sample_rows,v01_full,v07_plus_sample_rows vs v01_full,1,0.3333333333333333,0.5049813787142435,36713.0,101577.0,-64864.0,P7_vs_full
DEEPSEEK,public.tb_historico_dados_fao,v07_plus_sample_rows,v01_full,v07_plus_sample_rows vs v01_full,1,0.0,0.2809894283612569,36713.0,101577.0,-64864.0,P7_vs_full
DEEPSEEK,public.tb_justificativa_prontuario,v07_plus_sample_rows,v01_full,v07_plus_sample_rows vs v01_full,1,0.3333333333333333,0.5705454150835673,36713.0,101577.0,-64864.0,P7_vs_full
DEEPSEEK,public.tb_lembrete_evolucao,v07_plus_sample_rows,v01_full,v07_plus_sample_rows vs v01_full,1,0.0,0.7606748143831888,36713.0,101577.0,-64864.0,P7_vs_full
DEEPSEEK,public.tb_medicamento_uso_continuo,v07_plus_sample_rows,v01_full,v07_plus_sample_rows vs v01_full,1,0.0,0.9044983784357706,36713.0,101577.0,-64864.0,P7_vs_full
DEEPSEEK,public.tb_medicao,v07_plus_sample_rows,v01_full,v07_plus_sample_rows vs v01_full,1,0.6666666666666666,0.894370416800181,36713.0,101577.0,-64864.0,P7_vs_full
DEEPSEEK,public.tb_odontograma,v07_plus_sample_rows,v01_full,v07_plus_sample_rows vs v01_full,1,1.0,0.9999992450078329,36713.0,101577.0,-64864.0,P7_vs_full
DEEPSEEK,public.tb_problema,v07_plus_sample_rows,v01_full,v07_plus_sample_rows vs v01_full,1,0.3333333333333333,0.76551753282547,36713.0,101577.0,-64864.0,P7_vs_full
DEEPSEEK,public.tb_proced_exame_especifico,v07_plus_sample_rows,v01_full,v07_plus_sample_rows vs v01_full,1,0.0,0.7958234349886576,36713.0,101577.0,-64864.0,P7_vs_full
DEEPSEEK,public.tb_raca_cor,v07_plus_sample_rows,v01_full,v07_plus_sample_rows vs v01_full,1,1.0,0.999999205271403,36713.0,101577.0,-64864.0,P7_vs_full
DEEPSEEK,public.tb_tipo_glicemia,v07_plus_sample_rows,v01_full,v07_plus_sample_rows vs v01_full,1,0.0,0.7513860861460367,36713.0,101577.0,-64864.0,P7_vs_full
DEEPSEEK,public.ta_medicamento_catmat,v08_fk_plus_sample_values,v01_full,v08_fk_plus_sample_values vs v01_full,1,0.6666666666666666,0.8454213539759318,57012.0,101577.0,-44565.0,P7_vs_full
DEEPSEEK,public.ta_tecido_mole,v08_fk_plus_sample_values,v01_full,v08_fk_plus_sample_values vs v01_full,1,0.3333333333333333,0.823361317316691,57012.0,101577.0,-44565.0,P7_vs_full
DEEPSEEK,public.ta_vacinacao,v08_fk_plus_sample_values,v01_full,v08_fk_plus_sample_values vs v01_full,1,0.6666666666666666,0.9285171429316202,57012.0,101577.0,-44565.0,P7_vs_full
DEEPSEEK,public.tb_antecedente,v08_fk_plus_sample_values,v01_full,v08_fk_plus_sample_values vs v01_full,1,0.6666666666666666,0.9295165538787842,57012.0,101577.0,-44565.0,P7_vs_full
DEEPSEEK,public.tb_ciap_ms,v08_fk_plus_sample_values,v01_full,v08_fk_plus_sample_values vs v01_full,1,0.0,0.4860374728838603,57012.0,101577.0,-44565.0,P7_vs_full
DEEPSEEK,public.tb_cidadao,v08_fk_plus_sample_values,v01_full,v08_fk_plus_sample_values vs v01_full,1,0.6666666666666666,0.6666664481163025,57012.0,101577.0,-44565.0,P7_vs_full
DEEPSEEK,public.tb_cuidado_compartilhado_evol,v08_fk_plus_sample_values,v01_full,v08_fk_plus_sample_values vs v01_full,1,1.0,0.999999205271403,57012.0,101577.0,-44565.0,P7_vs_full
DEEPSEEK,public.tb_dim_catmat,v08_fk_plus_sample_values,v01_full,v08_fk_plus_sample_values vs v01_full,1,0.6666666666666666,0.8366531729698181,57012.0,101577.0,-44565.0,P7_vs_full
DEEPSEEK,public.tb_evolucao_odonto,v08_fk_plus_sample_values,v01_full,v08_fk_plus_sample_values vs v01_full,1,1.0,0.9999994039535522,57012.0,101577.0,-44565.0,P7_vs_full
DEEPSEEK,public.tb_evolucao_subjetivo,v08_fk_plus_sample_values,v01_full,v08_fk_plus_sample_values vs v01_full,1,0.6666666666666666,0.6666660110155741,57012.0,101577.0,-44565.0,P7_vs_full
DEEPSEEK,public.tb_exame_hemoglobina_glicada,v08_fk_plus_sample_values,v01_full,v08_fk_plus_sample_values vs v01_full,1,0.6666666666666666,0.9251547257105509,57012.0,101577.0,-44565.0,P7_vs_full
DEEPSEEK,public.tb_exame_prenatal,v08_fk_plus_sample_values,v01_full,v08_fk_plus_sample_values vs v01_full,1,0.6666666666666666,0.8823022047678629,57012.0,101577.0,-44565.0,P7_vs_full
DEEPSEEK,public.tb_fat_atend_odonto_problemas,v08_fk_plus_sample_values,v01_full,v08_fk_plus_sample_values vs v01_full,1,1.0,0.9999992450078329,57012.0,101577.0,-44565.0,P7_vs_full
DEEPSEEK,public.tb_fat_rel_op_risco_cardio,v08_fk_plus_sample_values,v01_full,v08_fk_plus_sample_values vs v01_full,1,1.0,0.9999993840853373,57012.0,101577.0,-44565.0,P7_vs_full
DEEPSEEK,public.tb_historico_dados_fao,v08_fk_plus_sample_values,v01_full,v08_fk_plus_sample_values vs v01_full,1,1.0,0.9999992847442627,57012.0,101577.0,-44565.0,P7_vs_full
DEEPSEEK,public.tb_justificativa_prontuario,v08_fk_plus_sample_values,v01_full,v08_fk_plus_sample_values vs v01_full,1,0.3333333333333333,0.6197255651156107,57012.0,101577.0,-44565.0,P7_vs_full
DEEPSEEK,public.tb_lembrete_evolucao,v08_fk_plus_sample_values,v01_full,v08_fk_plus_sample_values vs v01_full,1,0.6666666666666666,0.6666661500930786,57012.0,101577.0,-44565.0,P7_vs_full
DEEPSEEK,public.tb_medicamento_uso_continuo,v08_fk_plus_sample_values,v01_full,v08_fk_plus_sample_values vs v01_full,1,0.3333333333333333,0.95903213818868,57012.0,101577.0,-44565.0,P7_vs_full
DEEPSEEK,public.tb_medicao,v08_fk_plus_sample_values,v01_full,v08_fk_plus_sample_values vs v01_full,1,0.6666666666666666,0.895983358224233,57012.0,101577.0,-44565.0,P7_vs_full
DEEPSEEK,public.tb_odontograma,v08_fk_plus_sample_values,v01_full,v08_fk_plus_sample_values vs v01_full,1,1.0,0.9999992450078329,57012.0,101577.0,-44565.0,P7_vs_full
DEEPSEEK,public.tb_problema,v08_fk_plus_sample_values,v01_full,v08_fk_plus_sample_values vs v01_full,1,0.6666666666666666,0.9681238929430643,57012.0,101577.0,-44565.0,P7_vs_full
DEEPSEEK,public.tb_proced_exame_especifico,v08_fk_plus_sample_values,v01_full,v08_fk_plus_sample_values vs v01_full,1,0.0,0.6930810610453287,57012.0,101577.0,-44565.0,P7_vs_full
DEEPSEEK,public.tb_raca_cor,v08_fk_plus_sample_values,v01_full,v08_fk_plus_sample_values vs v01_full,1,0.6666666666666666,0.9262282450993856,57012.0,101577.0,-44565.0,P7_vs_full
DEEPSEEK,public.tb_tipo_glicemia,v08_fk_plus_sample_values,v01_full,v08_fk_plus_sample_values vs v01_full,1,0.3333333333333333,0.8067029118537903,57012.0,101577.0,-44565.0,P7_vs_full
DEEPSEEK,public.ta_medicamento_catmat,v09_fk_plus_frequent_values,v01_full,v09_fk_plus_frequent_values vs v01_full,1,1.0,0.9999994238217672,44587.0,101577.0,-56990.0,P7_vs_full
DEEPSEEK,public.ta_tecido_mole,v09_fk_plus_frequent_values,v01_full,v09_fk_plus_frequent_values vs v01_full,1,0.3333333333333333,0.7456078926722208,44587.0,101577.0,-56990.0,P7_vs_full
DEEPSEEK,public.ta_vacinacao,v09_fk_plus_frequent_values,v01_full,v09_fk_plus_frequent_values vs v01_full,1,0.3333333333333333,0.6376984715461731,44587.0,101577.0,-56990.0,P7_vs_full
DEEPSEEK,public.tb_antecedente,v09_fk_plus_frequent_values,v01_full,v09_fk_plus_frequent_values vs v01_full,1,0.6666666666666666,0.9389441013336182,44587.0,101577.0,-56990.0,P7_vs_full
DEEPSEEK,public.tb_ciap_ms,v09_fk_plus_frequent_values,v01_full,v09_fk_plus_frequent_values vs v01_full,1,0.6666666666666666,0.848744789759318,44587.0,101577.0,-56990.0,P7_vs_full
DEEPSEEK,public.tb_cidadao,v09_fk_plus_frequent_values,v01_full,v09_fk_plus_frequent_values vs v01_full,1,0.6666666666666666,0.6666664481163025,44587.0,101577.0,-56990.0,P7_vs_full
DEEPSEEK,public.tb_cuidado_compartilhado_evol,v09_fk_plus_frequent_values,v01_full,v09_fk_plus_frequent_values vs v01_full,1,0.3333333333333333,0.5562189022699991,44587.0,101577.0,-56990.0,P7_vs_full
DEEPSEEK,public.tb_dim_catmat,v09_fk_plus_frequent_values,v01_full,v09_fk_plus_frequent_values vs v01_full,1,0.3333333333333333,0.7912208437919617,44587.0,101577.0,-56990.0,P7_vs_full
DEEPSEEK,public.tb_evolucao_odonto,v09_fk_plus_frequent_values,v01_full,v09_fk_plus_frequent_values vs v01_full,1,0.3333333333333333,0.8489679495493571,44587.0,101577.0,-56990.0,P7_vs_full
DEEPSEEK,public.tb_evolucao_subjetivo,v09_fk_plus_frequent_values,v01_full,v09_fk_plus_frequent_values vs v01_full,1,0.3333333333333333,0.8194456497828165,44587.0,101577.0,-56990.0,P7_vs_full
DEEPSEEK,public.tb_exame_hemoglobina_glicada,v09_fk_plus_frequent_values,v01_full,v09_fk_plus_frequent_values vs v01_full,1,0.6666666666666666,0.9251547257105509,44587.0,101577.0,-56990.0,P7_vs_full
DEEPSEEK,public.tb_exame_prenatal,v09_fk_plus_frequent_values,v01_full,v09_fk_plus_frequent_values vs v01_full,1,0.3333333333333333,0.8360409736633301,44587.0,101577.0,-56990.0,P7_vs_full
DEEPSEEK,public.tb_fat_atend_odonto_problemas,v09_fk_plus_frequent_values,v01_full,v09_fk_plus_frequent_values vs v01_full,1,1.0,0.9999992450078329,44587.0,101577.0,-56990.0,P7_vs_full
DEEPSEEK,public.tb_fat_rel_op_risco_cardio,v09_fk_plus_frequent_values,v01_full,v09_fk_plus_frequent_values vs v01_full,1,1.0,0.9999993840853373,44587.0,101577.0,-56990.0,P7_vs_full
DEEPSEEK,public.tb_historico_dados_fao,v09_fk_plus_frequent_values,v01_full,v09_fk_plus_frequent_values vs v01_full,1,0.6666666666666666,0.8989140192667643,44587.0,101577.0,-56990.0,P7_vs_full
DEEPSEEK,public.tb_justificativa_prontuario,v09_fk_plus_frequent_values,v01_full,v09_fk_plus_frequent_values vs v01_full,1,0.6666666666666666,0.9542907277743021,44587.0,101577.0,-56990.0,P7_vs_full
DEEPSEEK,public.tb_lembrete_evolucao,v09_fk_plus_frequent_values,v01_full,v09_fk_plus_frequent_values vs v01_full,1,0.3333333333333333,0.3333329955736796,44587.0,101577.0,-56990.0,P7_vs_full
DEEPSEEK,public.tb_medicamento_uso_continuo,v09_fk_plus_frequent_values,v01_full,v09_fk_plus_frequent_values vs v01_full,1,0.3333333333333333,0.8248685201009115,44587.0,101577.0,-56990.0,P7_vs_full
DEEPSEEK,public.tb_medicao,v09_fk_plus_frequent_values,v01_full,v09_fk_plus_frequent_values vs v01_full,1,0.6666666666666666,0.8855322202046713,44587.0,101577.0,-56990.0,P7_vs_full
DEEPSEEK,public.tb_odontograma,v09_fk_plus_frequent_values,v01_full,v09_fk_plus_frequent_values vs v01_full,1,1.0,0.9999992450078329,44587.0,101577.0,-56990.0,P7_vs_full
DEEPSEEK,public.tb_problema,v09_fk_plus_frequent_values,v01_full,v09_fk_plus_frequent_values vs v01_full,1,0.6666666666666666,0.6666663686434428,44587.0,101577.0,-56990.0,P7_vs_full
DEEPSEEK,public.tb_proced_exame_especifico,v09_fk_plus_frequent_values,v01_full,v09_fk_plus_frequent_values vs v01_full,1,0.3333333333333333,0.9033364653587341,44587.0,101577.0,-56990.0,P7_vs_full
DEEPSEEK,public.tb_raca_cor,v09_fk_plus_frequent_values,v01_full,v09_fk_plus_frequent_values vs v01_full,1,0.0,0.5457082390785217,44587.0,101577.0,-56990.0,P7_vs_full
DEEPSEEK,public.tb_tipo_glicemia,v09_fk_plus_frequent_values,v01_full,v09_fk_plus_frequent_values vs v01_full,1,0.3333333333333333,0.8067029118537903,44587.0,101577.0,-56990.0,P7_vs_full
DEEPSEEK,public.ta_medicamento_catmat,v10_fk_plus_sample_and_frequent,v01_full,v10_fk_plus_sample_and_frequent vs v01_full,1,0.6666666666666666,0.8454213539759318,72503.0,101577.0,-29074.0,P7_vs_full
DEEPSEEK,public.ta_tecido_mole,v10_fk_plus_sample_and_frequent,v01_full,v10_fk_plus_sample_and_frequent vs v01_full,1,0.3333333333333333,0.7456078926722208,72503.0,101577.0,-29074.0,P7_vs_full
DEEPSEEK,public.ta_vacinacao,v10_fk_plus_sample_and_frequent,v01_full,v10_fk_plus_sample_and_frequent vs v01_full,1,1.0,0.9999992648760477,72503.0,101577.0,-29074.0,P7_vs_full
DEEPSEEK,public.tb_antecedente,v10_fk_plus_sample_and_frequent,v01_full,v10_fk_plus_sample_and_frequent vs v01_full,1,0.6666666666666666,0.9295165538787842,72503.0,101577.0,-29074.0,P7_vs_full
DEEPSEEK,public.tb_ciap_ms,v10_fk_plus_sample_and_frequent,v01_full,v10_fk_plus_sample_and_frequent vs v01_full,1,0.0,0.4860374728838603,72503.0,101577.0,-29074.0,P7_vs_full
DEEPSEEK,public.tb_cidadao,v10_fk_plus_sample_and_frequent,v01_full,v10_fk_plus_sample_and_frequent vs v01_full,1,0.6666666666666666,0.6666664481163025,72503.0,101577.0,-29074.0,P7_vs_full
DEEPSEEK,public.tb_cuidado_compartilhado_evol,v10_fk_plus_sample_and_frequent,v01_full,v10_fk_plus_sample_and_frequent vs v01_full,1,1.0,0.999999205271403,72503.0,101577.0,-29074.0,P7_vs_full
DEEPSEEK,public.tb_dim_catmat,v10_fk_plus_sample_and_frequent,v01_full,v10_fk_plus_sample_and_frequent vs v01_full,1,0.6666666666666666,0.839168906211853,72503.0,101577.0,-29074.0,P7_vs_full
DEEPSEEK,public.tb_evolucao_odonto,v10_fk_plus_sample_and_frequent,v01_full,v10_fk_plus_sample_and_frequent vs v01_full,1,0.6666666666666666,0.9560623168945312,72503.0,101577.0,-29074.0,P7_vs_full
DEEPSEEK,public.tb_evolucao_subjetivo,v10_fk_plus_sample_and_frequent,v01_full,v10_fk_plus_sample_and_frequent vs v01_full,1,0.6666666666666666,0.8621040185292562,72503.0,101577.0,-29074.0,P7_vs_full
DEEPSEEK,public.tb_exame_hemoglobina_glicada,v10_fk_plus_sample_and_frequent,v01_full,v10_fk_plus_sample_and_frequent vs v01_full,1,0.6666666666666666,0.9251547257105509,72503.0,101577.0,-29074.0,P7_vs_full
DEEPSEEK,public.tb_exame_prenatal,v10_fk_plus_sample_and_frequent,v01_full,v10_fk_plus_sample_and_frequent vs v01_full,1,1.0,0.9999992847442627,72503.0,101577.0,-29074.0,P7_vs_full
DEEPSEEK,public.tb_fat_atend_odonto_problemas,v10_fk_plus_sample_and_frequent,v01_full,v10_fk_plus_sample_and_frequent vs v01_full,1,0.6666666666666666,0.9549027482668558,72503.0,101577.0,-29074.0,P7_vs_full
DEEPSEEK,public.tb_fat_rel_op_risco_cardio,v10_fk_plus_sample_and_frequent,v01_full,v10_fk_plus_sample_and_frequent vs v01_full,1,1.0,0.9999993840853373,72503.0,101577.0,-29074.0,P7_vs_full
DEEPSEEK,public.tb_historico_dados_fao,v10_fk_plus_sample_and_frequent,v01_full,v10_fk_plus_sample_and_frequent vs v01_full,1,0.6666666666666666,0.8989140192667643,72503.0,101577.0,-29074.0,P7_vs_full
DEEPSEEK,public.tb_justificativa_prontuario,v10_fk_plus_sample_and_frequent,v01_full,v10_fk_plus_sample_and_frequent vs v01_full,1,0.3333333333333333,0.6197255651156107,72503.0,101577.0,-29074.0,P7_vs_full
DEEPSEEK,public.tb_lembrete_evolucao,v10_fk_plus_sample_and_frequent,v01_full,v10_fk_plus_sample_and_frequent vs v01_full,1,0.6666666666666666,0.6666661500930786,72503.0,101577.0,-29074.0,P7_vs_full
DEEPSEEK,public.tb_medicamento_uso_continuo,v10_fk_plus_sample_and_frequent,v01_full,v10_fk_plus_sample_and_frequent vs v01_full,1,0.3333333333333333,0.8243894974390665,72503.0,101577.0,-29074.0,P7_vs_full
DEEPSEEK,public.tb_medicao,v10_fk_plus_sample_and_frequent,v01_full,v10_fk_plus_sample_and_frequent vs v01_full,1,0.6666666666666666,0.895983358224233,72503.0,101577.0,-29074.0,P7_vs_full
DEEPSEEK,public.tb_odontograma,v10_fk_plus_sample_and_frequent,v01_full,v10_fk_plus_sample_and_frequent vs v01_full,1,1.0,0.9999992450078329,72503.0,101577.0,-29074.0,P7_vs_full
DEEPSEEK,public.tb_problema,v10_fk_plus_sample_and_frequent,v01_full,v10_fk_plus_sample_and_frequent vs v01_full,1,0.6666666666666666,0.9586871862411499,72503.0,101577.0,-29074.0,P7_vs_full
DEEPSEEK,public.tb_proced_exame_especifico,v10_fk_plus_sample_and_frequent,v01_full,v10_fk_plus_sample_and_frequent vs v01_full,1,0.0,0.6930810610453287,72503.0,101577.0,-29074.0,P7_vs_full
DEEPSEEK,public.tb_raca_cor,v10_fk_plus_sample_and_frequent,v01_full,v10_fk_plus_sample_and_frequent vs v01_full,1,1.0,0.999999205271403,72503.0,101577.0,-29074.0,P7_vs_full
DEEPSEEK,public.tb_tipo_glicemia,v10_fk_plus_sample_and_frequent,v01_full,v10_fk_plus_sample_and_frequent vs v01_full,1,0.3333333333333333,0.8067029118537903,72503.0,101577.0,-29074.0,P7_vs_full
DEEPSEEK,public.ta_medicamento_catmat,v11_fk_plus_sample_rows,v01_full,v11_fk_plus_sample_rows vs v01_full,1,0.3333333333333333,0.5773733258247375,40531.0,101577.0,-61046.0,P7_vs_full
DEEPSEEK,public.ta_tecido_mole,v11_fk_plus_sample_rows,v01_full,v11_fk_plus_sample_rows vs v01_full,1,0.3333333333333333,0.5293452143669128,40531.0,101577.0,-61046.0,P7_vs_full
DEEPSEEK,public.ta_vacinacao,v11_fk_plus_sample_rows,v01_full,v11_fk_plus_sample_rows vs v01_full,1,0.3333333333333333,0.7832245031992594,40531.0,101577.0,-61046.0,P7_vs_full
DEEPSEEK,public.tb_antecedente,v11_fk_plus_sample_rows,v01_full,v11_fk_plus_sample_rows vs v01_full,1,0.6666666666666666,0.913574735323588,40531.0,101577.0,-61046.0,P7_vs_full
DEEPSEEK,public.tb_ciap_ms,v11_fk_plus_sample_rows,v01_full,v11_fk_plus_sample_rows vs v01_full,1,0.3333333333333333,0.5058478514353434,40531.0,101577.0,-61046.0,P7_vs_full
DEEPSEEK,public.tb_cidadao,v11_fk_plus_sample_rows,v01_full,v11_fk_plus_sample_rows vs v01_full,1,0.6666666666666666,0.6666664481163025,40531.0,101577.0,-61046.0,P7_vs_full
DEEPSEEK,public.tb_cuidado_compartilhado_evol,v11_fk_plus_sample_rows,v01_full,v11_fk_plus_sample_rows vs v01_full,1,0.6666666666666666,0.8964522282282511,40531.0,101577.0,-61046.0,P7_vs_full
DEEPSEEK,public.tb_dim_catmat,v11_fk_plus_sample_rows,v01_full,v11_fk_plus_sample_rows vs v01_full,1,0.6666666666666666,0.839168906211853,40531.0,101577.0,-61046.0,P7_vs_full
DEEPSEEK,public.tb_evolucao_odonto,v11_fk_plus_sample_rows,v01_full,v11_fk_plus_sample_rows vs v01_full,1,0.6666666666666666,0.9050434827804565,40531.0,101577.0,-61046.0,P7_vs_full
DEEPSEEK,public.tb_evolucao_subjetivo,v11_fk_plus_sample_rows,v01_full,v11_fk_plus_sample_rows vs v01_full,1,0.0,0.5542343378067016,40531.0,101577.0,-61046.0,P7_vs_full
DEEPSEEK,public.tb_exame_hemoglobina_glicada,v11_fk_plus_sample_rows,v01_full,v11_fk_plus_sample_rows vs v01_full,1,0.3333333333333333,0.8567612767219543,40531.0,101577.0,-61046.0,P7_vs_full
DEEPSEEK,public.tb_exame_prenatal,v11_fk_plus_sample_rows,v01_full,v11_fk_plus_sample_rows vs v01_full,1,1.0,0.9999992847442627,40531.0,101577.0,-61046.0,P7_vs_full
DEEPSEEK,public.tb_fat_atend_odonto_problemas,v11_fk_plus_sample_rows,v01_full,v11_fk_plus_sample_rows vs v01_full,1,1.0,0.9999992450078329,40531.0,101577.0,-61046.0,P7_vs_full
DEEPSEEK,public.tb_fat_rel_op_risco_cardio,v11_fk_plus_sample_rows,v01_full,v11_fk_plus_sample_rows vs v01_full,1,0.3333333333333333,0.5865915815035502,40531.0,101577.0,-61046.0,P7_vs_full
DEEPSEEK,public.tb_historico_dados_fao,v11_fk_plus_sample_rows,v01_full,v11_fk_plus_sample_rows vs v01_full,1,0.0,0.2809894283612569,40531.0,101577.0,-61046.0,P7_vs_full
DEEPSEEK,public.tb_justificativa_prontuario,v11_fk_plus_sample_rows,v01_full,v11_fk_plus_sample_rows vs v01_full,1,0.0,0.7258508801460266,40531.0,101577.0,-61046.0,P7_vs_full
DEEPSEEK,public.tb_lembrete_evolucao,v11_fk_plus_sample_rows,v01_full,v11_fk_plus_sample_rows vs v01_full,1,0.3333333333333333,0.6170570254325867,40531.0,101577.0,-61046.0,P7_vs_full
DEEPSEEK,public.tb_medicamento_uso_continuo,v11_fk_plus_sample_rows,v01_full,v11_fk_plus_sample_rows vs v01_full,1,0.3333333333333333,0.7505472501118978,40531.0,101577.0,-61046.0,P7_vs_full
DEEPSEEK,public.tb_medicao,v11_fk_plus_sample_rows,v01_full,v11_fk_plus_sample_rows vs v01_full,1,0.0,0.45925788084665936,40531.0,101577.0,-61046.0,P7_vs_full
DEEPSEEK,public.tb_odontograma,v11_fk_plus_sample_rows,v01_full,v11_fk_plus_sample_rows vs v01_full,1,1.0,0.9999992450078329,40531.0,101577.0,-61046.0,P7_vs_full
DEEPSEEK,public.tb_problema,v11_fk_plus_sample_rows,v01_full,v11_fk_plus_sample_rows vs v01_full,1,0.3333333333333333,0.7561543583869934,40531.0,101577.0,-61046.0,P7_vs_full
DEEPSEEK,public.tb_proced_exame_especifico,v11_fk_plus_sample_rows,v01_full,v11_fk_plus_sample_rows vs v01_full,1,0.0,0.7956434488296509,40531.0,101577.0,-61046.0,P7_vs_full
DEEPSEEK,public.tb_raca_cor,v11_fk_plus_sample_rows,v01_full,v11_fk_plus_sample_rows vs v01_full,1,0.3333333333333333,0.8382028142611185,40531.0,101577.0,-61046.0,P7_vs_full
DEEPSEEK,public.tb_tipo_glicemia,v11_fk_plus_sample_rows,v01_full,v11_fk_plus_sample_rows vs v01_full,1,0.6666666666666666,0.8611330986022949,40531.0,101577.0,-61046.0,P7_vs_full
DEEPSEEK,public.ta_medicamento_catmat,v12_nullable_plus_sample_values,v01_full,v12_nullable_plus_sample_values vs v01_full,1,0.3333333333333333,0.5393778880437216,54769.0,101577.0,-46808.0,P7_vs_full
DEEPSEEK,public.ta_tecido_mole,v12_nullable_plus_sample_values,v01_full,v12_nullable_plus_sample_values vs v01_full,1,0.3333333333333333,0.8816887338956197,54769.0,101577.0,-46808.0,P7_vs_full
DEEPSEEK,public.ta_vacinacao,v12_nullable_plus_sample_values,v01_full,v12_nullable_plus_sample_values vs v01_full,1,0.3333333333333333,0.8997114300727844,54769.0,101577.0,-46808.0,P7_vs_full
DEEPSEEK,public.tb_antecedente,v12_nullable_plus_sample_values,v01_full,v12_nullable_plus_sample_values vs v01_full,1,0.6666666666666666,0.9295165538787842,54769.0,101577.0,-46808.0,P7_vs_full
DEEPSEEK,public.tb_ciap_ms,v12_nullable_plus_sample_values,v01_full,v12_nullable_plus_sample_values vs v01_full,1,0.3333333333333333,0.5259599288304647,54769.0,101577.0,-46808.0,P7_vs_full
DEEPSEEK,public.tb_cidadao,v12_nullable_plus_sample_values,v01_full,v12_nullable_plus_sample_values vs v01_full,1,0.6666666666666666,0.6666664481163025,54769.0,101577.0,-46808.0,P7_vs_full
DEEPSEEK,public.tb_cuidado_compartilhado_evol,v12_nullable_plus_sample_values,v01_full,v12_nullable_plus_sample_values vs v01_full,1,0.6666666666666666,0.9757572809855143,54769.0,101577.0,-46808.0,P7_vs_full
DEEPSEEK,public.tb_dim_catmat,v12_nullable_plus_sample_values,v01_full,v12_nullable_plus_sample_values vs v01_full,1,0.0,0.6401159962018331,54769.0,101577.0,-46808.0,P7_vs_full
DEEPSEEK,public.tb_evolucao_odonto,v12_nullable_plus_sample_values,v01_full,v12_nullable_plus_sample_values vs v01_full,1,0.3333333333333333,0.7468265493710836,54769.0,101577.0,-46808.0,P7_vs_full
DEEPSEEK,public.tb_evolucao_subjetivo,v12_nullable_plus_sample_values,v01_full,v12_nullable_plus_sample_values vs v01_full,1,0.0,0.4677414496739705,54769.0,101577.0,-46808.0,P7_vs_full
DEEPSEEK,public.tb_exame_hemoglobina_glicada,v12_nullable_plus_sample_values,v01_full,v12_nullable_plus_sample_values vs v01_full,1,0.6666666666666666,0.6666661500930786,54769.0,101577.0,-46808.0,P7_vs_full
DEEPSEEK,public.tb_exame_prenatal,v12_nullable_plus_sample_values,v01_full,v12_nullable_plus_sample_values vs v01_full,1,0.6666666666666666,0.8803013563156128,54769.0,101577.0,-46808.0,P7_vs_full
DEEPSEEK,public.tb_fat_atend_odonto_problemas,v12_nullable_plus_sample_values,v01_full,v12_nullable_plus_sample_values vs v01_full,1,1.0,0.9999992450078329,54769.0,101577.0,-46808.0,P7_vs_full
DEEPSEEK,public.tb_fat_rel_op_risco_cardio,v12_nullable_plus_sample_values,v01_full,v12_nullable_plus_sample_values vs v01_full,1,1.0,0.9999993840853373,54769.0,101577.0,-46808.0,P7_vs_full
DEEPSEEK,public.tb_historico_dados_fao,v12_nullable_plus_sample_values,v01_full,v12_nullable_plus_sample_values vs v01_full,1,0.6666666666666666,0.6666661699612936,54769.0,101577.0,-46808.0,P7_vs_full
DEEPSEEK,public.tb_justificativa_prontuario,v12_nullable_plus_sample_values,v01_full,v12_nullable_plus_sample_values vs v01_full,1,0.3333333333333333,0.6197255651156107,54769.0,101577.0,-46808.0,P7_vs_full
DEEPSEEK,public.tb_lembrete_evolucao,v12_nullable_plus_sample_values,v01_full,v12_nullable_plus_sample_values vs v01_full,1,0.3333333333333333,0.333333154519399,54769.0,101577.0,-46808.0,P7_vs_full
DEEPSEEK,public.tb_medicamento_uso_continuo,v12_nullable_plus_sample_values,v01_full,v12_nullable_plus_sample_values vs v01_full,1,0.0,0.8487095435460409,54769.0,101577.0,-46808.0,P7_vs_full
DEEPSEEK,public.tb_medicao,v12_nullable_plus_sample_values,v01_full,v12_nullable_plus_sample_values vs v01_full,1,0.6666666666666666,0.895983358224233,54769.0,101577.0,-46808.0,P7_vs_full
DEEPSEEK,public.tb_odontograma,v12_nullable_plus_sample_values,v01_full,v12_nullable_plus_sample_values vs v01_full,1,1.0,0.9999992450078329,54769.0,101577.0,-46808.0,P7_vs_full
DEEPSEEK,public.tb_problema,v12_nullable_plus_sample_values,v01_full,v12_nullable_plus_sample_values vs v01_full,1,0.0,0.4217786192893982,54769.0,101577.0,-46808.0,P7_vs_full
DEEPSEEK,public.tb_proced_exame_especifico,v12_nullable_plus_sample_values,v01_full,v12_nullable_plus_sample_values vs v01_full,1,0.0,0.6930810610453287,54769.0,101577.0,-46808.0,P7_vs_full
DEEPSEEK,public.tb_raca_cor,v12_nullable_plus_sample_values,v01_full,v12_nullable_plus_sample_values vs v01_full,1,0.6666666666666666,0.9126148819923401,54769.0,101577.0,-46808.0,P7_vs_full
DEEPSEEK,public.tb_tipo_glicemia,v12_nullable_plus_sample_values,v01_full,v12_nullable_plus_sample_values vs v01_full,1,0.3333333333333333,0.8067029118537903,54769.0,101577.0,-46808.0,P7_vs_full
DEEPSEEK,public.ta_medicamento_catmat,v13_nullable_plus_frequent_values,v01_full,v13_nullable_plus_frequent_values vs v01_full,1,0.0,0.6862868070602417,42344.0,101577.0,-59233.0,P7_vs_full
DEEPSEEK,public.ta_tecido_mole,v13_nullable_plus_frequent_values,v01_full,v13_nullable_plus_frequent_values vs v01_full,1,1.0,0.9999993642171224,42344.0,101577.0,-59233.0,P7_vs_full
DEEPSEEK,public.ta_vacinacao,v13_nullable_plus_frequent_values,v01_full,v13_nullable_plus_frequent_values vs v01_full,1,0.3333333333333333,0.8343718647956848,42344.0,101577.0,-59233.0,P7_vs_full
DEEPSEEK,public.tb_antecedente,v13_nullable_plus_frequent_values,v01_full,v13_nullable_plus_frequent_values vs v01_full,1,1.0,0.9999994039535522,42344.0,101577.0,-59233.0,P7_vs_full
DEEPSEEK,public.tb_ciap_ms,v13_nullable_plus_frequent_values,v01_full,v13_nullable_plus_frequent_values vs v01_full,1,0.6666666666666666,0.6666659514109293,42344.0,101577.0,-59233.0,P7_vs_full
DEEPSEEK,public.tb_cidadao,v13_nullable_plus_frequent_values,v01_full,v13_nullable_plus_frequent_values vs v01_full,1,0.6666666666666666,0.6666664481163025,42344.0,101577.0,-59233.0,P7_vs_full
DEEPSEEK,public.tb_cuidado_compartilhado_evol,v13_nullable_plus_frequent_values,v01_full,v13_nullable_plus_frequent_values vs v01_full,1,0.6666666666666666,0.8948358694712321,42344.0,101577.0,-59233.0,P7_vs_full
DEEPSEEK,public.tb_dim_catmat,v13_nullable_plus_frequent_values,v01_full,v13_nullable_plus_frequent_values vs v01_full,1,0.6666666666666666,0.8352178732554117,42344.0,101577.0,-59233.0,P7_vs_full
DEEPSEEK,public.tb_evolucao_odonto,v13_nullable_plus_frequent_values,v01_full,v13_nullable_plus_frequent_values vs v01_full,1,0.3333333333333333,0.7468265493710836,42344.0,101577.0,-59233.0,P7_vs_full
DEEPSEEK,public.tb_evolucao_subjetivo,v13_nullable_plus_frequent_values,v01_full,v13_nullable_plus_frequent_values vs v01_full,1,0.3333333333333333,0.5997570355733236,42344.0,101577.0,-59233.0,P7_vs_full
DEEPSEEK,public.tb_exame_hemoglobina_glicada,v13_nullable_plus_frequent_values,v01_full,v13_nullable_plus_frequent_values vs v01_full,1,0.6666666666666666,0.891214390595754,42344.0,101577.0,-59233.0,P7_vs_full
DEEPSEEK,public.tb_exame_prenatal,v13_nullable_plus_frequent_values,v01_full,v13_nullable_plus_frequent_values vs v01_full,1,0.3333333333333333,0.8360409736633301,42344.0,101577.0,-59233.0,P7_vs_full
DEEPSEEK,public.tb_fat_atend_odonto_problemas,v13_nullable_plus_frequent_values,v01_full,v13_nullable_plus_frequent_values vs v01_full,1,0.3333333333333333,0.5546675523122152,42344.0,101577.0,-59233.0,P7_vs_full
DEEPSEEK,public.tb_fat_rel_op_risco_cardio,v13_nullable_plus_frequent_values,v01_full,v13_nullable_plus_frequent_values vs v01_full,1,1.0,0.9999993840853373,42344.0,101577.0,-59233.0,P7_vs_full
DEEPSEEK,public.tb_historico_dados_fao,v13_nullable_plus_frequent_values,v01_full,v13_nullable_plus_frequent_values vs v01_full,1,0.6666666666666666,0.6666661699612936,42344.0,101577.0,-59233.0,P7_vs_full
DEEPSEEK,public.tb_justificativa_prontuario,v13_nullable_plus_frequent_values,v01_full,v13_nullable_plus_frequent_values vs v01_full,1,0.3333333333333333,0.8275999824206034,42344.0,101577.0,-59233.0,P7_vs_full
DEEPSEEK,public.tb_lembrete_evolucao,v13_nullable_plus_frequent_values,v01_full,v13_nullable_plus_frequent_values vs v01_full,1,0.0,0.23605271180470785,42344.0,101577.0,-59233.0,P7_vs_full
DEEPSEEK,public.tb_medicamento_uso_continuo,v13_nullable_plus_frequent_values,v01_full,v13_nullable_plus_frequent_values vs v01_full,1,0.0,0.8907031615575155,42344.0,101577.0,-59233.0,P7_vs_full
DEEPSEEK,public.tb_medicao,v13_nullable_plus_frequent_values,v01_full,v13_nullable_plus_frequent_values vs v01_full,1,0.0,0.46087082227071124,42344.0,101577.0,-59233.0,P7_vs_full
DEEPSEEK,public.tb_odontograma,v13_nullable_plus_frequent_values,v01_full,v13_nullable_plus_frequent_values vs v01_full,1,1.0,0.9999992450078329,42344.0,101577.0,-59233.0,P7_vs_full
DEEPSEEK,public.tb_problema,v13_nullable_plus_frequent_values,v01_full,v13_nullable_plus_frequent_values vs v01_full,1,0.6666666666666666,0.8400437434514364,42344.0,101577.0,-59233.0,P7_vs_full
DEEPSEEK,public.tb_proced_exame_especifico,v13_nullable_plus_frequent_values,v01_full,v13_nullable_plus_frequent_values vs v01_full,1,0.0,0.7173635164896647,42344.0,101577.0,-59233.0,P7_vs_full
DEEPSEEK,public.tb_raca_cor,v13_nullable_plus_frequent_values,v01_full,v13_nullable_plus_frequent_values vs v01_full,1,0.3333333333333333,0.5928950707117716,42344.0,101577.0,-59233.0,P7_vs_full
DEEPSEEK,public.tb_tipo_glicemia,v13_nullable_plus_frequent_values,v01_full,v13_nullable_plus_frequent_values vs v01_full,1,0.0,0.6126271247863769,42344.0,101577.0,-59233.0,P7_vs_full
DEEPSEEK,public.ta_medicamento_catmat,v14_nullable_plus_numeric_stats,v01_full,v14_nullable_plus_numeric_stats vs v01_full,1,0.3333333333333333,0.5393778880437216,33481.0,101577.0,-68096.0,P7_vs_full
DEEPSEEK,public.ta_tecido_mole,v14_nullable_plus_numeric_stats,v01_full,v14_nullable_plus_numeric_stats vs v01_full,1,0.3333333333333333,0.823361317316691,33481.0,101577.0,-68096.0,P7_vs_full
DEEPSEEK,public.ta_vacinacao,v14_nullable_plus_numeric_stats,v01_full,v14_nullable_plus_numeric_stats vs v01_full,1,0.3333333333333333,0.6378604769706726,33481.0,101577.0,-68096.0,P7_vs_full
DEEPSEEK,public.tb_antecedente,v14_nullable_plus_numeric_stats,v01_full,v14_nullable_plus_numeric_stats vs v01_full,1,0.6666666666666666,0.9295165538787842,33481.0,101577.0,-68096.0,P7_vs_full
DEEPSEEK,public.tb_ciap_ms,v14_nullable_plus_numeric_stats,v01_full,v14_nullable_plus_numeric_stats vs v01_full,1,0.3333333333333333,0.5148021777470907,33481.0,101577.0,-68096.0,P7_vs_full
DEEPSEEK,public.tb_cidadao,v14_nullable_plus_numeric_stats,v01_full,v14_nullable_plus_numeric_stats vs v01_full,1,0.6666666666666666,0.6666664481163025,33481.0,101577.0,-68096.0,P7_vs_full
DEEPSEEK,public.tb_cuidado_compartilhado_evol,v14_nullable_plus_numeric_stats,v01_full,v14_nullable_plus_numeric_stats vs v01_full,1,0.6666666666666666,0.8604066570599874,33481.0,101577.0,-68096.0,P7_vs_full
DEEPSEEK,public.tb_dim_catmat,v14_nullable_plus_numeric_stats,v01_full,v14_nullable_plus_numeric_stats vs v01_full,1,0.6666666666666666,0.839168906211853,33481.0,101577.0,-68096.0,P7_vs_full
DEEPSEEK,public.tb_evolucao_odonto,v14_nullable_plus_numeric_stats,v01_full,v14_nullable_plus_numeric_stats vs v01_full,1,0.6666666666666666,0.9050434827804565,33481.0,101577.0,-68096.0,P7_vs_full
DEEPSEEK,public.tb_evolucao_subjetivo,v14_nullable_plus_numeric_stats,v01_full,v14_nullable_plus_numeric_stats vs v01_full,1,0.0,0.4618619481722514,33481.0,101577.0,-68096.0,P7_vs_full
DEEPSEEK,public.tb_exame_hemoglobina_glicada,v14_nullable_plus_numeric_stats,v01_full,v14_nullable_plus_numeric_stats vs v01_full,1,1.0,0.9999992847442627,33481.0,101577.0,-68096.0,P7_vs_full
DEEPSEEK,public.tb_exame_prenatal,v14_nullable_plus_numeric_stats,v01_full,v14_nullable_plus_numeric_stats vs v01_full,1,1.0,0.9999992847442627,33481.0,101577.0,-68096.0,P7_vs_full
DEEPSEEK,public.tb_fat_atend_odonto_problemas,v14_nullable_plus_numeric_stats,v01_full,v14_nullable_plus_numeric_stats vs v01_full,1,0.6666666666666666,0.9062379598617554,33481.0,101577.0,-68096.0,P7_vs_full
DEEPSEEK,public.tb_fat_rel_op_risco_cardio,v14_nullable_plus_numeric_stats,v01_full,v14_nullable_plus_numeric_stats vs v01_full,1,0.3333333333333333,0.3333331346511841,33481.0,101577.0,-68096.0,P7_vs_full
DEEPSEEK,public.tb_historico_dados_fao,v14_nullable_plus_numeric_stats,v01_full,v14_nullable_plus_numeric_stats vs v01_full,1,0.0,0.21022709210713705,33481.0,101577.0,-68096.0,P7_vs_full
DEEPSEEK,public.tb_justificativa_prontuario,v14_nullable_plus_numeric_stats,v01_full,v14_nullable_plus_numeric_stats vs v01_full,1,0.0,0.5361934502919515,33481.0,101577.0,-68096.0,P7_vs_full
DEEPSEEK,public.tb_lembrete_evolucao,v14_nullable_plus_numeric_stats,v01_full,v14_nullable_plus_numeric_stats vs v01_full,1,0.0,0.2359472115834554,33481.0,101577.0,-68096.0,P7_vs_full
DEEPSEEK,public.tb_medicamento_uso_continuo,v14_nullable_plus_numeric_stats,v01_full,v14_nullable_plus_numeric_stats vs v01_full,1,0.3333333333333333,0.95903213818868,33481.0,101577.0,-68096.0,P7_vs_full
DEEPSEEK,public.tb_medicao,v14_nullable_plus_numeric_stats,v01_full,v14_nullable_plus_numeric_stats vs v01_full,1,0.0,0.6609104871749878,33481.0,101577.0,-68096.0,P7_vs_full
DEEPSEEK,public.tb_odontograma,v14_nullable_plus_numeric_stats,v01_full,v14_nullable_plus_numeric_stats vs v01_full,1,1.0,0.9999992450078329,33481.0,101577.0,-68096.0,P7_vs_full
DEEPSEEK,public.tb_problema,v14_nullable_plus_numeric_stats,v01_full,v14_nullable_plus_numeric_stats vs v01_full,1,0.0,0.4217786192893982,33481.0,101577.0,-68096.0,P7_vs_full
DEEPSEEK,public.tb_proced_exame_especifico,v14_nullable_plus_numeric_stats,v01_full,v14_nullable_plus_numeric_stats vs v01_full,1,0.0,0.7282713452974955,33481.0,101577.0,-68096.0,P7_vs_full
DEEPSEEK,public.tb_raca_cor,v14_nullable_plus_numeric_stats,v01_full,v14_nullable_plus_numeric_stats vs v01_full,1,0.3333333333333333,0.8778800368309021,33481.0,101577.0,-68096.0,P7_vs_full
DEEPSEEK,public.tb_tipo_glicemia,v14_nullable_plus_numeric_stats,v01_full,v14_nullable_plus_numeric_stats vs v01_full,1,0.0,0.5992937088012695,33481.0,101577.0,-68096.0,P7_vs_full
DEEPSEEK,public.ta_medicamento_catmat,v15_sample_rows_vs_sample_values,v01_full,v15_sample_rows_vs_sample_values vs v01_full,1,0.3333333333333333,0.5758742690086365,65838.0,101577.0,-35739.0,P7_vs_full
DEEPSEEK,public.ta_tecido_mole,v15_sample_rows_vs_sample_values,v01_full,v15_sample_rows_vs_sample_values vs v01_full,1,0.6666666666666666,0.9207585056622823,65838.0,101577.0,-35739.0,P7_vs_full
DEEPSEEK,public.ta_vacinacao,v15_sample_rows_vs_sample_values,v01_full,v15_sample_rows_vs_sample_values vs v01_full,1,1.0,0.9999992648760477,65838.0,101577.0,-35739.0,P7_vs_full
DEEPSEEK,public.tb_antecedente,v15_sample_rows_vs_sample_values,v01_full,v15_sample_rows_vs_sample_values vs v01_full,1,0.6666666666666666,0.8588388760884603,65838.0,101577.0,-35739.0,P7_vs_full
DEEPSEEK,public.tb_ciap_ms,v15_sample_rows_vs_sample_values,v01_full,v15_sample_rows_vs_sample_values vs v01_full,1,0.3333333333333333,0.5182766318321228,65838.0,101577.0,-35739.0,P7_vs_full
DEEPSEEK,public.tb_cidadao,v15_sample_rows_vs_sample_values,v01_full,v15_sample_rows_vs_sample_values vs v01_full,1,0.0,0.5342414379119873,65838.0,101577.0,-35739.0,P7_vs_full
DEEPSEEK,public.tb_cuidado_compartilhado_evol,v15_sample_rows_vs_sample_values,v01_full,v15_sample_rows_vs_sample_values vs v01_full,1,0.3333333333333333,0.8974058230717977,65838.0,101577.0,-35739.0,P7_vs_full
DEEPSEEK,public.tb_dim_catmat,v15_sample_rows_vs_sample_values,v01_full,v15_sample_rows_vs_sample_values vs v01_full,1,0.6666666666666666,0.839168906211853,65838.0,101577.0,-35739.0,P7_vs_full
DEEPSEEK,public.tb_evolucao_odonto,v15_sample_rows_vs_sample_values,v01_full,v15_sample_rows_vs_sample_values vs v01_full,1,0.6666666666666666,0.9050434827804565,65838.0,101577.0,-35739.0,P7_vs_full
DEEPSEEK,public.tb_evolucao_subjetivo,v15_sample_rows_vs_sample_values,v01_full,v15_sample_rows_vs_sample_values vs v01_full,1,0.0,0.4241967995961507,65838.0,101577.0,-35739.0,P7_vs_full
DEEPSEEK,public.tb_exame_hemoglobina_glicada,v15_sample_rows_vs_sample_values,v01_full,v15_sample_rows_vs_sample_values vs v01_full,1,0.6666666666666666,0.9369913140932719,65838.0,101577.0,-35739.0,P7_vs_full
DEEPSEEK,public.tb_exame_prenatal,v15_sample_rows_vs_sample_values,v01_full,v15_sample_rows_vs_sample_values vs v01_full,1,0.6666666666666666,0.8823022047678629,65838.0,101577.0,-35739.0,P7_vs_full
DEEPSEEK,public.tb_fat_atend_odonto_problemas,v15_sample_rows_vs_sample_values,v01_full,v15_sample_rows_vs_sample_values vs v01_full,1,0.3333333333333333,0.7319686015446981,65838.0,101577.0,-35739.0,P7_vs_full
DEEPSEEK,public.tb_fat_rel_op_risco_cardio,v15_sample_rows_vs_sample_values,v01_full,v15_sample_rows_vs_sample_values vs v01_full,1,1.0,0.9999993840853373,65838.0,101577.0,-35739.0,P7_vs_full
DEEPSEEK,public.tb_historico_dados_fao,v15_sample_rows_vs_sample_values,v01_full,v15_sample_rows_vs_sample_values vs v01_full,1,0.3333333333333333,0.6271618405977885,65838.0,101577.0,-35739.0,P7_vs_full
DEEPSEEK,public.tb_justificativa_prontuario,v15_sample_rows_vs_sample_values,v01_full,v15_sample_rows_vs_sample_values vs v01_full,1,0.0,0.7258508801460266,65838.0,101577.0,-35739.0,P7_vs_full
DEEPSEEK,public.tb_lembrete_evolucao,v15_sample_rows_vs_sample_values,v01_full,v15_sample_rows_vs_sample_values vs v01_full,1,0.6666666666666666,0.9503901799519857,65838.0,101577.0,-35739.0,P7_vs_full
DEEPSEEK,public.tb_medicamento_uso_continuo,v15_sample_rows_vs_sample_values,v01_full,v15_sample_rows_vs_sample_values vs v01_full,1,0.3333333333333333,0.842726985613505,65838.0,101577.0,-35739.0,P7_vs_full
DEEPSEEK,public.tb_medicao,v15_sample_rows_vs_sample_values,v01_full,v15_sample_rows_vs_sample_values vs v01_full,1,0.6666666666666666,0.8855322202046713,65838.0,101577.0,-35739.0,P7_vs_full
DEEPSEEK,public.tb_odontograma,v15_sample_rows_vs_sample_values,v01_full,v15_sample_rows_vs_sample_values vs v01_full,1,1.0,0.9999992450078329,65838.0,101577.0,-35739.0,P7_vs_full
DEEPSEEK,public.tb_problema,v15_sample_rows_vs_sample_values,v01_full,v15_sample_rows_vs_sample_values vs v01_full,1,0.6666666666666666,0.9681238929430643,65838.0,101577.0,-35739.0,P7_vs_full
DEEPSEEK,public.tb_proced_exame_especifico,v15_sample_rows_vs_sample_values,v01_full,v15_sample_rows_vs_sample_values vs v01_full,1,0.3333333333333333,0.7788777152697245,65838.0,101577.0,-35739.0,P7_vs_full
DEEPSEEK,public.tb_raca_cor,v15_sample_rows_vs_sample_values,v01_full,v15_sample_rows_vs_sample_values vs v01_full,1,0.3333333333333333,0.8339085181554159,65838.0,101577.0,-35739.0,P7_vs_full
DEEPSEEK,public.tb_tipo_glicemia,v15_sample_rows_vs_sample_values,v01_full,v15_sample_rows_vs_sample_values vs v01_full,1,1.0,0.999999463558197,65838.0,101577.0,-35739.0,P7_vs_full
DEEPSEEK,public.ta_medicamento_catmat,v16_sample_rows_vs_frequent_values,v01_full,v16_sample_rows_vs_frequent_values vs v01_full,1,0.3333333333333333,0.76405930519104,53413.0,101577.0,-48164.0,P7_vs_full
DEEPSEEK,public.ta_tecido_mole,v16_sample_rows_vs_frequent_values,v01_full,v16_sample_rows_vs_frequent_values vs v01_full,1,1.0,0.9999993642171224,53413.0,101577.0,-48164.0,P7_vs_full
DEEPSEEK,public.ta_vacinacao,v16_sample_rows_vs_frequent_values,v01_full,v16_sample_rows_vs_frequent_values vs v01_full,1,0.3333333333333333,0.8102923234303793,53413.0,101577.0,-48164.0,P7_vs_full
DEEPSEEK,public.tb_antecedente,v16_sample_rows_vs_frequent_values,v01_full,v16_sample_rows_vs_frequent_values vs v01_full,1,1.0,0.9999994039535522,53413.0,101577.0,-48164.0,P7_vs_full
DEEPSEEK,public.tb_ciap_ms,v16_sample_rows_vs_frequent_values,v01_full,v16_sample_rows_vs_frequent_values vs v01_full,1,0.3333333333333333,0.5182766318321228,53413.0,101577.0,-48164.0,P7_vs_full
DEEPSEEK,public.tb_cidadao,v16_sample_rows_vs_frequent_values,v01_full,v16_sample_rows_vs_frequent_values vs v01_full,1,0.6666666666666666,0.9809475342432658,53413.0,101577.0,-48164.0,P7_vs_full
DEEPSEEK,public.tb_cuidado_compartilhado_evol,v16_sample_rows_vs_frequent_values,v01_full,v16_sample_rows_vs_frequent_values vs v01_full,1,0.3333333333333333,0.8574610551198324,53413.0,101577.0,-48164.0,P7_vs_full
DEEPSEEK,public.tb_dim_catmat,v16_sample_rows_vs_frequent_values,v01_full,v16_sample_rows_vs_frequent_values vs v01_full,1,0.6666666666666666,0.8588366508483887,53413.0,101577.0,-48164.0,P7_vs_full
DEEPSEEK,public.tb_evolucao_odonto,v16_sample_rows_vs_frequent_values,v01_full,v16_sample_rows_vs_frequent_values vs v01_full,1,1.0,0.9999994039535522,53413.0,101577.0,-48164.0,P7_vs_full
DEEPSEEK,public.tb_evolucao_subjetivo,v16_sample_rows_vs_frequent_values,v01_full,v16_sample_rows_vs_frequent_values vs v01_full,1,0.3333333333333333,0.7823627392450968,53413.0,101577.0,-48164.0,P7_vs_full
DEEPSEEK,public.tb_exame_hemoglobina_glicada,v16_sample_rows_vs_frequent_values,v01_full,v16_sample_rows_vs_frequent_values vs v01_full,1,0.6666666666666666,0.9369913140932719,53413.0,101577.0,-48164.0,P7_vs_full
DEEPSEEK,public.tb_exame_prenatal,v16_sample_rows_vs_frequent_values,v01_full,v16_sample_rows_vs_frequent_values vs v01_full,1,0.6666666666666666,0.9489309986432394,53413.0,101577.0,-48164.0,P7_vs_full
DEEPSEEK,public.tb_fat_atend_odonto_problemas,v16_sample_rows_vs_frequent_values,v01_full,v16_sample_rows_vs_frequent_values vs v01_full,1,0.3333333333333333,0.7713041305541992,53413.0,101577.0,-48164.0,P7_vs_full
DEEPSEEK,public.tb_fat_rel_op_risco_cardio,v16_sample_rows_vs_frequent_values,v01_full,v16_sample_rows_vs_frequent_values vs v01_full,1,1.0,0.9999993840853373,53413.0,101577.0,-48164.0,P7_vs_full
DEEPSEEK,public.tb_historico_dados_fao,v16_sample_rows_vs_frequent_values,v01_full,v16_sample_rows_vs_frequent_values vs v01_full,1,0.3333333333333333,0.769546647866567,53413.0,101577.0,-48164.0,P7_vs_full
DEEPSEEK,public.tb_justificativa_prontuario,v16_sample_rows_vs_frequent_values,v01_full,v16_sample_rows_vs_frequent_values vs v01_full,1,0.3333333333333333,0.6547635793685913,53413.0,101577.0,-48164.0,P7_vs_full
DEEPSEEK,public.tb_lembrete_evolucao,v16_sample_rows_vs_frequent_values,v01_full,v16_sample_rows_vs_frequent_values vs v01_full,1,0.0,0.6869703729947408,53413.0,101577.0,-48164.0,P7_vs_full
DEEPSEEK,public.tb_medicamento_uso_continuo,v16_sample_rows_vs_frequent_values,v01_full,v16_sample_rows_vs_frequent_values vs v01_full,1,0.6666666666666666,0.9698230425516764,53413.0,101577.0,-48164.0,P7_vs_full
DEEPSEEK,public.tb_medicao,v16_sample_rows_vs_frequent_values,v01_full,v16_sample_rows_vs_frequent_values vs v01_full,1,0.0,0.45925788084665936,53413.0,101577.0,-48164.0,P7_vs_full
DEEPSEEK,public.tb_odontograma,v16_sample_rows_vs_frequent_values,v01_full,v16_sample_rows_vs_frequent_values vs v01_full,1,1.0,0.9999992450078329,53413.0,101577.0,-48164.0,P7_vs_full
DEEPSEEK,public.tb_problema,v16_sample_rows_vs_frequent_values,v01_full,v16_sample_rows_vs_frequent_values vs v01_full,1,0.3333333333333333,0.5800890723864237,53413.0,101577.0,-48164.0,P7_vs_full
DEEPSEEK,public.tb_proced_exame_especifico,v16_sample_rows_vs_frequent_values,v01_full,v16_sample_rows_vs_frequent_values vs v01_full,1,0.3333333333333333,0.7678968906402588,53413.0,101577.0,-48164.0,P7_vs_full
DEEPSEEK,public.tb_raca_cor,v16_sample_rows_vs_frequent_values,v01_full,v16_sample_rows_vs_frequent_values vs v01_full,1,1.0,0.999999205271403,53413.0,101577.0,-48164.0,P7_vs_full
DEEPSEEK,public.tb_tipo_glicemia,v16_sample_rows_vs_frequent_values,v01_full,v16_sample_rows_vs_frequent_values vs v01_full,1,0.3333333333333333,0.7886650164922079,53413.0,101577.0,-48164.0,P7_vs_full
DEEPSEEK,public.ta_medicamento_catmat,v17_sample_rows_plus_both_values,v01_full,v17_sample_rows_plus_both_values vs v01_full,1,0.6666666666666666,0.6666662891705831,81329.0,101577.0,-20248.0,P7_vs_full
DEEPSEEK,public.ta_tecido_mole,v17_sample_rows_plus_both_values,v01_full,v17_sample_rows_plus_both_values vs v01_full,1,0.3333333333333333,0.8816887338956197,81329.0,101577.0,-20248.0,P7_vs_full
DEEPSEEK,public.ta_vacinacao,v17_sample_rows_plus_both_values,v01_full,v17_sample_rows_plus_both_values vs v01_full,1,0.6666666666666666,0.9710315465927124,81329.0,101577.0,-20248.0,P7_vs_full
DEEPSEEK,public.tb_antecedente,v17_sample_rows_plus_both_values,v01_full,v17_sample_rows_plus_both_values vs v01_full,1,1.0,0.9999994039535522,81329.0,101577.0,-20248.0,P7_vs_full
DEEPSEEK,public.tb_ciap_ms,v17_sample_rows_plus_both_values,v01_full,v17_sample_rows_plus_both_values vs v01_full,1,0.3333333333333333,0.5132606228192648,81329.0,101577.0,-20248.0,P7_vs_full
DEEPSEEK,public.tb_cidadao,v17_sample_rows_plus_both_values,v01_full,v17_sample_rows_plus_both_values vs v01_full,1,1.0,0.9999995231628418,81329.0,101577.0,-20248.0,P7_vs_full
DEEPSEEK,public.tb_cuidado_compartilhado_evol,v17_sample_rows_plus_both_values,v01_full,v17_sample_rows_plus_both_values vs v01_full,1,1.0,0.999999205271403,81329.0,101577.0,-20248.0,P7_vs_full
DEEPSEEK,public.tb_dim_catmat,v17_sample_rows_plus_both_values,v01_full,v17_sample_rows_plus_both_values vs v01_full,1,0.6666666666666666,0.839168906211853,81329.0,101577.0,-20248.0,P7_vs_full
DEEPSEEK,public.tb_evolucao_odonto,v17_sample_rows_plus_both_values,v01_full,v17_sample_rows_plus_both_values vs v01_full,1,1.0,0.9999994039535522,81329.0,101577.0,-20248.0,P7_vs_full
DEEPSEEK,public.tb_evolucao_subjetivo,v17_sample_rows_plus_both_values,v01_full,v17_sample_rows_plus_both_values vs v01_full,1,0.0,0.7371561725934347,81329.0,101577.0,-20248.0,P7_vs_full
DEEPSEEK,public.tb_exame_hemoglobina_glicada,v17_sample_rows_plus_both_values,v01_full,v17_sample_rows_plus_both_values vs v01_full,1,0.6666666666666666,0.6666661500930786,81329.0,101577.0,-20248.0,P7_vs_full
DEEPSEEK,public.tb_exame_prenatal,v17_sample_rows_plus_both_values,v01_full,v17_sample_rows_plus_both_values vs v01_full,1,0.6666666666666666,0.9489309986432394,81329.0,101577.0,-20248.0,P7_vs_full
DEEPSEEK,public.tb_fat_atend_odonto_problemas,v17_sample_rows_plus_both_values,v01_full,v17_sample_rows_plus_both_values vs v01_full,1,0.3333333333333333,0.7713041305541992,81329.0,101577.0,-20248.0,P7_vs_full
DEEPSEEK,public.tb_fat_rel_op_risco_cardio,v17_sample_rows_plus_both_values,v01_full,v17_sample_rows_plus_both_values vs v01_full,1,1.0,0.9999993840853373,81329.0,101577.0,-20248.0,P7_vs_full
DEEPSEEK,public.tb_historico_dados_fao,v17_sample_rows_plus_both_values,v01_full,v17_sample_rows_plus_both_values vs v01_full,1,0.6666666666666666,0.6666661699612936,81329.0,101577.0,-20248.0,P7_vs_full
DEEPSEEK,public.tb_justificativa_prontuario,v17_sample_rows_plus_both_values,v01_full,v17_sample_rows_plus_both_values vs v01_full,1,0.3333333333333333,0.6197255651156107,81329.0,101577.0,-20248.0,P7_vs_full
DEEPSEEK,public.tb_lembrete_evolucao,v17_sample_rows_plus_both_values,v01_full,v17_sample_rows_plus_both_values vs v01_full,1,1.0,0.9999991059303284,81329.0,101577.0,-20248.0,P7_vs_full
DEEPSEEK,public.tb_medicamento_uso_continuo,v17_sample_rows_plus_both_values,v01_full,v17_sample_rows_plus_both_values vs v01_full,1,0.3333333333333333,0.9307669401168823,81329.0,101577.0,-20248.0,P7_vs_full
DEEPSEEK,public.tb_medicao,v17_sample_rows_plus_both_values,v01_full,v17_sample_rows_plus_both_values vs v01_full,1,0.6666666666666666,0.895983358224233,81329.0,101577.0,-20248.0,P7_vs_full
DEEPSEEK,public.tb_odontograma,v17_sample_rows_plus_both_values,v01_full,v17_sample_rows_plus_both_values vs v01_full,1,1.0,0.9999992450078329,81329.0,101577.0,-20248.0,P7_vs_full
DEEPSEEK,public.tb_problema,v17_sample_rows_plus_both_values,v01_full,v17_sample_rows_plus_both_values vs v01_full,1,0.6666666666666666,0.847905437151591,81329.0,101577.0,-20248.0,P7_vs_full
DEEPSEEK,public.tb_proced_exame_especifico,v17_sample_rows_plus_both_values,v01_full,v17_sample_rows_plus_both_values vs v01_full,1,0.3333333333333333,0.7788777152697245,81329.0,101577.0,-20248.0,P7_vs_full
DEEPSEEK,public.tb_raca_cor,v17_sample_rows_plus_both_values,v01_full,v17_sample_rows_plus_both_values vs v01_full,1,0.3333333333333333,0.8339085181554159,81329.0,101577.0,-20248.0,P7_vs_full
DEEPSEEK,public.tb_tipo_glicemia,v17_sample_rows_plus_both_values,v01_full,v17_sample_rows_plus_both_values vs v01_full,1,1.0,0.999999463558197,81329.0,101577.0,-20248.0,P7_vs_full
DEEPSEEK,public.ta_medicamento_catmat,v18_fk_nullable_sample_values,v01_full,v18_fk_nullable_sample_values vs v01_full,1,0.6666666666666666,0.6666662891705831,58587.0,101577.0,-42990.0,P7_vs_full
DEEPSEEK,public.ta_tecido_mole,v18_fk_nullable_sample_values,v01_full,v18_fk_nullable_sample_values vs v01_full,1,0.3333333333333333,0.7456078926722208,58587.0,101577.0,-42990.0,P7_vs_full
DEEPSEEK,public.ta_vacinacao,v18_fk_nullable_sample_values,v01_full,v18_fk_nullable_sample_values vs v01_full,1,0.3333333333333333,0.8997114300727844,58587.0,101577.0,-42990.0,P7_vs_full
DEEPSEEK,public.tb_antecedente,v18_fk_nullable_sample_values,v01_full,v18_fk_nullable_sample_values vs v01_full,1,0.6666666666666666,0.9295165538787842,58587.0,101577.0,-42990.0,P7_vs_full
DEEPSEEK,public.tb_ciap_ms,v18_fk_nullable_sample_values,v01_full,v18_fk_nullable_sample_values vs v01_full,1,0.0,0.4860374728838603,58587.0,101577.0,-42990.0,P7_vs_full
DEEPSEEK,public.tb_cidadao,v18_fk_nullable_sample_values,v01_full,v18_fk_nullable_sample_values vs v01_full,1,0.6666666666666666,0.6666664481163025,58587.0,101577.0,-42990.0,P7_vs_full
DEEPSEEK,public.tb_cuidado_compartilhado_evol,v18_fk_nullable_sample_values,v01_full,v18_fk_nullable_sample_values vs v01_full,1,1.0,0.999999205271403,58587.0,101577.0,-42990.0,P7_vs_full
DEEPSEEK,public.tb_dim_catmat,v18_fk_nullable_sample_values,v01_full,v18_fk_nullable_sample_values vs v01_full,1,0.3333333333333333,0.7982713977495829,58587.0,101577.0,-42990.0,P7_vs_full
DEEPSEEK,public.tb_evolucao_odonto,v18_fk_nullable_sample_values,v01_full,v18_fk_nullable_sample_values vs v01_full,1,0.6666666666666666,0.9030835628509521,58587.0,101577.0,-42990.0,P7_vs_full
DEEPSEEK,public.tb_evolucao_subjetivo,v18_fk_nullable_sample_values,v01_full,v18_fk_nullable_sample_values vs v01_full,1,0.6666666666666666,0.6666660110155741,58587.0,101577.0,-42990.0,P7_vs_full
DEEPSEEK,public.tb_exame_hemoglobina_glicada,v18_fk_nullable_sample_values,v01_full,v18_fk_nullable_sample_values vs v01_full,1,0.6666666666666666,0.9251547257105509,58587.0,101577.0,-42990.0,P7_vs_full
DEEPSEEK,public.tb_exame_prenatal,v18_fk_nullable_sample_values,v01_full,v18_fk_nullable_sample_values vs v01_full,1,1.0,0.9999992847442627,58587.0,101577.0,-42990.0,P7_vs_full
DEEPSEEK,public.tb_fat_atend_odonto_problemas,v18_fk_nullable_sample_values,v01_full,v18_fk_nullable_sample_values vs v01_full,1,1.0,0.9999992450078329,58587.0,101577.0,-42990.0,P7_vs_full
DEEPSEEK,public.tb_fat_rel_op_risco_cardio,v18_fk_nullable_sample_values,v01_full,v18_fk_nullable_sample_values vs v01_full,1,1.0,0.9999993840853373,58587.0,101577.0,-42990.0,P7_vs_full
DEEPSEEK,public.tb_historico_dados_fao,v18_fk_nullable_sample_values,v01_full,v18_fk_nullable_sample_values vs v01_full,1,0.6666666666666666,0.8989140192667643,58587.0,101577.0,-42990.0,P7_vs_full
DEEPSEEK,public.tb_justificativa_prontuario,v18_fk_nullable_sample_values,v01_full,v18_fk_nullable_sample_values vs v01_full,1,0.3333333333333333,0.6197255651156107,58587.0,101577.0,-42990.0,P7_vs_full
DEEPSEEK,public.tb_lembrete_evolucao,v18_fk_nullable_sample_values,v01_full,v18_fk_nullable_sample_values vs v01_full,1,0.6666666666666666,0.6666661500930786,58587.0,101577.0,-42990.0,P7_vs_full
DEEPSEEK,public.tb_medicamento_uso_continuo,v18_fk_nullable_sample_values,v01_full,v18_fk_nullable_sample_values vs v01_full,1,0.3333333333333333,0.95903213818868,58587.0,101577.0,-42990.0,P7_vs_full
DEEPSEEK,public.tb_medicao,v18_fk_nullable_sample_values,v01_full,v18_fk_nullable_sample_values vs v01_full,1,0.6666666666666666,0.895983358224233,58587.0,101577.0,-42990.0,P7_vs_full
DEEPSEEK,public.tb_odontograma,v18_fk_nullable_sample_values,v01_full,v18_fk_nullable_sample_values vs v01_full,1,1.0,0.9999992450078329,58587.0,101577.0,-42990.0,P7_vs_full
DEEPSEEK,public.tb_problema,v18_fk_nullable_sample_values,v01_full,v18_fk_nullable_sample_values vs v01_full,1,0.6666666666666666,0.9681238929430643,58587.0,101577.0,-42990.0,P7_vs_full
DEEPSEEK,public.tb_proced_exame_especifico,v18_fk_nullable_sample_values,v01_full,v18_fk_nullable_sample_values vs v01_full,1,0.0,0.6930810610453287,58587.0,101577.0,-42990.0,P7_vs_full
DEEPSEEK,public.tb_raca_cor,v18_fk_nullable_sample_values,v01_full,v18_fk_nullable_sample_values vs v01_full,1,0.6666666666666666,0.9262282450993856,58587.0,101577.0,-42990.0,P7_vs_full
DEEPSEEK,public.tb_tipo_glicemia,v18_fk_nullable_sample_values,v01_full,v18_fk_nullable_sample_values vs v01_full,1,0.3333333333333333,0.8067029118537903,58587.0,101577.0,-42990.0,P7_vs_full
DEEPSEEK,public.ta_medicamento_catmat,v19_fk_nullable_frequent_values,v01_full,v19_fk_nullable_frequent_values vs v01_full,1,0.6666666666666666,0.6666662891705831,46162.0,101577.0,-55415.0,P7_vs_full
DEEPSEEK,public.ta_tecido_mole,v19_fk_nullable_frequent_values,v01_full,v19_fk_nullable_frequent_values vs v01_full,1,0.3333333333333333,0.5293452143669128,46162.0,101577.0,-55415.0,P7_vs_full
DEEPSEEK,public.ta_vacinacao,v19_fk_nullable_frequent_values,v01_full,v19_fk_nullable_frequent_values vs v01_full,1,0.3333333333333333,0.6378604769706726,46162.0,101577.0,-55415.0,P7_vs_full
DEEPSEEK,public.tb_antecedente,v19_fk_nullable_frequent_values,v01_full,v19_fk_nullable_frequent_values vs v01_full,1,0.0,0.7878109614054362,46162.0,101577.0,-55415.0,P7_vs_full
DEEPSEEK,public.tb_ciap_ms,v19_fk_nullable_frequent_values,v01_full,v19_fk_nullable_frequent_values vs v01_full,1,0.6666666666666666,0.8670082887013754,46162.0,101577.0,-55415.0,P7_vs_full
DEEPSEEK,public.tb_cidadao,v19_fk_nullable_frequent_values,v01_full,v19_fk_nullable_frequent_values vs v01_full,1,0.6666666666666666,0.6666664481163025,46162.0,101577.0,-55415.0,P7_vs_full
DEEPSEEK,public.tb_cuidado_compartilhado_evol,v19_fk_nullable_frequent_values,v01_full,v19_fk_nullable_frequent_values vs v01_full,1,0.6666666666666666,0.8964522282282511,46162.0,101577.0,-55415.0,P7_vs_full
DEEPSEEK,public.tb_dim_catmat,v19_fk_nullable_frequent_values,v01_full,v19_fk_nullable_frequent_values vs v01_full,1,0.3333333333333333,0.7931108474731445,46162.0,101577.0,-55415.0,P7_vs_full
DEEPSEEK,public.tb_evolucao_odonto,v19_fk_nullable_frequent_values,v01_full,v19_fk_nullable_frequent_values vs v01_full,1,0.3333333333333333,0.7468265493710836,46162.0,101577.0,-55415.0,P7_vs_full
DEEPSEEK,public.tb_evolucao_subjetivo,v19_fk_nullable_frequent_values,v01_full,v19_fk_nullable_frequent_values vs v01_full,1,0.3333333333333333,0.7585946917533875,46162.0,101577.0,-55415.0,P7_vs_full
DEEPSEEK,public.tb_exame_hemoglobina_glicada,v19_fk_nullable_frequent_values,v01_full,v19_fk_nullable_frequent_values vs v01_full,1,1.0,0.9999992847442627,46162.0,101577.0,-55415.0,P7_vs_full
DEEPSEEK,public.tb_exame_prenatal,v19_fk_nullable_frequent_values,v01_full,v19_fk_nullable_frequent_values vs v01_full,1,0.3333333333333333,0.8360409736633301,46162.0,101577.0,-55415.0,P7_vs_full
DEEPSEEK,public.tb_fat_atend_odonto_problemas,v19_fk_nullable_frequent_values,v01_full,v19_fk_nullable_frequent_values vs v01_full,1,1.0,0.9999992450078329,46162.0,101577.0,-55415.0,P7_vs_full
DEEPSEEK,public.tb_fat_rel_op_risco_cardio,v19_fk_nullable_frequent_values,v01_full,v19_fk_nullable_frequent_values vs v01_full,1,1.0,0.9999993840853373,46162.0,101577.0,-55415.0,P7_vs_full
DEEPSEEK,public.tb_historico_dados_fao,v19_fk_nullable_frequent_values,v01_full,v19_fk_nullable_frequent_values vs v01_full,1,0.6666666666666666,0.8989140192667643,46162.0,101577.0,-55415.0,P7_vs_full
DEEPSEEK,public.tb_justificativa_prontuario,v19_fk_nullable_frequent_values,v01_full,v19_fk_nullable_frequent_values vs v01_full,1,0.0,0.7797597249348959,46162.0,101577.0,-55415.0,P7_vs_full
DEEPSEEK,public.tb_lembrete_evolucao,v19_fk_nullable_frequent_values,v01_full,v19_fk_nullable_frequent_values vs v01_full,1,0.3333333333333333,0.3333329955736796,46162.0,101577.0,-55415.0,P7_vs_full
DEEPSEEK,public.tb_medicamento_uso_continuo,v19_fk_nullable_frequent_values,v01_full,v19_fk_nullable_frequent_values vs v01_full,1,0.3333333333333333,0.95903213818868,46162.0,101577.0,-55415.0,P7_vs_full
DEEPSEEK,public.tb_medicao,v19_fk_nullable_frequent_values,v01_full,v19_fk_nullable_frequent_values vs v01_full,1,0.6666666666666666,0.8855322202046713,46162.0,101577.0,-55415.0,P7_vs_full
DEEPSEEK,public.tb_odontograma,v19_fk_nullable_frequent_values,v01_full,v19_fk_nullable_frequent_values vs v01_full,1,1.0,0.9999992450078329,46162.0,101577.0,-55415.0,P7_vs_full
DEEPSEEK,public.tb_problema,v19_fk_nullable_frequent_values,v01_full,v19_fk_nullable_frequent_values vs v01_full,1,0.6666666666666666,0.9586871862411499,46162.0,101577.0,-55415.0,P7_vs_full
DEEPSEEK,public.tb_proced_exame_especifico,v19_fk_nullable_frequent_values,v01_full,v19_fk_nullable_frequent_values vs v01_full,1,0.0,0.6318615674972534,46162.0,101577.0,-55415.0,P7_vs_full
DEEPSEEK,public.tb_raca_cor,v19_fk_nullable_frequent_values,v01_full,v19_fk_nullable_frequent_values vs v01_full,1,0.0,0.5457082390785217,46162.0,101577.0,-55415.0,P7_vs_full
DEEPSEEK,public.tb_tipo_glicemia,v19_fk_nullable_frequent_values,v01_full,v19_fk_nullable_frequent_values vs v01_full,1,0.0,0.5992937088012695,46162.0,101577.0,-55415.0,P7_vs_full
DEEPSEEK,public.ta_medicamento_catmat,v20_fk_nullable_both_values,v01_full,v20_fk_nullable_both_values vs v01_full,1,0.6666666666666666,0.8454213539759318,74078.0,101577.0,-27499.0,P7_vs_full
DEEPSEEK,public.ta_tecido_mole,v20_fk_nullable_both_values,v01_full,v20_fk_nullable_both_values vs v01_full,1,1.0,0.9999993642171224,74078.0,101577.0,-27499.0,P7_vs_full
DEEPSEEK,public.ta_vacinacao,v20_fk_nullable_both_values,v01_full,v20_fk_nullable_both_values vs v01_full,1,0.6666666666666666,0.9272856911023458,74078.0,101577.0,-27499.0,P7_vs_full
DEEPSEEK,public.tb_antecedente,v20_fk_nullable_both_values,v01_full,v20_fk_nullable_both_values vs v01_full,1,0.6666666666666666,0.9295165538787842,74078.0,101577.0,-27499.0,P7_vs_full
DEEPSEEK,public.tb_ciap_ms,v20_fk_nullable_both_values,v01_full,v20_fk_nullable_both_values vs v01_full,1,0.6666666666666666,0.6666659514109293,74078.0,101577.0,-27499.0,P7_vs_full
DEEPSEEK,public.tb_cidadao,v20_fk_nullable_both_values,v01_full,v20_fk_nullable_both_values vs v01_full,1,0.6666666666666666,0.6666664481163025,74078.0,101577.0,-27499.0,P7_vs_full
DEEPSEEK,public.tb_cuidado_compartilhado_evol,v20_fk_nullable_both_values,v01_full,v20_fk_nullable_both_values vs v01_full,1,1.0,0.999999205271403,74078.0,101577.0,-27499.0,P7_vs_full
DEEPSEEK,public.tb_dim_catmat,v20_fk_nullable_both_values,v01_full,v20_fk_nullable_both_values vs v01_full,1,0.6666666666666666,0.8851092656453451,74078.0,101577.0,-27499.0,P7_vs_full
DEEPSEEK,public.tb_evolucao_odonto,v20_fk_nullable_both_values,v01_full,v20_fk_nullable_both_values vs v01_full,1,0.6666666666666666,0.9560623168945312,74078.0,101577.0,-27499.0,P7_vs_full
DEEPSEEK,public.tb_evolucao_subjetivo,v20_fk_nullable_both_values,v01_full,v20_fk_nullable_both_values vs v01_full,1,0.6666666666666666,0.9382104476292928,74078.0,101577.0,-27499.0,P7_vs_full
DEEPSEEK,public.tb_exame_hemoglobina_glicada,v20_fk_nullable_both_values,v01_full,v20_fk_nullable_both_values vs v01_full,1,1.0,0.9999992847442627,74078.0,101577.0,-27499.0,P7_vs_full
DEEPSEEK,public.tb_exame_prenatal,v20_fk_nullable_both_values,v01_full,v20_fk_nullable_both_values vs v01_full,1,1.0,0.9999992847442627,74078.0,101577.0,-27499.0,P7_vs_full
DEEPSEEK,public.tb_fat_atend_odonto_problemas,v20_fk_nullable_both_values,v01_full,v20_fk_nullable_both_values vs v01_full,1,1.0,0.9999992450078329,74078.0,101577.0,-27499.0,P7_vs_full
DEEPSEEK,public.tb_fat_rel_op_risco_cardio,v20_fk_nullable_both_values,v01_full,v20_fk_nullable_both_values vs v01_full,1,1.0,0.9999993840853373,74078.0,101577.0,-27499.0,P7_vs_full
DEEPSEEK,public.tb_historico_dados_fao,v20_fk_nullable_both_values,v01_full,v20_fk_nullable_both_values vs v01_full,1,0.6666666666666666,0.6666661699612936,74078.0,101577.0,-27499.0,P7_vs_full
DEEPSEEK,public.tb_justificativa_prontuario,v20_fk_nullable_both_values,v01_full,v20_fk_nullable_both_values vs v01_full,1,0.3333333333333333,0.6197255651156107,74078.0,101577.0,-27499.0,P7_vs_full
DEEPSEEK,public.tb_lembrete_evolucao,v20_fk_nullable_both_values,v01_full,v20_fk_nullable_both_values vs v01_full,1,0.6666666666666666,0.6666661500930786,74078.0,101577.0,-27499.0,P7_vs_full
DEEPSEEK,public.tb_medicamento_uso_continuo,v20_fk_nullable_both_values,v01_full,v20_fk_nullable_both_values vs v01_full,1,0.3333333333333333,0.9307669401168823,74078.0,101577.0,-27499.0,P7_vs_full
DEEPSEEK,public.tb_medicao,v20_fk_nullable_both_values,v01_full,v20_fk_nullable_both_values vs v01_full,1,0.6666666666666666,0.8875119487444559,74078.0,101577.0,-27499.0,P7_vs_full
DEEPSEEK,public.tb_odontograma,v20_fk_nullable_both_values,v01_full,v20_fk_nullable_both_values vs v01_full,1,1.0,0.9999992450078329,74078.0,101577.0,-27499.0,P7_vs_full
DEEPSEEK,public.tb_problema,v20_fk_nullable_both_values,v01_full,v20_fk_nullable_both_values vs v01_full,1,0.6666666666666666,0.9681238929430643,74078.0,101577.0,-27499.0,P7_vs_full
DEEPSEEK,public.tb_proced_exame_especifico,v20_fk_nullable_both_values,v01_full,v20_fk_nullable_both_values vs v01_full,1,0.0,0.6930810610453287,74078.0,101577.0,-27499.0,P7_vs_full
DEEPSEEK,public.tb_raca_cor,v20_fk_nullable_both_values,v01_full,v20_fk_nullable_both_values vs v01_full,1,0.6666666666666666,0.9262282450993856,74078.0,101577.0,-27499.0,P7_vs_full
DEEPSEEK,public.tb_tipo_glicemia,v20_fk_nullable_both_values,v01_full,v20_fk_nullable_both_values vs v01_full,1,0.0,0.7657520969708761,74078.0,101577.0,-27499.0,P7_vs_full
DEEPSEEK,public.ta_medicamento_catmat,v21_fk_nullable_sample_rows,v01_full,v21_fk_nullable_sample_rows vs v01_full,1,0.3333333333333333,0.5773733258247375,41983.0,101577.0,-59594.0,P7_vs_full
DEEPSEEK,public.ta_tecido_mole,v21_fk_nullable_sample_rows,v01_full,v21_fk_nullable_sample_rows vs v01_full,1,0.3333333333333333,0.5331565340360006,41983.0,101577.0,-59594.0,P7_vs_full
DEEPSEEK,public.ta_vacinacao,v21_fk_nullable_sample_rows,v01_full,v21_fk_nullable_sample_rows vs v01_full,1,0.3333333333333333,0.8022875984509786,41983.0,101577.0,-59594.0,P7_vs_full
DEEPSEEK,public.tb_antecedente,v21_fk_nullable_sample_rows,v01_full,v21_fk_nullable_sample_rows vs v01_full,1,0.6666666666666666,0.913574735323588,41983.0,101577.0,-59594.0,P7_vs_full
DEEPSEEK,public.tb_ciap_ms,v21_fk_nullable_sample_rows,v01_full,v21_fk_nullable_sample_rows vs v01_full,1,0.3333333333333333,0.5058478514353434,41983.0,101577.0,-59594.0,P7_vs_full
DEEPSEEK,public.tb_cidadao,v21_fk_nullable_sample_rows,v01_full,v21_fk_nullable_sample_rows vs v01_full,1,0.3333333333333333,0.6476144591967264,41983.0,101577.0,-59594.0,P7_vs_full
DEEPSEEK,public.tb_cuidado_compartilhado_evol,v21_fk_nullable_sample_rows,v01_full,v21_fk_nullable_sample_rows vs v01_full,1,0.6666666666666666,0.8546752333641052,41983.0,101577.0,-59594.0,P7_vs_full
DEEPSEEK,public.tb_dim_catmat,v21_fk_nullable_sample_rows,v01_full,v21_fk_nullable_sample_rows vs v01_full,1,0.6666666666666666,0.839168906211853,41983.0,101577.0,-59594.0,P7_vs_full
DEEPSEEK,public.tb_evolucao_odonto,v21_fk_nullable_sample_rows,v01_full,v21_fk_nullable_sample_rows vs v01_full,1,0.6666666666666666,0.9030835628509521,41983.0,101577.0,-59594.0,P7_vs_full
DEEPSEEK,public.tb_evolucao_subjetivo,v21_fk_nullable_sample_rows,v01_full,v21_fk_nullable_sample_rows vs v01_full,1,0.0,0.5542343378067016,41983.0,101577.0,-59594.0,P7_vs_full
DEEPSEEK,public.tb_exame_hemoglobina_glicada,v21_fk_nullable_sample_rows,v01_full,v21_fk_nullable_sample_rows vs v01_full,1,1.0,0.9999992847442627,41983.0,101577.0,-59594.0,P7_vs_full
DEEPSEEK,public.tb_exame_prenatal,v21_fk_nullable_sample_rows,v01_full,v21_fk_nullable_sample_rows vs v01_full,1,1.0,0.9999992847442627,41983.0,101577.0,-59594.0,P7_vs_full
DEEPSEEK,public.tb_fat_atend_odonto_problemas,v21_fk_nullable_sample_rows,v01_full,v21_fk_nullable_sample_rows vs v01_full,1,1.0,0.9999992450078329,41983.0,101577.0,-59594.0,P7_vs_full
DEEPSEEK,public.tb_fat_rel_op_risco_cardio,v21_fk_nullable_sample_rows,v01_full,v21_fk_nullable_sample_rows vs v01_full,1,0.3333333333333333,0.5049813787142435,41983.0,101577.0,-59594.0,P7_vs_full
DEEPSEEK,public.tb_historico_dados_fao,v21_fk_nullable_sample_rows,v01_full,v21_fk_nullable_sample_rows vs v01_full,1,0.0,0.2938287655512492,41983.0,101577.0,-59594.0,P7_vs_full
DEEPSEEK,public.tb_justificativa_prontuario,v21_fk_nullable_sample_rows,v01_full,v21_fk_nullable_sample_rows vs v01_full,1,0.0,0.7258508801460266,41983.0,101577.0,-59594.0,P7_vs_full
DEEPSEEK,public.tb_lembrete_evolucao,v21_fk_nullable_sample_rows,v01_full,v21_fk_nullable_sample_rows vs v01_full,1,0.3333333333333333,0.8275884985923767,41983.0,101577.0,-59594.0,P7_vs_full
DEEPSEEK,public.tb_medicamento_uso_continuo,v21_fk_nullable_sample_rows,v01_full,v21_fk_nullable_sample_rows vs v01_full,1,0.3333333333333333,0.7714395125706991,41983.0,101577.0,-59594.0,P7_vs_full
DEEPSEEK,public.tb_medicao,v21_fk_nullable_sample_rows,v01_full,v21_fk_nullable_sample_rows vs v01_full,1,0.0,0.49040234088897705,41983.0,101577.0,-59594.0,P7_vs_full
DEEPSEEK,public.tb_odontograma,v21_fk_nullable_sample_rows,v01_full,v21_fk_nullable_sample_rows vs v01_full,1,0.0,0.669282595316569,41983.0,101577.0,-59594.0,P7_vs_full
DEEPSEEK,public.tb_problema,v21_fk_nullable_sample_rows,v01_full,v21_fk_nullable_sample_rows vs v01_full,1,0.6666666666666666,0.9681238929430643,41983.0,101577.0,-59594.0,P7_vs_full
DEEPSEEK,public.tb_proced_exame_especifico,v21_fk_nullable_sample_rows,v01_full,v21_fk_nullable_sample_rows vs v01_full,1,1.0,0.9999993046124777,41983.0,101577.0,-59594.0,P7_vs_full
DEEPSEEK,public.tb_raca_cor,v21_fk_nullable_sample_rows,v01_full,v21_fk_nullable_sample_rows vs v01_full,1,0.0,0.6703699827194214,41983.0,101577.0,-59594.0,P7_vs_full
DEEPSEEK,public.tb_tipo_glicemia,v21_fk_nullable_sample_rows,v01_full,v21_fk_nullable_sample_rows vs v01_full,1,0.6666666666666666,0.9347266753514608,41983.0,101577.0,-59594.0,P7_vs_full
DEEPSEEK,public.ta_medicamento_catmat,v22_fk_nullable_sample_rows_plus_frequent,v01_full,v22_fk_nullable_sample_rows_plus_frequent vs v01_full,1,0.6666666666666666,0.6666662891705831,58806.0,101577.0,-42771.0,P7_vs_full
DEEPSEEK,public.ta_tecido_mole,v22_fk_nullable_sample_rows_plus_frequent,v01_full,v22_fk_nullable_sample_rows_plus_frequent vs v01_full,1,1.0,0.9999993642171224,58806.0,101577.0,-42771.0,P7_vs_full
DEEPSEEK,public.ta_vacinacao,v22_fk_nullable_sample_rows_plus_frequent,v01_full,v22_fk_nullable_sample_rows_plus_frequent vs v01_full,1,0.3333333333333333,0.6378604769706726,58806.0,101577.0,-42771.0,P7_vs_full
DEEPSEEK,public.tb_antecedente,v22_fk_nullable_sample_rows_plus_frequent,v01_full,v22_fk_nullable_sample_rows_plus_frequent vs v01_full,1,1.0,0.9999994039535522,58806.0,101577.0,-42771.0,P7_vs_full
DEEPSEEK,public.tb_ciap_ms,v22_fk_nullable_sample_rows_plus_frequent,v01_full,v22_fk_nullable_sample_rows_plus_frequent vs v01_full,1,0.6666666666666666,0.8670082887013754,58806.0,101577.0,-42771.0,P7_vs_full
DEEPSEEK,public.tb_cidadao,v22_fk_nullable_sample_rows_plus_frequent,v01_full,v22_fk_nullable_sample_rows_plus_frequent vs v01_full,1,0.6666666666666666,0.6666664481163025,58806.0,101577.0,-42771.0,P7_vs_full
DEEPSEEK,public.tb_cuidado_compartilhado_evol,v22_fk_nullable_sample_rows_plus_frequent,v01_full,v22_fk_nullable_sample_rows_plus_frequent vs v01_full,1,0.6666666666666666,0.8964522282282511,58806.0,101577.0,-42771.0,P7_vs_full
DEEPSEEK,public.tb_dim_catmat,v22_fk_nullable_sample_rows_plus_frequent,v01_full,v22_fk_nullable_sample_rows_plus_frequent vs v01_full,1,0.3333333333333333,0.7931108474731445,58806.0,101577.0,-42771.0,P7_vs_full
DEEPSEEK,public.tb_evolucao_odonto,v22_fk_nullable_sample_rows_plus_frequent,v01_full,v22_fk_nullable_sample_rows_plus_frequent vs v01_full,1,0.3333333333333333,0.6025339563687643,58806.0,101577.0,-42771.0,P7_vs_full
DEEPSEEK,public.tb_evolucao_subjetivo,v22_fk_nullable_sample_rows_plus_frequent,v01_full,v22_fk_nullable_sample_rows_plus_frequent vs v01_full,1,0.3333333333333333,0.8194456497828165,58806.0,101577.0,-42771.0,P7_vs_full
DEEPSEEK,public.tb_exame_hemoglobina_glicada,v22_fk_nullable_sample_rows_plus_frequent,v01_full,v22_fk_nullable_sample_rows_plus_frequent vs v01_full,1,0.6666666666666666,0.9369913140932719,58806.0,101577.0,-42771.0,P7_vs_full
DEEPSEEK,public.tb_exame_prenatal,v22_fk_nullable_sample_rows_plus_frequent,v01_full,v22_fk_nullable_sample_rows_plus_frequent vs v01_full,1,0.0,0.8641312917073568,58806.0,101577.0,-42771.0,P7_vs_full
DEEPSEEK,public.tb_fat_atend_odonto_problemas,v22_fk_nullable_sample_rows_plus_frequent,v01_full,v22_fk_nullable_sample_rows_plus_frequent vs v01_full,1,1.0,0.9999992450078329,58806.0,101577.0,-42771.0,P7_vs_full
DEEPSEEK,public.tb_fat_rel_op_risco_cardio,v22_fk_nullable_sample_rows_plus_frequent,v01_full,v22_fk_nullable_sample_rows_plus_frequent vs v01_full,1,1.0,0.9999993840853373,58806.0,101577.0,-42771.0,P7_vs_full
DEEPSEEK,public.tb_historico_dados_fao,v22_fk_nullable_sample_rows_plus_frequent,v01_full,v22_fk_nullable_sample_rows_plus_frequent vs v01_full,1,0.3333333333333333,0.8381682435671488,58806.0,101577.0,-42771.0,P7_vs_full
DEEPSEEK,public.tb_justificativa_prontuario,v22_fk_nullable_sample_rows_plus_frequent,v01_full,v22_fk_nullable_sample_rows_plus_frequent vs v01_full,1,0.3333333333333333,0.6197255651156107,58806.0,101577.0,-42771.0,P7_vs_full
DEEPSEEK,public.tb_lembrete_evolucao,v22_fk_nullable_sample_rows_plus_frequent,v01_full,v22_fk_nullable_sample_rows_plus_frequent vs v01_full,1,0.3333333333333333,0.5259071985880533,58806.0,101577.0,-42771.0,P7_vs_full
DEEPSEEK,public.tb_medicamento_uso_continuo,v22_fk_nullable_sample_rows_plus_frequent,v01_full,v22_fk_nullable_sample_rows_plus_frequent vs v01_full,1,0.3333333333333333,0.8243894974390665,58806.0,101577.0,-42771.0,P7_vs_full
DEEPSEEK,public.tb_medicao,v22_fk_nullable_sample_rows_plus_frequent,v01_full,v22_fk_nullable_sample_rows_plus_frequent vs v01_full,1,0.6666666666666666,0.8834632833798727,58806.0,101577.0,-42771.0,P7_vs_full
DEEPSEEK,public.tb_odontograma,v22_fk_nullable_sample_rows_plus_frequent,v01_full,v22_fk_nullable_sample_rows_plus_frequent vs v01_full,1,0.0,0.7233232061068217,58806.0,101577.0,-42771.0,P7_vs_full
DEEPSEEK,public.tb_problema,v22_fk_nullable_sample_rows_plus_frequent,v01_full,v22_fk_nullable_sample_rows_plus_frequent vs v01_full,1,0.0,0.4217786192893982,58806.0,101577.0,-42771.0,P7_vs_full
DEEPSEEK,public.tb_proced_exame_especifico,v22_fk_nullable_sample_rows_plus_frequent,v01_full,v22_fk_nullable_sample_rows_plus_frequent vs v01_full,1,0.3333333333333333,0.8103644053141276,58806.0,101577.0,-42771.0,P7_vs_full
DEEPSEEK,public.tb_raca_cor,v22_fk_nullable_sample_rows_plus_frequent,v01_full,v22_fk_nullable_sample_rows_plus_frequent vs v01_full,1,0.3333333333333333,0.8339085181554159,58806.0,101577.0,-42771.0,P7_vs_full
DEEPSEEK,public.tb_tipo_glicemia,v22_fk_nullable_sample_rows_plus_frequent,v01_full,v22_fk_nullable_sample_rows_plus_frequent vs v01_full,1,0.6666666666666666,0.9347266753514608,58806.0,101577.0,-42771.0,P7_vs_full
DEEPSEEK,public.ta_medicamento_catmat,v23_fk_nullable_sample_rows_plus_sample_values,v01_full,v23_fk_nullable_sample_rows_plus_sample_values vs v01_full,1,0.6666666666666666,0.6666662891705831,71231.0,101577.0,-30346.0,P7_vs_full
DEEPSEEK,public.ta_tecido_mole,v23_fk_nullable_sample_rows_plus_sample_values,v01_full,v23_fk_nullable_sample_rows_plus_sample_values vs v01_full,1,0.3333333333333333,0.8816887338956197,71231.0,101577.0,-30346.0,P7_vs_full
DEEPSEEK,public.ta_vacinacao,v23_fk_nullable_sample_rows_plus_sample_values,v01_full,v23_fk_nullable_sample_rows_plus_sample_values vs v01_full,1,1.0,0.9999992648760477,71231.0,101577.0,-30346.0,P7_vs_full
DEEPSEEK,public.tb_antecedente,v23_fk_nullable_sample_rows_plus_sample_values,v01_full,v23_fk_nullable_sample_rows_plus_sample_values vs v01_full,1,0.6666666666666666,0.9295165538787842,71231.0,101577.0,-30346.0,P7_vs_full
DEEPSEEK,public.tb_ciap_ms,v23_fk_nullable_sample_rows_plus_sample_values,v01_full,v23_fk_nullable_sample_rows_plus_sample_values vs v01_full,1,0.3333333333333333,0.5058478514353434,71231.0,101577.0,-30346.0,P7_vs_full
DEEPSEEK,public.tb_cidadao,v23_fk_nullable_sample_rows_plus_sample_values,v01_full,v23_fk_nullable_sample_rows_plus_sample_values vs v01_full,1,0.6666666666666666,0.6666664481163025,71231.0,101577.0,-30346.0,P7_vs_full
DEEPSEEK,public.tb_cuidado_compartilhado_evol,v23_fk_nullable_sample_rows_plus_sample_values,v01_full,v23_fk_nullable_sample_rows_plus_sample_values vs v01_full,1,1.0,0.999999205271403,71231.0,101577.0,-30346.0,P7_vs_full
DEEPSEEK,public.tb_dim_catmat,v23_fk_nullable_sample_rows_plus_sample_values,v01_full,v23_fk_nullable_sample_rows_plus_sample_values vs v01_full,1,0.6666666666666666,0.8851092656453451,71231.0,101577.0,-30346.0,P7_vs_full
DEEPSEEK,public.tb_evolucao_odonto,v23_fk_nullable_sample_rows_plus_sample_values,v01_full,v23_fk_nullable_sample_rows_plus_sample_values vs v01_full,1,0.6666666666666666,0.9050434827804565,71231.0,101577.0,-30346.0,P7_vs_full
DEEPSEEK,public.tb_evolucao_subjetivo,v23_fk_nullable_sample_rows_plus_sample_values,v01_full,v23_fk_nullable_sample_rows_plus_sample_values vs v01_full,1,0.0,0.5063714186350504,71231.0,101577.0,-30346.0,P7_vs_full
DEEPSEEK,public.tb_exame_hemoglobina_glicada,v23_fk_nullable_sample_rows_plus_sample_values,v01_full,v23_fk_nullable_sample_rows_plus_sample_values vs v01_full,1,1.0,0.9999992847442627,71231.0,101577.0,-30346.0,P7_vs_full
DEEPSEEK,public.tb_exame_prenatal,v23_fk_nullable_sample_rows_plus_sample_values,v01_full,v23_fk_nullable_sample_rows_plus_sample_values vs v01_full,1,0.6666666666666666,0.9717196226119995,71231.0,101577.0,-30346.0,P7_vs_full
DEEPSEEK,public.tb_fat_atend_odonto_problemas,v23_fk_nullable_sample_rows_plus_sample_values,v01_full,v23_fk_nullable_sample_rows_plus_sample_values vs v01_full,1,1.0,0.9999992450078329,71231.0,101577.0,-30346.0,P7_vs_full
DEEPSEEK,public.tb_fat_rel_op_risco_cardio,v23_fk_nullable_sample_rows_plus_sample_values,v01_full,v23_fk_nullable_sample_rows_plus_sample_values vs v01_full,1,0.3333333333333333,0.5865915815035502,71231.0,101577.0,-30346.0,P7_vs_full
DEEPSEEK,public.tb_historico_dados_fao,v23_fk_nullable_sample_rows_plus_sample_values,v01_full,v23_fk_nullable_sample_rows_plus_sample_values vs v01_full,1,0.3333333333333333,0.6271618405977885,71231.0,101577.0,-30346.0,P7_vs_full
DEEPSEEK,public.tb_justificativa_prontuario,v23_fk_nullable_sample_rows_plus_sample_values,v01_full,v23_fk_nullable_sample_rows_plus_sample_values vs v01_full,1,0.3333333333333333,0.6197255651156107,71231.0,101577.0,-30346.0,P7_vs_full
DEEPSEEK,public.tb_lembrete_evolucao,v23_fk_nullable_sample_rows_plus_sample_values,v01_full,v23_fk_nullable_sample_rows_plus_sample_values vs v01_full,1,1.0,0.9999991059303284,71231.0,101577.0,-30346.0,P7_vs_full
DEEPSEEK,public.tb_medicamento_uso_continuo,v23_fk_nullable_sample_rows_plus_sample_values,v01_full,v23_fk_nullable_sample_rows_plus_sample_values vs v01_full,1,0.3333333333333333,0.95903213818868,71231.0,101577.0,-30346.0,P7_vs_full
DEEPSEEK,public.tb_medicao,v23_fk_nullable_sample_rows_plus_sample_values,v01_full,v23_fk_nullable_sample_rows_plus_sample_values vs v01_full,1,0.3333333333333333,0.5648866494496664,71231.0,101577.0,-30346.0,P7_vs_full
DEEPSEEK,public.tb_odontograma,v23_fk_nullable_sample_rows_plus_sample_values,v01_full,v23_fk_nullable_sample_rows_plus_sample_values vs v01_full,1,1.0,0.9999992450078329,71231.0,101577.0,-30346.0,P7_vs_full
DEEPSEEK,public.tb_problema,v23_fk_nullable_sample_rows_plus_sample_values,v01_full,v23_fk_nullable_sample_rows_plus_sample_values vs v01_full,1,0.6666666666666666,0.9586871862411499,71231.0,101577.0,-30346.0,P7_vs_full
DEEPSEEK,public.tb_proced_exame_especifico,v23_fk_nullable_sample_rows_plus_sample_values,v01_full,v23_fk_nullable_sample_rows_plus_sample_values vs v01_full,1,0.0,0.7589752674102783,71231.0,101577.0,-30346.0,P7_vs_full
DEEPSEEK,public.tb_raca_cor,v23_fk_nullable_sample_rows_plus_sample_values,v01_full,v23_fk_nullable_sample_rows_plus_sample_values vs v01_full,1,0.0,0.6703699827194214,71231.0,101577.0,-30346.0,P7_vs_full
DEEPSEEK,public.tb_tipo_glicemia,v23_fk_nullable_sample_rows_plus_sample_values,v01_full,v23_fk_nullable_sample_rows_plus_sample_values vs v01_full,1,1.0,0.999999463558197,71231.0,101577.0,-30346.0,P7_vs_full
DEEPSEEK,public.ta_medicamento_catmat,v24_full_no_numeric_stats,v01_full,v24_full_no_numeric_stats vs v01_full,1,0.3333333333333333,0.7288054823875427,94826.0,101577.0,-6751.0,P7_vs_full
DEEPSEEK,public.ta_tecido_mole,v24_full_no_numeric_stats,v01_full,v24_full_no_numeric_stats vs v01_full,1,0.3333333333333333,0.7654279271761576,94826.0,101577.0,-6751.0,P7_vs_full
DEEPSEEK,public.ta_vacinacao,v24_full_no_numeric_stats,v01_full,v24_full_no_numeric_stats vs v01_full,1,0.3333333333333333,0.8329174717267355,94826.0,101577.0,-6751.0,P7_vs_full
DEEPSEEK,public.tb_antecedente,v24_full_no_numeric_stats,v01_full,v24_full_no_numeric_stats vs v01_full,1,1.0,0.9999994039535522,94826.0,101577.0,-6751.0,P7_vs_full
DEEPSEEK,public.tb_ciap_ms,v24_full_no_numeric_stats,v01_full,v24_full_no_numeric_stats vs v01_full,1,0.3333333333333333,0.5058478514353434,94826.0,101577.0,-6751.0,P7_vs_full
DEEPSEEK,public.tb_cidadao,v24_full_no_numeric_stats,v01_full,v24_full_no_numeric_stats vs v01_full,1,1.0,0.9999995231628418,94826.0,101577.0,-6751.0,P7_vs_full
DEEPSEEK,public.tb_cuidado_compartilhado_evol,v24_full_no_numeric_stats,v01_full,v24_full_no_numeric_stats vs v01_full,1,1.0,0.999999205271403,94826.0,101577.0,-6751.0,P7_vs_full
DEEPSEEK,public.tb_dim_catmat,v24_full_no_numeric_stats,v01_full,v24_full_no_numeric_stats vs v01_full,1,0.6666666666666666,0.839168906211853,94826.0,101577.0,-6751.0,P7_vs_full
DEEPSEEK,public.tb_evolucao_odonto,v24_full_no_numeric_stats,v01_full,v24_full_no_numeric_stats vs v01_full,1,0.6666666666666666,0.9050434827804565,94826.0,101577.0,-6751.0,P7_vs_full
DEEPSEEK,public.tb_evolucao_subjetivo,v24_full_no_numeric_stats,v01_full,v24_full_no_numeric_stats vs v01_full,1,0.6666666666666666,0.6666660110155741,94826.0,101577.0,-6751.0,P7_vs_full
DEEPSEEK,public.tb_exame_hemoglobina_glicada,v24_full_no_numeric_stats,v01_full,v24_full_no_numeric_stats vs v01_full,1,0.3333333333333333,0.8572799563407898,94826.0,101577.0,-6751.0,P7_vs_full
DEEPSEEK,public.tb_exame_prenatal,v24_full_no_numeric_stats,v01_full,v24_full_no_numeric_stats vs v01_full,1,0.6666666666666666,0.9489309986432394,94826.0,101577.0,-6751.0,P7_vs_full
DEEPSEEK,public.tb_fat_atend_odonto_problemas,v24_full_no_numeric_stats,v01_full,v24_full_no_numeric_stats vs v01_full,1,1.0,0.9999992450078329,94826.0,101577.0,-6751.0,P7_vs_full
DEEPSEEK,public.tb_fat_rel_op_risco_cardio,v24_full_no_numeric_stats,v01_full,v24_full_no_numeric_stats vs v01_full,1,1.0,0.9999993840853373,94826.0,101577.0,-6751.0,P7_vs_full
DEEPSEEK,public.tb_historico_dados_fao,v24_full_no_numeric_stats,v01_full,v24_full_no_numeric_stats vs v01_full,1,0.6666666666666666,0.8989140192667643,94826.0,101577.0,-6751.0,P7_vs_full
DEEPSEEK,public.tb_justificativa_prontuario,v24_full_no_numeric_stats,v01_full,v24_full_no_numeric_stats vs v01_full,1,0.3333333333333333,0.8093829949696859,94826.0,101577.0,-6751.0,P7_vs_full
DEEPSEEK,public.tb_lembrete_evolucao,v24_full_no_numeric_stats,v01_full,v24_full_no_numeric_stats vs v01_full,1,1.0,0.9999991059303284,94826.0,101577.0,-6751.0,P7_vs_full
DEEPSEEK,public.tb_medicamento_uso_continuo,v24_full_no_numeric_stats,v01_full,v24_full_no_numeric_stats vs v01_full,1,0.3333333333333333,0.95903213818868,94826.0,101577.0,-6751.0,P7_vs_full
DEEPSEEK,public.tb_medicao,v24_full_no_numeric_stats,v01_full,v24_full_no_numeric_stats vs v01_full,1,0.0,0.45925788084665936,94826.0,101577.0,-6751.0,P7_vs_full
DEEPSEEK,public.tb_odontograma,v24_full_no_numeric_stats,v01_full,v24_full_no_numeric_stats vs v01_full,1,1.0,0.9999992450078329,94826.0,101577.0,-6751.0,P7_vs_full
DEEPSEEK,public.tb_problema,v24_full_no_numeric_stats,v01_full,v24_full_no_numeric_stats vs v01_full,1,0.6666666666666666,0.9681238929430643,94826.0,101577.0,-6751.0,P7_vs_full
DEEPSEEK,public.tb_proced_exame_especifico,v24_full_no_numeric_stats,v01_full,v24_full_no_numeric_stats vs v01_full,1,0.3333333333333333,0.7788777152697245,94826.0,101577.0,-6751.0,P7_vs_full
DEEPSEEK,public.tb_raca_cor,v24_full_no_numeric_stats,v01_full,v24_full_no_numeric_stats vs v01_full,1,0.0,0.7270990411440531,94826.0,101577.0,-6751.0,P7_vs_full
DEEPSEEK,public.tb_tipo_glicemia,v24_full_no_numeric_stats,v01_full,v24_full_no_numeric_stats vs v01_full,1,0.3333333333333333,0.836445172627767,94826.0,101577.0,-6751.0,P7_vs_full
DEEPSEEK,public.ta_medicamento_catmat,v25_full_no_sample_rows,v01_full,v25_full_no_sample_rows vs v01_full,1,0.6666666666666666,0.6666662891705831,88718.0,101577.0,-12859.0,P7_vs_full
DEEPSEEK,public.ta_tecido_mole,v25_full_no_sample_rows,v01_full,v25_full_no_sample_rows vs v01_full,1,0.3333333333333333,0.823361317316691,88718.0,101577.0,-12859.0,P7_vs_full
DEEPSEEK,public.ta_vacinacao,v25_full_no_sample_rows,v01_full,v25_full_no_sample_rows vs v01_full,1,1.0,0.9999992648760477,88718.0,101577.0,-12859.0,P7_vs_full
DEEPSEEK,public.tb_antecedente,v25_full_no_sample_rows,v01_full,v25_full_no_sample_rows vs v01_full,1,0.6666666666666666,0.9295165538787842,88718.0,101577.0,-12859.0,P7_vs_full
DEEPSEEK,public.tb_ciap_ms,v25_full_no_sample_rows,v01_full,v25_full_no_sample_rows vs v01_full,1,0.3333333333333333,0.6498611370722452,88718.0,101577.0,-12859.0,P7_vs_full
DEEPSEEK,public.tb_cidadao,v25_full_no_sample_rows,v01_full,v25_full_no_sample_rows vs v01_full,1,0.6666666666666666,0.6666664481163025,88718.0,101577.0,-12859.0,P7_vs_full
DEEPSEEK,public.tb_cuidado_compartilhado_evol,v25_full_no_sample_rows,v01_full,v25_full_no_sample_rows vs v01_full,1,1.0,0.999999205271403,88718.0,101577.0,-12859.0,P7_vs_full
DEEPSEEK,public.tb_dim_catmat,v25_full_no_sample_rows,v01_full,v25_full_no_sample_rows vs v01_full,1,0.6666666666666666,0.6666661699612936,88718.0,101577.0,-12859.0,P7_vs_full
DEEPSEEK,public.tb_evolucao_odonto,v25_full_no_sample_rows,v01_full,v25_full_no_sample_rows vs v01_full,1,0.6666666666666666,0.9050434827804565,88718.0,101577.0,-12859.0,P7_vs_full
DEEPSEEK,public.tb_evolucao_subjetivo,v25_full_no_sample_rows,v01_full,v25_full_no_sample_rows vs v01_full,1,0.0,0.531830628712972,88718.0,101577.0,-12859.0,P7_vs_full
DEEPSEEK,public.tb_exame_hemoglobina_glicada,v25_full_no_sample_rows,v01_full,v25_full_no_sample_rows vs v01_full,1,1.0,0.9999992847442627,88718.0,101577.0,-12859.0,P7_vs_full
DEEPSEEK,public.tb_exame_prenatal,v25_full_no_sample_rows,v01_full,v25_full_no_sample_rows vs v01_full,1,1.0,0.9999992847442627,88718.0,101577.0,-12859.0,P7_vs_full
DEEPSEEK,public.tb_fat_atend_odonto_problemas,v25_full_no_sample_rows,v01_full,v25_full_no_sample_rows vs v01_full,1,0.6666666666666666,0.9549027482668558,88718.0,101577.0,-12859.0,P7_vs_full
DEEPSEEK,public.tb_fat_rel_op_risco_cardio,v25_full_no_sample_rows,v01_full,v25_full_no_sample_rows vs v01_full,1,1.0,0.9999993840853373,88718.0,101577.0,-12859.0,P7_vs_full
DEEPSEEK,public.tb_historico_dados_fao,v25_full_no_sample_rows,v01_full,v25_full_no_sample_rows vs v01_full,1,0.6666666666666666,0.8989140192667643,88718.0,101577.0,-12859.0,P7_vs_full
DEEPSEEK,public.tb_justificativa_prontuario,v25_full_no_sample_rows,v01_full,v25_full_no_sample_rows vs v01_full,1,0.3333333333333333,0.6197255651156107,88718.0,101577.0,-12859.0,P7_vs_full
DEEPSEEK,public.tb_lembrete_evolucao,v25_full_no_sample_rows,v01_full,v25_full_no_sample_rows vs v01_full,1,0.6666666666666666,0.6666661500930786,88718.0,101577.0,-12859.0,P7_vs_full
DEEPSEEK,public.tb_medicamento_uso_continuo,v25_full_no_sample_rows,v01_full,v25_full_no_sample_rows vs v01_full,1,0.3333333333333333,0.95903213818868,88718.0,101577.0,-12859.0,P7_vs_full
DEEPSEEK,public.tb_medicao,v25_full_no_sample_rows,v01_full,v25_full_no_sample_rows vs v01_full,1,0.6666666666666666,0.8834632833798727,88718.0,101577.0,-12859.0,P7_vs_full
DEEPSEEK,public.tb_odontograma,v25_full_no_sample_rows,v01_full,v25_full_no_sample_rows vs v01_full,1,1.0,0.9999992450078329,88718.0,101577.0,-12859.0,P7_vs_full
DEEPSEEK,public.tb_problema,v25_full_no_sample_rows,v01_full,v25_full_no_sample_rows vs v01_full,1,0.3333333333333333,0.7610992987950643,88718.0,101577.0,-12859.0,P7_vs_full
DEEPSEEK,public.tb_proced_exame_especifico,v25_full_no_sample_rows,v01_full,v25_full_no_sample_rows vs v01_full,1,1.0,0.9999993046124777,88718.0,101577.0,-12859.0,P7_vs_full
DEEPSEEK,public.tb_raca_cor,v25_full_no_sample_rows,v01_full,v25_full_no_sample_rows vs v01_full,1,0.3333333333333333,0.8339085181554159,88718.0,101577.0,-12859.0,P7_vs_full
DEEPSEEK,public.tb_tipo_glicemia,v25_full_no_sample_rows,v01_full,v25_full_no_sample_rows vs v01_full,1,0.3333333333333333,0.8503245910008749,88718.0,101577.0,-12859.0,P7_vs_full
