LLM_Model,Tabela,Variante_A,Variante_B,Comparacao,Runs_Comparados,HardDice_mean,SoftDice_mean,TokensIn_A_mean,TokensIn_B_mean,Delta_TokensIn,RQ
MISTRAL,public.ta_medicamento_catmat,v02_plus_fk,v00_baseline,FK vs baseline,1,0.0,0.39461855093638104,27777.0,24206.0,3571.0,P1_isolated_effects
MISTRAL,public.ta_tecido_mole,v02_plus_fk,v00_baseline,FK vs baseline,1,0.3333333333333333,0.6111043095588684,27777.0,24206.0,3571.0,P1_isolated_effects
MISTRAL,public.ta_vacinacao,v02_plus_fk,v00_baseline,FK vs baseline,1,0.6666666666666666,0.9912265141805013,27777.0,24206.0,3571.0,P1_isolated_effects
MISTRAL,public.tb_antecedente,v02_plus_fk,v00_baseline,FK vs baseline,1,1.0,0.999999463558197,27777.0,24206.0,3571.0,P1_isolated_effects
MISTRAL,public.tb_ciap_ms,v02_plus_fk,v00_baseline,FK vs baseline,1,0.3333333333333333,0.790633757909139,27777.0,24206.0,3571.0,P1_isolated_effects
MISTRAL,public.tb_cidadao,v02_plus_fk,v00_baseline,FK vs baseline,1,0.3333333333333333,0.8444257179896036,27777.0,24206.0,3571.0,P1_isolated_effects
MISTRAL,public.tb_cuidado_compartilhado_evol,v02_plus_fk,v00_baseline,FK vs baseline,1,0.3333333333333333,0.6467764576276144,27777.0,24206.0,3571.0,P1_isolated_effects
MISTRAL,public.tb_dim_catmat,v02_plus_fk,v00_baseline,FK vs baseline,1,0.0,0.7396394610404968,27777.0,24206.0,3571.0,P1_isolated_effects
MISTRAL,public.tb_evolucao_odonto,v02_plus_fk,v00_baseline,FK vs baseline,1,0.3333333333333333,0.801910936832428,27777.0,24206.0,3571.0,P1_isolated_effects
MISTRAL,public.tb_evolucao_subjetivo,v02_plus_fk,v00_baseline,FK vs baseline,1,1.0,0.999999463558197,27777.0,24206.0,3571.0,P1_isolated_effects
MISTRAL,public.tb_exame_hemoglobina_glicada,v02_plus_fk,v00_baseline,FK vs baseline,1,0.0,0.8578459421793619,27777.0,24206.0,3571.0,P1_isolated_effects
MISTRAL,public.tb_exame_prenatal,v02_plus_fk,v00_baseline,FK vs baseline,1,0.3333333333333333,0.8771650393803915,27777.0,24206.0,3571.0,P1_isolated_effects
MISTRAL,public.tb_fat_atend_odonto_problemas,v02_plus_fk,v00_baseline,FK vs baseline,1,0.3333333333333333,0.7286949753761292,27777.0,24206.0,3571.0,P1_isolated_effects
MISTRAL,public.tb_fat_rel_op_risco_cardio,v02_plus_fk,v00_baseline,FK vs baseline,1,1.0,0.9999992847442627,27777.0,24206.0,3571.0,P1_isolated_effects
MISTRAL,public.tb_historico_dados_fao,v02_plus_fk,v00_baseline,FK vs baseline,1,0.0,0.5866396427154541,27777.0,24206.0,3571.0,P1_isolated_effects
MISTRAL,public.tb_justificativa_prontuario,v02_plus_fk,v00_baseline,FK vs baseline,1,0.0,0.756157378355662,27777.0,24206.0,3571.0,P1_isolated_effects
MISTRAL,public.tb_lembrete_evolucao,v02_plus_fk,v00_baseline,FK vs baseline,1,0.0,0.3874448537826538,27777.0,24206.0,3571.0,P1_isolated_effects
MISTRAL,public.tb_medicamento_uso_continuo,v02_plus_fk,v00_baseline,FK vs baseline,1,0.3333333333333333,0.8431565960248312,27777.0,24206.0,3571.0,P1_isolated_effects
MISTRAL,public.tb_medicao,v02_plus_fk,v00_baseline,FK vs baseline,1,0.0,0.216404398282369,27777.0,24206.0,3571.0,P1_isolated_effects
MISTRAL,public.tb_odontograma,v02_plus_fk,v00_baseline,FK vs baseline,1,0.3333333333333333,0.8492026726404825,27777.0,24206.0,3571.0,P1_isolated_effects
MISTRAL,public.tb_problema,v02_plus_fk,v00_baseline,FK vs baseline,1,0.0,0.3907009760538737,27777.0,24206.0,3571.0,P1_isolated_effects
MISTRAL,public.tb_proced_exame_especifico,v02_plus_fk,v00_baseline,FK vs baseline,1,1.0,0.9999995231628418,27777.0,24206.0,3571.0,P1_isolated_effects
MISTRAL,public.tb_raca_cor,v02_plus_fk,v00_baseline,FK vs baseline,1,0.3333333333333333,0.6301834583282471,27777.0,24206.0,3571.0,P1_isolated_effects
MISTRAL,public.tb_tipo_glicemia,v02_plus_fk,v00_baseline,FK vs baseline,1,1.0,0.9999995628992716,27777.0,24206.0,3571.0,P1_isolated_effects
MISTRAL,public.ta_medicamento_catmat,v03_plus_nullable,v00_baseline,nullable vs baseline,1,0.0,0.7141438722610474,25647.0,24206.0,1441.0,P1_isolated_effects
MISTRAL,public.ta_tecido_mole,v03_plus_nullable,v00_baseline,nullable vs baseline,1,0.3333333333333333,0.7382706801096598,25647.0,24206.0,1441.0,P1_isolated_effects
MISTRAL,public.ta_vacinacao,v03_plus_nullable,v00_baseline,nullable vs baseline,1,1.0,0.9999993840853373,25647.0,24206.0,1441.0,P1_isolated_effects
MISTRAL,public.tb_antecedente,v03_plus_nullable,v00_baseline,nullable vs baseline,1,1.0,0.999999463558197,25647.0,24206.0,1441.0,P1_isolated_effects
MISTRAL,public.tb_ciap_ms,v03_plus_nullable,v00_baseline,nullable vs baseline,1,0.3333333333333333,0.7638338009516398,25647.0,24206.0,1441.0,P1_isolated_effects
MISTRAL,public.tb_cidadao,v03_plus_nullable,v00_baseline,nullable vs baseline,1,1.0,0.9999994238217672,25647.0,24206.0,1441.0,P1_isolated_effects
MISTRAL,public.tb_cuidado_compartilhado_evol,v03_plus_nullable,v00_baseline,nullable vs baseline,1,0.6666666666666666,0.8647351066271464,25647.0,24206.0,1441.0,P1_isolated_effects
MISTRAL,public.tb_dim_catmat,v03_plus_nullable,v00_baseline,nullable vs baseline,1,1.0,0.9999991059303284,25647.0,24206.0,1441.0,P1_isolated_effects
MISTRAL,public.tb_evolucao_odonto,v03_plus_nullable,v00_baseline,nullable vs baseline,1,0.6666666666666666,0.8460521697998047,25647.0,24206.0,1441.0,P1_isolated_effects
MISTRAL,public.tb_evolucao_subjetivo,v03_plus_nullable,v00_baseline,nullable vs baseline,1,0.0,0.7646405498186747,25647.0,24206.0,1441.0,P1_isolated_effects
MISTRAL,public.tb_exame_hemoglobina_glicada,v03_plus_nullable,v00_baseline,nullable vs baseline,1,0.6666666666666666,0.91976930697759,25647.0,24206.0,1441.0,P1_isolated_effects
MISTRAL,public.tb_exame_prenatal,v03_plus_nullable,v00_baseline,nullable vs baseline,1,0.6666666666666666,0.9706099232037863,25647.0,24206.0,1441.0,P1_isolated_effects
MISTRAL,public.tb_fat_atend_odonto_problemas,v03_plus_nullable,v00_baseline,nullable vs baseline,1,1.0,0.9999992648760477,25647.0,24206.0,1441.0,P1_isolated_effects
MISTRAL,public.tb_fat_rel_op_risco_cardio,v03_plus_nullable,v00_baseline,nullable vs baseline,1,1.0,0.9999992847442627,25647.0,24206.0,1441.0,P1_isolated_effects
MISTRAL,public.tb_historico_dados_fao,v03_plus_nullable,v00_baseline,nullable vs baseline,1,0.6666666666666666,0.9631749788920084,25647.0,24206.0,1441.0,P1_isolated_effects
MISTRAL,public.tb_justificativa_prontuario,v03_plus_nullable,v00_baseline,nullable vs baseline,1,0.0,0.8472597002983093,25647.0,24206.0,1441.0,P1_isolated_effects
MISTRAL,public.tb_lembrete_evolucao,v03_plus_nullable,v00_baseline,nullable vs baseline,1,0.0,0.41210172573725384,25647.0,24206.0,1441.0,P1_isolated_effects
MISTRAL,public.tb_medicamento_uso_continuo,v03_plus_nullable,v00_baseline,nullable vs baseline,1,0.3333333333333333,0.9091627597808838,25647.0,24206.0,1441.0,P1_isolated_effects
MISTRAL,public.tb_medicao,v03_plus_nullable,v00_baseline,nullable vs baseline,1,1.0,0.9999992847442627,25647.0,24206.0,1441.0,P1_isolated_effects
MISTRAL,public.tb_odontograma,v03_plus_nullable,v00_baseline,nullable vs baseline,1,0.6666666666666666,0.9303457935651144,25647.0,24206.0,1441.0,P1_isolated_effects
MISTRAL,public.tb_problema,v03_plus_nullable,v00_baseline,nullable vs baseline,1,0.0,0.7369356552759806,25647.0,24206.0,1441.0,P1_isolated_effects
MISTRAL,public.tb_proced_exame_especifico,v03_plus_nullable,v00_baseline,nullable vs baseline,1,0.3333333333333333,0.803484320640564,25647.0,24206.0,1441.0,P1_isolated_effects
MISTRAL,public.tb_raca_cor,v03_plus_nullable,v00_baseline,nullable vs baseline,1,0.0,0.6908049384752909,25647.0,24206.0,1441.0,P1_isolated_effects
MISTRAL,public.tb_tipo_glicemia,v03_plus_nullable,v00_baseline,nullable vs baseline,1,0.6666666666666666,0.8868557810783386,25647.0,24206.0,1441.0,P1_isolated_effects
MISTRAL,public.ta_medicamento_catmat,v04_plus_numeric_stats,v00_baseline,numeric_stats vs baseline,1,0.6666666666666666,0.9019483725229899,34757.0,24206.0,10551.0,P1_isolated_effects
MISTRAL,public.ta_tecido_mole,v04_plus_numeric_stats,v00_baseline,numeric_stats vs baseline,1,0.0,0.5752389430999756,34757.0,24206.0,10551.0,P1_isolated_effects
MISTRAL,public.ta_vacinacao,v04_plus_numeric_stats,v00_baseline,numeric_stats vs baseline,1,0.0,0.8666966358820597,34757.0,24206.0,10551.0,P1_isolated_effects
MISTRAL,public.tb_antecedente,v04_plus_numeric_stats,v00_baseline,numeric_stats vs baseline,1,1.0,0.999999463558197,34757.0,24206.0,10551.0,P1_isolated_effects
MISTRAL,public.tb_ciap_ms,v04_plus_numeric_stats,v00_baseline,numeric_stats vs baseline,1,0.3333333333333333,0.7810528874397278,34757.0,24206.0,10551.0,P1_isolated_effects
MISTRAL,public.tb_cidadao,v04_plus_numeric_stats,v00_baseline,numeric_stats vs baseline,1,1.0,0.9999994238217672,34757.0,24206.0,10551.0,P1_isolated_effects
MISTRAL,public.tb_cuidado_compartilhado_evol,v04_plus_numeric_stats,v00_baseline,numeric_stats vs baseline,1,0.6666666666666666,0.9801095326741537,34757.0,24206.0,10551.0,P1_isolated_effects
MISTRAL,public.tb_dim_catmat,v04_plus_numeric_stats,v00_baseline,numeric_stats vs baseline,1,0.6666666666666666,0.9357723792394003,34757.0,24206.0,10551.0,P1_isolated_effects
MISTRAL,public.tb_evolucao_odonto,v04_plus_numeric_stats,v00_baseline,numeric_stats vs baseline,1,0.6666666666666666,0.924153745174408,34757.0,24206.0,10551.0,P1_isolated_effects
MISTRAL,public.tb_evolucao_subjetivo,v04_plus_numeric_stats,v00_baseline,numeric_stats vs baseline,1,0.3333333333333333,0.7695377270380656,34757.0,24206.0,10551.0,P1_isolated_effects
MISTRAL,public.tb_exame_hemoglobina_glicada,v04_plus_numeric_stats,v00_baseline,numeric_stats vs baseline,1,1.0,0.9999993443489075,34757.0,24206.0,10551.0,P1_isolated_effects
MISTRAL,public.tb_exame_prenatal,v04_plus_numeric_stats,v00_baseline,numeric_stats vs baseline,1,0.3333333333333333,0.7485248843828837,34757.0,24206.0,10551.0,P1_isolated_effects
MISTRAL,public.tb_fat_atend_odonto_problemas,v04_plus_numeric_stats,v00_baseline,numeric_stats vs baseline,1,0.3333333333333333,0.547425369421641,34757.0,24206.0,10551.0,P1_isolated_effects
MISTRAL,public.tb_fat_rel_op_risco_cardio,v04_plus_numeric_stats,v00_baseline,numeric_stats vs baseline,1,0.6666666666666666,0.8351157307624817,34757.0,24206.0,10551.0,P1_isolated_effects
MISTRAL,public.tb_historico_dados_fao,v04_plus_numeric_stats,v00_baseline,numeric_stats vs baseline,1,0.6666666666666666,0.9655192891756693,34757.0,24206.0,10551.0,P1_isolated_effects
MISTRAL,public.tb_justificativa_prontuario,v04_plus_numeric_stats,v00_baseline,numeric_stats vs baseline,1,0.0,0.8472597002983093,34757.0,24206.0,10551.0,P1_isolated_effects
MISTRAL,public.tb_lembrete_evolucao,v04_plus_numeric_stats,v00_baseline,numeric_stats vs baseline,1,0.3333333333333333,0.5749735832214355,34757.0,24206.0,10551.0,P1_isolated_effects
MISTRAL,public.tb_medicamento_uso_continuo,v04_plus_numeric_stats,v00_baseline,numeric_stats vs baseline,1,0.0,0.699194331963857,34757.0,24206.0,10551.0,P1_isolated_effects
MISTRAL,public.tb_medicao,v04_plus_numeric_stats,v00_baseline,numeric_stats vs baseline,1,0.3333333333333333,0.5830581585566202,34757.0,24206.0,10551.0,P1_isolated_effects
MISTRAL,public.tb_odontograma,v04_plus_numeric_stats,v00_baseline,numeric_stats vs baseline,1,0.0,0.5528286496798197,34757.0,24206.0,10551.0,P1_isolated_effects
MISTRAL,public.tb_problema,v04_plus_numeric_stats,v00_baseline,numeric_stats vs baseline,1,0.3333333333333333,0.7926107247670492,34757.0,24206.0,10551.0,P1_isolated_effects
MISTRAL,public.tb_proced_exame_especifico,v04_plus_numeric_stats,v00_baseline,numeric_stats vs baseline,1,1.0,0.9999995231628418,34757.0,24206.0,10551.0,P1_isolated_effects
MISTRAL,public.tb_raca_cor,v04_plus_numeric_stats,v00_baseline,numeric_stats vs baseline,1,0.6666666666666666,0.9678676128387451,34757.0,24206.0,10551.0,P1_isolated_effects
MISTRAL,public.tb_tipo_glicemia,v04_plus_numeric_stats,v00_baseline,numeric_stats vs baseline,1,0.3333333333333333,0.9046617945035299,34757.0,24206.0,10551.0,P1_isolated_effects
MISTRAL,public.ta_medicamento_catmat,v05_plus_sample_values,v00_baseline,sample_values vs baseline,1,0.0,0.7175255417823792,62953.0,24206.0,38747.0,P1_isolated_effects
MISTRAL,public.ta_tecido_mole,v05_plus_sample_values,v00_baseline,sample_values vs baseline,1,0.3333333333333333,0.851054827372233,62953.0,24206.0,38747.0,P1_isolated_effects
MISTRAL,public.ta_vacinacao,v05_plus_sample_values,v00_baseline,sample_values vs baseline,1,0.0,0.5453221599260966,62953.0,24206.0,38747.0,P1_isolated_effects
MISTRAL,public.tb_antecedente,v05_plus_sample_values,v00_baseline,sample_values vs baseline,1,0.0,0.7177738746007284,62953.0,24206.0,38747.0,P1_isolated_effects
MISTRAL,public.tb_ciap_ms,v05_plus_sample_values,v00_baseline,sample_values vs baseline,1,0.0,0.506631076335907,62953.0,24206.0,38747.0,P1_isolated_effects
MISTRAL,public.tb_cidadao,v05_plus_sample_values,v00_baseline,sample_values vs baseline,1,0.6666666666666666,0.901515265305837,62953.0,24206.0,38747.0,P1_isolated_effects
MISTRAL,public.tb_cuidado_compartilhado_evol,v05_plus_sample_values,v00_baseline,sample_values vs baseline,1,0.3333333333333333,0.6283779342969259,62953.0,24206.0,38747.0,P1_isolated_effects
MISTRAL,public.tb_dim_catmat,v05_plus_sample_values,v00_baseline,sample_values vs baseline,1,0.3333333333333333,0.5737685362497965,62953.0,24206.0,38747.0,P1_isolated_effects
MISTRAL,public.tb_evolucao_odonto,v05_plus_sample_values,v00_baseline,sample_values vs baseline,1,0.0,0.7275816996892294,62953.0,24206.0,38747.0,P1_isolated_effects
MISTRAL,public.tb_evolucao_subjetivo,v05_plus_sample_values,v00_baseline,sample_values vs baseline,1,0.3333333333333333,0.5541946490605673,62953.0,24206.0,38747.0,P1_isolated_effects
MISTRAL,public.tb_exame_hemoglobina_glicada,v05_plus_sample_values,v00_baseline,sample_values vs baseline,1,0.3333333333333333,0.8448417584101359,62953.0,24206.0,38747.0,P1_isolated_effects
MISTRAL,public.tb_exame_prenatal,v05_plus_sample_values,v00_baseline,sample_values vs baseline,1,0.3333333333333333,0.8920357823371887,62953.0,24206.0,38747.0,P1_isolated_effects
MISTRAL,public.tb_fat_atend_odonto_problemas,v05_plus_sample_values,v00_baseline,sample_values vs baseline,1,0.3333333333333333,0.5707874099413554,62953.0,24206.0,38747.0,P1_isolated_effects
MISTRAL,public.tb_fat_rel_op_risco_cardio,v05_plus_sample_values,v00_baseline,sample_values vs baseline,1,0.6666666666666666,0.6666661500930786,62953.0,24206.0,38747.0,P1_isolated_effects
MISTRAL,public.tb_historico_dados_fao,v05_plus_sample_values,v00_baseline,sample_values vs baseline,1,0.0,0.5532191197077433,62953.0,24206.0,38747.0,P1_isolated_effects
MISTRAL,public.tb_justificativa_prontuario,v05_plus_sample_values,v00_baseline,sample_values vs baseline,1,1.0,0.9999993244806925,62953.0,24206.0,38747.0,P1_isolated_effects
MISTRAL,public.tb_lembrete_evolucao,v05_plus_sample_values,v00_baseline,sample_values vs baseline,1,0.0,0.4294505715370178,62953.0,24206.0,38747.0,P1_isolated_effects
MISTRAL,public.tb_medicamento_uso_continuo,v05_plus_sample_values,v00_baseline,sample_values vs baseline,1,0.3333333333333333,0.9091627597808838,62953.0,24206.0,38747.0,P1_isolated_effects
MISTRAL,public.tb_medicao,v05_plus_sample_values,v00_baseline,sample_values vs baseline,1,0.0,0.4701639612515767,62953.0,24206.0,38747.0,P1_isolated_effects
MISTRAL,public.tb_odontograma,v05_plus_sample_values,v00_baseline,sample_values vs baseline,1,0.3333333333333333,0.8073852260907491,62953.0,24206.0,38747.0,P1_isolated_effects
MISTRAL,public.tb_problema,v05_plus_sample_values,v00_baseline,sample_values vs baseline,1,0.6666666666666666,0.8880064884821574,62953.0,24206.0,38747.0,P1_isolated_effects
MISTRAL,public.tb_proced_exame_especifico,v05_plus_sample_values,v00_baseline,sample_values vs baseline,1,0.3333333333333333,0.8235050042470297,62953.0,24206.0,38747.0,P1_isolated_effects
MISTRAL,public.tb_raca_cor,v05_plus_sample_values,v00_baseline,sample_values vs baseline,1,0.3333333333333333,0.820922334988912,62953.0,24206.0,38747.0,P1_isolated_effects
MISTRAL,public.tb_tipo_glicemia,v05_plus_sample_values,v00_baseline,sample_values vs baseline,1,0.0,0.7671272158622742,62953.0,24206.0,38747.0,P1_isolated_effects
MISTRAL,public.ta_medicamento_catmat,v06_plus_frequent_values,v00_baseline,frequent_values vs baseline,1,0.0,0.4292616844177246,44374.0,24206.0,20168.0,P1_isolated_effects
MISTRAL,public.ta_tecido_mole,v06_plus_frequent_values,v00_baseline,frequent_values vs baseline,1,0.3333333333333333,0.5847915013631185,44374.0,24206.0,20168.0,P1_isolated_effects
MISTRAL,public.ta_vacinacao,v06_plus_frequent_values,v00_baseline,frequent_values vs baseline,1,1.0,0.9999993840853373,44374.0,24206.0,20168.0,P1_isolated_effects
MISTRAL,public.tb_antecedente,v06_plus_frequent_values,v00_baseline,frequent_values vs baseline,1,0.6666666666666666,0.943669339021047,44374.0,24206.0,20168.0,P1_isolated_effects
MISTRAL,public.tb_ciap_ms,v06_plus_frequent_values,v00_baseline,frequent_values vs baseline,1,0.0,0.48434491952260333,44374.0,24206.0,20168.0,P1_isolated_effects
MISTRAL,public.tb_cidadao,v06_plus_frequent_values,v00_baseline,frequent_values vs baseline,1,0.6666666666666666,0.901515265305837,44374.0,24206.0,20168.0,P1_isolated_effects
MISTRAL,public.tb_cuidado_compartilhado_evol,v06_plus_frequent_values,v00_baseline,frequent_values vs baseline,1,0.3333333333333333,0.7680126627286276,44374.0,24206.0,20168.0,P1_isolated_effects
MISTRAL,public.tb_dim_catmat,v06_plus_frequent_values,v00_baseline,frequent_values vs baseline,1,0.0,0.6505945523579916,44374.0,24206.0,20168.0,P1_isolated_effects
MISTRAL,public.tb_evolucao_odonto,v06_plus_frequent_values,v00_baseline,frequent_values vs baseline,1,0.3333333333333333,0.8168544967969259,44374.0,24206.0,20168.0,P1_isolated_effects
MISTRAL,public.tb_evolucao_subjetivo,v06_plus_frequent_values,v00_baseline,frequent_values vs baseline,1,0.3333333333333333,0.541080892086029,44374.0,24206.0,20168.0,P1_isolated_effects
MISTRAL,public.tb_exame_hemoglobina_glicada,v06_plus_frequent_values,v00_baseline,frequent_values vs baseline,1,0.3333333333333333,0.8696939547856649,44374.0,24206.0,20168.0,P1_isolated_effects
MISTRAL,public.tb_exame_prenatal,v06_plus_frequent_values,v00_baseline,frequent_values vs baseline,1,0.6666666666666666,0.9214254220326742,44374.0,24206.0,20168.0,P1_isolated_effects
MISTRAL,public.tb_fat_atend_odonto_problemas,v06_plus_frequent_values,v00_baseline,frequent_values vs baseline,1,0.6666666666666666,0.888970156510671,44374.0,24206.0,20168.0,P1_isolated_effects
MISTRAL,public.tb_fat_rel_op_risco_cardio,v06_plus_frequent_values,v00_baseline,frequent_values vs baseline,1,0.6666666666666666,0.8620683948198954,44374.0,24206.0,20168.0,P1_isolated_effects
MISTRAL,public.tb_historico_dados_fao,v06_plus_frequent_values,v00_baseline,frequent_values vs baseline,1,0.0,0.5544143915176392,44374.0,24206.0,20168.0,P1_isolated_effects
MISTRAL,public.tb_justificativa_prontuario,v06_plus_frequent_values,v00_baseline,frequent_values vs baseline,1,0.0,0.7978305816650391,44374.0,24206.0,20168.0,P1_isolated_effects
MISTRAL,public.tb_lembrete_evolucao,v06_plus_frequent_values,v00_baseline,frequent_values vs baseline,1,0.0,0.41528137524922687,44374.0,24206.0,20168.0,P1_isolated_effects
MISTRAL,public.tb_medicamento_uso_continuo,v06_plus_frequent_values,v00_baseline,frequent_values vs baseline,1,0.6666666666666666,0.901702086130778,44374.0,24206.0,20168.0,P1_isolated_effects
MISTRAL,public.tb_medicao,v06_plus_frequent_values,v00_baseline,frequent_values vs baseline,1,0.0,0.0,44374.0,24206.0,20168.0,P1_isolated_effects
MISTRAL,public.tb_odontograma,v06_plus_frequent_values,v00_baseline,frequent_values vs baseline,1,0.6666666666666666,0.9272165695826212,44374.0,24206.0,20168.0,P1_isolated_effects
MISTRAL,public.tb_problema,v06_plus_frequent_values,v00_baseline,frequent_values vs baseline,1,0.0,0.5270833373069763,44374.0,24206.0,20168.0,P1_isolated_effects
MISTRAL,public.tb_proced_exame_especifico,v06_plus_frequent_values,v00_baseline,frequent_values vs baseline,1,0.3333333333333333,0.803484320640564,44374.0,24206.0,20168.0,P1_isolated_effects
MISTRAL,public.tb_raca_cor,v06_plus_frequent_values,v00_baseline,frequent_values vs baseline,1,0.0,0.6908049384752909,44374.0,24206.0,20168.0,P1_isolated_effects
MISTRAL,public.tb_tipo_glicemia,v06_plus_frequent_values,v00_baseline,frequent_values vs baseline,1,0.6666666666666666,0.8868557810783386,44374.0,24206.0,20168.0,P1_isolated_effects
MISTRAL,public.ta_medicamento_catmat,v07_plus_sample_rows,v00_baseline,sample_rows vs baseline,1,0.3333333333333333,0.5268713434537252,37997.0,24206.0,13791.0,P1_isolated_effects
MISTRAL,public.ta_tecido_mole,v07_plus_sample_rows,v00_baseline,sample_rows vs baseline,1,0.3333333333333333,0.8035513758659363,37997.0,24206.0,13791.0,P1_isolated_effects
MISTRAL,public.ta_vacinacao,v07_plus_sample_rows,v00_baseline,sample_rows vs baseline,1,0.0,0.7742926081021627,37997.0,24206.0,13791.0,P1_isolated_effects
MISTRAL,public.tb_antecedente,v07_plus_sample_rows,v00_baseline,sample_rows vs baseline,1,0.0,0.749491294225057,37997.0,24206.0,13791.0,P1_isolated_effects
MISTRAL,public.tb_ciap_ms,v07_plus_sample_rows,v00_baseline,sample_rows vs baseline,1,0.0,0.6075510382652283,37997.0,24206.0,13791.0,P1_isolated_effects
MISTRAL,public.tb_cidadao,v07_plus_sample_rows,v00_baseline,sample_rows vs baseline,1,0.6666666666666666,0.901515265305837,37997.0,24206.0,13791.0,P1_isolated_effects
MISTRAL,public.tb_cuidado_compartilhado_evol,v07_plus_sample_rows,v00_baseline,sample_rows vs baseline,1,0.6666666666666666,0.6666662295659384,37997.0,24206.0,13791.0,P1_isolated_effects
MISTRAL,public.tb_dim_catmat,v07_plus_sample_rows,v00_baseline,sample_rows vs baseline,1,0.6666666666666666,0.9579334855079651,37997.0,24206.0,13791.0,P1_isolated_effects
MISTRAL,public.tb_evolucao_odonto,v07_plus_sample_rows,v00_baseline,sample_rows vs baseline,1,0.3333333333333333,0.8282132148742676,37997.0,24206.0,13791.0,P1_isolated_effects
MISTRAL,public.tb_evolucao_subjetivo,v07_plus_sample_rows,v00_baseline,sample_rows vs baseline,1,0.0,0.4956431984901428,37997.0,24206.0,13791.0,P1_isolated_effects
MISTRAL,public.tb_exame_hemoglobina_glicada,v07_plus_sample_rows,v00_baseline,sample_rows vs baseline,1,0.0,0.7136044104894003,37997.0,24206.0,13791.0,P1_isolated_effects
MISTRAL,public.tb_exame_prenatal,v07_plus_sample_rows,v00_baseline,sample_rows vs baseline,1,0.6666666666666666,0.9214254220326742,37997.0,24206.0,13791.0,P1_isolated_effects
MISTRAL,public.tb_fat_atend_odonto_problemas,v07_plus_sample_rows,v00_baseline,sample_rows vs baseline,1,0.3333333333333333,0.547425369421641,37997.0,24206.0,13791.0,P1_isolated_effects
MISTRAL,public.tb_fat_rel_op_risco_cardio,v07_plus_sample_rows,v00_baseline,sample_rows vs baseline,1,0.0,0.701643168926239,37997.0,24206.0,13791.0,P1_isolated_effects
MISTRAL,public.tb_historico_dados_fao,v07_plus_sample_rows,v00_baseline,sample_rows vs baseline,1,0.0,0.649747371673584,37997.0,24206.0,13791.0,P1_isolated_effects
MISTRAL,public.tb_justificativa_prontuario,v07_plus_sample_rows,v00_baseline,sample_rows vs baseline,1,0.0,0.7978305816650391,37997.0,24206.0,13791.0,P1_isolated_effects
MISTRAL,public.tb_lembrete_evolucao,v07_plus_sample_rows,v00_baseline,sample_rows vs baseline,1,0.6666666666666666,0.6666661898295084,37997.0,24206.0,13791.0,P1_isolated_effects
MISTRAL,public.tb_medicamento_uso_continuo,v07_plus_sample_rows,v00_baseline,sample_rows vs baseline,1,0.3333333333333333,0.9091627597808838,37997.0,24206.0,13791.0,P1_isolated_effects
MISTRAL,public.tb_medicao,v07_plus_sample_rows,v00_baseline,sample_rows vs baseline,1,0.6666666666666666,0.8377634485562643,37997.0,24206.0,13791.0,P1_isolated_effects
MISTRAL,public.tb_odontograma,v07_plus_sample_rows,v00_baseline,sample_rows vs baseline,1,0.6666666666666666,0.9589444796244303,37997.0,24206.0,13791.0,P1_isolated_effects
MISTRAL,public.tb_problema,v07_plus_sample_rows,v00_baseline,sample_rows vs baseline,1,0.3333333333333333,0.8399709860483805,37997.0,24206.0,13791.0,P1_isolated_effects
MISTRAL,public.tb_proced_exame_especifico,v07_plus_sample_rows,v00_baseline,sample_rows vs baseline,1,0.3333333333333333,0.7706706325213114,37997.0,24206.0,13791.0,P1_isolated_effects
MISTRAL,public.tb_raca_cor,v07_plus_sample_rows,v00_baseline,sample_rows vs baseline,1,0.6666666666666666,0.9678676128387451,37997.0,24206.0,13791.0,P1_isolated_effects
MISTRAL,public.tb_tipo_glicemia,v07_plus_sample_rows,v00_baseline,sample_rows vs baseline,1,0.3333333333333333,0.9046617945035299,37997.0,24206.0,13791.0,P1_isolated_effects
MISTRAL,public.ta_medicamento_catmat,v04_plus_numeric_stats,v00_baseline,numeric_stats sozinho,1,0.6666666666666666,0.9019483725229899,34757.0,24206.0,10551.0,P2_numeric_stats
MISTRAL,public.ta_tecido_mole,v04_plus_numeric_stats,v00_baseline,numeric_stats sozinho,1,0.0,0.5752389430999756,34757.0,24206.0,10551.0,P2_numeric_stats
MISTRAL,public.ta_vacinacao,v04_plus_numeric_stats,v00_baseline,numeric_stats sozinho,1,0.0,0.8666966358820597,34757.0,24206.0,10551.0,P2_numeric_stats
MISTRAL,public.tb_antecedente,v04_plus_numeric_stats,v00_baseline,numeric_stats sozinho,1,1.0,0.999999463558197,34757.0,24206.0,10551.0,P2_numeric_stats
MISTRAL,public.tb_ciap_ms,v04_plus_numeric_stats,v00_baseline,numeric_stats sozinho,1,0.3333333333333333,0.7810528874397278,34757.0,24206.0,10551.0,P2_numeric_stats
MISTRAL,public.tb_cidadao,v04_plus_numeric_stats,v00_baseline,numeric_stats sozinho,1,1.0,0.9999994238217672,34757.0,24206.0,10551.0,P2_numeric_stats
MISTRAL,public.tb_cuidado_compartilhado_evol,v04_plus_numeric_stats,v00_baseline,numeric_stats sozinho,1,0.6666666666666666,0.9801095326741537,34757.0,24206.0,10551.0,P2_numeric_stats
MISTRAL,public.tb_dim_catmat,v04_plus_numeric_stats,v00_baseline,numeric_stats sozinho,1,0.6666666666666666,0.9357723792394003,34757.0,24206.0,10551.0,P2_numeric_stats
MISTRAL,public.tb_evolucao_odonto,v04_plus_numeric_stats,v00_baseline,numeric_stats sozinho,1,0.6666666666666666,0.924153745174408,34757.0,24206.0,10551.0,P2_numeric_stats
MISTRAL,public.tb_evolucao_subjetivo,v04_plus_numeric_stats,v00_baseline,numeric_stats sozinho,1,0.3333333333333333,0.7695377270380656,34757.0,24206.0,10551.0,P2_numeric_stats
MISTRAL,public.tb_exame_hemoglobina_glicada,v04_plus_numeric_stats,v00_baseline,numeric_stats sozinho,1,1.0,0.9999993443489075,34757.0,24206.0,10551.0,P2_numeric_stats
MISTRAL,public.tb_exame_prenatal,v04_plus_numeric_stats,v00_baseline,numeric_stats sozinho,1,0.3333333333333333,0.7485248843828837,34757.0,24206.0,10551.0,P2_numeric_stats
MISTRAL,public.tb_fat_atend_odonto_problemas,v04_plus_numeric_stats,v00_baseline,numeric_stats sozinho,1,0.3333333333333333,0.547425369421641,34757.0,24206.0,10551.0,P2_numeric_stats
MISTRAL,public.tb_fat_rel_op_risco_cardio,v04_plus_numeric_stats,v00_baseline,numeric_stats sozinho,1,0.6666666666666666,0.8351157307624817,34757.0,24206.0,10551.0,P2_numeric_stats
MISTRAL,public.tb_historico_dados_fao,v04_plus_numeric_stats,v00_baseline,numeric_stats sozinho,1,0.6666666666666666,0.9655192891756693,34757.0,24206.0,10551.0,P2_numeric_stats
MISTRAL,public.tb_justificativa_prontuario,v04_plus_numeric_stats,v00_baseline,numeric_stats sozinho,1,0.0,0.8472597002983093,34757.0,24206.0,10551.0,P2_numeric_stats
MISTRAL,public.tb_lembrete_evolucao,v04_plus_numeric_stats,v00_baseline,numeric_stats sozinho,1,0.3333333333333333,0.5749735832214355,34757.0,24206.0,10551.0,P2_numeric_stats
MISTRAL,public.tb_medicamento_uso_continuo,v04_plus_numeric_stats,v00_baseline,numeric_stats sozinho,1,0.0,0.699194331963857,34757.0,24206.0,10551.0,P2_numeric_stats
MISTRAL,public.tb_medicao,v04_plus_numeric_stats,v00_baseline,numeric_stats sozinho,1,0.3333333333333333,0.5830581585566202,34757.0,24206.0,10551.0,P2_numeric_stats
MISTRAL,public.tb_odontograma,v04_plus_numeric_stats,v00_baseline,numeric_stats sozinho,1,0.0,0.5528286496798197,34757.0,24206.0,10551.0,P2_numeric_stats
MISTRAL,public.tb_problema,v04_plus_numeric_stats,v00_baseline,numeric_stats sozinho,1,0.3333333333333333,0.7926107247670492,34757.0,24206.0,10551.0,P2_numeric_stats
MISTRAL,public.tb_proced_exame_especifico,v04_plus_numeric_stats,v00_baseline,numeric_stats sozinho,1,1.0,0.9999995231628418,34757.0,24206.0,10551.0,P2_numeric_stats
MISTRAL,public.tb_raca_cor,v04_plus_numeric_stats,v00_baseline,numeric_stats sozinho,1,0.6666666666666666,0.9678676128387451,34757.0,24206.0,10551.0,P2_numeric_stats
MISTRAL,public.tb_tipo_glicemia,v04_plus_numeric_stats,v00_baseline,numeric_stats sozinho,1,0.3333333333333333,0.9046617945035299,34757.0,24206.0,10551.0,P2_numeric_stats
MISTRAL,public.ta_medicamento_catmat,v14_nullable_plus_numeric_stats,v03_plus_nullable,numeric_stats + nullable vs nullable,1,0.3333333333333333,0.5915876428286234,36332.0,25647.0,10685.0,P2_numeric_stats
MISTRAL,public.ta_tecido_mole,v14_nullable_plus_numeric_stats,v03_plus_nullable,numeric_stats + nullable vs nullable,1,0.3333333333333333,0.955312450726827,36332.0,25647.0,10685.0,P2_numeric_stats
MISTRAL,public.ta_vacinacao,v14_nullable_plus_numeric_stats,v03_plus_nullable,numeric_stats + nullable vs nullable,1,0.0,0.5453221599260966,36332.0,25647.0,10685.0,P2_numeric_stats
MISTRAL,public.tb_antecedente,v14_nullable_plus_numeric_stats,v03_plus_nullable,numeric_stats + nullable vs nullable,1,0.3333333333333333,0.8413233757019043,36332.0,25647.0,10685.0,P2_numeric_stats
MISTRAL,public.tb_ciap_ms,v14_nullable_plus_numeric_stats,v03_plus_nullable,numeric_stats + nullable vs nullable,1,0.3333333333333333,0.580095370610555,36332.0,25647.0,10685.0,P2_numeric_stats
MISTRAL,public.tb_cidadao,v14_nullable_plus_numeric_stats,v03_plus_nullable,numeric_stats + nullable vs nullable,1,0.3333333333333333,0.8614264130592346,36332.0,25647.0,10685.0,P2_numeric_stats
MISTRAL,public.tb_cuidado_compartilhado_evol,v14_nullable_plus_numeric_stats,v03_plus_nullable,numeric_stats + nullable vs nullable,1,0.3333333333333333,0.6467764576276144,36332.0,25647.0,10685.0,P2_numeric_stats
MISTRAL,public.tb_dim_catmat,v14_nullable_plus_numeric_stats,v03_plus_nullable,numeric_stats + nullable vs nullable,1,0.3333333333333333,0.7944860259691874,36332.0,25647.0,10685.0,P2_numeric_stats
MISTRAL,public.tb_evolucao_odonto,v14_nullable_plus_numeric_stats,v03_plus_nullable,numeric_stats + nullable vs nullable,1,0.3333333333333333,0.6945263147354126,36332.0,25647.0,10685.0,P2_numeric_stats
MISTRAL,public.tb_evolucao_subjetivo,v14_nullable_plus_numeric_stats,v03_plus_nullable,numeric_stats + nullable vs nullable,1,0.0,0.7646405498186747,36332.0,25647.0,10685.0,P2_numeric_stats
MISTRAL,public.tb_exame_hemoglobina_glicada,v14_nullable_plus_numeric_stats,v03_plus_nullable,numeric_stats + nullable vs nullable,1,0.0,0.571264406045278,36332.0,25647.0,10685.0,P2_numeric_stats
MISTRAL,public.tb_exame_prenatal,v14_nullable_plus_numeric_stats,v03_plus_nullable,numeric_stats + nullable vs nullable,1,0.0,0.7191352446873983,36332.0,25647.0,10685.0,P2_numeric_stats
MISTRAL,public.tb_fat_atend_odonto_problemas,v14_nullable_plus_numeric_stats,v03_plus_nullable,numeric_stats + nullable vs nullable,1,0.6666666666666666,0.888970156510671,36332.0,25647.0,10685.0,P2_numeric_stats
MISTRAL,public.tb_fat_rel_op_risco_cardio,v14_nullable_plus_numeric_stats,v03_plus_nullable,numeric_stats + nullable vs nullable,1,0.6666666666666666,0.8351157307624817,36332.0,25647.0,10685.0,P2_numeric_stats
MISTRAL,public.tb_historico_dados_fao,v14_nullable_plus_numeric_stats,v03_plus_nullable,numeric_stats + nullable vs nullable,1,0.6666666666666666,0.9501914978027344,36332.0,25647.0,10685.0,P2_numeric_stats
MISTRAL,public.tb_justificativa_prontuario,v14_nullable_plus_numeric_stats,v03_plus_nullable,numeric_stats + nullable vs nullable,1,1.0,0.9999992847442627,36332.0,25647.0,10685.0,P2_numeric_stats
MISTRAL,public.tb_lembrete_evolucao,v14_nullable_plus_numeric_stats,v03_plus_nullable,numeric_stats + nullable vs nullable,1,0.6666666666666666,0.8937114874521891,36332.0,25647.0,10685.0,P2_numeric_stats
MISTRAL,public.tb_medicamento_uso_continuo,v14_nullable_plus_numeric_stats,v03_plus_nullable,numeric_stats + nullable vs nullable,1,0.0,0.7541762391726176,36332.0,25647.0,10685.0,P2_numeric_stats
MISTRAL,public.tb_medicao,v14_nullable_plus_numeric_stats,v03_plus_nullable,numeric_stats + nullable vs nullable,1,0.3333333333333333,0.5830581585566202,36332.0,25647.0,10685.0,P2_numeric_stats
MISTRAL,public.tb_odontograma,v14_nullable_plus_numeric_stats,v03_plus_nullable,numeric_stats + nullable vs nullable,1,0.3333333333333333,0.9320578177769979,36332.0,25647.0,10685.0,P2_numeric_stats
MISTRAL,public.tb_problema,v14_nullable_plus_numeric_stats,v03_plus_nullable,numeric_stats + nullable vs nullable,1,0.3333333333333333,0.8438138961791992,36332.0,25647.0,10685.0,P2_numeric_stats
MISTRAL,public.tb_proced_exame_especifico,v14_nullable_plus_numeric_stats,v03_plus_nullable,numeric_stats + nullable vs nullable,1,1.0,0.9999992648760477,36332.0,25647.0,10685.0,P2_numeric_stats
MISTRAL,public.tb_raca_cor,v14_nullable_plus_numeric_stats,v03_plus_nullable,numeric_stats + nullable vs nullable,1,0.0,0.6947170495986938,36332.0,25647.0,10685.0,P2_numeric_stats
MISTRAL,public.tb_tipo_glicemia,v14_nullable_plus_numeric_stats,v03_plus_nullable,numeric_stats + nullable vs nullable,1,0.3333333333333333,0.9266672531763712,36332.0,25647.0,10685.0,P2_numeric_stats
MISTRAL,public.ta_medicamento_catmat,v01_full,v24_full_no_numeric_stats,full vs full-sem-numeric_stats,1,0.6666666666666666,0.8717879255612692,119606.0,110130.0,9476.0,P2_numeric_stats
MISTRAL,public.ta_tecido_mole,v01_full,v24_full_no_numeric_stats,full vs full-sem-numeric_stats,1,0.0,0.5344541271527609,119606.0,110130.0,9476.0,P2_numeric_stats
MISTRAL,public.ta_vacinacao,v01_full,v24_full_no_numeric_stats,full vs full-sem-numeric_stats,1,0.6666666666666666,0.9850080410639445,119606.0,110130.0,9476.0,P2_numeric_stats
MISTRAL,public.tb_antecedente,v01_full,v24_full_no_numeric_stats,full vs full-sem-numeric_stats,1,0.3333333333333333,0.7388829787572225,119606.0,110130.0,9476.0,P2_numeric_stats
MISTRAL,public.tb_ciap_ms,v01_full,v24_full_no_numeric_stats,full vs full-sem-numeric_stats,1,0.3333333333333333,0.7453012665112814,119606.0,110130.0,9476.0,P2_numeric_stats
MISTRAL,public.tb_cidadao,v01_full,v24_full_no_numeric_stats,full vs full-sem-numeric_stats,1,1.0,0.999999463558197,119606.0,110130.0,9476.0,P2_numeric_stats
MISTRAL,public.tb_cuidado_compartilhado_evol,v01_full,v24_full_no_numeric_stats,full vs full-sem-numeric_stats,1,0.6666666666666666,0.8948359886805216,119606.0,110130.0,9476.0,P2_numeric_stats
MISTRAL,public.tb_dim_catmat,v01_full,v24_full_no_numeric_stats,full vs full-sem-numeric_stats,1,0.6666666666666666,0.666666050752004,119606.0,110130.0,9476.0,P2_numeric_stats
MISTRAL,public.tb_evolucao_odonto,v01_full,v24_full_no_numeric_stats,full vs full-sem-numeric_stats,1,0.6666666666666666,0.8946181933085123,119606.0,110130.0,9476.0,P2_numeric_stats
MISTRAL,public.tb_evolucao_subjetivo,v01_full,v24_full_no_numeric_stats,full vs full-sem-numeric_stats,1,0.3333333333333333,0.8504117329915365,119606.0,110130.0,9476.0,P2_numeric_stats
MISTRAL,public.tb_exame_hemoglobina_glicada,v01_full,v24_full_no_numeric_stats,full vs full-sem-numeric_stats,1,0.0,0.6660427252451578,119606.0,110130.0,9476.0,P2_numeric_stats
MISTRAL,public.tb_exame_prenatal,v01_full,v24_full_no_numeric_stats,full vs full-sem-numeric_stats,1,0.6666666666666666,0.9706097841262817,119606.0,110130.0,9476.0,P2_numeric_stats
MISTRAL,public.tb_fat_atend_odonto_problemas,v01_full,v24_full_no_numeric_stats,full vs full-sem-numeric_stats,1,0.6666666666666666,0.90623805920283,119606.0,110130.0,9476.0,P2_numeric_stats
MISTRAL,public.tb_fat_rel_op_risco_cardio,v01_full,v24_full_no_numeric_stats,full vs full-sem-numeric_stats,1,0.6666666666666666,0.8753166993459066,119606.0,110130.0,9476.0,P2_numeric_stats
MISTRAL,public.tb_historico_dados_fao,v01_full,v24_full_no_numeric_stats,full vs full-sem-numeric_stats,1,0.0,0.7344133456548055,119606.0,110130.0,9476.0,P2_numeric_stats
MISTRAL,public.tb_justificativa_prontuario,v01_full,v24_full_no_numeric_stats,full vs full-sem-numeric_stats,1,1.0,0.9999992847442627,119606.0,110130.0,9476.0,P2_numeric_stats
MISTRAL,public.tb_lembrete_evolucao,v01_full,v24_full_no_numeric_stats,full vs full-sem-numeric_stats,1,0.6666666666666666,0.6666663289070129,119606.0,110130.0,9476.0,P2_numeric_stats
MISTRAL,public.tb_medicamento_uso_continuo,v01_full,v24_full_no_numeric_stats,full vs full-sem-numeric_stats,1,1.0,0.9999993840853373,119606.0,110130.0,9476.0,P2_numeric_stats
MISTRAL,public.tb_medicao,v01_full,v24_full_no_numeric_stats,full vs full-sem-numeric_stats,1,1.0,0.9999994238217672,119606.0,110130.0,9476.0,P2_numeric_stats
MISTRAL,public.tb_odontograma,v01_full,v24_full_no_numeric_stats,full vs full-sem-numeric_stats,1,0.0,0.8836822509765625,119606.0,110130.0,9476.0,P2_numeric_stats
MISTRAL,public.tb_problema,v01_full,v24_full_no_numeric_stats,full vs full-sem-numeric_stats,1,0.3333333333333333,0.5355243484179179,119606.0,110130.0,9476.0,P2_numeric_stats
MISTRAL,public.tb_proced_exame_especifico,v01_full,v24_full_no_numeric_stats,full vs full-sem-numeric_stats,1,0.3333333333333333,0.8100977937380472,119606.0,110130.0,9476.0,P2_numeric_stats
MISTRAL,public.tb_raca_cor,v01_full,v24_full_no_numeric_stats,full vs full-sem-numeric_stats,1,1.0,0.9999991854031881,119606.0,110130.0,9476.0,P2_numeric_stats
MISTRAL,public.tb_tipo_glicemia,v01_full,v24_full_no_numeric_stats,full vs full-sem-numeric_stats,1,0.6666666666666666,0.9008162617683411,119606.0,110130.0,9476.0,P2_numeric_stats
MISTRAL,public.ta_medicamento_catmat,v07_plus_sample_rows,v05_plus_sample_values,rows vs sample_values,1,0.0,0.46782052516937256,37997.0,62953.0,-24956.0,P3_sample_rows_vs_col_values
MISTRAL,public.ta_tecido_mole,v07_plus_sample_rows,v05_plus_sample_values,rows vs sample_values,1,0.6666666666666666,0.8938814997673035,37997.0,62953.0,-24956.0,P3_sample_rows_vs_col_values
MISTRAL,public.ta_vacinacao,v07_plus_sample_rows,v05_plus_sample_values,rows vs sample_values,1,0.3333333333333333,0.7973947723706564,37997.0,62953.0,-24956.0,P3_sample_rows_vs_col_values
MISTRAL,public.tb_antecedente,v07_plus_sample_rows,v05_plus_sample_values,rows vs sample_values,1,0.6666666666666666,0.666666309038798,37997.0,62953.0,-24956.0,P3_sample_rows_vs_col_values
MISTRAL,public.tb_ciap_ms,v07_plus_sample_rows,v05_plus_sample_values,rows vs sample_values,1,0.0,0.6924596428871155,37997.0,62953.0,-24956.0,P3_sample_rows_vs_col_values
MISTRAL,public.tb_cidadao,v07_plus_sample_rows,v05_plus_sample_values,rows vs sample_values,1,1.0,0.9999994238217672,37997.0,62953.0,-24956.0,P3_sample_rows_vs_col_values
MISTRAL,public.tb_cuidado_compartilhado_evol,v07_plus_sample_rows,v05_plus_sample_values,rows vs sample_values,1,0.3333333333333333,0.8075670202573141,37997.0,62953.0,-24956.0,P3_sample_rows_vs_col_values
MISTRAL,public.tb_dim_catmat,v07_plus_sample_rows,v05_plus_sample_values,rows vs sample_values,1,0.0,0.5317029158274332,37997.0,62953.0,-24956.0,P3_sample_rows_vs_col_values
MISTRAL,public.tb_evolucao_odonto,v07_plus_sample_rows,v05_plus_sample_values,rows vs sample_values,1,0.0,0.7065269947052002,37997.0,62953.0,-24956.0,P3_sample_rows_vs_col_values
MISTRAL,public.tb_evolucao_subjetivo,v07_plus_sample_rows,v05_plus_sample_values,rows vs sample_values,1,0.0,0.3835678696632385,37997.0,62953.0,-24956.0,P3_sample_rows_vs_col_values
MISTRAL,public.tb_exame_hemoglobina_glicada,v07_plus_sample_rows,v05_plus_sample_values,rows vs sample_values,1,0.0,0.6928107341130575,37997.0,62953.0,-24956.0,P3_sample_rows_vs_col_values
MISTRAL,public.tb_exame_prenatal,v07_plus_sample_rows,v05_plus_sample_values,rows vs sample_values,1,0.6666666666666666,0.9706097841262817,37997.0,62953.0,-24956.0,P3_sample_rows_vs_col_values
MISTRAL,public.tb_fat_atend_odonto_problemas,v07_plus_sample_rows,v05_plus_sample_values,rows vs sample_values,1,0.3333333333333333,0.8180337945620219,37997.0,62953.0,-24956.0,P3_sample_rows_vs_col_values
MISTRAL,public.tb_fat_rel_op_risco_cardio,v07_plus_sample_rows,v05_plus_sample_values,rows vs sample_values,1,0.0,0.740673283735911,37997.0,62953.0,-24956.0,P3_sample_rows_vs_col_values
MISTRAL,public.tb_historico_dados_fao,v07_plus_sample_rows,v05_plus_sample_values,rows vs sample_values,1,0.0,0.7101822892824808,37997.0,62953.0,-24956.0,P3_sample_rows_vs_col_values
MISTRAL,public.tb_justificativa_prontuario,v07_plus_sample_rows,v05_plus_sample_values,rows vs sample_values,1,0.0,0.7978305816650391,37997.0,62953.0,-24956.0,P3_sample_rows_vs_col_values
MISTRAL,public.tb_lembrete_evolucao,v07_plus_sample_rows,v05_plus_sample_values,rows vs sample_values,1,0.0,0.4294505715370178,37997.0,62953.0,-24956.0,P3_sample_rows_vs_col_values
MISTRAL,public.tb_medicamento_uso_continuo,v07_plus_sample_rows,v05_plus_sample_values,rows vs sample_values,1,1.0,0.9999992847442627,37997.0,62953.0,-24956.0,P3_sample_rows_vs_col_values
MISTRAL,public.tb_medicao,v07_plus_sample_rows,v05_plus_sample_values,rows vs sample_values,1,0.0,0.4071938196818034,37997.0,62953.0,-24956.0,P3_sample_rows_vs_col_values
MISTRAL,public.tb_odontograma,v07_plus_sample_rows,v05_plus_sample_values,rows vs sample_values,1,0.0,0.766330361366272,37997.0,62953.0,-24956.0,P3_sample_rows_vs_col_values
MISTRAL,public.tb_problema,v07_plus_sample_rows,v05_plus_sample_values,rows vs sample_values,1,0.6666666666666666,0.9519638021787008,37997.0,62953.0,-24956.0,P3_sample_rows_vs_col_values
MISTRAL,public.tb_proced_exame_especifico,v07_plus_sample_rows,v05_plus_sample_values,rows vs sample_values,1,0.3333333333333333,0.8630284468332926,37997.0,62953.0,-24956.0,P3_sample_rows_vs_col_values
MISTRAL,public.tb_raca_cor,v07_plus_sample_rows,v05_plus_sample_values,rows vs sample_values,1,0.0,0.7887906233469645,37997.0,62953.0,-24956.0,P3_sample_rows_vs_col_values
MISTRAL,public.tb_tipo_glicemia,v07_plus_sample_rows,v05_plus_sample_values,rows vs sample_values,1,0.0,0.8350144426027933,37997.0,62953.0,-24956.0,P3_sample_rows_vs_col_values
MISTRAL,public.ta_medicamento_catmat,v07_plus_sample_rows,v06_plus_frequent_values,rows vs frequent_values,1,0.0,0.17994527022043863,37997.0,44374.0,-6377.0,P3_sample_rows_vs_col_values
MISTRAL,public.ta_tecido_mole,v07_plus_sample_rows,v06_plus_frequent_values,rows vs frequent_values,1,0.0,0.47709351778030396,37997.0,44374.0,-6377.0,P3_sample_rows_vs_col_values
MISTRAL,public.ta_vacinacao,v07_plus_sample_rows,v06_plus_frequent_values,rows vs frequent_values,1,0.0,0.7742926081021627,37997.0,44374.0,-6377.0,P3_sample_rows_vs_col_values
MISTRAL,public.tb_antecedente,v07_plus_sample_rows,v06_plus_frequent_values,rows vs frequent_values,1,0.0,0.7629154125849406,37997.0,44374.0,-6377.0,P3_sample_rows_vs_col_values
MISTRAL,public.tb_ciap_ms,v07_plus_sample_rows,v06_plus_frequent_values,rows vs frequent_values,1,0.6666666666666666,0.8920238812764486,37997.0,44374.0,-6377.0,P3_sample_rows_vs_col_values
MISTRAL,public.tb_cidadao,v07_plus_sample_rows,v06_plus_frequent_values,rows vs frequent_values,1,1.0,0.9999994238217672,37997.0,44374.0,-6377.0,P3_sample_rows_vs_col_values
MISTRAL,public.tb_cuidado_compartilhado_evol,v07_plus_sample_rows,v06_plus_frequent_values,rows vs frequent_values,1,0.3333333333333333,0.5809043447176615,37997.0,44374.0,-6377.0,P3_sample_rows_vs_col_values
MISTRAL,public.tb_dim_catmat,v07_plus_sample_rows,v06_plus_frequent_values,rows vs frequent_values,1,0.0,0.6443608403205872,37997.0,44374.0,-6377.0,P3_sample_rows_vs_col_values
MISTRAL,public.tb_evolucao_odonto,v07_plus_sample_rows,v06_plus_frequent_values,rows vs frequent_values,1,0.3333333333333333,0.7372717459996542,37997.0,44374.0,-6377.0,P3_sample_rows_vs_col_values
MISTRAL,public.tb_evolucao_subjetivo,v07_plus_sample_rows,v06_plus_frequent_values,rows vs frequent_values,1,0.0,0.2143255074818929,37997.0,44374.0,-6377.0,P3_sample_rows_vs_col_values
MISTRAL,public.tb_exame_hemoglobina_glicada,v07_plus_sample_rows,v06_plus_frequent_values,rows vs frequent_values,1,0.0,0.7536659240722656,37997.0,44374.0,-6377.0,P3_sample_rows_vs_col_values
MISTRAL,public.tb_exame_prenatal,v07_plus_sample_rows,v06_plus_frequent_values,rows vs frequent_values,1,1.0,0.9999994238217672,37997.0,44374.0,-6377.0,P3_sample_rows_vs_col_values
MISTRAL,public.tb_fat_atend_odonto_problemas,v07_plus_sample_rows,v06_plus_frequent_values,rows vs frequent_values,1,0.3333333333333333,0.5811635454495748,37997.0,44374.0,-6377.0,P3_sample_rows_vs_col_values
MISTRAL,public.tb_fat_rel_op_risco_cardio,v07_plus_sample_rows,v06_plus_frequent_values,rows vs frequent_values,1,0.0,0.5342858831087748,37997.0,44374.0,-6377.0,P3_sample_rows_vs_col_values
MISTRAL,public.tb_historico_dados_fao,v07_plus_sample_rows,v06_plus_frequent_values,rows vs frequent_values,1,0.0,0.700654129187266,37997.0,44374.0,-6377.0,P3_sample_rows_vs_col_values
MISTRAL,public.tb_justificativa_prontuario,v07_plus_sample_rows,v06_plus_frequent_values,rows vs frequent_values,1,1.0,0.9999993046124777,37997.0,44374.0,-6377.0,P3_sample_rows_vs_col_values
MISTRAL,public.tb_lembrete_evolucao,v07_plus_sample_rows,v06_plus_frequent_values,rows vs frequent_values,1,0.0,0.7284284234046936,37997.0,44374.0,-6377.0,P3_sample_rows_vs_col_values
MISTRAL,public.tb_medicamento_uso_continuo,v07_plus_sample_rows,v06_plus_frequent_values,rows vs frequent_values,1,0.3333333333333333,0.828912079334259,37997.0,44374.0,-6377.0,P3_sample_rows_vs_col_values
MISTRAL,public.tb_medicao,v07_plus_sample_rows,v06_plus_frequent_values,rows vs frequent_values,1,0.0,0.3936450680096944,37997.0,44374.0,-6377.0,P3_sample_rows_vs_col_values
MISTRAL,public.tb_odontograma,v07_plus_sample_rows,v06_plus_frequent_values,rows vs frequent_values,1,0.3333333333333333,0.8861617048581442,37997.0,44374.0,-6377.0,P3_sample_rows_vs_col_values
MISTRAL,public.tb_problema,v07_plus_sample_rows,v06_plus_frequent_values,rows vs frequent_values,1,0.0,0.5816922783851624,37997.0,44374.0,-6377.0,P3_sample_rows_vs_col_values
MISTRAL,public.tb_proced_exame_especifico,v07_plus_sample_rows,v06_plus_frequent_values,rows vs frequent_values,1,0.3333333333333333,0.8947242101033529,37997.0,44374.0,-6377.0,P3_sample_rows_vs_col_values
MISTRAL,public.tb_raca_cor,v07_plus_sample_rows,v06_plus_frequent_values,rows vs frequent_values,1,0.0,0.6947170495986938,37997.0,44374.0,-6377.0,P3_sample_rows_vs_col_values
MISTRAL,public.tb_tipo_glicemia,v07_plus_sample_rows,v06_plus_frequent_values,rows vs frequent_values,1,0.3333333333333333,0.9266672531763712,37997.0,44374.0,-6377.0,P3_sample_rows_vs_col_values
MISTRAL,public.ta_medicamento_catmat,v15_sample_rows_vs_sample_values,v07_plus_sample_rows,rows+sample_val vs rows,1,0.0,0.4049588640530904,76755.0,37997.0,38758.0,P3_sample_rows_vs_col_values
MISTRAL,public.ta_tecido_mole,v15_sample_rows_vs_sample_values,v07_plus_sample_rows,rows+sample_val vs rows,1,0.0,0.4322974681854248,76755.0,37997.0,38758.0,P3_sample_rows_vs_col_values
MISTRAL,public.ta_vacinacao,v15_sample_rows_vs_sample_values,v07_plus_sample_rows,rows+sample_val vs rows,1,0.3333333333333333,0.7973947723706564,76755.0,37997.0,38758.0,P3_sample_rows_vs_col_values
MISTRAL,public.tb_antecedente,v15_sample_rows_vs_sample_values,v07_plus_sample_rows,rows+sample_val vs rows,1,0.0,0.5238144795099894,76755.0,37997.0,38758.0,P3_sample_rows_vs_col_values
MISTRAL,public.tb_ciap_ms,v15_sample_rows_vs_sample_values,v07_plus_sample_rows,rows+sample_val vs rows,1,0.0,0.7020678917566935,76755.0,37997.0,38758.0,P3_sample_rows_vs_col_values
MISTRAL,public.tb_cidadao,v15_sample_rows_vs_sample_values,v07_plus_sample_rows,rows+sample_val vs rows,1,1.0,0.9999994238217672,76755.0,37997.0,38758.0,P3_sample_rows_vs_col_values
MISTRAL,public.tb_cuidado_compartilhado_evol,v15_sample_rows_vs_sample_values,v07_plus_sample_rows,rows+sample_val vs rows,1,0.0,0.7223414580027262,76755.0,37997.0,38758.0,P3_sample_rows_vs_col_values
MISTRAL,public.tb_dim_catmat,v15_sample_rows_vs_sample_values,v07_plus_sample_rows,rows+sample_val vs rows,1,0.3333333333333333,0.8166471322377523,76755.0,37997.0,38758.0,P3_sample_rows_vs_col_values
MISTRAL,public.tb_evolucao_odonto,v15_sample_rows_vs_sample_values,v07_plus_sample_rows,rows+sample_val vs rows,1,0.3333333333333333,0.7051311135292053,76755.0,37997.0,38758.0,P3_sample_rows_vs_col_values
MISTRAL,public.tb_evolucao_subjetivo,v15_sample_rows_vs_sample_values,v07_plus_sample_rows,rows+sample_val vs rows,1,0.0,0.48230210940043133,76755.0,37997.0,38758.0,P3_sample_rows_vs_col_values
MISTRAL,public.tb_exame_hemoglobina_glicada,v15_sample_rows_vs_sample_values,v07_plus_sample_rows,rows+sample_val vs rows,1,1.0,0.9999993443489075,76755.0,37997.0,38758.0,P3_sample_rows_vs_col_values
MISTRAL,public.tb_exame_prenatal,v15_sample_rows_vs_sample_values,v07_plus_sample_rows,rows+sample_val vs rows,1,1.0,0.9999994238217672,76755.0,37997.0,38758.0,P3_sample_rows_vs_col_values
MISTRAL,public.tb_fat_atend_odonto_problemas,v15_sample_rows_vs_sample_values,v07_plus_sample_rows,rows+sample_val vs rows,1,0.6666666666666666,0.6666662096977234,76755.0,37997.0,38758.0,P3_sample_rows_vs_col_values
MISTRAL,public.tb_fat_rel_op_risco_cardio,v15_sample_rows_vs_sample_values,v07_plus_sample_rows,rows+sample_val vs rows,1,0.0,0.7472617030143738,76755.0,37997.0,38758.0,P3_sample_rows_vs_col_values
MISTRAL,public.tb_historico_dados_fao,v15_sample_rows_vs_sample_values,v07_plus_sample_rows,rows+sample_val vs rows,1,0.0,0.6529265642166138,76755.0,37997.0,38758.0,P3_sample_rows_vs_col_values
MISTRAL,public.tb_justificativa_prontuario,v15_sample_rows_vs_sample_values,v07_plus_sample_rows,rows+sample_val vs rows,1,0.0,0.7978305816650391,76755.0,37997.0,38758.0,P3_sample_rows_vs_col_values
MISTRAL,public.tb_lembrete_evolucao,v15_sample_rows_vs_sample_values,v07_plus_sample_rows,rows+sample_val vs rows,1,0.0,0.4294505715370178,76755.0,37997.0,38758.0,P3_sample_rows_vs_col_values
MISTRAL,public.tb_medicamento_uso_continuo,v15_sample_rows_vs_sample_values,v07_plus_sample_rows,rows+sample_val vs rows,1,1.0,0.9999992847442627,76755.0,37997.0,38758.0,P3_sample_rows_vs_col_values
MISTRAL,public.tb_medicao,v15_sample_rows_vs_sample_values,v07_plus_sample_rows,rows+sample_val vs rows,1,0.6666666666666666,0.6666662494341532,76755.0,37997.0,38758.0,P3_sample_rows_vs_col_values
MISTRAL,public.tb_odontograma,v15_sample_rows_vs_sample_values,v07_plus_sample_rows,rows+sample_val vs rows,1,0.6666666666666666,0.9272165099779764,76755.0,37997.0,38758.0,P3_sample_rows_vs_col_values
MISTRAL,public.tb_problema,v15_sample_rows_vs_sample_values,v07_plus_sample_rows,rows+sample_val vs rows,1,0.3333333333333333,0.84259561697642,76755.0,37997.0,38758.0,P3_sample_rows_vs_col_values
MISTRAL,public.tb_proced_exame_especifico,v15_sample_rows_vs_sample_values,v07_plus_sample_rows,rows+sample_val vs rows,1,0.0,0.7034260034561157,76755.0,37997.0,38758.0,P3_sample_rows_vs_col_values
MISTRAL,public.tb_raca_cor,v15_sample_rows_vs_sample_values,v07_plus_sample_rows,rows+sample_val vs rows,1,0.0,0.5980517466862997,76755.0,37997.0,38758.0,P3_sample_rows_vs_col_values
MISTRAL,public.tb_tipo_glicemia,v15_sample_rows_vs_sample_values,v07_plus_sample_rows,rows+sample_val vs rows,1,0.6666666666666666,0.8741089304288229,76755.0,37997.0,38758.0,P3_sample_rows_vs_col_values
MISTRAL,public.ta_medicamento_catmat,v15_sample_rows_vs_sample_values,v05_plus_sample_values,rows+sample_val vs sample_val,1,0.0,0.6330669720967611,76755.0,62953.0,13802.0,P3_sample_rows_vs_col_values
MISTRAL,public.ta_tecido_mole,v15_sample_rows_vs_sample_values,v05_plus_sample_values,rows+sample_val vs sample_val,1,0.0,0.47588419914245605,76755.0,62953.0,13802.0,P3_sample_rows_vs_col_values
MISTRAL,public.ta_vacinacao,v15_sample_rows_vs_sample_values,v05_plus_sample_values,rows+sample_val vs sample_val,1,1.0,0.9999992648760477,76755.0,62953.0,13802.0,P3_sample_rows_vs_col_values
MISTRAL,public.tb_antecedente,v15_sample_rows_vs_sample_values,v05_plus_sample_values,rows+sample_val vs sample_val,1,0.0,0.748498797416687,76755.0,62953.0,13802.0,P3_sample_rows_vs_col_values
MISTRAL,public.tb_ciap_ms,v15_sample_rows_vs_sample_values,v05_plus_sample_values,rows+sample_val vs sample_val,1,0.6666666666666666,0.9319110115369161,76755.0,62953.0,13802.0,P3_sample_rows_vs_col_values
MISTRAL,public.tb_cidadao,v15_sample_rows_vs_sample_values,v05_plus_sample_values,rows+sample_val vs sample_val,1,1.0,0.9999994238217672,76755.0,62953.0,13802.0,P3_sample_rows_vs_col_values
MISTRAL,public.tb_cuidado_compartilhado_evol,v15_sample_rows_vs_sample_values,v05_plus_sample_values,rows+sample_val vs sample_val,1,0.0,0.7227062781651815,76755.0,62953.0,13802.0,P3_sample_rows_vs_col_values
MISTRAL,public.tb_dim_catmat,v15_sample_rows_vs_sample_values,v05_plus_sample_values,rows+sample_val vs sample_val,1,0.3333333333333333,0.545765737692515,76755.0,62953.0,13802.0,P3_sample_rows_vs_col_values
MISTRAL,public.tb_evolucao_odonto,v15_sample_rows_vs_sample_values,v05_plus_sample_values,rows+sample_val vs sample_val,1,0.0,0.8205237984657288,76755.0,62953.0,13802.0,P3_sample_rows_vs_col_values
MISTRAL,public.tb_evolucao_subjetivo,v15_sample_rows_vs_sample_values,v05_plus_sample_values,rows+sample_val vs sample_val,1,0.3333333333333333,0.7644118865331014,76755.0,62953.0,13802.0,P3_sample_rows_vs_col_values
MISTRAL,public.tb_exame_hemoglobina_glicada,v15_sample_rows_vs_sample_values,v05_plus_sample_values,rows+sample_val vs sample_val,1,0.0,0.6928107341130575,76755.0,62953.0,13802.0,P3_sample_rows_vs_col_values
MISTRAL,public.tb_exame_prenatal,v15_sample_rows_vs_sample_values,v05_plus_sample_values,rows+sample_val vs sample_val,1,0.6666666666666666,0.9706097841262817,76755.0,62953.0,13802.0,P3_sample_rows_vs_col_values
MISTRAL,public.tb_fat_atend_odonto_problemas,v15_sample_rows_vs_sample_values,v05_plus_sample_values,rows+sample_val vs sample_val,1,0.3333333333333333,0.5916327238082886,76755.0,62953.0,13802.0,P3_sample_rows_vs_col_values
MISTRAL,public.tb_fat_rel_op_risco_cardio,v15_sample_rows_vs_sample_values,v05_plus_sample_values,rows+sample_val vs sample_val,1,0.6666666666666666,0.6666661500930786,76755.0,62953.0,13802.0,P3_sample_rows_vs_col_values
MISTRAL,public.tb_historico_dados_fao,v15_sample_rows_vs_sample_values,v05_plus_sample_values,rows+sample_val vs sample_val,1,0.0,0.7915450135866801,76755.0,62953.0,13802.0,P3_sample_rows_vs_col_values
MISTRAL,public.tb_justificativa_prontuario,v15_sample_rows_vs_sample_values,v05_plus_sample_values,rows+sample_val vs sample_val,1,1.0,0.9999993244806925,76755.0,62953.0,13802.0,P3_sample_rows_vs_col_values
MISTRAL,public.tb_lembrete_evolucao,v15_sample_rows_vs_sample_values,v05_plus_sample_values,rows+sample_val vs sample_val,1,0.6666666666666666,0.8488102157910665,76755.0,62953.0,13802.0,P3_sample_rows_vs_col_values
MISTRAL,public.tb_medicamento_uso_continuo,v15_sample_rows_vs_sample_values,v05_plus_sample_values,rows+sample_val vs sample_val,1,1.0,0.9999992847442627,76755.0,62953.0,13802.0,P3_sample_rows_vs_col_values
MISTRAL,public.tb_medicao,v15_sample_rows_vs_sample_values,v05_plus_sample_values,rows+sample_val vs sample_val,1,0.0,0.5021528999010721,76755.0,62953.0,13802.0,P3_sample_rows_vs_col_values
MISTRAL,public.tb_odontograma,v15_sample_rows_vs_sample_values,v05_plus_sample_values,rows+sample_val vs sample_val,1,0.0,0.7532336314519247,76755.0,62953.0,13802.0,P3_sample_rows_vs_col_values
MISTRAL,public.tb_problema,v15_sample_rows_vs_sample_values,v05_plus_sample_values,rows+sample_val vs sample_val,1,0.6666666666666666,0.8906311194101969,76755.0,62953.0,13802.0,P3_sample_rows_vs_col_values
MISTRAL,public.tb_proced_exame_especifico,v15_sample_rows_vs_sample_values,v05_plus_sample_values,rows+sample_val vs sample_val,1,0.6666666666666666,0.8403969407081604,76755.0,62953.0,13802.0,P3_sample_rows_vs_col_values
MISTRAL,public.tb_raca_cor,v15_sample_rows_vs_sample_values,v05_plus_sample_values,rows+sample_val vs sample_val,1,0.6666666666666666,0.6666662693023682,76755.0,62953.0,13802.0,P3_sample_rows_vs_col_values
MISTRAL,public.tb_tipo_glicemia,v15_sample_rows_vs_sample_values,v05_plus_sample_values,rows+sample_val vs sample_val,1,0.0,0.7487838864326477,76755.0,62953.0,13802.0,P3_sample_rows_vs_col_values
MISTRAL,public.ta_medicamento_catmat,v16_sample_rows_vs_frequent_values,v07_plus_sample_rows,rows+freq_val vs rows,1,0.0,0.2412960728009542,58176.0,37997.0,20179.0,P3_sample_rows_vs_col_values
MISTRAL,public.ta_tecido_mole,v16_sample_rows_vs_frequent_values,v07_plus_sample_rows,rows+freq_val vs rows,1,0.3333333333333333,0.8035513758659363,58176.0,37997.0,20179.0,P3_sample_rows_vs_col_values
MISTRAL,public.ta_vacinacao,v16_sample_rows_vs_frequent_values,v07_plus_sample_rows,rows+freq_val vs rows,1,0.3333333333333333,0.9183747967084249,58176.0,37997.0,20179.0,P3_sample_rows_vs_col_values
MISTRAL,public.tb_antecedente,v16_sample_rows_vs_frequent_values,v07_plus_sample_rows,rows+freq_val vs rows,1,0.0,0.7629154125849406,58176.0,37997.0,20179.0,P3_sample_rows_vs_col_values
MISTRAL,public.tb_ciap_ms,v16_sample_rows_vs_frequent_values,v07_plus_sample_rows,rows+freq_val vs rows,1,0.6666666666666666,0.9513692061106364,58176.0,37997.0,20179.0,P3_sample_rows_vs_col_values
MISTRAL,public.tb_cidadao,v16_sample_rows_vs_frequent_values,v07_plus_sample_rows,rows+freq_val vs rows,1,0.6666666666666666,0.9599105715751648,58176.0,37997.0,20179.0,P3_sample_rows_vs_col_values
MISTRAL,public.tb_cuidado_compartilhado_evol,v16_sample_rows_vs_frequent_values,v07_plus_sample_rows,rows+freq_val vs rows,1,0.0,0.5663123726844788,58176.0,37997.0,20179.0,P3_sample_rows_vs_col_values
MISTRAL,public.tb_dim_catmat,v16_sample_rows_vs_frequent_values,v07_plus_sample_rows,rows+freq_val vs rows,1,0.0,0.5507558186848959,58176.0,37997.0,20179.0,P3_sample_rows_vs_col_values
MISTRAL,public.tb_evolucao_odonto,v16_sample_rows_vs_frequent_values,v07_plus_sample_rows,rows+freq_val vs rows,1,0.3333333333333333,0.8370598355929056,58176.0,37997.0,20179.0,P3_sample_rows_vs_col_values
MISTRAL,public.tb_evolucao_subjetivo,v16_sample_rows_vs_frequent_values,v07_plus_sample_rows,rows+freq_val vs rows,1,0.0,0.5059892733891805,58176.0,37997.0,20179.0,P3_sample_rows_vs_col_values
MISTRAL,public.tb_exame_hemoglobina_glicada,v16_sample_rows_vs_frequent_values,v07_plus_sample_rows,rows+freq_val vs rows,1,0.0,0.7536659240722656,58176.0,37997.0,20179.0,P3_sample_rows_vs_col_values
MISTRAL,public.tb_exame_prenatal,v16_sample_rows_vs_frequent_values,v07_plus_sample_rows,rows+freq_val vs rows,1,0.6666666666666666,0.9706097841262817,58176.0,37997.0,20179.0,P3_sample_rows_vs_col_values
MISTRAL,public.tb_fat_atend_odonto_problemas,v16_sample_rows_vs_frequent_values,v07_plus_sample_rows,rows+freq_val vs rows,1,0.6666666666666666,0.6666662096977234,58176.0,37997.0,20179.0,P3_sample_rows_vs_col_values
MISTRAL,public.tb_fat_rel_op_risco_cardio,v16_sample_rows_vs_frequent_values,v07_plus_sample_rows,rows+freq_val vs rows,1,0.0,0.7472617030143738,58176.0,37997.0,20179.0,P3_sample_rows_vs_col_values
MISTRAL,public.tb_historico_dados_fao,v16_sample_rows_vs_frequent_values,v07_plus_sample_rows,rows+freq_val vs rows,1,0.0,0.5413938562075297,58176.0,37997.0,20179.0,P3_sample_rows_vs_col_values
MISTRAL,public.tb_justificativa_prontuario,v16_sample_rows_vs_frequent_values,v07_plus_sample_rows,rows+freq_val vs rows,1,0.6666666666666666,0.9475652575492859,58176.0,37997.0,20179.0,P3_sample_rows_vs_col_values
MISTRAL,public.tb_lembrete_evolucao,v16_sample_rows_vs_frequent_values,v07_plus_sample_rows,rows+freq_val vs rows,1,0.6666666666666666,0.9040390650431315,58176.0,37997.0,20179.0,P3_sample_rows_vs_col_values
MISTRAL,public.tb_medicamento_uso_continuo,v16_sample_rows_vs_frequent_values,v07_plus_sample_rows,rows+freq_val vs rows,1,0.3333333333333333,0.8595138589541117,58176.0,37997.0,20179.0,P3_sample_rows_vs_col_values
MISTRAL,public.tb_medicao,v16_sample_rows_vs_frequent_values,v07_plus_sample_rows,rows+freq_val vs rows,1,0.0,0.4032431443532308,58176.0,37997.0,20179.0,P3_sample_rows_vs_col_values
MISTRAL,public.tb_odontograma,v16_sample_rows_vs_frequent_values,v07_plus_sample_rows,rows+freq_val vs rows,1,0.0,0.857547382513682,58176.0,37997.0,20179.0,P3_sample_rows_vs_col_values
MISTRAL,public.tb_problema,v16_sample_rows_vs_frequent_values,v07_plus_sample_rows,rows+freq_val vs rows,1,0.0,0.8537551959355673,58176.0,37997.0,20179.0,P3_sample_rows_vs_col_values
MISTRAL,public.tb_proced_exame_especifico,v16_sample_rows_vs_frequent_values,v07_plus_sample_rows,rows+freq_val vs rows,1,0.3333333333333333,0.8947242101033529,58176.0,37997.0,20179.0,P3_sample_rows_vs_col_values
MISTRAL,public.tb_raca_cor,v16_sample_rows_vs_frequent_values,v07_plus_sample_rows,rows+freq_val vs rows,1,0.6666666666666666,0.9678676128387451,58176.0,37997.0,20179.0,P3_sample_rows_vs_col_values
MISTRAL,public.tb_tipo_glicemia,v16_sample_rows_vs_frequent_values,v07_plus_sample_rows,rows+freq_val vs rows,1,0.3333333333333333,0.8587221304575602,58176.0,37997.0,20179.0,P3_sample_rows_vs_col_values
MISTRAL,public.ta_medicamento_catmat,v17_sample_rows_plus_both_values,v07_plus_sample_rows,rows+ambos vs rows,1,0.0,0.49407299359639484,95725.0,37997.0,57728.0,P3_sample_rows_vs_col_values
MISTRAL,public.ta_tecido_mole,v17_sample_rows_plus_both_values,v07_plus_sample_rows,rows+ambos vs rows,1,0.6666666666666666,0.9191156427065531,95725.0,37997.0,57728.0,P3_sample_rows_vs_col_values
MISTRAL,public.ta_vacinacao,v17_sample_rows_plus_both_values,v07_plus_sample_rows,rows+ambos vs rows,1,0.3333333333333333,0.9231281280517578,95725.0,37997.0,57728.0,P3_sample_rows_vs_col_values
MISTRAL,public.tb_antecedente,v17_sample_rows_plus_both_values,v07_plus_sample_rows,rows+ambos vs rows,1,0.0,0.5044498046239217,95725.0,37997.0,57728.0,P3_sample_rows_vs_col_values
MISTRAL,public.tb_ciap_ms,v17_sample_rows_plus_both_values,v07_plus_sample_rows,rows+ambos vs rows,1,0.0,0.7965653340021769,95725.0,37997.0,57728.0,P3_sample_rows_vs_col_values
MISTRAL,public.tb_cidadao,v17_sample_rows_plus_both_values,v07_plus_sample_rows,rows+ambos vs rows,1,0.6666666666666666,0.9599105715751648,95725.0,37997.0,57728.0,P3_sample_rows_vs_col_values
MISTRAL,public.tb_cuidado_compartilhado_evol,v17_sample_rows_plus_both_values,v07_plus_sample_rows,rows+ambos vs rows,1,0.3333333333333333,0.8075670202573141,95725.0,37997.0,57728.0,P3_sample_rows_vs_col_values
MISTRAL,public.tb_dim_catmat,v17_sample_rows_plus_both_values,v07_plus_sample_rows,rows+ambos vs rows,1,0.0,0.8279983401298523,95725.0,37997.0,57728.0,P3_sample_rows_vs_col_values
MISTRAL,public.tb_evolucao_odonto,v17_sample_rows_plus_both_values,v07_plus_sample_rows,rows+ambos vs rows,1,0.3333333333333333,0.7422633369763693,95725.0,37997.0,57728.0,P3_sample_rows_vs_col_values
MISTRAL,public.tb_evolucao_subjetivo,v17_sample_rows_plus_both_values,v07_plus_sample_rows,rows+ambos vs rows,1,0.0,0.4136860768000285,95725.0,37997.0,57728.0,P3_sample_rows_vs_col_values
MISTRAL,public.tb_exame_hemoglobina_glicada,v17_sample_rows_plus_both_values,v07_plus_sample_rows,rows+ambos vs rows,1,0.0,0.7136618693669637,95725.0,37997.0,57728.0,P3_sample_rows_vs_col_values
MISTRAL,public.tb_exame_prenatal,v17_sample_rows_plus_both_values,v07_plus_sample_rows,rows+ambos vs rows,1,1.0,0.9999994238217672,95725.0,37997.0,57728.0,P3_sample_rows_vs_col_values
MISTRAL,public.tb_fat_atend_odonto_problemas,v17_sample_rows_plus_both_values,v07_plus_sample_rows,rows+ambos vs rows,1,0.6666666666666666,0.9085505207379659,95725.0,37997.0,57728.0,P3_sample_rows_vs_col_values
MISTRAL,public.tb_fat_rel_op_risco_cardio,v17_sample_rows_plus_both_values,v07_plus_sample_rows,rows+ambos vs rows,1,0.0,0.7472617030143738,95725.0,37997.0,57728.0,P3_sample_rows_vs_col_values
MISTRAL,public.tb_historico_dados_fao,v17_sample_rows_plus_both_values,v07_plus_sample_rows,rows+ambos vs rows,1,0.0,0.7376880447069804,95725.0,37997.0,57728.0,P3_sample_rows_vs_col_values
MISTRAL,public.tb_justificativa_prontuario,v17_sample_rows_plus_both_values,v07_plus_sample_rows,rows+ambos vs rows,1,0.6666666666666666,0.9475652575492859,95725.0,37997.0,57728.0,P3_sample_rows_vs_col_values
MISTRAL,public.tb_lembrete_evolucao,v17_sample_rows_plus_both_values,v07_plus_sample_rows,rows+ambos vs rows,1,0.0,0.4294505715370178,95725.0,37997.0,57728.0,P3_sample_rows_vs_col_values
MISTRAL,public.tb_medicamento_uso_continuo,v17_sample_rows_plus_both_values,v07_plus_sample_rows,rows+ambos vs rows,1,0.3333333333333333,0.8595138589541117,95725.0,37997.0,57728.0,P3_sample_rows_vs_col_values
MISTRAL,public.tb_medicao,v17_sample_rows_plus_both_values,v07_plus_sample_rows,rows+ambos vs rows,1,0.0,0.3995225628217061,95725.0,37997.0,57728.0,P3_sample_rows_vs_col_values
MISTRAL,public.tb_odontograma,v17_sample_rows_plus_both_values,v07_plus_sample_rows,rows+ambos vs rows,1,0.3333333333333333,0.8247679869333903,95725.0,37997.0,57728.0,P3_sample_rows_vs_col_values
MISTRAL,public.tb_problema,v17_sample_rows_plus_both_values,v07_plus_sample_rows,rows+ambos vs rows,1,0.0,0.4799981713294983,95725.0,37997.0,57728.0,P3_sample_rows_vs_col_values
MISTRAL,public.tb_proced_exame_especifico,v17_sample_rows_plus_both_values,v07_plus_sample_rows,rows+ambos vs rows,1,0.3333333333333333,0.8974858125050863,95725.0,37997.0,57728.0,P3_sample_rows_vs_col_values
MISTRAL,public.tb_raca_cor,v17_sample_rows_plus_both_values,v07_plus_sample_rows,rows+ambos vs rows,1,0.0,0.7887906233469645,95725.0,37997.0,57728.0,P3_sample_rows_vs_col_values
MISTRAL,public.tb_tipo_glicemia,v17_sample_rows_plus_both_values,v07_plus_sample_rows,rows+ambos vs rows,1,0.3333333333333333,0.9384605089823405,95725.0,37997.0,57728.0,P3_sample_rows_vs_col_values
MISTRAL,public.ta_medicamento_catmat,v01_full,v25_full_no_sample_rows,full vs full-sem-rows,1,0.0,0.4843829274177551,119606.0,105589.0,14017.0,P3_sample_rows_vs_col_values
MISTRAL,public.ta_tecido_mole,v01_full,v25_full_no_sample_rows,full vs full-sem-rows,1,0.0,0.6347501873970032,119606.0,105589.0,14017.0,P3_sample_rows_vs_col_values
MISTRAL,public.ta_vacinacao,v01_full,v25_full_no_sample_rows,full vs full-sem-rows,1,0.6666666666666666,0.9850080410639445,119606.0,105589.0,14017.0,P3_sample_rows_vs_col_values
MISTRAL,public.tb_antecedente,v01_full,v25_full_no_sample_rows,full vs full-sem-rows,1,0.0,0.7177965044975281,119606.0,105589.0,14017.0,P3_sample_rows_vs_col_values
MISTRAL,public.tb_ciap_ms,v01_full,v25_full_no_sample_rows,full vs full-sem-rows,1,0.0,0.21732542912165323,119606.0,105589.0,14017.0,P3_sample_rows_vs_col_values
MISTRAL,public.tb_cidadao,v01_full,v25_full_no_sample_rows,full vs full-sem-rows,1,0.6666666666666666,0.8863035837809244,119606.0,105589.0,14017.0,P3_sample_rows_vs_col_values
MISTRAL,public.tb_cuidado_compartilhado_evol,v01_full,v25_full_no_sample_rows,full vs full-sem-rows,1,0.6666666666666666,0.8948359886805216,119606.0,105589.0,14017.0,P3_sample_rows_vs_col_values
MISTRAL,public.tb_dim_catmat,v01_full,v25_full_no_sample_rows,full vs full-sem-rows,1,1.0,0.9999991854031881,119606.0,105589.0,14017.0,P3_sample_rows_vs_col_values
MISTRAL,public.tb_evolucao_odonto,v01_full,v25_full_no_sample_rows,full vs full-sem-rows,1,1.0,0.9999991854031881,119606.0,105589.0,14017.0,P3_sample_rows_vs_col_values
MISTRAL,public.tb_evolucao_subjetivo,v01_full,v25_full_no_sample_rows,full vs full-sem-rows,1,0.3333333333333333,0.826386292775472,119606.0,105589.0,14017.0,P3_sample_rows_vs_col_values
MISTRAL,public.tb_exame_hemoglobina_glicada,v01_full,v25_full_no_sample_rows,full vs full-sem-rows,1,0.3333333333333333,0.8448417584101359,119606.0,105589.0,14017.0,P3_sample_rows_vs_col_values
MISTRAL,public.tb_exame_prenatal,v01_full,v25_full_no_sample_rows,full vs full-sem-rows,1,1.0,0.9999994238217672,119606.0,105589.0,14017.0,P3_sample_rows_vs_col_values
MISTRAL,public.tb_fat_atend_odonto_problemas,v01_full,v25_full_no_sample_rows,full vs full-sem-rows,1,0.3333333333333333,0.5407882928848267,119606.0,105589.0,14017.0,P3_sample_rows_vs_col_values
MISTRAL,public.tb_fat_rel_op_risco_cardio,v01_full,v25_full_no_sample_rows,full vs full-sem-rows,1,0.6666666666666666,0.6666661500930786,119606.0,105589.0,14017.0,P3_sample_rows_vs_col_values
MISTRAL,public.tb_historico_dados_fao,v01_full,v25_full_no_sample_rows,full vs full-sem-rows,1,0.0,0.7369531790415446,119606.0,105589.0,14017.0,P3_sample_rows_vs_col_values
MISTRAL,public.tb_justificativa_prontuario,v01_full,v25_full_no_sample_rows,full vs full-sem-rows,1,1.0,0.9999992847442627,119606.0,105589.0,14017.0,P3_sample_rows_vs_col_values
MISTRAL,public.tb_lembrete_evolucao,v01_full,v25_full_no_sample_rows,full vs full-sem-rows,1,0.0,0.7121412952740988,119606.0,105589.0,14017.0,P3_sample_rows_vs_col_values
MISTRAL,public.tb_medicamento_uso_continuo,v01_full,v25_full_no_sample_rows,full vs full-sem-rows,1,0.0,0.5261808037757874,119606.0,105589.0,14017.0,P3_sample_rows_vs_col_values
MISTRAL,public.tb_medicao,v01_full,v25_full_no_sample_rows,full vs full-sem-rows,1,0.0,0.48213766018549603,119606.0,105589.0,14017.0,P3_sample_rows_vs_col_values
MISTRAL,public.tb_odontograma,v01_full,v25_full_no_sample_rows,full vs full-sem-rows,1,0.6666666666666666,0.9544212222099304,119606.0,105589.0,14017.0,P3_sample_rows_vs_col_values
MISTRAL,public.tb_problema,v01_full,v25_full_no_sample_rows,full vs full-sem-rows,1,0.0,0.47276637951533,119606.0,105589.0,14017.0,P3_sample_rows_vs_col_values
MISTRAL,public.tb_proced_exame_especifico,v01_full,v25_full_no_sample_rows,full vs full-sem-rows,1,0.0,0.7335297067960104,119606.0,105589.0,14017.0,P3_sample_rows_vs_col_values
MISTRAL,public.tb_raca_cor,v01_full,v25_full_no_sample_rows,full vs full-sem-rows,1,1.0,0.9999991854031881,119606.0,105589.0,14017.0,P3_sample_rows_vs_col_values
MISTRAL,public.tb_tipo_glicemia,v01_full,v25_full_no_sample_rows,full vs full-sem-rows,1,0.6666666666666666,0.9098538557688395,119606.0,105589.0,14017.0,P3_sample_rows_vs_col_values
MISTRAL,public.ta_medicamento_catmat,v08_fk_plus_sample_values,v05_plus_sample_values,FK+sample_val vs sample_val,1,0.0,0.5978745023409525,66524.0,62953.0,3571.0,P4_fk_interaction
MISTRAL,public.ta_tecido_mole,v08_fk_plus_sample_values,v05_plus_sample_values,FK+sample_val vs sample_val,1,0.0,0.4670131206512451,66524.0,62953.0,3571.0,P4_fk_interaction
MISTRAL,public.ta_vacinacao,v08_fk_plus_sample_values,v05_plus_sample_values,FK+sample_val vs sample_val,1,0.3333333333333333,0.8441752791404724,66524.0,62953.0,3571.0,P4_fk_interaction
MISTRAL,public.tb_antecedente,v08_fk_plus_sample_values,v05_plus_sample_values,FK+sample_val vs sample_val,1,1.0,0.9999994039535522,66524.0,62953.0,3571.0,P4_fk_interaction
MISTRAL,public.tb_ciap_ms,v08_fk_plus_sample_values,v05_plus_sample_values,FK+sample_val vs sample_val,1,0.6666666666666666,0.9420188466707865,66524.0,62953.0,3571.0,P4_fk_interaction
MISTRAL,public.tb_cidadao,v08_fk_plus_sample_values,v05_plus_sample_values,FK+sample_val vs sample_val,1,0.6666666666666666,0.901515265305837,66524.0,62953.0,3571.0,P4_fk_interaction
MISTRAL,public.tb_cuidado_compartilhado_evol,v08_fk_plus_sample_values,v05_plus_sample_values,FK+sample_val vs sample_val,1,0.3333333333333333,0.8640258312225342,66524.0,62953.0,3571.0,P4_fk_interaction
MISTRAL,public.tb_dim_catmat,v08_fk_plus_sample_values,v05_plus_sample_values,FK+sample_val vs sample_val,1,0.0,0.4887168010075887,66524.0,62953.0,3571.0,P4_fk_interaction
MISTRAL,public.tb_evolucao_odonto,v08_fk_plus_sample_values,v05_plus_sample_values,FK+sample_val vs sample_val,1,0.0,0.6992752552032471,66524.0,62953.0,3571.0,P4_fk_interaction
MISTRAL,public.tb_evolucao_subjetivo,v08_fk_plus_sample_values,v05_plus_sample_values,FK+sample_val vs sample_val,1,0.3333333333333333,0.6245145201683044,66524.0,62953.0,3571.0,P4_fk_interaction
MISTRAL,public.tb_exame_hemoglobina_glicada,v08_fk_plus_sample_values,v05_plus_sample_values,FK+sample_val vs sample_val,1,0.3333333333333333,0.8448417584101359,66524.0,62953.0,3571.0,P4_fk_interaction
MISTRAL,public.tb_exame_prenatal,v08_fk_plus_sample_values,v05_plus_sample_values,FK+sample_val vs sample_val,1,0.6666666666666666,0.9706097841262817,66524.0,62953.0,3571.0,P4_fk_interaction
MISTRAL,public.tb_fat_atend_odonto_problemas,v08_fk_plus_sample_values,v05_plus_sample_values,FK+sample_val vs sample_val,1,0.3333333333333333,0.8196076154708862,66524.0,62953.0,3571.0,P4_fk_interaction
MISTRAL,public.tb_fat_rel_op_risco_cardio,v08_fk_plus_sample_values,v05_plus_sample_values,FK+sample_val vs sample_val,1,0.6666666666666666,0.946361780166626,66524.0,62953.0,3571.0,P4_fk_interaction
MISTRAL,public.tb_historico_dados_fao,v08_fk_plus_sample_values,v05_plus_sample_values,FK+sample_val vs sample_val,1,0.3333333333333333,0.7277889847755432,66524.0,62953.0,3571.0,P4_fk_interaction
MISTRAL,public.tb_justificativa_prontuario,v08_fk_plus_sample_values,v05_plus_sample_values,FK+sample_val vs sample_val,1,0.0,0.8472597002983093,66524.0,62953.0,3571.0,P4_fk_interaction
MISTRAL,public.tb_lembrete_evolucao,v08_fk_plus_sample_values,v05_plus_sample_values,FK+sample_val vs sample_val,1,0.0,0.7698351144790649,66524.0,62953.0,3571.0,P4_fk_interaction
MISTRAL,public.tb_medicamento_uso_continuo,v08_fk_plus_sample_values,v05_plus_sample_values,FK+sample_val vs sample_val,1,0.0,0.7103038231531779,66524.0,62953.0,3571.0,P4_fk_interaction
MISTRAL,public.tb_medicao,v08_fk_plus_sample_values,v05_plus_sample_values,FK+sample_val vs sample_val,1,0.0,0.6565248966217041,66524.0,62953.0,3571.0,P4_fk_interaction
MISTRAL,public.tb_odontograma,v08_fk_plus_sample_values,v05_plus_sample_values,FK+sample_val vs sample_val,1,0.6666666666666666,0.9589444796244303,66524.0,62953.0,3571.0,P4_fk_interaction
MISTRAL,public.tb_problema,v08_fk_plus_sample_values,v05_plus_sample_values,FK+sample_val vs sample_val,1,0.0,0.6797428131103516,66524.0,62953.0,3571.0,P4_fk_interaction
MISTRAL,public.tb_proced_exame_especifico,v08_fk_plus_sample_values,v05_plus_sample_values,FK+sample_val vs sample_val,1,0.0,0.724479615688324,66524.0,62953.0,3571.0,P4_fk_interaction
MISTRAL,public.tb_raca_cor,v08_fk_plus_sample_values,v05_plus_sample_values,FK+sample_val vs sample_val,1,1.0,0.9999991854031881,66524.0,62953.0,3571.0,P4_fk_interaction
MISTRAL,public.tb_tipo_glicemia,v08_fk_plus_sample_values,v05_plus_sample_values,FK+sample_val vs sample_val,1,0.0,0.8404239614804586,66524.0,62953.0,3571.0,P4_fk_interaction
MISTRAL,public.ta_medicamento_catmat,v09_fk_plus_frequent_values,v06_plus_frequent_values,FK+freq_val vs freq_val,1,0.0,0.41706742842992145,47945.0,44374.0,3571.0,P4_fk_interaction
MISTRAL,public.ta_tecido_mole,v09_fk_plus_frequent_values,v06_plus_frequent_values,FK+freq_val vs freq_val,1,0.3333333333333333,0.572426994641622,47945.0,44374.0,3571.0,P4_fk_interaction
MISTRAL,public.ta_vacinacao,v09_fk_plus_frequent_values,v06_plus_frequent_values,FK+freq_val vs freq_val,1,1.0,0.9999993840853373,47945.0,44374.0,3571.0,P4_fk_interaction
MISTRAL,public.tb_antecedente,v09_fk_plus_frequent_values,v06_plus_frequent_values,FK+freq_val vs freq_val,1,1.0,0.9999993443489075,47945.0,44374.0,3571.0,P4_fk_interaction
MISTRAL,public.tb_ciap_ms,v09_fk_plus_frequent_values,v06_plus_frequent_values,FK+freq_val vs freq_val,1,0.6666666666666666,0.9168051481246948,47945.0,44374.0,3571.0,P4_fk_interaction
MISTRAL,public.tb_cidadao,v09_fk_plus_frequent_values,v06_plus_frequent_values,FK+freq_val vs freq_val,1,1.0,0.9999994238217672,47945.0,44374.0,3571.0,P4_fk_interaction
MISTRAL,public.tb_cuidado_compartilhado_evol,v09_fk_plus_frequent_values,v06_plus_frequent_values,FK+freq_val vs freq_val,1,0.3333333333333333,0.5649870832761129,47945.0,44374.0,3571.0,P4_fk_interaction
MISTRAL,public.tb_dim_catmat,v09_fk_plus_frequent_values,v06_plus_frequent_values,FK+freq_val vs freq_val,1,0.3333333333333333,0.8095773061116537,47945.0,44374.0,3571.0,P4_fk_interaction
MISTRAL,public.tb_evolucao_odonto,v09_fk_plus_frequent_values,v06_plus_frequent_values,FK+freq_val vs freq_val,1,0.3333333333333333,0.8463245431582133,47945.0,44374.0,3571.0,P4_fk_interaction
MISTRAL,public.tb_evolucao_subjetivo,v09_fk_plus_frequent_values,v06_plus_frequent_values,FK+freq_val vs freq_val,1,0.6666666666666666,0.8800031741460165,47945.0,44374.0,3571.0,P4_fk_interaction
MISTRAL,public.tb_exame_hemoglobina_glicada,v09_fk_plus_frequent_values,v06_plus_frequent_values,FK+freq_val vs freq_val,1,1.0,0.9999994238217672,47945.0,44374.0,3571.0,P4_fk_interaction
MISTRAL,public.tb_exame_prenatal,v09_fk_plus_frequent_values,v06_plus_frequent_values,FK+freq_val vs freq_val,1,1.0,0.9999994238217672,47945.0,44374.0,3571.0,P4_fk_interaction
MISTRAL,public.tb_fat_atend_odonto_problemas,v09_fk_plus_frequent_values,v06_plus_frequent_values,FK+freq_val vs freq_val,1,0.3333333333333333,0.86415034532547,47945.0,44374.0,3571.0,P4_fk_interaction
MISTRAL,public.tb_fat_rel_op_risco_cardio,v09_fk_plus_frequent_values,v06_plus_frequent_values,FK+freq_val vs freq_val,1,1.0,0.9999993443489075,47945.0,44374.0,3571.0,P4_fk_interaction
MISTRAL,public.tb_historico_dados_fao,v09_fk_plus_frequent_values,v06_plus_frequent_values,FK+freq_val vs freq_val,1,0.0,0.6994495193163554,47945.0,44374.0,3571.0,P4_fk_interaction
MISTRAL,public.tb_justificativa_prontuario,v09_fk_plus_frequent_values,v06_plus_frequent_values,FK+freq_val vs freq_val,1,0.6666666666666666,0.9262254039446512,47945.0,44374.0,3571.0,P4_fk_interaction
MISTRAL,public.tb_lembrete_evolucao,v09_fk_plus_frequent_values,v06_plus_frequent_values,FK+freq_val vs freq_val,1,0.0,0.6415202021598816,47945.0,44374.0,3571.0,P4_fk_interaction
MISTRAL,public.tb_medicamento_uso_continuo,v09_fk_plus_frequent_values,v06_plus_frequent_values,FK+freq_val vs freq_val,1,0.0,0.4900651772816976,47945.0,44374.0,3571.0,P4_fk_interaction
MISTRAL,public.tb_medicao,v09_fk_plus_frequent_values,v06_plus_frequent_values,FK+freq_val vs freq_val,1,0.0,0.0,47945.0,44374.0,3571.0,P4_fk_interaction
MISTRAL,public.tb_odontograma,v09_fk_plus_frequent_values,v06_plus_frequent_values,FK+freq_val vs freq_val,1,0.6666666666666666,0.9471004605293274,47945.0,44374.0,3571.0,P4_fk_interaction
MISTRAL,public.tb_problema,v09_fk_plus_frequent_values,v06_plus_frequent_values,FK+freq_val vs freq_val,1,0.3333333333333333,0.6339615782101949,47945.0,44374.0,3571.0,P4_fk_interaction
MISTRAL,public.tb_proced_exame_especifico,v09_fk_plus_frequent_values,v06_plus_frequent_values,FK+freq_val vs freq_val,1,0.3333333333333333,0.803484320640564,47945.0,44374.0,3571.0,P4_fk_interaction
MISTRAL,public.tb_raca_cor,v09_fk_plus_frequent_values,v06_plus_frequent_values,FK+freq_val vs freq_val,1,0.3333333333333333,0.818494995435079,47945.0,44374.0,3571.0,P4_fk_interaction
MISTRAL,public.tb_tipo_glicemia,v09_fk_plus_frequent_values,v06_plus_frequent_values,FK+freq_val vs freq_val,1,0.6666666666666666,0.8868557810783386,47945.0,44374.0,3571.0,P4_fk_interaction
MISTRAL,public.ta_medicamento_catmat,v10_fk_plus_sample_and_frequent,v08_fk_plus_sample_values,FK+ambos vs FK+sample_val,1,0.3333333333333333,0.7767659425735474,85494.0,66524.0,18970.0,P4_fk_interaction
MISTRAL,public.ta_tecido_mole,v10_fk_plus_sample_and_frequent,v08_fk_plus_sample_values,FK+ambos vs FK+sample_val,1,0.0,0.6110255519549052,85494.0,66524.0,18970.0,P4_fk_interaction
MISTRAL,public.ta_vacinacao,v10_fk_plus_sample_and_frequent,v08_fk_plus_sample_values,FK+ambos vs FK+sample_val,1,0.3333333333333333,0.6023350755373637,85494.0,66524.0,18970.0,P4_fk_interaction
MISTRAL,public.tb_antecedente,v10_fk_plus_sample_and_frequent,v08_fk_plus_sample_values,FK+ambos vs FK+sample_val,1,0.3333333333333333,0.8386204640070597,85494.0,66524.0,18970.0,P4_fk_interaction
MISTRAL,public.tb_ciap_ms,v10_fk_plus_sample_and_frequent,v08_fk_plus_sample_values,FK+ambos vs FK+sample_val,1,0.6666666666666666,0.9735049605369568,85494.0,66524.0,18970.0,P4_fk_interaction
MISTRAL,public.tb_cidadao,v10_fk_plus_sample_and_frequent,v08_fk_plus_sample_values,FK+ambos vs FK+sample_val,1,0.3333333333333333,0.8623489141464233,85494.0,66524.0,18970.0,P4_fk_interaction
MISTRAL,public.tb_cuidado_compartilhado_evol,v10_fk_plus_sample_and_frequent,v08_fk_plus_sample_values,FK+ambos vs FK+sample_val,1,0.6666666666666666,0.8983200788497925,85494.0,66524.0,18970.0,P4_fk_interaction
MISTRAL,public.tb_dim_catmat,v10_fk_plus_sample_and_frequent,v08_fk_plus_sample_values,FK+ambos vs FK+sample_val,1,0.3333333333333333,0.7721954385439554,85494.0,66524.0,18970.0,P4_fk_interaction
MISTRAL,public.tb_evolucao_odonto,v10_fk_plus_sample_and_frequent,v08_fk_plus_sample_values,FK+ambos vs FK+sample_val,1,0.6666666666666666,0.8946181933085123,85494.0,66524.0,18970.0,P4_fk_interaction
MISTRAL,public.tb_evolucao_subjetivo,v10_fk_plus_sample_and_frequent,v08_fk_plus_sample_values,FK+ambos vs FK+sample_val,1,0.3333333333333333,0.3333331147829692,85494.0,66524.0,18970.0,P4_fk_interaction
MISTRAL,public.tb_exame_hemoglobina_glicada,v10_fk_plus_sample_and_frequent,v08_fk_plus_sample_values,FK+ambos vs FK+sample_val,1,0.3333333333333333,0.8682434757550558,85494.0,66524.0,18970.0,P4_fk_interaction
MISTRAL,public.tb_exame_prenatal,v10_fk_plus_sample_and_frequent,v08_fk_plus_sample_values,FK+ambos vs FK+sample_val,1,0.6666666666666666,0.9706097841262817,85494.0,66524.0,18970.0,P4_fk_interaction
MISTRAL,public.tb_fat_atend_odonto_problemas,v10_fk_plus_sample_and_frequent,v08_fk_plus_sample_values,FK+ambos vs FK+sample_val,1,0.6666666666666666,0.6666662295659384,85494.0,66524.0,18970.0,P4_fk_interaction
MISTRAL,public.tb_fat_rel_op_risco_cardio,v10_fk_plus_sample_and_frequent,v08_fk_plus_sample_values,FK+ambos vs FK+sample_val,1,0.6666666666666666,0.8471561670303345,85494.0,66524.0,18970.0,P4_fk_interaction
MISTRAL,public.tb_historico_dados_fao,v10_fk_plus_sample_and_frequent,v08_fk_plus_sample_values,FK+ambos vs FK+sample_val,1,0.0,0.41613606611887616,85494.0,66524.0,18970.0,P4_fk_interaction
MISTRAL,public.tb_justificativa_prontuario,v10_fk_plus_sample_and_frequent,v08_fk_plus_sample_values,FK+ambos vs FK+sample_val,1,0.6666666666666666,0.9475652575492859,85494.0,66524.0,18970.0,P4_fk_interaction
MISTRAL,public.tb_lembrete_evolucao,v10_fk_plus_sample_and_frequent,v08_fk_plus_sample_values,FK+ambos vs FK+sample_val,1,0.3333333333333333,0.5531047383944193,85494.0,66524.0,18970.0,P4_fk_interaction
MISTRAL,public.tb_medicamento_uso_continuo,v10_fk_plus_sample_and_frequent,v08_fk_plus_sample_values,FK+ambos vs FK+sample_val,1,0.0,0.6920612653096517,85494.0,66524.0,18970.0,P4_fk_interaction
MISTRAL,public.tb_medicao,v10_fk_plus_sample_and_frequent,v08_fk_plus_sample_values,FK+ambos vs FK+sample_val,1,0.3333333333333333,0.5967729489008585,85494.0,66524.0,18970.0,P4_fk_interaction
MISTRAL,public.tb_odontograma,v10_fk_plus_sample_and_frequent,v08_fk_plus_sample_values,FK+ambos vs FK+sample_val,1,0.0,0.7566274801890055,85494.0,66524.0,18970.0,P4_fk_interaction
MISTRAL,public.tb_problema,v10_fk_plus_sample_and_frequent,v08_fk_plus_sample_values,FK+ambos vs FK+sample_val,1,0.3333333333333333,0.5355243484179179,85494.0,66524.0,18970.0,P4_fk_interaction
MISTRAL,public.tb_proced_exame_especifico,v10_fk_plus_sample_and_frequent,v08_fk_plus_sample_values,FK+ambos vs FK+sample_val,1,0.0,0.7277942299842834,85494.0,66524.0,18970.0,P4_fk_interaction
MISTRAL,public.tb_raca_cor,v10_fk_plus_sample_and_frequent,v08_fk_plus_sample_values,FK+ambos vs FK+sample_val,1,1.0,0.9999991854031881,85494.0,66524.0,18970.0,P4_fk_interaction
MISTRAL,public.tb_tipo_glicemia,v10_fk_plus_sample_and_frequent,v08_fk_plus_sample_values,FK+ambos vs FK+sample_val,1,1.0,0.9999993046124777,85494.0,66524.0,18970.0,P4_fk_interaction
MISTRAL,public.ta_medicamento_catmat,v11_fk_plus_sample_rows,v07_plus_sample_rows,FK+rows vs rows,1,0.0,0.49407299359639484,41568.0,37997.0,3571.0,P4_fk_interaction
MISTRAL,public.ta_tecido_mole,v11_fk_plus_sample_rows,v07_plus_sample_rows,FK+rows vs rows,1,0.6666666666666666,0.8938814997673035,41568.0,37997.0,3571.0,P4_fk_interaction
MISTRAL,public.ta_vacinacao,v11_fk_plus_sample_rows,v07_plus_sample_rows,FK+rows vs rows,1,0.3333333333333333,0.5753352642059326,41568.0,37997.0,3571.0,P4_fk_interaction
MISTRAL,public.tb_antecedente,v11_fk_plus_sample_rows,v07_plus_sample_rows,FK+rows vs rows,1,0.0,0.7998063961664835,41568.0,37997.0,3571.0,P4_fk_interaction
MISTRAL,public.tb_ciap_ms,v11_fk_plus_sample_rows,v07_plus_sample_rows,FK+rows vs rows,1,0.6666666666666666,0.8819459478060404,41568.0,37997.0,3571.0,P4_fk_interaction
MISTRAL,public.tb_cidadao,v11_fk_plus_sample_rows,v07_plus_sample_rows,FK+rows vs rows,1,0.3333333333333333,0.8462146719296774,41568.0,37997.0,3571.0,P4_fk_interaction
MISTRAL,public.tb_cuidado_compartilhado_evol,v11_fk_plus_sample_rows,v07_plus_sample_rows,FK+rows vs rows,1,0.3333333333333333,0.8364372253417969,41568.0,37997.0,3571.0,P4_fk_interaction
MISTRAL,public.tb_dim_catmat,v11_fk_plus_sample_rows,v07_plus_sample_rows,FK+rows vs rows,1,0.6666666666666666,0.9579334855079651,41568.0,37997.0,3571.0,P4_fk_interaction
MISTRAL,public.tb_evolucao_odonto,v11_fk_plus_sample_rows,v07_plus_sample_rows,FK+rows vs rows,1,0.6666666666666666,0.9460682272911072,41568.0,37997.0,3571.0,P4_fk_interaction
MISTRAL,public.tb_evolucao_subjetivo,v11_fk_plus_sample_rows,v07_plus_sample_rows,FK+rows vs rows,1,0.6666666666666666,0.666666309038798,41568.0,37997.0,3571.0,P4_fk_interaction
MISTRAL,public.tb_exame_hemoglobina_glicada,v11_fk_plus_sample_rows,v07_plus_sample_rows,FK+rows vs rows,1,0.0,0.7536659240722656,41568.0,37997.0,3571.0,P4_fk_interaction
MISTRAL,public.tb_exame_prenatal,v11_fk_plus_sample_rows,v07_plus_sample_rows,FK+rows vs rows,1,1.0,0.9999994238217672,41568.0,37997.0,3571.0,P4_fk_interaction
MISTRAL,public.tb_fat_atend_odonto_problemas,v11_fk_plus_sample_rows,v07_plus_sample_rows,FK+rows vs rows,1,0.6666666666666666,0.9085505207379659,41568.0,37997.0,3571.0,P4_fk_interaction
MISTRAL,public.tb_fat_rel_op_risco_cardio,v11_fk_plus_sample_rows,v07_plus_sample_rows,FK+rows vs rows,1,0.0,0.7305839459101359,41568.0,37997.0,3571.0,P4_fk_interaction
MISTRAL,public.tb_historico_dados_fao,v11_fk_plus_sample_rows,v07_plus_sample_rows,FK+rows vs rows,1,0.6666666666666666,0.9853870471318563,41568.0,37997.0,3571.0,P4_fk_interaction
MISTRAL,public.tb_justificativa_prontuario,v11_fk_plus_sample_rows,v07_plus_sample_rows,FK+rows vs rows,1,0.0,0.7886796792348226,41568.0,37997.0,3571.0,P4_fk_interaction
MISTRAL,public.tb_lembrete_evolucao,v11_fk_plus_sample_rows,v07_plus_sample_rows,FK+rows vs rows,1,0.3333333333333333,0.7078659931818644,41568.0,37997.0,3571.0,P4_fk_interaction
MISTRAL,public.tb_medicamento_uso_continuo,v11_fk_plus_sample_rows,v07_plus_sample_rows,FK+rows vs rows,1,0.6666666666666666,0.8507892489433289,41568.0,37997.0,3571.0,P4_fk_interaction
MISTRAL,public.tb_medicao,v11_fk_plus_sample_rows,v07_plus_sample_rows,FK+rows vs rows,1,0.6666666666666666,0.6666662494341532,41568.0,37997.0,3571.0,P4_fk_interaction
MISTRAL,public.tb_odontograma,v11_fk_plus_sample_rows,v07_plus_sample_rows,FK+rows vs rows,1,0.0,0.857547382513682,41568.0,37997.0,3571.0,P4_fk_interaction
MISTRAL,public.tb_problema,v11_fk_plus_sample_rows,v07_plus_sample_rows,FK+rows vs rows,1,0.0,0.7246259053548177,41568.0,37997.0,3571.0,P4_fk_interaction
MISTRAL,public.tb_proced_exame_especifico,v11_fk_plus_sample_rows,v07_plus_sample_rows,FK+rows vs rows,1,1.0,0.9999993244806925,41568.0,37997.0,3571.0,P4_fk_interaction
MISTRAL,public.tb_raca_cor,v11_fk_plus_sample_rows,v07_plus_sample_rows,FK+rows vs rows,1,0.0,0.5980517466862997,41568.0,37997.0,3571.0,P4_fk_interaction
MISTRAL,public.tb_tipo_glicemia,v11_fk_plus_sample_rows,v07_plus_sample_rows,FK+rows vs rows,1,0.0,0.8350144426027933,41568.0,37997.0,3571.0,P4_fk_interaction
MISTRAL,public.ta_medicamento_catmat,v02_plus_fk,v00_baseline,FK isolado vs baseline,1,0.0,0.39461855093638104,27777.0,24206.0,3571.0,P4_fk_interaction
MISTRAL,public.ta_tecido_mole,v02_plus_fk,v00_baseline,FK isolado vs baseline,1,0.3333333333333333,0.6111043095588684,27777.0,24206.0,3571.0,P4_fk_interaction
MISTRAL,public.ta_vacinacao,v02_plus_fk,v00_baseline,FK isolado vs baseline,1,0.6666666666666666,0.9912265141805013,27777.0,24206.0,3571.0,P4_fk_interaction
MISTRAL,public.tb_antecedente,v02_plus_fk,v00_baseline,FK isolado vs baseline,1,1.0,0.999999463558197,27777.0,24206.0,3571.0,P4_fk_interaction
MISTRAL,public.tb_ciap_ms,v02_plus_fk,v00_baseline,FK isolado vs baseline,1,0.3333333333333333,0.790633757909139,27777.0,24206.0,3571.0,P4_fk_interaction
MISTRAL,public.tb_cidadao,v02_plus_fk,v00_baseline,FK isolado vs baseline,1,0.3333333333333333,0.8444257179896036,27777.0,24206.0,3571.0,P4_fk_interaction
MISTRAL,public.tb_cuidado_compartilhado_evol,v02_plus_fk,v00_baseline,FK isolado vs baseline,1,0.3333333333333333,0.6467764576276144,27777.0,24206.0,3571.0,P4_fk_interaction
MISTRAL,public.tb_dim_catmat,v02_plus_fk,v00_baseline,FK isolado vs baseline,1,0.0,0.7396394610404968,27777.0,24206.0,3571.0,P4_fk_interaction
MISTRAL,public.tb_evolucao_odonto,v02_plus_fk,v00_baseline,FK isolado vs baseline,1,0.3333333333333333,0.801910936832428,27777.0,24206.0,3571.0,P4_fk_interaction
MISTRAL,public.tb_evolucao_subjetivo,v02_plus_fk,v00_baseline,FK isolado vs baseline,1,1.0,0.999999463558197,27777.0,24206.0,3571.0,P4_fk_interaction
MISTRAL,public.tb_exame_hemoglobina_glicada,v02_plus_fk,v00_baseline,FK isolado vs baseline,1,0.0,0.8578459421793619,27777.0,24206.0,3571.0,P4_fk_interaction
MISTRAL,public.tb_exame_prenatal,v02_plus_fk,v00_baseline,FK isolado vs baseline,1,0.3333333333333333,0.8771650393803915,27777.0,24206.0,3571.0,P4_fk_interaction
MISTRAL,public.tb_fat_atend_odonto_problemas,v02_plus_fk,v00_baseline,FK isolado vs baseline,1,0.3333333333333333,0.7286949753761292,27777.0,24206.0,3571.0,P4_fk_interaction
MISTRAL,public.tb_fat_rel_op_risco_cardio,v02_plus_fk,v00_baseline,FK isolado vs baseline,1,1.0,0.9999992847442627,27777.0,24206.0,3571.0,P4_fk_interaction
MISTRAL,public.tb_historico_dados_fao,v02_plus_fk,v00_baseline,FK isolado vs baseline,1,0.0,0.5866396427154541,27777.0,24206.0,3571.0,P4_fk_interaction
MISTRAL,public.tb_justificativa_prontuario,v02_plus_fk,v00_baseline,FK isolado vs baseline,1,0.0,0.756157378355662,27777.0,24206.0,3571.0,P4_fk_interaction
MISTRAL,public.tb_lembrete_evolucao,v02_plus_fk,v00_baseline,FK isolado vs baseline,1,0.0,0.3874448537826538,27777.0,24206.0,3571.0,P4_fk_interaction
MISTRAL,public.tb_medicamento_uso_continuo,v02_plus_fk,v00_baseline,FK isolado vs baseline,1,0.3333333333333333,0.8431565960248312,27777.0,24206.0,3571.0,P4_fk_interaction
MISTRAL,public.tb_medicao,v02_plus_fk,v00_baseline,FK isolado vs baseline,1,0.0,0.216404398282369,27777.0,24206.0,3571.0,P4_fk_interaction
MISTRAL,public.tb_odontograma,v02_plus_fk,v00_baseline,FK isolado vs baseline,1,0.3333333333333333,0.8492026726404825,27777.0,24206.0,3571.0,P4_fk_interaction
MISTRAL,public.tb_problema,v02_plus_fk,v00_baseline,FK isolado vs baseline,1,0.0,0.3907009760538737,27777.0,24206.0,3571.0,P4_fk_interaction
MISTRAL,public.tb_proced_exame_especifico,v02_plus_fk,v00_baseline,FK isolado vs baseline,1,1.0,0.9999995231628418,27777.0,24206.0,3571.0,P4_fk_interaction
MISTRAL,public.tb_raca_cor,v02_plus_fk,v00_baseline,FK isolado vs baseline,1,0.3333333333333333,0.6301834583282471,27777.0,24206.0,3571.0,P4_fk_interaction
MISTRAL,public.tb_tipo_glicemia,v02_plus_fk,v00_baseline,FK isolado vs baseline,1,1.0,0.9999995628992716,27777.0,24206.0,3571.0,P4_fk_interaction
MISTRAL,public.ta_medicamento_catmat,v12_nullable_plus_sample_values,v05_plus_sample_values,nullable+sample_val vs sample_val,1,0.0,0.6707596778869629,64528.0,62953.0,1575.0,P5_nullable_interaction
MISTRAL,public.ta_tecido_mole,v12_nullable_plus_sample_values,v05_plus_sample_values,nullable+sample_val vs sample_val,1,0.3333333333333333,0.851054827372233,64528.0,62953.0,1575.0,P5_nullable_interaction
MISTRAL,public.ta_vacinacao,v12_nullable_plus_sample_values,v05_plus_sample_values,nullable+sample_val vs sample_val,1,0.3333333333333333,0.8425405025482178,64528.0,62953.0,1575.0,P5_nullable_interaction
MISTRAL,public.tb_antecedente,v12_nullable_plus_sample_values,v05_plus_sample_values,nullable+sample_val vs sample_val,1,1.0,0.9999994039535522,64528.0,62953.0,1575.0,P5_nullable_interaction
MISTRAL,public.tb_ciap_ms,v12_nullable_plus_sample_values,v05_plus_sample_values,nullable+sample_val vs sample_val,1,0.6666666666666666,0.957048217455546,64528.0,62953.0,1575.0,P5_nullable_interaction
MISTRAL,public.tb_cidadao,v12_nullable_plus_sample_values,v05_plus_sample_values,nullable+sample_val vs sample_val,1,1.0,0.9999994238217672,64528.0,62953.0,1575.0,P5_nullable_interaction
MISTRAL,public.tb_cuidado_compartilhado_evol,v12_nullable_plus_sample_values,v05_plus_sample_values,nullable+sample_val vs sample_val,1,0.3333333333333333,0.8075670202573141,64528.0,62953.0,1575.0,P5_nullable_interaction
MISTRAL,public.tb_dim_catmat,v12_nullable_plus_sample_values,v05_plus_sample_values,nullable+sample_val vs sample_val,1,0.3333333333333333,0.7876190145810446,64528.0,62953.0,1575.0,P5_nullable_interaction
MISTRAL,public.tb_evolucao_odonto,v12_nullable_plus_sample_values,v05_plus_sample_values,nullable+sample_val vs sample_val,1,0.0,0.8205237984657288,64528.0,62953.0,1575.0,P5_nullable_interaction
MISTRAL,public.tb_evolucao_subjetivo,v12_nullable_plus_sample_values,v05_plus_sample_values,nullable+sample_val vs sample_val,1,0.6666666666666666,0.8438848257064819,64528.0,62953.0,1575.0,P5_nullable_interaction
MISTRAL,public.tb_exame_hemoglobina_glicada,v12_nullable_plus_sample_values,v05_plus_sample_values,nullable+sample_val vs sample_val,1,1.0,0.9999992450078329,64528.0,62953.0,1575.0,P5_nullable_interaction
MISTRAL,public.tb_exame_prenatal,v12_nullable_plus_sample_values,v05_plus_sample_values,nullable+sample_val vs sample_val,1,0.0,0.5260687271753947,64528.0,62953.0,1575.0,P5_nullable_interaction
MISTRAL,public.tb_fat_atend_odonto_problemas,v12_nullable_plus_sample_values,v05_plus_sample_values,nullable+sample_val vs sample_val,1,1.0,0.9999995032946268,64528.0,62953.0,1575.0,P5_nullable_interaction
MISTRAL,public.tb_fat_rel_op_risco_cardio,v12_nullable_plus_sample_values,v05_plus_sample_values,nullable+sample_val vs sample_val,1,0.6666666666666666,0.946361780166626,64528.0,62953.0,1575.0,P5_nullable_interaction
MISTRAL,public.tb_historico_dados_fao,v12_nullable_plus_sample_values,v05_plus_sample_values,nullable+sample_val vs sample_val,1,0.0,0.6238712271054586,64528.0,62953.0,1575.0,P5_nullable_interaction
MISTRAL,public.tb_justificativa_prontuario,v12_nullable_plus_sample_values,v05_plus_sample_values,nullable+sample_val vs sample_val,1,0.6666666666666666,0.9588164289792379,64528.0,62953.0,1575.0,P5_nullable_interaction
MISTRAL,public.tb_lembrete_evolucao,v12_nullable_plus_sample_values,v05_plus_sample_values,nullable+sample_val vs sample_val,1,0.3333333333333333,0.7700516184171041,64528.0,62953.0,1575.0,P5_nullable_interaction
MISTRAL,public.tb_medicamento_uso_continuo,v12_nullable_plus_sample_values,v05_plus_sample_values,nullable+sample_val vs sample_val,1,0.6666666666666666,0.9852194388707479,64528.0,62953.0,1575.0,P5_nullable_interaction
MISTRAL,public.tb_medicao,v12_nullable_plus_sample_values,v05_plus_sample_values,nullable+sample_val vs sample_val,1,0.0,0.5021528999010721,64528.0,62953.0,1575.0,P5_nullable_interaction
MISTRAL,public.tb_odontograma,v12_nullable_plus_sample_values,v05_plus_sample_values,nullable+sample_val vs sample_val,1,0.3333333333333333,0.803199827671051,64528.0,62953.0,1575.0,P5_nullable_interaction
MISTRAL,public.tb_problema,v12_nullable_plus_sample_values,v05_plus_sample_values,nullable+sample_val vs sample_val,1,0.6666666666666666,0.9672948519388834,64528.0,62953.0,1575.0,P5_nullable_interaction
MISTRAL,public.tb_proced_exame_especifico,v12_nullable_plus_sample_values,v05_plus_sample_values,nullable+sample_val vs sample_val,1,0.3333333333333333,0.5563756227493286,64528.0,62953.0,1575.0,P5_nullable_interaction
MISTRAL,public.tb_raca_cor,v12_nullable_plus_sample_values,v05_plus_sample_values,nullable+sample_val vs sample_val,1,1.0,0.9999991854031881,64528.0,62953.0,1575.0,P5_nullable_interaction
MISTRAL,public.tb_tipo_glicemia,v12_nullable_plus_sample_values,v05_plus_sample_values,nullable+sample_val vs sample_val,1,0.0,0.8404239614804586,64528.0,62953.0,1575.0,P5_nullable_interaction
MISTRAL,public.ta_medicamento_catmat,v13_nullable_plus_frequent_values,v06_plus_frequent_values,nullable+freq_val vs freq_val,1,0.0,0.608619213104248,45949.0,44374.0,1575.0,P5_nullable_interaction
MISTRAL,public.ta_tecido_mole,v13_nullable_plus_frequent_values,v06_plus_frequent_values,nullable+freq_val vs freq_val,1,0.3333333333333333,0.8141023715337118,45949.0,44374.0,1575.0,P5_nullable_interaction
MISTRAL,public.ta_vacinacao,v13_nullable_plus_frequent_values,v06_plus_frequent_values,nullable+freq_val vs freq_val,1,0.0,0.5453221599260966,45949.0,44374.0,1575.0,P5_nullable_interaction
MISTRAL,public.tb_antecedente,v13_nullable_plus_frequent_values,v06_plus_frequent_values,nullable+freq_val vs freq_val,1,1.0,0.9999993443489075,45949.0,44374.0,1575.0,P5_nullable_interaction
MISTRAL,public.tb_ciap_ms,v13_nullable_plus_frequent_values,v06_plus_frequent_values,nullable+freq_val vs freq_val,1,0.6666666666666666,0.9168051481246948,45949.0,44374.0,1575.0,P5_nullable_interaction
MISTRAL,public.tb_cidadao,v13_nullable_plus_frequent_values,v06_plus_frequent_values,nullable+freq_val vs freq_val,1,1.0,0.9999994238217672,45949.0,44374.0,1575.0,P5_nullable_interaction
MISTRAL,public.tb_cuidado_compartilhado_evol,v13_nullable_plus_frequent_values,v06_plus_frequent_values,nullable+freq_val vs freq_val,1,1.0,0.9999995032946268,45949.0,44374.0,1575.0,P5_nullable_interaction
MISTRAL,public.tb_dim_catmat,v13_nullable_plus_frequent_values,v06_plus_frequent_values,nullable+freq_val vs freq_val,1,0.3333333333333333,0.8095773061116537,45949.0,44374.0,1575.0,P5_nullable_interaction
MISTRAL,public.tb_evolucao_odonto,v13_nullable_plus_frequent_values,v06_plus_frequent_values,nullable+freq_val vs freq_val,1,0.3333333333333333,0.838833749294281,45949.0,44374.0,1575.0,P5_nullable_interaction
MISTRAL,public.tb_evolucao_subjetivo,v13_nullable_plus_frequent_values,v06_plus_frequent_values,nullable+freq_val vs freq_val,1,0.3333333333333333,0.8415944377581278,45949.0,44374.0,1575.0,P5_nullable_interaction
MISTRAL,public.tb_exame_hemoglobina_glicada,v13_nullable_plus_frequent_values,v06_plus_frequent_values,nullable+freq_val vs freq_val,1,0.6666666666666666,0.9499239126841227,45949.0,44374.0,1575.0,P5_nullable_interaction
MISTRAL,public.tb_exame_prenatal,v13_nullable_plus_frequent_values,v06_plus_frequent_values,nullable+freq_val vs freq_val,1,0.6666666666666666,0.9150678714116415,45949.0,44374.0,1575.0,P5_nullable_interaction
MISTRAL,public.tb_fat_atend_odonto_problemas,v13_nullable_plus_frequent_values,v06_plus_frequent_values,nullable+freq_val vs freq_val,1,0.3333333333333333,0.5811635454495748,45949.0,44374.0,1575.0,P5_nullable_interaction
MISTRAL,public.tb_fat_rel_op_risco_cardio,v13_nullable_plus_frequent_values,v06_plus_frequent_values,nullable+freq_val vs freq_val,1,0.6666666666666666,0.8955687681833903,45949.0,44374.0,1575.0,P5_nullable_interaction
MISTRAL,public.tb_historico_dados_fao,v13_nullable_plus_frequent_values,v06_plus_frequent_values,nullable+freq_val vs freq_val,1,0.0,0.7155615091323853,45949.0,44374.0,1575.0,P5_nullable_interaction
MISTRAL,public.tb_justificativa_prontuario,v13_nullable_plus_frequent_values,v06_plus_frequent_values,nullable+freq_val vs freq_val,1,0.3333333333333333,0.7785513997077942,45949.0,44374.0,1575.0,P5_nullable_interaction
MISTRAL,public.tb_lembrete_evolucao,v13_nullable_plus_frequent_values,v06_plus_frequent_values,nullable+freq_val vs freq_val,1,0.0,0.549890418847402,45949.0,44374.0,1575.0,P5_nullable_interaction
MISTRAL,public.tb_medicamento_uso_continuo,v13_nullable_plus_frequent_values,v06_plus_frequent_values,nullable+freq_val vs freq_val,1,0.0,0.4900651772816976,45949.0,44374.0,1575.0,P5_nullable_interaction
MISTRAL,public.tb_medicao,v13_nullable_plus_frequent_values,v06_plus_frequent_values,nullable+freq_val vs freq_val,1,0.6666666666666666,0.9193767309188843,45949.0,44374.0,1575.0,P5_nullable_interaction
MISTRAL,public.tb_odontograma,v13_nullable_plus_frequent_values,v06_plus_frequent_values,nullable+freq_val vs freq_val,1,0.0,0.7069885929425558,45949.0,44374.0,1575.0,P5_nullable_interaction
MISTRAL,public.tb_problema,v13_nullable_plus_frequent_values,v06_plus_frequent_values,nullable+freq_val vs freq_val,1,0.0,0.8095292448997498,45949.0,44374.0,1575.0,P5_nullable_interaction
MISTRAL,public.tb_proced_exame_especifico,v13_nullable_plus_frequent_values,v06_plus_frequent_values,nullable+freq_val vs freq_val,1,0.3333333333333333,0.803484320640564,45949.0,44374.0,1575.0,P5_nullable_interaction
MISTRAL,public.tb_raca_cor,v13_nullable_plus_frequent_values,v06_plus_frequent_values,nullable+freq_val vs freq_val,1,0.3333333333333333,0.8228070537249247,45949.0,44374.0,1575.0,P5_nullable_interaction
MISTRAL,public.tb_tipo_glicemia,v13_nullable_plus_frequent_values,v06_plus_frequent_values,nullable+freq_val vs freq_val,1,0.3333333333333333,0.9266672531763712,45949.0,44374.0,1575.0,P5_nullable_interaction
MISTRAL,public.ta_medicamento_catmat,v14_nullable_plus_numeric_stats,v04_plus_numeric_stats,nullable+numeric_stats vs numeric_stats,1,0.3333333333333333,0.7514119346936544,36332.0,34757.0,1575.0,P5_nullable_interaction
MISTRAL,public.ta_tecido_mole,v14_nullable_plus_numeric_stats,v04_plus_numeric_stats,nullable+numeric_stats vs numeric_stats,1,0.3333333333333333,0.7189134558041891,36332.0,34757.0,1575.0,P5_nullable_interaction
MISTRAL,public.ta_vacinacao,v14_nullable_plus_numeric_stats,v04_plus_numeric_stats,nullable+numeric_stats vs numeric_stats,1,0.3333333333333333,0.7886568307876587,36332.0,34757.0,1575.0,P5_nullable_interaction
MISTRAL,public.tb_antecedente,v14_nullable_plus_numeric_stats,v04_plus_numeric_stats,nullable+numeric_stats vs numeric_stats,1,0.3333333333333333,0.8413233757019043,36332.0,34757.0,1575.0,P5_nullable_interaction
MISTRAL,public.tb_ciap_ms,v14_nullable_plus_numeric_stats,v04_plus_numeric_stats,nullable+numeric_stats vs numeric_stats,1,0.0,0.5181885759035746,36332.0,34757.0,1575.0,P5_nullable_interaction
MISTRAL,public.tb_cidadao,v14_nullable_plus_numeric_stats,v04_plus_numeric_stats,nullable+numeric_stats vs numeric_stats,1,0.3333333333333333,0.8614264130592346,36332.0,34757.0,1575.0,P5_nullable_interaction
MISTRAL,public.tb_cuidado_compartilhado_evol,v14_nullable_plus_numeric_stats,v04_plus_numeric_stats,nullable+numeric_stats vs numeric_stats,1,0.6666666666666666,0.6666662295659384,36332.0,34757.0,1575.0,P5_nullable_interaction
MISTRAL,public.tb_dim_catmat,v14_nullable_plus_numeric_stats,v04_plus_numeric_stats,nullable+numeric_stats vs numeric_stats,1,0.6666666666666666,0.8587128718694051,36332.0,34757.0,1575.0,P5_nullable_interaction
MISTRAL,public.tb_evolucao_odonto,v14_nullable_plus_numeric_stats,v04_plus_numeric_stats,nullable+numeric_stats vs numeric_stats,1,0.6666666666666666,0.6666661699612936,36332.0,34757.0,1575.0,P5_nullable_interaction
MISTRAL,public.tb_evolucao_subjetivo,v14_nullable_plus_numeric_stats,v04_plus_numeric_stats,nullable+numeric_stats vs numeric_stats,1,0.3333333333333333,0.7695377270380656,36332.0,34757.0,1575.0,P5_nullable_interaction
MISTRAL,public.tb_exame_hemoglobina_glicada,v14_nullable_plus_numeric_stats,v04_plus_numeric_stats,nullable+numeric_stats vs numeric_stats,1,0.0,0.571264406045278,36332.0,34757.0,1575.0,P5_nullable_interaction
MISTRAL,public.tb_exame_prenatal,v14_nullable_plus_numeric_stats,v04_plus_numeric_stats,nullable+numeric_stats vs numeric_stats,1,1.0,0.9999993046124777,36332.0,34757.0,1575.0,P5_nullable_interaction
MISTRAL,public.tb_fat_atend_odonto_problemas,v14_nullable_plus_numeric_stats,v04_plus_numeric_stats,nullable+numeric_stats vs numeric_stats,1,0.3333333333333333,0.5811635454495748,36332.0,34757.0,1575.0,P5_nullable_interaction
MISTRAL,public.tb_fat_rel_op_risco_cardio,v14_nullable_plus_numeric_stats,v04_plus_numeric_stats,nullable+numeric_stats vs numeric_stats,1,1.0,0.9999992847442627,36332.0,34757.0,1575.0,P5_nullable_interaction
MISTRAL,public.tb_historico_dados_fao,v14_nullable_plus_numeric_stats,v04_plus_numeric_stats,nullable+numeric_stats vs numeric_stats,1,0.6666666666666666,0.9555509885152181,36332.0,34757.0,1575.0,P5_nullable_interaction
MISTRAL,public.tb_justificativa_prontuario,v14_nullable_plus_numeric_stats,v04_plus_numeric_stats,nullable+numeric_stats vs numeric_stats,1,1.0,0.9999992847442627,36332.0,34757.0,1575.0,P5_nullable_interaction
MISTRAL,public.tb_lembrete_evolucao,v14_nullable_plus_numeric_stats,v04_plus_numeric_stats,nullable+numeric_stats vs numeric_stats,1,0.0,0.6994007428487142,36332.0,34757.0,1575.0,P5_nullable_interaction
MISTRAL,public.tb_medicamento_uso_continuo,v14_nullable_plus_numeric_stats,v04_plus_numeric_stats,nullable+numeric_stats vs numeric_stats,1,0.0,0.520478089650472,36332.0,34757.0,1575.0,P5_nullable_interaction
MISTRAL,public.tb_medicao,v14_nullable_plus_numeric_stats,v04_plus_numeric_stats,nullable+numeric_stats vs numeric_stats,1,0.6666666666666666,0.8823332190513611,36332.0,34757.0,1575.0,P5_nullable_interaction
MISTRAL,public.tb_odontograma,v14_nullable_plus_numeric_stats,v04_plus_numeric_stats,nullable+numeric_stats vs numeric_stats,1,0.0,0.5727125406265259,36332.0,34757.0,1575.0,P5_nullable_interaction
MISTRAL,public.tb_problema,v14_nullable_plus_numeric_stats,v04_plus_numeric_stats,nullable+numeric_stats vs numeric_stats,1,0.3333333333333333,0.8818677465120951,36332.0,34757.0,1575.0,P5_nullable_interaction
MISTRAL,public.tb_proced_exame_especifico,v14_nullable_plus_numeric_stats,v04_plus_numeric_stats,nullable+numeric_stats vs numeric_stats,1,0.3333333333333333,0.803484320640564,36332.0,34757.0,1575.0,P5_nullable_interaction
MISTRAL,public.tb_raca_cor,v14_nullable_plus_numeric_stats,v04_plus_numeric_stats,nullable+numeric_stats vs numeric_stats,1,1.0,0.9999991655349731,36332.0,34757.0,1575.0,P5_nullable_interaction
MISTRAL,public.tb_tipo_glicemia,v14_nullable_plus_numeric_stats,v04_plus_numeric_stats,nullable+numeric_stats vs numeric_stats,1,1.0,0.999999483426412,36332.0,34757.0,1575.0,P5_nullable_interaction
MISTRAL,public.ta_medicamento_catmat,v03_plus_nullable,v00_baseline,nullable isolado vs baseline,1,0.0,0.7141438722610474,25647.0,24206.0,1441.0,P5_nullable_interaction
MISTRAL,public.ta_tecido_mole,v03_plus_nullable,v00_baseline,nullable isolado vs baseline,1,0.3333333333333333,0.7382706801096598,25647.0,24206.0,1441.0,P5_nullable_interaction
MISTRAL,public.ta_vacinacao,v03_plus_nullable,v00_baseline,nullable isolado vs baseline,1,1.0,0.9999993840853373,25647.0,24206.0,1441.0,P5_nullable_interaction
MISTRAL,public.tb_antecedente,v03_plus_nullable,v00_baseline,nullable isolado vs baseline,1,1.0,0.999999463558197,25647.0,24206.0,1441.0,P5_nullable_interaction
MISTRAL,public.tb_ciap_ms,v03_plus_nullable,v00_baseline,nullable isolado vs baseline,1,0.3333333333333333,0.7638338009516398,25647.0,24206.0,1441.0,P5_nullable_interaction
MISTRAL,public.tb_cidadao,v03_plus_nullable,v00_baseline,nullable isolado vs baseline,1,1.0,0.9999994238217672,25647.0,24206.0,1441.0,P5_nullable_interaction
MISTRAL,public.tb_cuidado_compartilhado_evol,v03_plus_nullable,v00_baseline,nullable isolado vs baseline,1,0.6666666666666666,0.8647351066271464,25647.0,24206.0,1441.0,P5_nullable_interaction
MISTRAL,public.tb_dim_catmat,v03_plus_nullable,v00_baseline,nullable isolado vs baseline,1,1.0,0.9999991059303284,25647.0,24206.0,1441.0,P5_nullable_interaction
MISTRAL,public.tb_evolucao_odonto,v03_plus_nullable,v00_baseline,nullable isolado vs baseline,1,0.6666666666666666,0.8460521697998047,25647.0,24206.0,1441.0,P5_nullable_interaction
MISTRAL,public.tb_evolucao_subjetivo,v03_plus_nullable,v00_baseline,nullable isolado vs baseline,1,0.0,0.7646405498186747,25647.0,24206.0,1441.0,P5_nullable_interaction
MISTRAL,public.tb_exame_hemoglobina_glicada,v03_plus_nullable,v00_baseline,nullable isolado vs baseline,1,0.6666666666666666,0.91976930697759,25647.0,24206.0,1441.0,P5_nullable_interaction
MISTRAL,public.tb_exame_prenatal,v03_plus_nullable,v00_baseline,nullable isolado vs baseline,1,0.6666666666666666,0.9706099232037863,25647.0,24206.0,1441.0,P5_nullable_interaction
MISTRAL,public.tb_fat_atend_odonto_problemas,v03_plus_nullable,v00_baseline,nullable isolado vs baseline,1,1.0,0.9999992648760477,25647.0,24206.0,1441.0,P5_nullable_interaction
MISTRAL,public.tb_fat_rel_op_risco_cardio,v03_plus_nullable,v00_baseline,nullable isolado vs baseline,1,1.0,0.9999992847442627,25647.0,24206.0,1441.0,P5_nullable_interaction
MISTRAL,public.tb_historico_dados_fao,v03_plus_nullable,v00_baseline,nullable isolado vs baseline,1,0.6666666666666666,0.9631749788920084,25647.0,24206.0,1441.0,P5_nullable_interaction
MISTRAL,public.tb_justificativa_prontuario,v03_plus_nullable,v00_baseline,nullable isolado vs baseline,1,0.0,0.8472597002983093,25647.0,24206.0,1441.0,P5_nullable_interaction
MISTRAL,public.tb_lembrete_evolucao,v03_plus_nullable,v00_baseline,nullable isolado vs baseline,1,0.0,0.41210172573725384,25647.0,24206.0,1441.0,P5_nullable_interaction
MISTRAL,public.tb_medicamento_uso_continuo,v03_plus_nullable,v00_baseline,nullable isolado vs baseline,1,0.3333333333333333,0.9091627597808838,25647.0,24206.0,1441.0,P5_nullable_interaction
MISTRAL,public.tb_medicao,v03_plus_nullable,v00_baseline,nullable isolado vs baseline,1,1.0,0.9999992847442627,25647.0,24206.0,1441.0,P5_nullable_interaction
MISTRAL,public.tb_odontograma,v03_plus_nullable,v00_baseline,nullable isolado vs baseline,1,0.6666666666666666,0.9303457935651144,25647.0,24206.0,1441.0,P5_nullable_interaction
MISTRAL,public.tb_problema,v03_plus_nullable,v00_baseline,nullable isolado vs baseline,1,0.0,0.7369356552759806,25647.0,24206.0,1441.0,P5_nullable_interaction
MISTRAL,public.tb_proced_exame_especifico,v03_plus_nullable,v00_baseline,nullable isolado vs baseline,1,0.3333333333333333,0.803484320640564,25647.0,24206.0,1441.0,P5_nullable_interaction
MISTRAL,public.tb_raca_cor,v03_plus_nullable,v00_baseline,nullable isolado vs baseline,1,0.0,0.6908049384752909,25647.0,24206.0,1441.0,P5_nullable_interaction
MISTRAL,public.tb_tipo_glicemia,v03_plus_nullable,v00_baseline,nullable isolado vs baseline,1,0.6666666666666666,0.8868557810783386,25647.0,24206.0,1441.0,P5_nullable_interaction
MISTRAL,public.ta_medicamento_catmat,v00_baseline,v01_full,v00_baseline vs v01_full,1,0.3333333333333333,0.5321070949236552,24206.0,119606.0,-95400.0,P7_vs_full
MISTRAL,public.ta_tecido_mole,v00_baseline,v01_full,v00_baseline vs v01_full,1,0.6666666666666666,0.8844350179036459,24206.0,119606.0,-95400.0,P7_vs_full
MISTRAL,public.ta_vacinacao,v00_baseline,v01_full,v00_baseline vs v01_full,1,0.0,0.5453221599260966,24206.0,119606.0,-95400.0,P7_vs_full
MISTRAL,public.tb_antecedente,v00_baseline,v01_full,v00_baseline vs v01_full,1,0.3333333333333333,0.8093567291895548,24206.0,119606.0,-95400.0,P7_vs_full
MISTRAL,public.tb_ciap_ms,v00_baseline,v01_full,v00_baseline vs v01_full,1,0.0,0.6959479252497355,24206.0,119606.0,-95400.0,P7_vs_full
MISTRAL,public.tb_cidadao,v00_baseline,v01_full,v00_baseline vs v01_full,1,0.3333333333333333,0.8623489141464233,24206.0,119606.0,-95400.0,P7_vs_full
MISTRAL,public.tb_cuidado_compartilhado_evol,v00_baseline,v01_full,v00_baseline vs v01_full,1,0.3333333333333333,0.5809043447176615,24206.0,119606.0,-95400.0,P7_vs_full
MISTRAL,public.tb_dim_catmat,v00_baseline,v01_full,v00_baseline vs v01_full,1,0.6666666666666666,0.666666050752004,24206.0,119606.0,-95400.0,P7_vs_full
MISTRAL,public.tb_evolucao_odonto,v00_baseline,v01_full,v00_baseline vs v01_full,1,0.3333333333333333,0.8171215256055196,24206.0,119606.0,-95400.0,P7_vs_full
MISTRAL,public.tb_evolucao_subjetivo,v00_baseline,v01_full,v00_baseline vs v01_full,1,0.0,0.4877016345659892,24206.0,119606.0,-95400.0,P7_vs_full
MISTRAL,public.tb_exame_hemoglobina_glicada,v00_baseline,v01_full,v00_baseline vs v01_full,1,0.3333333333333333,0.8448417584101359,24206.0,119606.0,-95400.0,P7_vs_full
MISTRAL,public.tb_exame_prenatal,v00_baseline,v01_full,v00_baseline vs v01_full,1,0.6666666666666666,0.9214254220326742,24206.0,119606.0,-95400.0,P7_vs_full
MISTRAL,public.tb_fat_atend_odonto_problemas,v00_baseline,v01_full,v00_baseline vs v01_full,1,0.3333333333333333,0.5407882928848267,24206.0,119606.0,-95400.0,P7_vs_full
MISTRAL,public.tb_fat_rel_op_risco_cardio,v00_baseline,v01_full,v00_baseline vs v01_full,1,0.6666666666666666,0.6666661500930786,24206.0,119606.0,-95400.0,P7_vs_full
MISTRAL,public.tb_historico_dados_fao,v00_baseline,v01_full,v00_baseline vs v01_full,1,0.0,0.5741193294525146,24206.0,119606.0,-95400.0,P7_vs_full
MISTRAL,public.tb_justificativa_prontuario,v00_baseline,v01_full,v00_baseline vs v01_full,1,0.0,0.8472597002983093,24206.0,119606.0,-95400.0,P7_vs_full
MISTRAL,public.tb_lembrete_evolucao,v00_baseline,v01_full,v00_baseline vs v01_full,1,0.0,0.4819428324699402,24206.0,119606.0,-95400.0,P7_vs_full
MISTRAL,public.tb_medicamento_uso_continuo,v00_baseline,v01_full,v00_baseline vs v01_full,1,0.3333333333333333,0.6169900099436442,24206.0,119606.0,-95400.0,P7_vs_full
MISTRAL,public.tb_medicao,v00_baseline,v01_full,v00_baseline vs v01_full,1,0.6666666666666666,0.9227677583694458,24206.0,119606.0,-95400.0,P7_vs_full
MISTRAL,public.tb_odontograma,v00_baseline,v01_full,v00_baseline vs v01_full,1,0.3333333333333333,0.8986022472381592,24206.0,119606.0,-95400.0,P7_vs_full
MISTRAL,public.tb_problema,v00_baseline,v01_full,v00_baseline vs v01_full,1,0.0,0.5977301597595215,24206.0,119606.0,-95400.0,P7_vs_full
MISTRAL,public.tb_proced_exame_especifico,v00_baseline,v01_full,v00_baseline vs v01_full,1,0.3333333333333333,0.803484320640564,24206.0,119606.0,-95400.0,P7_vs_full
MISTRAL,public.tb_raca_cor,v00_baseline,v01_full,v00_baseline vs v01_full,1,0.3333333333333333,0.820922334988912,24206.0,119606.0,-95400.0,P7_vs_full
MISTRAL,public.tb_tipo_glicemia,v00_baseline,v01_full,v00_baseline vs v01_full,1,0.6666666666666666,0.6666662494341532,24206.0,119606.0,-95400.0,P7_vs_full
MISTRAL,public.ta_medicamento_catmat,v02_plus_fk,v01_full,v02_plus_fk vs v01_full,1,0.3333333333333333,0.5673029621442159,27777.0,119606.0,-91829.0,P7_vs_full
MISTRAL,public.ta_tecido_mole,v02_plus_fk,v01_full,v02_plus_fk vs v01_full,1,0.0,0.4955401023228963,27777.0,119606.0,-91829.0,P7_vs_full
MISTRAL,public.ta_vacinacao,v02_plus_fk,v01_full,v02_plus_fk vs v01_full,1,0.0,0.5453221599260966,27777.0,119606.0,-91829.0,P7_vs_full
MISTRAL,public.tb_antecedente,v02_plus_fk,v01_full,v02_plus_fk vs v01_full,1,0.3333333333333333,0.8093567291895548,27777.0,119606.0,-91829.0,P7_vs_full
MISTRAL,public.tb_ciap_ms,v02_plus_fk,v01_full,v02_plus_fk vs v01_full,1,0.0,0.47705982128779095,27777.0,119606.0,-91829.0,P7_vs_full
MISTRAL,public.tb_cidadao,v02_plus_fk,v01_full,v02_plus_fk vs v01_full,1,0.6666666666666666,0.9482449889183044,27777.0,119606.0,-91829.0,P7_vs_full
MISTRAL,public.tb_cuidado_compartilhado_evol,v02_plus_fk,v01_full,v02_plus_fk vs v01_full,1,0.3333333333333333,0.7673235535621643,27777.0,119606.0,-91829.0,P7_vs_full
MISTRAL,public.tb_dim_catmat,v02_plus_fk,v01_full,v02_plus_fk vs v01_full,1,0.0,0.4629526336987813,27777.0,119606.0,-91829.0,P7_vs_full
MISTRAL,public.tb_evolucao_odonto,v02_plus_fk,v01_full,v02_plus_fk vs v01_full,1,0.3333333333333333,0.534586489200592,27777.0,119606.0,-91829.0,P7_vs_full
MISTRAL,public.tb_evolucao_subjetivo,v02_plus_fk,v01_full,v02_plus_fk vs v01_full,1,0.0,0.4877016345659892,27777.0,119606.0,-91829.0,P7_vs_full
MISTRAL,public.tb_exame_hemoglobina_glicada,v02_plus_fk,v01_full,v02_plus_fk vs v01_full,1,0.0,0.8047820130983988,27777.0,119606.0,-91829.0,P7_vs_full
MISTRAL,public.tb_exame_prenatal,v02_plus_fk,v01_full,v02_plus_fk vs v01_full,1,0.6666666666666666,0.9557390411694845,27777.0,119606.0,-91829.0,P7_vs_full
MISTRAL,public.tb_fat_atend_odonto_problemas,v02_plus_fk,v01_full,v02_plus_fk vs v01_full,1,0.3333333333333333,0.7870408693949381,27777.0,119606.0,-91829.0,P7_vs_full
MISTRAL,public.tb_fat_rel_op_risco_cardio,v02_plus_fk,v01_full,v02_plus_fk vs v01_full,1,0.6666666666666666,0.6666661500930786,27777.0,119606.0,-91829.0,P7_vs_full
MISTRAL,public.tb_historico_dados_fao,v02_plus_fk,v01_full,v02_plus_fk vs v01_full,1,0.0,0.3941805958747864,27777.0,119606.0,-91829.0,P7_vs_full
MISTRAL,public.tb_justificativa_prontuario,v02_plus_fk,v01_full,v02_plus_fk vs v01_full,1,0.3333333333333333,0.8233414689699808,27777.0,119606.0,-91829.0,P7_vs_full
MISTRAL,public.tb_lembrete_evolucao,v02_plus_fk,v01_full,v02_plus_fk vs v01_full,1,0.0,0.45528807242711383,27777.0,119606.0,-91829.0,P7_vs_full
MISTRAL,public.tb_medicamento_uso_continuo,v02_plus_fk,v01_full,v02_plus_fk vs v01_full,1,0.6666666666666666,0.6666662295659384,27777.0,119606.0,-91829.0,P7_vs_full
MISTRAL,public.tb_medicao,v02_plus_fk,v01_full,v02_plus_fk vs v01_full,1,0.0,0.24265646934509277,27777.0,119606.0,-91829.0,P7_vs_full
MISTRAL,public.tb_odontograma,v02_plus_fk,v01_full,v02_plus_fk vs v01_full,1,0.3333333333333333,0.8417988618214926,27777.0,119606.0,-91829.0,P7_vs_full
MISTRAL,public.tb_problema,v02_plus_fk,v01_full,v02_plus_fk vs v01_full,1,0.6666666666666666,0.6666660706202189,27777.0,119606.0,-91829.0,P7_vs_full
MISTRAL,public.tb_proced_exame_especifico,v02_plus_fk,v01_full,v02_plus_fk vs v01_full,1,0.3333333333333333,0.803484320640564,27777.0,119606.0,-91829.0,P7_vs_full
MISTRAL,public.tb_raca_cor,v02_plus_fk,v01_full,v02_plus_fk vs v01_full,1,0.6666666666666666,0.8822128176689148,27777.0,119606.0,-91829.0,P7_vs_full
MISTRAL,public.tb_tipo_glicemia,v02_plus_fk,v01_full,v02_plus_fk vs v01_full,1,0.6666666666666666,0.6666662494341532,27777.0,119606.0,-91829.0,P7_vs_full
MISTRAL,public.ta_medicamento_catmat,v03_plus_nullable,v01_full,v03_plus_nullable vs v01_full,1,0.0,0.4633762041727702,25647.0,119606.0,-93959.0,P7_vs_full
MISTRAL,public.ta_tecido_mole,v03_plus_nullable,v01_full,v03_plus_nullable vs v01_full,1,0.3333333333333333,0.7921839555104574,25647.0,119606.0,-93959.0,P7_vs_full
MISTRAL,public.ta_vacinacao,v03_plus_nullable,v01_full,v03_plus_nullable vs v01_full,1,0.0,0.5453221599260966,25647.0,119606.0,-93959.0,P7_vs_full
MISTRAL,public.tb_antecedente,v03_plus_nullable,v01_full,v03_plus_nullable vs v01_full,1,0.3333333333333333,0.8093567291895548,25647.0,119606.0,-93959.0,P7_vs_full
MISTRAL,public.tb_ciap_ms,v03_plus_nullable,v01_full,v03_plus_nullable vs v01_full,1,0.0,0.43989678223927814,25647.0,119606.0,-93959.0,P7_vs_full
MISTRAL,public.tb_cidadao,v03_plus_nullable,v01_full,v03_plus_nullable vs v01_full,1,0.3333333333333333,0.8623489141464233,25647.0,119606.0,-93959.0,P7_vs_full
MISTRAL,public.tb_cuidado_compartilhado_evol,v03_plus_nullable,v01_full,v03_plus_nullable vs v01_full,1,0.3333333333333333,0.5809043447176615,25647.0,119606.0,-93959.0,P7_vs_full
MISTRAL,public.tb_dim_catmat,v03_plus_nullable,v01_full,v03_plus_nullable vs v01_full,1,0.6666666666666666,0.666666050752004,25647.0,119606.0,-93959.0,P7_vs_full
MISTRAL,public.tb_evolucao_odonto,v03_plus_nullable,v01_full,v03_plus_nullable vs v01_full,1,0.3333333333333333,0.756535530090332,25647.0,119606.0,-93959.0,P7_vs_full
MISTRAL,public.tb_evolucao_subjetivo,v03_plus_nullable,v01_full,v03_plus_nullable vs v01_full,1,0.0,0.26930012305577594,25647.0,119606.0,-93959.0,P7_vs_full
MISTRAL,public.tb_exame_hemoglobina_glicada,v03_plus_nullable,v01_full,v03_plus_nullable vs v01_full,1,0.6666666666666666,0.9250717163085938,25647.0,119606.0,-93959.0,P7_vs_full
MISTRAL,public.tb_exame_prenatal,v03_plus_nullable,v01_full,v03_plus_nullable vs v01_full,1,0.3333333333333333,0.8920357823371887,25647.0,119606.0,-93959.0,P7_vs_full
MISTRAL,public.tb_fat_atend_odonto_problemas,v03_plus_nullable,v01_full,v03_plus_nullable vs v01_full,1,0.3333333333333333,0.5407882928848267,25647.0,119606.0,-93959.0,P7_vs_full
MISTRAL,public.tb_fat_rel_op_risco_cardio,v03_plus_nullable,v01_full,v03_plus_nullable vs v01_full,1,0.6666666666666666,0.6666661500930786,25647.0,119606.0,-93959.0,P7_vs_full
MISTRAL,public.tb_historico_dados_fao,v03_plus_nullable,v01_full,v03_plus_nullable vs v01_full,1,0.0,0.5670760869979858,25647.0,119606.0,-93959.0,P7_vs_full
MISTRAL,public.tb_justificativa_prontuario,v03_plus_nullable,v01_full,v03_plus_nullable vs v01_full,1,1.0,0.9999992847442627,25647.0,119606.0,-93959.0,P7_vs_full
MISTRAL,public.tb_lembrete_evolucao,v03_plus_nullable,v01_full,v03_plus_nullable vs v01_full,1,0.0,0.4913925528526306,25647.0,119606.0,-93959.0,P7_vs_full
MISTRAL,public.tb_medicamento_uso_continuo,v03_plus_nullable,v01_full,v03_plus_nullable vs v01_full,1,0.6666666666666666,0.6666662295659384,25647.0,119606.0,-93959.0,P7_vs_full
MISTRAL,public.tb_medicao,v03_plus_nullable,v01_full,v03_plus_nullable vs v01_full,1,0.6666666666666666,0.9227677583694458,25647.0,119606.0,-93959.0,P7_vs_full
MISTRAL,public.tb_odontograma,v03_plus_nullable,v01_full,v03_plus_nullable vs v01_full,1,0.3333333333333333,0.9320578177769979,25647.0,119606.0,-93959.0,P7_vs_full
MISTRAL,public.tb_problema,v03_plus_nullable,v01_full,v03_plus_nullable vs v01_full,1,0.0,0.7565840284029642,25647.0,119606.0,-93959.0,P7_vs_full
MISTRAL,public.tb_proced_exame_especifico,v03_plus_nullable,v01_full,v03_plus_nullable vs v01_full,1,1.0,0.9999992648760477,25647.0,119606.0,-93959.0,P7_vs_full
MISTRAL,public.tb_raca_cor,v03_plus_nullable,v01_full,v03_plus_nullable vs v01_full,1,0.3333333333333333,0.8228070537249247,25647.0,119606.0,-93959.0,P7_vs_full
MISTRAL,public.tb_tipo_glicemia,v03_plus_nullable,v01_full,v03_plus_nullable vs v01_full,1,0.6666666666666666,0.8958283265431722,25647.0,119606.0,-93959.0,P7_vs_full
MISTRAL,public.ta_medicamento_catmat,v04_plus_numeric_stats,v01_full,v04_plus_numeric_stats vs v01_full,1,0.3333333333333333,0.5321070949236552,34757.0,119606.0,-84849.0,P7_vs_full
MISTRAL,public.ta_tecido_mole,v04_plus_numeric_stats,v01_full,v04_plus_numeric_stats vs v01_full,1,0.0,0.538972278436025,34757.0,119606.0,-84849.0,P7_vs_full
MISTRAL,public.ta_vacinacao,v04_plus_numeric_stats,v01_full,v04_plus_numeric_stats vs v01_full,1,0.3333333333333333,0.7930778662363688,34757.0,119606.0,-84849.0,P7_vs_full
MISTRAL,public.tb_antecedente,v04_plus_numeric_stats,v01_full,v04_plus_numeric_stats vs v01_full,1,0.3333333333333333,0.8093567291895548,34757.0,119606.0,-84849.0,P7_vs_full
MISTRAL,public.tb_ciap_ms,v04_plus_numeric_stats,v01_full,v04_plus_numeric_stats vs v01_full,1,0.0,0.6257213950157166,34757.0,119606.0,-84849.0,P7_vs_full
MISTRAL,public.tb_cidadao,v04_plus_numeric_stats,v01_full,v04_plus_numeric_stats vs v01_full,1,0.3333333333333333,0.8623489141464233,34757.0,119606.0,-84849.0,P7_vs_full
MISTRAL,public.tb_cuidado_compartilhado_evol,v04_plus_numeric_stats,v01_full,v04_plus_numeric_stats vs v01_full,1,0.3333333333333333,0.5649870832761129,34757.0,119606.0,-84849.0,P7_vs_full
MISTRAL,public.tb_dim_catmat,v04_plus_numeric_stats,v01_full,v04_plus_numeric_stats vs v01_full,1,0.3333333333333333,0.6024393240610758,34757.0,119606.0,-84849.0,P7_vs_full
MISTRAL,public.tb_evolucao_odonto,v04_plus_numeric_stats,v01_full,v04_plus_numeric_stats vs v01_full,1,0.3333333333333333,0.7705971002578735,34757.0,119606.0,-84849.0,P7_vs_full
MISTRAL,public.tb_evolucao_subjetivo,v04_plus_numeric_stats,v01_full,v04_plus_numeric_stats vs v01_full,1,0.0,0.3023917078971863,34757.0,119606.0,-84849.0,P7_vs_full
MISTRAL,public.tb_exame_hemoglobina_glicada,v04_plus_numeric_stats,v01_full,v04_plus_numeric_stats vs v01_full,1,0.3333333333333333,0.8448417584101359,34757.0,119606.0,-84849.0,P7_vs_full
MISTRAL,public.tb_exame_prenatal,v04_plus_numeric_stats,v01_full,v04_plus_numeric_stats vs v01_full,1,0.6666666666666666,0.6666662096977234,34757.0,119606.0,-84849.0,P7_vs_full
MISTRAL,public.tb_fat_atend_odonto_problemas,v04_plus_numeric_stats,v01_full,v04_plus_numeric_stats vs v01_full,1,0.6666666666666666,0.9209335048993429,34757.0,119606.0,-84849.0,P7_vs_full
MISTRAL,public.tb_fat_rel_op_risco_cardio,v04_plus_numeric_stats,v01_full,v04_plus_numeric_stats vs v01_full,1,0.6666666666666666,0.6666661500930786,34757.0,119606.0,-84849.0,P7_vs_full
MISTRAL,public.tb_historico_dados_fao,v04_plus_numeric_stats,v01_full,v04_plus_numeric_stats vs v01_full,1,0.0,0.5740989049275717,34757.0,119606.0,-84849.0,P7_vs_full
MISTRAL,public.tb_justificativa_prontuario,v04_plus_numeric_stats,v01_full,v04_plus_numeric_stats vs v01_full,1,1.0,0.9999992847442627,34757.0,119606.0,-84849.0,P7_vs_full
MISTRAL,public.tb_lembrete_evolucao,v04_plus_numeric_stats,v01_full,v04_plus_numeric_stats vs v01_full,1,0.0,0.524409015973409,34757.0,119606.0,-84849.0,P7_vs_full
MISTRAL,public.tb_medicamento_uso_continuo,v04_plus_numeric_stats,v01_full,v04_plus_numeric_stats vs v01_full,1,0.3333333333333333,0.7321671843528748,34757.0,119606.0,-84849.0,P7_vs_full
MISTRAL,public.tb_medicao,v04_plus_numeric_stats,v01_full,v04_plus_numeric_stats vs v01_full,1,0.3333333333333333,0.5982118050257365,34757.0,119606.0,-84849.0,P7_vs_full
MISTRAL,public.tb_odontograma,v04_plus_numeric_stats,v01_full,v04_plus_numeric_stats vs v01_full,1,0.0,0.5727125406265259,34757.0,119606.0,-84849.0,P7_vs_full
MISTRAL,public.tb_problema,v04_plus_numeric_stats,v01_full,v04_plus_numeric_stats vs v01_full,1,0.0,0.6548011898994446,34757.0,119606.0,-84849.0,P7_vs_full
MISTRAL,public.tb_proced_exame_especifico,v04_plus_numeric_stats,v01_full,v04_plus_numeric_stats vs v01_full,1,0.3333333333333333,0.803484320640564,34757.0,119606.0,-84849.0,P7_vs_full
MISTRAL,public.tb_raca_cor,v04_plus_numeric_stats,v01_full,v04_plus_numeric_stats vs v01_full,1,0.0,0.7887906233469645,34757.0,119606.0,-84849.0,P7_vs_full
MISTRAL,public.tb_tipo_glicemia,v04_plus_numeric_stats,v01_full,v04_plus_numeric_stats vs v01_full,1,0.3333333333333333,0.8750572800636292,34757.0,119606.0,-84849.0,P7_vs_full
MISTRAL,public.ta_medicamento_catmat,v05_plus_sample_values,v01_full,v05_plus_sample_values vs v01_full,1,0.0,0.4843829274177551,62953.0,119606.0,-56653.0,P7_vs_full
MISTRAL,public.ta_tecido_mole,v05_plus_sample_values,v01_full,v05_plus_sample_values vs v01_full,1,0.3333333333333333,0.8129979570706686,62953.0,119606.0,-56653.0,P7_vs_full
MISTRAL,public.ta_vacinacao,v05_plus_sample_values,v01_full,v05_plus_sample_values vs v01_full,1,0.6666666666666666,0.9850080410639445,62953.0,119606.0,-56653.0,P7_vs_full
MISTRAL,public.tb_antecedente,v05_plus_sample_values,v01_full,v05_plus_sample_values vs v01_full,1,0.0,0.48793554306030273,62953.0,119606.0,-56653.0,P7_vs_full
MISTRAL,public.tb_ciap_ms,v05_plus_sample_values,v01_full,v05_plus_sample_values vs v01_full,1,0.3333333333333333,0.7364533742268881,62953.0,119606.0,-56653.0,P7_vs_full
MISTRAL,public.tb_cidadao,v05_plus_sample_values,v01_full,v05_plus_sample_values vs v01_full,1,0.3333333333333333,0.8462146719296774,62953.0,119606.0,-56653.0,P7_vs_full
MISTRAL,public.tb_cuidado_compartilhado_evol,v05_plus_sample_values,v01_full,v05_plus_sample_values vs v01_full,1,0.6666666666666666,0.9364266792933146,62953.0,119606.0,-56653.0,P7_vs_full
MISTRAL,public.tb_dim_catmat,v05_plus_sample_values,v01_full,v05_plus_sample_values vs v01_full,1,0.3333333333333333,0.850452204545339,62953.0,119606.0,-56653.0,P7_vs_full
MISTRAL,public.tb_evolucao_odonto,v05_plus_sample_values,v01_full,v05_plus_sample_values vs v01_full,1,0.0,0.7837878068288168,62953.0,119606.0,-56653.0,P7_vs_full
MISTRAL,public.tb_evolucao_subjetivo,v05_plus_sample_values,v01_full,v05_plus_sample_values vs v01_full,1,0.0,0.4778669873873393,62953.0,119606.0,-56653.0,P7_vs_full
MISTRAL,public.tb_exame_hemoglobina_glicada,v05_plus_sample_values,v01_full,v05_plus_sample_values vs v01_full,1,1.0,0.9999992450078329,62953.0,119606.0,-56653.0,P7_vs_full
MISTRAL,public.tb_exame_prenatal,v05_plus_sample_values,v01_full,v05_plus_sample_values vs v01_full,1,0.6666666666666666,0.9706097841262817,62953.0,119606.0,-56653.0,P7_vs_full
MISTRAL,public.tb_fat_atend_odonto_problemas,v05_plus_sample_values,v01_full,v05_plus_sample_values vs v01_full,1,0.3333333333333333,0.8333918452262878,62953.0,119606.0,-56653.0,P7_vs_full
MISTRAL,public.tb_fat_rel_op_risco_cardio,v05_plus_sample_values,v01_full,v05_plus_sample_values vs v01_full,1,0.6666666666666666,0.6666661500930786,62953.0,119606.0,-56653.0,P7_vs_full
MISTRAL,public.tb_historico_dados_fao,v05_plus_sample_values,v01_full,v05_plus_sample_values vs v01_full,1,0.0,0.6118299961090088,62953.0,119606.0,-56653.0,P7_vs_full
MISTRAL,public.tb_justificativa_prontuario,v05_plus_sample_values,v01_full,v05_plus_sample_values vs v01_full,1,0.0,0.8472597002983093,62953.0,119606.0,-56653.0,P7_vs_full
MISTRAL,public.tb_lembrete_evolucao,v05_plus_sample_values,v01_full,v05_plus_sample_values vs v01_full,1,0.3333333333333333,0.8140134612719218,62953.0,119606.0,-56653.0,P7_vs_full
MISTRAL,public.tb_medicamento_uso_continuo,v05_plus_sample_values,v01_full,v05_plus_sample_values vs v01_full,1,0.6666666666666666,0.6666662295659384,62953.0,119606.0,-56653.0,P7_vs_full
MISTRAL,public.tb_medicao,v05_plus_sample_values,v01_full,v05_plus_sample_values vs v01_full,1,0.0,0.5028923352559408,62953.0,119606.0,-56653.0,P7_vs_full
MISTRAL,public.tb_odontograma,v05_plus_sample_values,v01_full,v05_plus_sample_values vs v01_full,1,0.3333333333333333,0.7976823449134827,62953.0,119606.0,-56653.0,P7_vs_full
MISTRAL,public.tb_problema,v05_plus_sample_values,v01_full,v05_plus_sample_values vs v01_full,1,0.0,0.6797428131103516,62953.0,119606.0,-56653.0,P7_vs_full
MISTRAL,public.tb_proced_exame_especifico,v05_plus_sample_values,v01_full,v05_plus_sample_values vs v01_full,1,0.3333333333333333,0.8729008634885153,62953.0,119606.0,-56653.0,P7_vs_full
MISTRAL,public.tb_raca_cor,v05_plus_sample_values,v01_full,v05_plus_sample_values vs v01_full,1,1.0,0.9999991854031881,62953.0,119606.0,-56653.0,P7_vs_full
MISTRAL,public.tb_tipo_glicemia,v05_plus_sample_values,v01_full,v05_plus_sample_values vs v01_full,1,0.0,0.7808637817700704,62953.0,119606.0,-56653.0,P7_vs_full
MISTRAL,public.ta_medicamento_catmat,v06_plus_frequent_values,v01_full,v06_plus_frequent_values vs v01_full,1,0.3333333333333333,0.8166193763415018,44374.0,119606.0,-75232.0,P7_vs_full
MISTRAL,public.ta_tecido_mole,v06_plus_frequent_values,v01_full,v06_plus_frequent_values vs v01_full,1,0.3333333333333333,0.5579771598180135,44374.0,119606.0,-75232.0,P7_vs_full
MISTRAL,public.ta_vacinacao,v06_plus_frequent_values,v01_full,v06_plus_frequent_values vs v01_full,1,0.0,0.5453221599260966,44374.0,119606.0,-75232.0,P7_vs_full
MISTRAL,public.tb_antecedente,v06_plus_frequent_values,v01_full,v06_plus_frequent_values vs v01_full,1,0.3333333333333333,0.7852625846862793,44374.0,119606.0,-75232.0,P7_vs_full
MISTRAL,public.tb_ciap_ms,v06_plus_frequent_values,v01_full,v06_plus_frequent_values vs v01_full,1,0.0,0.2674613992373149,44374.0,119606.0,-75232.0,P7_vs_full
MISTRAL,public.tb_cidadao,v06_plus_frequent_values,v01_full,v06_plus_frequent_values vs v01_full,1,0.3333333333333333,0.8462146719296774,44374.0,119606.0,-75232.0,P7_vs_full
MISTRAL,public.tb_cuidado_compartilhado_evol,v06_plus_frequent_values,v01_full,v06_plus_frequent_values vs v01_full,1,0.6666666666666666,0.6666663289070129,44374.0,119606.0,-75232.0,P7_vs_full
MISTRAL,public.tb_dim_catmat,v06_plus_frequent_values,v01_full,v06_plus_frequent_values vs v01_full,1,0.0,0.5609269738197327,44374.0,119606.0,-75232.0,P7_vs_full
MISTRAL,public.tb_evolucao_odonto,v06_plus_frequent_values,v01_full,v06_plus_frequent_values vs v01_full,1,0.3333333333333333,0.838833749294281,44374.0,119606.0,-75232.0,P7_vs_full
MISTRAL,public.tb_evolucao_subjetivo,v06_plus_frequent_values,v01_full,v06_plus_frequent_values vs v01_full,1,0.0,0.3023917078971863,44374.0,119606.0,-75232.0,P7_vs_full
MISTRAL,public.tb_exame_hemoglobina_glicada,v06_plus_frequent_values,v01_full,v06_plus_frequent_values vs v01_full,1,0.6666666666666666,0.9292001525561014,44374.0,119606.0,-75232.0,P7_vs_full
MISTRAL,public.tb_exame_prenatal,v06_plus_frequent_values,v01_full,v06_plus_frequent_values vs v01_full,1,1.0,0.9999994238217672,44374.0,119606.0,-75232.0,P7_vs_full
MISTRAL,public.tb_fat_atend_odonto_problemas,v06_plus_frequent_values,v01_full,v06_plus_frequent_values vs v01_full,1,0.3333333333333333,0.5811635454495748,44374.0,119606.0,-75232.0,P7_vs_full
MISTRAL,public.tb_fat_rel_op_risco_cardio,v06_plus_frequent_values,v01_full,v06_plus_frequent_values vs v01_full,1,0.6666666666666666,0.6666661500930786,44374.0,119606.0,-75232.0,P7_vs_full
MISTRAL,public.tb_historico_dados_fao,v06_plus_frequent_values,v01_full,v06_plus_frequent_values vs v01_full,1,0.0,0.4800995389620463,44374.0,119606.0,-75232.0,P7_vs_full
MISTRAL,public.tb_justificativa_prontuario,v06_plus_frequent_values,v01_full,v06_plus_frequent_values vs v01_full,1,0.6666666666666666,0.9475652575492859,44374.0,119606.0,-75232.0,P7_vs_full
MISTRAL,public.tb_lembrete_evolucao,v06_plus_frequent_values,v01_full,v06_plus_frequent_values vs v01_full,1,0.0,0.6088903347651163,44374.0,119606.0,-75232.0,P7_vs_full
MISTRAL,public.tb_medicamento_uso_continuo,v06_plus_frequent_values,v01_full,v06_plus_frequent_values vs v01_full,1,0.3333333333333333,0.6169900099436442,44374.0,119606.0,-75232.0,P7_vs_full
MISTRAL,public.tb_medicao,v06_plus_frequent_values,v01_full,v06_plus_frequent_values vs v01_full,1,0.0,0.0,44374.0,119606.0,-75232.0,P7_vs_full
MISTRAL,public.tb_odontograma,v06_plus_frequent_values,v01_full,v06_plus_frequent_values vs v01_full,1,0.3333333333333333,0.9247371157010397,44374.0,119606.0,-75232.0,P7_vs_full
MISTRAL,public.tb_problema,v06_plus_frequent_values,v01_full,v06_plus_frequent_values vs v01_full,1,0.0,0.627852737903595,44374.0,119606.0,-75232.0,P7_vs_full
MISTRAL,public.tb_proced_exame_especifico,v06_plus_frequent_values,v01_full,v06_plus_frequent_values vs v01_full,1,1.0,0.9999992648760477,44374.0,119606.0,-75232.0,P7_vs_full
MISTRAL,public.tb_raca_cor,v06_plus_frequent_values,v01_full,v06_plus_frequent_values vs v01_full,1,0.3333333333333333,0.8228070537249247,44374.0,119606.0,-75232.0,P7_vs_full
MISTRAL,public.tb_tipo_glicemia,v06_plus_frequent_values,v01_full,v06_plus_frequent_values vs v01_full,1,0.6666666666666666,0.8958283265431722,44374.0,119606.0,-75232.0,P7_vs_full
MISTRAL,public.ta_medicamento_catmat,v07_plus_sample_rows,v01_full,v07_plus_sample_rows vs v01_full,1,0.0,0.3683570424715678,37997.0,119606.0,-81609.0,P7_vs_full
MISTRAL,public.ta_tecido_mole,v07_plus_sample_rows,v01_full,v07_plus_sample_rows vs v01_full,1,0.6666666666666666,0.9191156427065531,37997.0,119606.0,-81609.0,P7_vs_full
MISTRAL,public.ta_vacinacao,v07_plus_sample_rows,v01_full,v07_plus_sample_rows vs v01_full,1,0.3333333333333333,0.8018158078193665,37997.0,119606.0,-81609.0,P7_vs_full
MISTRAL,public.tb_antecedente,v07_plus_sample_rows,v01_full,v07_plus_sample_rows vs v01_full,1,0.0,0.6693657040596008,37997.0,119606.0,-81609.0,P7_vs_full
MISTRAL,public.tb_ciap_ms,v07_plus_sample_rows,v01_full,v07_plus_sample_rows vs v01_full,1,0.0,0.4948618412017822,37997.0,119606.0,-81609.0,P7_vs_full
MISTRAL,public.tb_cidadao,v07_plus_sample_rows,v01_full,v07_plus_sample_rows vs v01_full,1,0.3333333333333333,0.8462146719296774,37997.0,119606.0,-81609.0,P7_vs_full
MISTRAL,public.tb_cuidado_compartilhado_evol,v07_plus_sample_rows,v01_full,v07_plus_sample_rows vs v01_full,1,0.3333333333333333,0.7600934306780497,37997.0,119606.0,-81609.0,P7_vs_full
MISTRAL,public.tb_dim_catmat,v07_plus_sample_rows,v01_full,v07_plus_sample_rows vs v01_full,1,0.3333333333333333,0.6246004303296407,37997.0,119606.0,-81609.0,P7_vs_full
MISTRAL,public.tb_evolucao_odonto,v07_plus_sample_rows,v01_full,v07_plus_sample_rows vs v01_full,1,0.3333333333333333,0.7422633369763693,37997.0,119606.0,-81609.0,P7_vs_full
MISTRAL,public.tb_evolucao_subjetivo,v07_plus_sample_rows,v01_full,v07_plus_sample_rows vs v01_full,1,0.0,0.4103781183560689,37997.0,119606.0,-81609.0,P7_vs_full
MISTRAL,public.tb_exame_hemoglobina_glicada,v07_plus_sample_rows,v01_full,v07_plus_sample_rows vs v01_full,1,0.0,0.6928107341130575,37997.0,119606.0,-81609.0,P7_vs_full
MISTRAL,public.tb_exame_prenatal,v07_plus_sample_rows,v01_full,v07_plus_sample_rows vs v01_full,1,1.0,0.9999994238217672,37997.0,119606.0,-81609.0,P7_vs_full
MISTRAL,public.tb_fat_atend_odonto_problemas,v07_plus_sample_rows,v01_full,v07_plus_sample_rows vs v01_full,1,0.6666666666666666,0.9209335048993429,37997.0,119606.0,-81609.0,P7_vs_full
MISTRAL,public.tb_fat_rel_op_risco_cardio,v07_plus_sample_rows,v01_full,v07_plus_sample_rows vs v01_full,1,0.0,0.7377437154452006,37997.0,119606.0,-81609.0,P7_vs_full
MISTRAL,public.tb_historico_dados_fao,v07_plus_sample_rows,v01_full,v07_plus_sample_rows vs v01_full,1,0.0,0.4133833448092143,37997.0,119606.0,-81609.0,P7_vs_full
MISTRAL,public.tb_justificativa_prontuario,v07_plus_sample_rows,v01_full,v07_plus_sample_rows vs v01_full,1,0.6666666666666666,0.9475652575492859,37997.0,119606.0,-81609.0,P7_vs_full
MISTRAL,public.tb_lembrete_evolucao,v07_plus_sample_rows,v01_full,v07_plus_sample_rows vs v01_full,1,0.0,0.7276604374249777,37997.0,119606.0,-81609.0,P7_vs_full
MISTRAL,public.tb_medicamento_uso_continuo,v07_plus_sample_rows,v01_full,v07_plus_sample_rows vs v01_full,1,0.6666666666666666,0.6666662295659384,37997.0,119606.0,-81609.0,P7_vs_full
MISTRAL,public.tb_medicao,v07_plus_sample_rows,v01_full,v07_plus_sample_rows vs v01_full,1,0.6666666666666666,0.6666662494341532,37997.0,119606.0,-81609.0,P7_vs_full
MISTRAL,public.tb_odontograma,v07_plus_sample_rows,v01_full,v07_plus_sample_rows vs v01_full,1,0.0,0.857547382513682,37997.0,119606.0,-81609.0,P7_vs_full
MISTRAL,public.tb_problema,v07_plus_sample_rows,v01_full,v07_plus_sample_rows vs v01_full,1,0.0,0.7246259053548177,37997.0,119606.0,-81609.0,P7_vs_full
MISTRAL,public.tb_proced_exame_especifico,v07_plus_sample_rows,v01_full,v07_plus_sample_rows vs v01_full,1,0.3333333333333333,0.8947242101033529,37997.0,119606.0,-81609.0,P7_vs_full
MISTRAL,public.tb_raca_cor,v07_plus_sample_rows,v01_full,v07_plus_sample_rows vs v01_full,1,0.0,0.7887906233469645,37997.0,119606.0,-81609.0,P7_vs_full
MISTRAL,public.tb_tipo_glicemia,v07_plus_sample_rows,v01_full,v07_plus_sample_rows vs v01_full,1,0.3333333333333333,0.8750572800636292,37997.0,119606.0,-81609.0,P7_vs_full
MISTRAL,public.ta_medicamento_catmat,v08_fk_plus_sample_values,v01_full,v08_fk_plus_sample_values vs v01_full,1,0.3333333333333333,0.8126444021860758,66524.0,119606.0,-53082.0,P7_vs_full
MISTRAL,public.ta_tecido_mole,v08_fk_plus_sample_values,v01_full,v08_fk_plus_sample_values vs v01_full,1,0.0,0.7092667818069458,66524.0,119606.0,-53082.0,P7_vs_full
MISTRAL,public.ta_vacinacao,v08_fk_plus_sample_values,v01_full,v08_fk_plus_sample_values vs v01_full,1,0.3333333333333333,0.846742312113444,66524.0,119606.0,-53082.0,P7_vs_full
MISTRAL,public.tb_antecedente,v08_fk_plus_sample_values,v01_full,v08_fk_plus_sample_values vs v01_full,1,0.0,0.48793554306030273,66524.0,119606.0,-53082.0,P7_vs_full
MISTRAL,public.tb_ciap_ms,v08_fk_plus_sample_values,v01_full,v08_fk_plus_sample_values vs v01_full,1,0.3333333333333333,0.7787621021270752,66524.0,119606.0,-53082.0,P7_vs_full
MISTRAL,public.tb_cidadao,v08_fk_plus_sample_values,v01_full,v08_fk_plus_sample_values vs v01_full,1,0.3333333333333333,0.8623489141464233,66524.0,119606.0,-53082.0,P7_vs_full
MISTRAL,public.tb_cuidado_compartilhado_evol,v08_fk_plus_sample_values,v01_full,v08_fk_plus_sample_values vs v01_full,1,0.3333333333333333,0.7931567430496216,66524.0,119606.0,-53082.0,P7_vs_full
MISTRAL,public.tb_dim_catmat,v08_fk_plus_sample_values,v01_full,v08_fk_plus_sample_values vs v01_full,1,0.3333333333333333,0.6246004303296407,66524.0,119606.0,-53082.0,P7_vs_full
MISTRAL,public.tb_evolucao_odonto,v08_fk_plus_sample_values,v01_full,v08_fk_plus_sample_values vs v01_full,1,0.6666666666666666,0.8946181933085123,66524.0,119606.0,-53082.0,P7_vs_full
MISTRAL,public.tb_evolucao_subjetivo,v08_fk_plus_sample_values,v01_full,v08_fk_plus_sample_values vs v01_full,1,0.0,0.8194704453150431,66524.0,119606.0,-53082.0,P7_vs_full
MISTRAL,public.tb_exame_hemoglobina_glicada,v08_fk_plus_sample_values,v01_full,v08_fk_plus_sample_values vs v01_full,1,0.3333333333333333,0.8448417584101359,66524.0,119606.0,-53082.0,P7_vs_full
MISTRAL,public.tb_exame_prenatal,v08_fk_plus_sample_values,v01_full,v08_fk_plus_sample_values vs v01_full,1,1.0,0.9999994238217672,66524.0,119606.0,-53082.0,P7_vs_full
MISTRAL,public.tb_fat_atend_odonto_problemas,v08_fk_plus_sample_values,v01_full,v08_fk_plus_sample_values vs v01_full,1,0.3333333333333333,0.789977232615153,66524.0,119606.0,-53082.0,P7_vs_full
MISTRAL,public.tb_fat_rel_op_risco_cardio,v08_fk_plus_sample_values,v01_full,v08_fk_plus_sample_values vs v01_full,1,0.6666666666666666,0.6666661500930786,66524.0,119606.0,-53082.0,P7_vs_full
MISTRAL,public.tb_historico_dados_fao,v08_fk_plus_sample_values,v01_full,v08_fk_plus_sample_values vs v01_full,1,0.0,0.611055592695872,66524.0,119606.0,-53082.0,P7_vs_full
MISTRAL,public.tb_justificativa_prontuario,v08_fk_plus_sample_values,v01_full,v08_fk_plus_sample_values vs v01_full,1,1.0,0.9999992847442627,66524.0,119606.0,-53082.0,P7_vs_full
MISTRAL,public.tb_lembrete_evolucao,v08_fk_plus_sample_values,v01_full,v08_fk_plus_sample_values vs v01_full,1,0.0,0.7747843265533447,66524.0,119606.0,-53082.0,P7_vs_full
MISTRAL,public.tb_medicamento_uso_continuo,v08_fk_plus_sample_values,v01_full,v08_fk_plus_sample_values vs v01_full,1,0.0,0.5261808037757874,66524.0,119606.0,-53082.0,P7_vs_full
MISTRAL,public.tb_medicao,v08_fk_plus_sample_values,v01_full,v08_fk_plus_sample_values vs v01_full,1,0.3333333333333333,0.593504269917806,66524.0,119606.0,-53082.0,P7_vs_full
MISTRAL,public.tb_odontograma,v08_fk_plus_sample_values,v01_full,v08_fk_plus_sample_values vs v01_full,1,0.0,0.7566274801890055,66524.0,119606.0,-53082.0,P7_vs_full
MISTRAL,public.tb_problema,v08_fk_plus_sample_values,v01_full,v08_fk_plus_sample_values vs v01_full,1,1.0,0.9999991059303284,66524.0,119606.0,-53082.0,P7_vs_full
MISTRAL,public.tb_proced_exame_especifico,v08_fk_plus_sample_values,v01_full,v08_fk_plus_sample_values vs v01_full,1,0.0,0.8235330979029337,66524.0,119606.0,-53082.0,P7_vs_full
MISTRAL,public.tb_raca_cor,v08_fk_plus_sample_values,v01_full,v08_fk_plus_sample_values vs v01_full,1,1.0,0.9999991854031881,66524.0,119606.0,-53082.0,P7_vs_full
MISTRAL,public.tb_tipo_glicemia,v08_fk_plus_sample_values,v01_full,v08_fk_plus_sample_values vs v01_full,1,0.6666666666666666,0.9098538557688395,66524.0,119606.0,-53082.0,P7_vs_full
MISTRAL,public.ta_medicamento_catmat,v09_fk_plus_frequent_values,v01_full,v09_fk_plus_frequent_values vs v01_full,1,0.0,0.4843829274177551,47945.0,119606.0,-71661.0,P7_vs_full
MISTRAL,public.ta_tecido_mole,v09_fk_plus_frequent_values,v01_full,v09_fk_plus_frequent_values vs v01_full,1,0.0,0.3769197662671407,47945.0,119606.0,-71661.0,P7_vs_full
MISTRAL,public.ta_vacinacao,v09_fk_plus_frequent_values,v01_full,v09_fk_plus_frequent_values vs v01_full,1,0.0,0.5453221599260966,47945.0,119606.0,-71661.0,P7_vs_full
MISTRAL,public.tb_antecedente,v09_fk_plus_frequent_values,v01_full,v09_fk_plus_frequent_values vs v01_full,1,0.3333333333333333,0.7852625846862793,47945.0,119606.0,-71661.0,P7_vs_full
MISTRAL,public.tb_ciap_ms,v09_fk_plus_frequent_values,v01_full,v09_fk_plus_frequent_values vs v01_full,1,0.0,0.46563949187596637,47945.0,119606.0,-71661.0,P7_vs_full
MISTRAL,public.tb_cidadao,v09_fk_plus_frequent_values,v01_full,v09_fk_plus_frequent_values vs v01_full,1,0.3333333333333333,0.8462146719296774,47945.0,119606.0,-71661.0,P7_vs_full
MISTRAL,public.tb_cuidado_compartilhado_evol,v09_fk_plus_frequent_values,v01_full,v09_fk_plus_frequent_values vs v01_full,1,0.3333333333333333,0.7714971502621969,47945.0,119606.0,-71661.0,P7_vs_full
MISTRAL,public.tb_dim_catmat,v09_fk_plus_frequent_values,v01_full,v09_fk_plus_frequent_values vs v01_full,1,0.6666666666666666,0.666666050752004,47945.0,119606.0,-71661.0,P7_vs_full
MISTRAL,public.tb_evolucao_odonto,v09_fk_plus_frequent_values,v01_full,v09_fk_plus_frequent_values vs v01_full,1,0.6666666666666666,0.9144439498583475,47945.0,119606.0,-71661.0,P7_vs_full
MISTRAL,public.tb_evolucao_subjetivo,v09_fk_plus_frequent_values,v01_full,v09_fk_plus_frequent_values vs v01_full,1,0.0,0.547645092010498,47945.0,119606.0,-71661.0,P7_vs_full
MISTRAL,public.tb_exame_hemoglobina_glicada,v09_fk_plus_frequent_values,v01_full,v09_fk_plus_frequent_values vs v01_full,1,0.6666666666666666,0.9292001525561014,47945.0,119606.0,-71661.0,P7_vs_full
MISTRAL,public.tb_exame_prenatal,v09_fk_plus_frequent_values,v01_full,v09_fk_plus_frequent_values vs v01_full,1,1.0,0.9999994238217672,47945.0,119606.0,-71661.0,P7_vs_full
MISTRAL,public.tb_fat_atend_odonto_problemas,v09_fk_plus_frequent_values,v01_full,v09_fk_plus_frequent_values vs v01_full,1,0.3333333333333333,0.5407882928848267,47945.0,119606.0,-71661.0,P7_vs_full
MISTRAL,public.tb_fat_rel_op_risco_cardio,v09_fk_plus_frequent_values,v01_full,v09_fk_plus_frequent_values vs v01_full,1,0.6666666666666666,0.6666661500930786,47945.0,119606.0,-71661.0,P7_vs_full
MISTRAL,public.tb_historico_dados_fao,v09_fk_plus_frequent_values,v01_full,v09_fk_plus_frequent_values vs v01_full,1,0.0,0.7327809532483419,47945.0,119606.0,-71661.0,P7_vs_full
MISTRAL,public.tb_justificativa_prontuario,v09_fk_plus_frequent_values,v01_full,v09_fk_plus_frequent_values vs v01_full,1,0.6666666666666666,0.9302484194437662,47945.0,119606.0,-71661.0,P7_vs_full
MISTRAL,public.tb_lembrete_evolucao,v09_fk_plus_frequent_values,v01_full,v09_fk_plus_frequent_values vs v01_full,1,0.0,0.2792041103045146,47945.0,119606.0,-71661.0,P7_vs_full
MISTRAL,public.tb_medicamento_uso_continuo,v09_fk_plus_frequent_values,v01_full,v09_fk_plus_frequent_values vs v01_full,1,0.0,0.5261808037757874,47945.0,119606.0,-71661.0,P7_vs_full
MISTRAL,public.tb_medicao,v09_fk_plus_frequent_values,v01_full,v09_fk_plus_frequent_values vs v01_full,1,0.6666666666666666,0.9227677583694458,47945.0,119606.0,-71661.0,P7_vs_full
MISTRAL,public.tb_odontograma,v09_fk_plus_frequent_values,v01_full,v09_fk_plus_frequent_values vs v01_full,1,0.6666666666666666,0.977635900179545,47945.0,119606.0,-71661.0,P7_vs_full
MISTRAL,public.tb_problema,v09_fk_plus_frequent_values,v01_full,v09_fk_plus_frequent_values vs v01_full,1,0.0,0.6273368795712789,47945.0,119606.0,-71661.0,P7_vs_full
MISTRAL,public.tb_proced_exame_especifico,v09_fk_plus_frequent_values,v01_full,v09_fk_plus_frequent_values vs v01_full,1,0.3333333333333333,0.803484320640564,47945.0,119606.0,-71661.0,P7_vs_full
MISTRAL,public.tb_raca_cor,v09_fk_plus_frequent_values,v01_full,v09_fk_plus_frequent_values vs v01_full,1,0.6666666666666666,0.8908333778381348,47945.0,119606.0,-71661.0,P7_vs_full
MISTRAL,public.tb_tipo_glicemia,v09_fk_plus_frequent_values,v01_full,v09_fk_plus_frequent_values vs v01_full,1,0.6666666666666666,0.6666662494341532,47945.0,119606.0,-71661.0,P7_vs_full
MISTRAL,public.ta_medicamento_catmat,v10_fk_plus_sample_and_frequent,v01_full,v10_fk_plus_sample_and_frequent vs v01_full,1,0.6666666666666666,0.8717879255612692,85494.0,119606.0,-34112.0,P7_vs_full
MISTRAL,public.ta_tecido_mole,v10_fk_plus_sample_and_frequent,v01_full,v10_fk_plus_sample_and_frequent vs v01_full,1,0.3333333333333333,0.796310027440389,85494.0,119606.0,-34112.0,P7_vs_full
MISTRAL,public.ta_vacinacao,v10_fk_plus_sample_and_frequent,v01_full,v10_fk_plus_sample_and_frequent vs v01_full,1,0.6666666666666666,0.6666660110155741,85494.0,119606.0,-34112.0,P7_vs_full
MISTRAL,public.tb_antecedente,v10_fk_plus_sample_and_frequent,v01_full,v10_fk_plus_sample_and_frequent vs v01_full,1,0.0,0.7177965044975281,85494.0,119606.0,-34112.0,P7_vs_full
MISTRAL,public.tb_ciap_ms,v10_fk_plus_sample_and_frequent,v01_full,v10_fk_plus_sample_and_frequent vs v01_full,1,0.3333333333333333,0.7453012665112814,85494.0,119606.0,-34112.0,P7_vs_full
MISTRAL,public.tb_cidadao,v10_fk_plus_sample_and_frequent,v01_full,v10_fk_plus_sample_and_frequent vs v01_full,1,1.0,0.999999463558197,85494.0,119606.0,-34112.0,P7_vs_full
MISTRAL,public.tb_cuidado_compartilhado_evol,v10_fk_plus_sample_and_frequent,v01_full,v10_fk_plus_sample_and_frequent vs v01_full,1,0.6666666666666666,0.8948359886805216,85494.0,119606.0,-34112.0,P7_vs_full
MISTRAL,public.tb_dim_catmat,v10_fk_plus_sample_and_frequent,v01_full,v10_fk_plus_sample_and_frequent vs v01_full,1,0.0,0.5401776234308878,85494.0,119606.0,-34112.0,P7_vs_full
MISTRAL,public.tb_evolucao_odonto,v10_fk_plus_sample_and_frequent,v01_full,v10_fk_plus_sample_and_frequent vs v01_full,1,1.0,0.9999991854031881,85494.0,119606.0,-34112.0,P7_vs_full
MISTRAL,public.tb_evolucao_subjetivo,v10_fk_plus_sample_and_frequent,v01_full,v10_fk_plus_sample_and_frequent vs v01_full,1,0.0,0.3023917078971863,85494.0,119606.0,-34112.0,P7_vs_full
MISTRAL,public.tb_exame_hemoglobina_glicada,v10_fk_plus_sample_and_frequent,v01_full,v10_fk_plus_sample_and_frequent vs v01_full,1,0.0,0.7739485303560892,85494.0,119606.0,-34112.0,P7_vs_full
MISTRAL,public.tb_exame_prenatal,v10_fk_plus_sample_and_frequent,v01_full,v10_fk_plus_sample_and_frequent vs v01_full,1,0.6666666666666666,0.9706097841262817,85494.0,119606.0,-34112.0,P7_vs_full
MISTRAL,public.tb_fat_atend_odonto_problemas,v10_fk_plus_sample_and_frequent,v01_full,v10_fk_plus_sample_and_frequent vs v01_full,1,0.3333333333333333,0.7438420454661051,85494.0,119606.0,-34112.0,P7_vs_full
MISTRAL,public.tb_fat_rel_op_risco_cardio,v10_fk_plus_sample_and_frequent,v01_full,v10_fk_plus_sample_and_frequent vs v01_full,1,0.6666666666666666,0.6666661500930786,85494.0,119606.0,-34112.0,P7_vs_full
MISTRAL,public.tb_historico_dados_fao,v10_fk_plus_sample_and_frequent,v01_full,v10_fk_plus_sample_and_frequent vs v01_full,1,0.0,0.4812161326408386,85494.0,119606.0,-34112.0,P7_vs_full
MISTRAL,public.tb_justificativa_prontuario,v10_fk_plus_sample_and_frequent,v01_full,v10_fk_plus_sample_and_frequent vs v01_full,1,0.6666666666666666,0.9475652575492859,85494.0,119606.0,-34112.0,P7_vs_full
MISTRAL,public.tb_lembrete_evolucao,v10_fk_plus_sample_and_frequent,v01_full,v10_fk_plus_sample_and_frequent vs v01_full,1,0.0,0.723296046257019,85494.0,119606.0,-34112.0,P7_vs_full
MISTRAL,public.tb_medicamento_uso_continuo,v10_fk_plus_sample_and_frequent,v01_full,v10_fk_plus_sample_and_frequent vs v01_full,1,0.3333333333333333,0.6430073976516724,85494.0,119606.0,-34112.0,P7_vs_full
MISTRAL,public.tb_medicao,v10_fk_plus_sample_and_frequent,v01_full,v10_fk_plus_sample_and_frequent vs v01_full,1,0.6666666666666666,0.9461367130279541,85494.0,119606.0,-34112.0,P7_vs_full
MISTRAL,public.tb_odontograma,v10_fk_plus_sample_and_frequent,v01_full,v10_fk_plus_sample_and_frequent vs v01_full,1,1.0,0.9999993046124777,85494.0,119606.0,-34112.0,P7_vs_full
MISTRAL,public.tb_problema,v10_fk_plus_sample_and_frequent,v01_full,v10_fk_plus_sample_and_frequent vs v01_full,1,0.3333333333333333,0.5355243484179179,85494.0,119606.0,-34112.0,P7_vs_full
MISTRAL,public.tb_proced_exame_especifico,v10_fk_plus_sample_and_frequent,v01_full,v10_fk_plus_sample_and_frequent vs v01_full,1,0.3333333333333333,0.78587539990743,85494.0,119606.0,-34112.0,P7_vs_full
MISTRAL,public.tb_raca_cor,v10_fk_plus_sample_and_frequent,v01_full,v10_fk_plus_sample_and_frequent vs v01_full,1,1.0,0.9999991854031881,85494.0,119606.0,-34112.0,P7_vs_full
MISTRAL,public.tb_tipo_glicemia,v10_fk_plus_sample_and_frequent,v01_full,v10_fk_plus_sample_and_frequent vs v01_full,1,0.6666666666666666,0.9098538557688395,85494.0,119606.0,-34112.0,P7_vs_full
MISTRAL,public.ta_medicamento_catmat,v11_fk_plus_sample_rows,v01_full,v11_fk_plus_sample_rows vs v01_full,1,0.3333333333333333,0.7363914450009664,41568.0,119606.0,-78038.0,P7_vs_full
MISTRAL,public.ta_tecido_mole,v11_fk_plus_sample_rows,v01_full,v11_fk_plus_sample_rows vs v01_full,1,0.3333333333333333,0.8129979570706686,41568.0,119606.0,-78038.0,P7_vs_full
MISTRAL,public.ta_vacinacao,v11_fk_plus_sample_rows,v01_full,v11_fk_plus_sample_rows vs v01_full,1,0.3333333333333333,0.5275695522626241,41568.0,119606.0,-78038.0,P7_vs_full
MISTRAL,public.tb_antecedente,v11_fk_plus_sample_rows,v01_full,v11_fk_plus_sample_rows vs v01_full,1,0.3333333333333333,0.7654826641082764,41568.0,119606.0,-78038.0,P7_vs_full
MISTRAL,public.tb_ciap_ms,v11_fk_plus_sample_rows,v01_full,v11_fk_plus_sample_rows vs v01_full,1,0.0,0.4653353691101074,41568.0,119606.0,-78038.0,P7_vs_full
MISTRAL,public.tb_cidadao,v11_fk_plus_sample_rows,v01_full,v11_fk_plus_sample_rows vs v01_full,1,1.0,0.999999463558197,41568.0,119606.0,-78038.0,P7_vs_full
MISTRAL,public.tb_cuidado_compartilhado_evol,v11_fk_plus_sample_rows,v01_full,v11_fk_plus_sample_rows vs v01_full,1,0.6666666666666666,0.8482140501340231,41568.0,119606.0,-78038.0,P7_vs_full
MISTRAL,public.tb_dim_catmat,v11_fk_plus_sample_rows,v01_full,v11_fk_plus_sample_rows vs v01_full,1,0.6666666666666666,0.666666050752004,41568.0,119606.0,-78038.0,P7_vs_full
MISTRAL,public.tb_evolucao_odonto,v11_fk_plus_sample_rows,v01_full,v11_fk_plus_sample_rows vs v01_full,1,0.3333333333333333,0.5238752166430155,41568.0,119606.0,-78038.0,P7_vs_full
MISTRAL,public.tb_evolucao_subjetivo,v11_fk_plus_sample_rows,v01_full,v11_fk_plus_sample_rows vs v01_full,1,0.0,0.37108620007832843,41568.0,119606.0,-78038.0,P7_vs_full
MISTRAL,public.tb_exame_hemoglobina_glicada,v11_fk_plus_sample_rows,v01_full,v11_fk_plus_sample_rows vs v01_full,1,0.6666666666666666,0.9292001525561014,41568.0,119606.0,-78038.0,P7_vs_full
MISTRAL,public.tb_exame_prenatal,v11_fk_plus_sample_rows,v01_full,v11_fk_plus_sample_rows vs v01_full,1,1.0,0.9999994238217672,41568.0,119606.0,-78038.0,P7_vs_full
MISTRAL,public.tb_fat_atend_odonto_problemas,v11_fk_plus_sample_rows,v01_full,v11_fk_plus_sample_rows vs v01_full,1,0.6666666666666666,0.847643236319224,41568.0,119606.0,-78038.0,P7_vs_full
MISTRAL,public.tb_fat_rel_op_risco_cardio,v11_fk_plus_sample_rows,v01_full,v11_fk_plus_sample_rows vs v01_full,1,0.6666666666666666,0.6666661500930786,41568.0,119606.0,-78038.0,P7_vs_full
MISTRAL,public.tb_historico_dados_fao,v11_fk_plus_sample_rows,v01_full,v11_fk_plus_sample_rows vs v01_full,1,0.0,0.4106985727945964,41568.0,119606.0,-78038.0,P7_vs_full
MISTRAL,public.tb_justificativa_prontuario,v11_fk_plus_sample_rows,v01_full,v11_fk_plus_sample_rows vs v01_full,1,0.0,0.8381087978680929,41568.0,119606.0,-78038.0,P7_vs_full
MISTRAL,public.tb_lembrete_evolucao,v11_fk_plus_sample_rows,v01_full,v11_fk_plus_sample_rows vs v01_full,1,0.0,0.24571760495503744,41568.0,119606.0,-78038.0,P7_vs_full
MISTRAL,public.tb_medicamento_uso_continuo,v11_fk_plus_sample_rows,v01_full,v11_fk_plus_sample_rows vs v01_full,1,0.6666666666666666,0.6666662295659384,41568.0,119606.0,-78038.0,P7_vs_full
MISTRAL,public.tb_medicao,v11_fk_plus_sample_rows,v01_full,v11_fk_plus_sample_rows vs v01_full,1,1.0,0.9999994238217672,41568.0,119606.0,-78038.0,P7_vs_full
MISTRAL,public.tb_odontograma,v11_fk_plus_sample_rows,v01_full,v11_fk_plus_sample_rows vs v01_full,1,1.0,0.9999993046124777,41568.0,119606.0,-78038.0,P7_vs_full
MISTRAL,public.tb_problema,v11_fk_plus_sample_rows,v01_full,v11_fk_plus_sample_rows vs v01_full,1,1.0,0.9999991059303284,41568.0,119606.0,-78038.0,P7_vs_full
MISTRAL,public.tb_proced_exame_especifico,v11_fk_plus_sample_rows,v01_full,v11_fk_plus_sample_rows vs v01_full,1,0.3333333333333333,0.8947242101033529,41568.0,119606.0,-78038.0,P7_vs_full
MISTRAL,public.tb_raca_cor,v11_fk_plus_sample_rows,v01_full,v11_fk_plus_sample_rows vs v01_full,1,0.6666666666666666,0.8900649348894755,41568.0,119606.0,-78038.0,P7_vs_full
MISTRAL,public.tb_tipo_glicemia,v11_fk_plus_sample_rows,v01_full,v11_fk_plus_sample_rows vs v01_full,1,0.0,0.7808637817700704,41568.0,119606.0,-78038.0,P7_vs_full
MISTRAL,public.ta_medicamento_catmat,v12_nullable_plus_sample_values,v01_full,v12_nullable_plus_sample_values vs v01_full,1,0.3333333333333333,0.7363914450009664,64528.0,119606.0,-55078.0,P7_vs_full
MISTRAL,public.ta_tecido_mole,v12_nullable_plus_sample_values,v01_full,v12_nullable_plus_sample_values vs v01_full,1,0.6666666666666666,0.8844350179036459,64528.0,119606.0,-55078.0,P7_vs_full
MISTRAL,public.ta_vacinacao,v12_nullable_plus_sample_values,v01_full,v12_nullable_plus_sample_values vs v01_full,1,0.3333333333333333,0.8458975354830424,64528.0,119606.0,-55078.0,P7_vs_full
MISTRAL,public.tb_antecedente,v12_nullable_plus_sample_values,v01_full,v12_nullable_plus_sample_values vs v01_full,1,0.0,0.48793554306030273,64528.0,119606.0,-55078.0,P7_vs_full
MISTRAL,public.tb_ciap_ms,v12_nullable_plus_sample_values,v01_full,v12_nullable_plus_sample_values vs v01_full,1,0.3333333333333333,0.7422590255737305,64528.0,119606.0,-55078.0,P7_vs_full
MISTRAL,public.tb_cidadao,v12_nullable_plus_sample_values,v01_full,v12_nullable_plus_sample_values vs v01_full,1,0.3333333333333333,0.8462146719296774,64528.0,119606.0,-55078.0,P7_vs_full
MISTRAL,public.tb_cuidado_compartilhado_evol,v12_nullable_plus_sample_values,v01_full,v12_nullable_plus_sample_values vs v01_full,1,0.3333333333333333,0.7600934306780497,64528.0,119606.0,-55078.0,P7_vs_full
MISTRAL,public.tb_dim_catmat,v12_nullable_plus_sample_values,v01_full,v12_nullable_plus_sample_values vs v01_full,1,0.6666666666666666,0.9277946750322977,64528.0,119606.0,-55078.0,P7_vs_full
MISTRAL,public.tb_evolucao_odonto,v12_nullable_plus_sample_values,v01_full,v12_nullable_plus_sample_values vs v01_full,1,0.6666666666666666,0.6666661500930786,64528.0,119606.0,-55078.0,P7_vs_full
MISTRAL,public.tb_evolucao_subjetivo,v12_nullable_plus_sample_values,v01_full,v12_nullable_plus_sample_values vs v01_full,1,0.0,0.5316196282704672,64528.0,119606.0,-55078.0,P7_vs_full
MISTRAL,public.tb_exame_hemoglobina_glicada,v12_nullable_plus_sample_values,v01_full,v12_nullable_plus_sample_values vs v01_full,1,1.0,0.9999992450078329,64528.0,119606.0,-55078.0,P7_vs_full
MISTRAL,public.tb_exame_prenatal,v12_nullable_plus_sample_values,v01_full,v12_nullable_plus_sample_values vs v01_full,1,0.3333333333333333,0.5554583668708801,64528.0,119606.0,-55078.0,P7_vs_full
MISTRAL,public.tb_fat_atend_odonto_problemas,v12_nullable_plus_sample_values,v01_full,v12_nullable_plus_sample_values vs v01_full,1,0.3333333333333333,0.8333918452262878,64528.0,119606.0,-55078.0,P7_vs_full
MISTRAL,public.tb_fat_rel_op_risco_cardio,v12_nullable_plus_sample_values,v01_full,v12_nullable_plus_sample_values vs v01_full,1,0.6666666666666666,0.6666661500930786,64528.0,119606.0,-55078.0,P7_vs_full
MISTRAL,public.tb_historico_dados_fao,v12_nullable_plus_sample_values,v01_full,v12_nullable_plus_sample_values vs v01_full,1,0.0,0.7472285429636637,64528.0,119606.0,-55078.0,P7_vs_full
MISTRAL,public.tb_justificativa_prontuario,v12_nullable_plus_sample_values,v01_full,v12_nullable_plus_sample_values vs v01_full,1,0.0,0.8381087978680929,64528.0,119606.0,-55078.0,P7_vs_full
MISTRAL,public.tb_lembrete_evolucao,v12_nullable_plus_sample_values,v01_full,v12_nullable_plus_sample_values vs v01_full,1,0.3333333333333333,0.7691187461217245,64528.0,119606.0,-55078.0,P7_vs_full
MISTRAL,public.tb_medicamento_uso_continuo,v12_nullable_plus_sample_values,v01_full,v12_nullable_plus_sample_values vs v01_full,1,0.6666666666666666,0.6666662295659384,64528.0,119606.0,-55078.0,P7_vs_full
MISTRAL,public.tb_medicao,v12_nullable_plus_sample_values,v01_full,v12_nullable_plus_sample_values vs v01_full,1,0.6666666666666666,0.6666662494341532,64528.0,119606.0,-55078.0,P7_vs_full
MISTRAL,public.tb_odontograma,v12_nullable_plus_sample_values,v01_full,v12_nullable_plus_sample_values vs v01_full,1,0.3333333333333333,0.9320578177769979,64528.0,119606.0,-55078.0,P7_vs_full
MISTRAL,public.tb_problema,v12_nullable_plus_sample_values,v01_full,v12_nullable_plus_sample_values vs v01_full,1,0.0,0.6939987341562907,64528.0,119606.0,-55078.0,P7_vs_full
MISTRAL,public.tb_proced_exame_especifico,v12_nullable_plus_sample_values,v01_full,v12_nullable_plus_sample_values vs v01_full,1,0.0,0.49135418732961017,64528.0,119606.0,-55078.0,P7_vs_full
MISTRAL,public.tb_raca_cor,v12_nullable_plus_sample_values,v01_full,v12_nullable_plus_sample_values vs v01_full,1,1.0,0.9999991854031881,64528.0,119606.0,-55078.0,P7_vs_full
MISTRAL,public.tb_tipo_glicemia,v12_nullable_plus_sample_values,v01_full,v12_nullable_plus_sample_values vs v01_full,1,0.6666666666666666,0.9098538557688395,64528.0,119606.0,-55078.0,P7_vs_full
MISTRAL,public.ta_medicamento_catmat,v13_nullable_plus_frequent_values,v01_full,v13_nullable_plus_frequent_values vs v01_full,1,0.0,0.7131444215774536,45949.0,119606.0,-73657.0,P7_vs_full
MISTRAL,public.ta_tecido_mole,v13_nullable_plus_frequent_values,v01_full,v13_nullable_plus_frequent_values vs v01_full,1,0.0,0.6169331073760986,45949.0,119606.0,-73657.0,P7_vs_full
MISTRAL,public.ta_vacinacao,v13_nullable_plus_frequent_values,v01_full,v13_nullable_plus_frequent_values vs v01_full,1,0.6666666666666666,0.6666660110155741,45949.0,119606.0,-73657.0,P7_vs_full
MISTRAL,public.tb_antecedente,v13_nullable_plus_frequent_values,v01_full,v13_nullable_plus_frequent_values vs v01_full,1,0.3333333333333333,0.7852625846862793,45949.0,119606.0,-73657.0,P7_vs_full
MISTRAL,public.tb_ciap_ms,v13_nullable_plus_frequent_values,v01_full,v13_nullable_plus_frequent_values vs v01_full,1,0.0,0.46563949187596637,45949.0,119606.0,-73657.0,P7_vs_full
MISTRAL,public.tb_cidadao,v13_nullable_plus_frequent_values,v01_full,v13_nullable_plus_frequent_values vs v01_full,1,0.3333333333333333,0.8462146719296774,45949.0,119606.0,-73657.0,P7_vs_full
MISTRAL,public.tb_cuidado_compartilhado_evol,v13_nullable_plus_frequent_values,v01_full,v13_nullable_plus_frequent_values vs v01_full,1,0.6666666666666666,0.6666663289070129,45949.0,119606.0,-73657.0,P7_vs_full
MISTRAL,public.tb_dim_catmat,v13_nullable_plus_frequent_values,v01_full,v13_nullable_plus_frequent_values vs v01_full,1,0.6666666666666666,0.666666050752004,45949.0,119606.0,-73657.0,P7_vs_full
MISTRAL,public.tb_evolucao_odonto,v13_nullable_plus_frequent_values,v01_full,v13_nullable_plus_frequent_values vs v01_full,1,1.0,0.9999991854031881,45949.0,119606.0,-73657.0,P7_vs_full
MISTRAL,public.tb_evolucao_subjetivo,v13_nullable_plus_frequent_values,v01_full,v13_nullable_plus_frequent_values vs v01_full,1,0.0,0.48396897315979004,45949.0,119606.0,-73657.0,P7_vs_full
MISTRAL,public.tb_exame_hemoglobina_glicada,v13_nullable_plus_frequent_values,v01_full,v13_nullable_plus_frequent_values vs v01_full,1,0.6666666666666666,0.9250717163085938,45949.0,119606.0,-73657.0,P7_vs_full
MISTRAL,public.tb_exame_prenatal,v13_nullable_plus_frequent_values,v01_full,v13_nullable_plus_frequent_values vs v01_full,1,0.6666666666666666,0.9150678714116415,45949.0,119606.0,-73657.0,P7_vs_full
MISTRAL,public.tb_fat_atend_odonto_problemas,v13_nullable_plus_frequent_values,v01_full,v13_nullable_plus_frequent_values vs v01_full,1,1.0,0.9999993840853373,45949.0,119606.0,-73657.0,P7_vs_full
MISTRAL,public.tb_fat_rel_op_risco_cardio,v13_nullable_plus_frequent_values,v01_full,v13_nullable_plus_frequent_values vs v01_full,1,0.6666666666666666,0.6666661500930786,45949.0,119606.0,-73657.0,P7_vs_full
MISTRAL,public.tb_historico_dados_fao,v13_nullable_plus_frequent_values,v01_full,v13_nullable_plus_frequent_values vs v01_full,1,0.0,0.7261183261871338,45949.0,119606.0,-73657.0,P7_vs_full
MISTRAL,public.tb_justificativa_prontuario,v13_nullable_plus_frequent_values,v01_full,v13_nullable_plus_frequent_values vs v01_full,1,0.3333333333333333,0.7806899547576904,45949.0,119606.0,-73657.0,P7_vs_full
MISTRAL,public.tb_lembrete_evolucao,v13_nullable_plus_frequent_values,v01_full,v13_nullable_plus_frequent_values vs v01_full,1,0.0,0.22426327069600424,45949.0,119606.0,-73657.0,P7_vs_full
MISTRAL,public.tb_medicamento_uso_continuo,v13_nullable_plus_frequent_values,v01_full,v13_nullable_plus_frequent_values vs v01_full,1,0.0,0.5261808037757874,45949.0,119606.0,-73657.0,P7_vs_full
MISTRAL,public.tb_medicao,v13_nullable_plus_frequent_values,v01_full,v13_nullable_plus_frequent_values vs v01_full,1,0.0,0.22538391749064127,45949.0,119606.0,-73657.0,P7_vs_full
MISTRAL,public.tb_odontograma,v13_nullable_plus_frequent_values,v01_full,v13_nullable_plus_frequent_values vs v01_full,1,0.0,0.6980364521344503,45949.0,119606.0,-73657.0,P7_vs_full
MISTRAL,public.tb_problema,v13_nullable_plus_frequent_values,v01_full,v13_nullable_plus_frequent_values vs v01_full,1,0.0,0.7087309757868449,45949.0,119606.0,-73657.0,P7_vs_full
MISTRAL,public.tb_proced_exame_especifico,v13_nullable_plus_frequent_values,v01_full,v13_nullable_plus_frequent_values vs v01_full,1,0.3333333333333333,0.803484320640564,45949.0,119606.0,-73657.0,P7_vs_full
MISTRAL,public.tb_raca_cor,v13_nullable_plus_frequent_values,v01_full,v13_nullable_plus_frequent_values vs v01_full,1,1.0,0.9999991854031881,45949.0,119606.0,-73657.0,P7_vs_full
MISTRAL,public.tb_tipo_glicemia,v13_nullable_plus_frequent_values,v01_full,v13_nullable_plus_frequent_values vs v01_full,1,0.3333333333333333,0.8750572800636292,45949.0,119606.0,-73657.0,P7_vs_full
MISTRAL,public.ta_medicamento_catmat,v14_nullable_plus_numeric_stats,v01_full,v14_nullable_plus_numeric_stats vs v01_full,1,0.3333333333333333,0.7363914450009664,36332.0,119606.0,-83274.0,P7_vs_full
MISTRAL,public.ta_tecido_mole,v14_nullable_plus_numeric_stats,v01_full,v14_nullable_plus_numeric_stats vs v01_full,1,0.0,0.7569213310877482,36332.0,119606.0,-83274.0,P7_vs_full
MISTRAL,public.ta_vacinacao,v14_nullable_plus_numeric_stats,v01_full,v14_nullable_plus_numeric_stats vs v01_full,1,0.6666666666666666,0.9850080410639445,36332.0,119606.0,-83274.0,P7_vs_full
MISTRAL,public.tb_antecedente,v14_nullable_plus_numeric_stats,v01_full,v14_nullable_plus_numeric_stats vs v01_full,1,0.3333333333333333,0.7377164761225382,36332.0,119606.0,-83274.0,P7_vs_full
MISTRAL,public.tb_ciap_ms,v14_nullable_plus_numeric_stats,v01_full,v14_nullable_plus_numeric_stats vs v01_full,1,0.0,0.6358146071434021,36332.0,119606.0,-83274.0,P7_vs_full
MISTRAL,public.tb_cidadao,v14_nullable_plus_numeric_stats,v01_full,v14_nullable_plus_numeric_stats vs v01_full,1,0.6666666666666666,0.8863035837809244,36332.0,119606.0,-83274.0,P7_vs_full
MISTRAL,public.tb_cuidado_compartilhado_evol,v14_nullable_plus_numeric_stats,v01_full,v14_nullable_plus_numeric_stats vs v01_full,1,0.3333333333333333,0.7701289256413778,36332.0,119606.0,-83274.0,P7_vs_full
MISTRAL,public.tb_dim_catmat,v14_nullable_plus_numeric_stats,v01_full,v14_nullable_plus_numeric_stats vs v01_full,1,0.3333333333333333,0.6024393240610758,36332.0,119606.0,-83274.0,P7_vs_full
MISTRAL,public.tb_evolucao_odonto,v14_nullable_plus_numeric_stats,v01_full,v14_nullable_plus_numeric_stats vs v01_full,1,0.3333333333333333,0.7318648099899292,36332.0,119606.0,-83274.0,P7_vs_full
MISTRAL,public.tb_evolucao_subjetivo,v14_nullable_plus_numeric_stats,v01_full,v14_nullable_plus_numeric_stats vs v01_full,1,0.0,0.4877016345659892,36332.0,119606.0,-83274.0,P7_vs_full
MISTRAL,public.tb_exame_hemoglobina_glicada,v14_nullable_plus_numeric_stats,v01_full,v14_nullable_plus_numeric_stats vs v01_full,1,0.0,0.5137619574864706,36332.0,119606.0,-83274.0,P7_vs_full
MISTRAL,public.tb_exame_prenatal,v14_nullable_plus_numeric_stats,v01_full,v14_nullable_plus_numeric_stats vs v01_full,1,0.6666666666666666,0.6666662096977234,36332.0,119606.0,-83274.0,P7_vs_full
MISTRAL,public.tb_fat_atend_odonto_problemas,v14_nullable_plus_numeric_stats,v01_full,v14_nullable_plus_numeric_stats vs v01_full,1,0.3333333333333333,0.5811635454495748,36332.0,119606.0,-83274.0,P7_vs_full
MISTRAL,public.tb_fat_rel_op_risco_cardio,v14_nullable_plus_numeric_stats,v01_full,v14_nullable_plus_numeric_stats vs v01_full,1,0.6666666666666666,0.6666661500930786,36332.0,119606.0,-83274.0,P7_vs_full
MISTRAL,public.tb_historico_dados_fao,v14_nullable_plus_numeric_stats,v01_full,v14_nullable_plus_numeric_stats vs v01_full,1,0.0,0.5835425059000651,36332.0,119606.0,-83274.0,P7_vs_full
MISTRAL,public.tb_justificativa_prontuario,v14_nullable_plus_numeric_stats,v01_full,v14_nullable_plus_numeric_stats vs v01_full,1,1.0,0.9999992847442627,36332.0,119606.0,-83274.0,P7_vs_full
MISTRAL,public.tb_lembrete_evolucao,v14_nullable_plus_numeric_stats,v01_full,v14_nullable_plus_numeric_stats vs v01_full,1,0.0,0.4995579123497009,36332.0,119606.0,-83274.0,P7_vs_full
MISTRAL,public.tb_medicamento_uso_continuo,v14_nullable_plus_numeric_stats,v01_full,v14_nullable_plus_numeric_stats vs v01_full,1,0.0,0.5261808037757874,36332.0,119606.0,-83274.0,P7_vs_full
MISTRAL,public.tb_medicao,v14_nullable_plus_numeric_stats,v01_full,v14_nullable_plus_numeric_stats vs v01_full,1,0.3333333333333333,0.5982118050257365,36332.0,119606.0,-83274.0,P7_vs_full
MISTRAL,public.tb_odontograma,v14_nullable_plus_numeric_stats,v01_full,v14_nullable_plus_numeric_stats vs v01_full,1,1.0,0.9999993046124777,36332.0,119606.0,-83274.0,P7_vs_full
MISTRAL,public.tb_problema,v14_nullable_plus_numeric_stats,v01_full,v14_nullable_plus_numeric_stats vs v01_full,1,0.0,0.6278198758761088,36332.0,119606.0,-83274.0,P7_vs_full
MISTRAL,public.tb_proced_exame_especifico,v14_nullable_plus_numeric_stats,v01_full,v14_nullable_plus_numeric_stats vs v01_full,1,1.0,0.9999992648760477,36332.0,119606.0,-83274.0,P7_vs_full
MISTRAL,public.tb_raca_cor,v14_nullable_plus_numeric_stats,v01_full,v14_nullable_plus_numeric_stats vs v01_full,1,0.0,0.7887906233469645,36332.0,119606.0,-83274.0,P7_vs_full
MISTRAL,public.tb_tipo_glicemia,v14_nullable_plus_numeric_stats,v01_full,v14_nullable_plus_numeric_stats vs v01_full,1,0.3333333333333333,0.8750572800636292,36332.0,119606.0,-83274.0,P7_vs_full
MISTRAL,public.ta_medicamento_catmat,v15_sample_rows_vs_sample_values,v01_full,v15_sample_rows_vs_sample_values vs v01_full,1,0.0,0.6819338003794352,76755.0,119606.0,-42851.0,P7_vs_full
MISTRAL,public.ta_tecido_mole,v15_sample_rows_vs_sample_values,v01_full,v15_sample_rows_vs_sample_values vs v01_full,1,0.0,0.5024153192838033,76755.0,119606.0,-42851.0,P7_vs_full
MISTRAL,public.ta_vacinacao,v15_sample_rows_vs_sample_values,v01_full,v15_sample_rows_vs_sample_values vs v01_full,1,0.6666666666666666,0.9850080410639445,76755.0,119606.0,-42851.0,P7_vs_full
MISTRAL,public.tb_antecedente,v15_sample_rows_vs_sample_values,v01_full,v15_sample_rows_vs_sample_values vs v01_full,1,0.3333333333333333,0.5801267226537069,76755.0,119606.0,-42851.0,P7_vs_full
MISTRAL,public.tb_ciap_ms,v15_sample_rows_vs_sample_values,v01_full,v15_sample_rows_vs_sample_values vs v01_full,1,0.3333333333333333,0.7811787525812784,76755.0,119606.0,-42851.0,P7_vs_full
MISTRAL,public.tb_cidadao,v15_sample_rows_vs_sample_values,v01_full,v15_sample_rows_vs_sample_values vs v01_full,1,0.3333333333333333,0.8462146719296774,76755.0,119606.0,-42851.0,P7_vs_full
MISTRAL,public.tb_cuidado_compartilhado_evol,v15_sample_rows_vs_sample_values,v01_full,v15_sample_rows_vs_sample_values vs v01_full,1,0.0,0.6994557778040568,76755.0,119606.0,-42851.0,P7_vs_full
MISTRAL,public.tb_dim_catmat,v15_sample_rows_vs_sample_values,v01_full,v15_sample_rows_vs_sample_values vs v01_full,1,0.6666666666666666,0.666666050752004,76755.0,119606.0,-42851.0,P7_vs_full
MISTRAL,public.tb_evolucao_odonto,v15_sample_rows_vs_sample_values,v01_full,v15_sample_rows_vs_sample_values vs v01_full,1,0.6666666666666666,0.6666661500930786,76755.0,119606.0,-42851.0,P7_vs_full
MISTRAL,public.tb_evolucao_subjetivo,v15_sample_rows_vs_sample_values,v01_full,v15_sample_rows_vs_sample_values vs v01_full,1,0.0,0.43452922503153485,76755.0,119606.0,-42851.0,P7_vs_full
MISTRAL,public.tb_exame_hemoglobina_glicada,v15_sample_rows_vs_sample_values,v01_full,v15_sample_rows_vs_sample_values vs v01_full,1,0.0,0.6928107341130575,76755.0,119606.0,-42851.0,P7_vs_full
MISTRAL,public.tb_exame_prenatal,v15_sample_rows_vs_sample_values,v01_full,v15_sample_rows_vs_sample_values vs v01_full,1,1.0,0.9999994238217672,76755.0,119606.0,-42851.0,P7_vs_full
MISTRAL,public.tb_fat_atend_odonto_problemas,v15_sample_rows_vs_sample_values,v01_full,v15_sample_rows_vs_sample_values vs v01_full,1,0.6666666666666666,0.6666662096977234,76755.0,119606.0,-42851.0,P7_vs_full
MISTRAL,public.tb_fat_rel_op_risco_cardio,v15_sample_rows_vs_sample_values,v01_full,v15_sample_rows_vs_sample_values vs v01_full,1,0.6666666666666666,0.8610491156578064,76755.0,119606.0,-42851.0,P7_vs_full
MISTRAL,public.tb_historico_dados_fao,v15_sample_rows_vs_sample_values,v01_full,v15_sample_rows_vs_sample_values vs v01_full,1,0.0,0.5665537118911743,76755.0,119606.0,-42851.0,P7_vs_full
MISTRAL,public.tb_justificativa_prontuario,v15_sample_rows_vs_sample_values,v01_full,v15_sample_rows_vs_sample_values vs v01_full,1,0.0,0.8472597002983093,76755.0,119606.0,-42851.0,P7_vs_full
MISTRAL,public.tb_lembrete_evolucao,v15_sample_rows_vs_sample_values,v01_full,v15_sample_rows_vs_sample_values vs v01_full,1,0.3333333333333333,0.6162920991579691,76755.0,119606.0,-42851.0,P7_vs_full
MISTRAL,public.tb_medicamento_uso_continuo,v15_sample_rows_vs_sample_values,v01_full,v15_sample_rows_vs_sample_values vs v01_full,1,0.6666666666666666,0.6666662295659384,76755.0,119606.0,-42851.0,P7_vs_full
MISTRAL,public.tb_medicao,v15_sample_rows_vs_sample_values,v01_full,v15_sample_rows_vs_sample_values vs v01_full,1,0.6666666666666666,0.6666662494341532,76755.0,119606.0,-42851.0,P7_vs_full
MISTRAL,public.tb_odontograma,v15_sample_rows_vs_sample_values,v01_full,v15_sample_rows_vs_sample_values vs v01_full,1,0.0,0.8836822509765625,76755.0,119606.0,-42851.0,P7_vs_full
MISTRAL,public.tb_problema,v15_sample_rows_vs_sample_values,v01_full,v15_sample_rows_vs_sample_values vs v01_full,1,0.0,0.7087309757868449,76755.0,119606.0,-42851.0,P7_vs_full
MISTRAL,public.tb_proced_exame_especifico,v15_sample_rows_vs_sample_values,v01_full,v15_sample_rows_vs_sample_values vs v01_full,1,0.0,0.7132984201113383,76755.0,119606.0,-42851.0,P7_vs_full
MISTRAL,public.tb_raca_cor,v15_sample_rows_vs_sample_values,v01_full,v15_sample_rows_vs_sample_values vs v01_full,1,0.6666666666666666,0.6666662693023682,76755.0,119606.0,-42851.0,P7_vs_full
MISTRAL,public.tb_tipo_glicemia,v15_sample_rows_vs_sample_values,v01_full,v15_sample_rows_vs_sample_values vs v01_full,1,0.3333333333333333,0.6435407996177673,76755.0,119606.0,-42851.0,P7_vs_full
MISTRAL,public.ta_medicamento_catmat,v16_sample_rows_vs_frequent_values,v01_full,v16_sample_rows_vs_frequent_values vs v01_full,1,0.0,0.6591211954752604,58176.0,119606.0,-61430.0,P7_vs_full
MISTRAL,public.ta_tecido_mole,v16_sample_rows_vs_frequent_values,v01_full,v16_sample_rows_vs_frequent_values vs v01_full,1,0.6666666666666666,0.8844350179036459,58176.0,119606.0,-61430.0,P7_vs_full
MISTRAL,public.ta_vacinacao,v16_sample_rows_vs_frequent_values,v01_full,v16_sample_rows_vs_frequent_values vs v01_full,1,0.6666666666666666,0.8740330537160238,58176.0,119606.0,-61430.0,P7_vs_full
MISTRAL,public.tb_antecedente,v16_sample_rows_vs_frequent_values,v01_full,v16_sample_rows_vs_frequent_values vs v01_full,1,0.3333333333333333,0.7852625846862793,58176.0,119606.0,-61430.0,P7_vs_full
MISTRAL,public.tb_ciap_ms,v16_sample_rows_vs_frequent_values,v01_full,v16_sample_rows_vs_frequent_values vs v01_full,1,0.0,0.46563949187596637,58176.0,119606.0,-61430.0,P7_vs_full
MISTRAL,public.tb_cidadao,v16_sample_rows_vs_frequent_values,v01_full,v16_sample_rows_vs_frequent_values vs v01_full,1,0.6666666666666666,0.8863035837809244,58176.0,119606.0,-61430.0,P7_vs_full
MISTRAL,public.tb_cuidado_compartilhado_evol,v16_sample_rows_vs_frequent_values,v01_full,v16_sample_rows_vs_frequent_values vs v01_full,1,0.3333333333333333,0.6520743568738302,58176.0,119606.0,-61430.0,P7_vs_full
MISTRAL,public.tb_dim_catmat,v16_sample_rows_vs_frequent_values,v01_full,v16_sample_rows_vs_frequent_values vs v01_full,1,0.0,0.2997983495394389,58176.0,119606.0,-61430.0,P7_vs_full
MISTRAL,public.tb_evolucao_odonto,v16_sample_rows_vs_frequent_values,v01_full,v16_sample_rows_vs_frequent_values vs v01_full,1,0.6666666666666666,0.8930634458859762,58176.0,119606.0,-61430.0,P7_vs_full
MISTRAL,public.tb_evolucao_subjetivo,v16_sample_rows_vs_frequent_values,v01_full,v16_sample_rows_vs_frequent_values vs v01_full,1,0.3333333333333333,0.3333329955736796,58176.0,119606.0,-61430.0,P7_vs_full
MISTRAL,public.tb_exame_hemoglobina_glicada,v16_sample_rows_vs_frequent_values,v01_full,v16_sample_rows_vs_frequent_values vs v01_full,1,0.6666666666666666,0.9292001525561014,58176.0,119606.0,-61430.0,P7_vs_full
MISTRAL,public.tb_exame_prenatal,v16_sample_rows_vs_frequent_values,v01_full,v16_sample_rows_vs_frequent_values vs v01_full,1,0.6666666666666666,0.9706097841262817,58176.0,119606.0,-61430.0,P7_vs_full
MISTRAL,public.tb_fat_atend_odonto_problemas,v16_sample_rows_vs_frequent_values,v01_full,v16_sample_rows_vs_frequent_values vs v01_full,1,0.6666666666666666,0.6666662096977234,58176.0,119606.0,-61430.0,P7_vs_full
MISTRAL,public.tb_fat_rel_op_risco_cardio,v16_sample_rows_vs_frequent_values,v01_full,v16_sample_rows_vs_frequent_values vs v01_full,1,0.6666666666666666,0.8610491156578064,58176.0,119606.0,-61430.0,P7_vs_full
MISTRAL,public.tb_historico_dados_fao,v16_sample_rows_vs_frequent_values,v01_full,v16_sample_rows_vs_frequent_values vs v01_full,1,0.0,0.46058644851048786,58176.0,119606.0,-61430.0,P7_vs_full
MISTRAL,public.tb_justificativa_prontuario,v16_sample_rows_vs_frequent_values,v01_full,v16_sample_rows_vs_frequent_values vs v01_full,1,1.0,0.9999992847442627,58176.0,119606.0,-61430.0,P7_vs_full
MISTRAL,public.tb_lembrete_evolucao,v16_sample_rows_vs_frequent_values,v01_full,v16_sample_rows_vs_frequent_values vs v01_full,1,0.0,0.6973297198613485,58176.0,119606.0,-61430.0,P7_vs_full
MISTRAL,public.tb_medicamento_uso_continuo,v16_sample_rows_vs_frequent_values,v01_full,v16_sample_rows_vs_frequent_values vs v01_full,1,0.0,0.5261808037757874,58176.0,119606.0,-61430.0,P7_vs_full
MISTRAL,public.tb_medicao,v16_sample_rows_vs_frequent_values,v01_full,v16_sample_rows_vs_frequent_values vs v01_full,1,0.0,0.23698508739471436,58176.0,119606.0,-61430.0,P7_vs_full
MISTRAL,public.tb_odontograma,v16_sample_rows_vs_frequent_values,v01_full,v16_sample_rows_vs_frequent_values vs v01_full,1,1.0,0.9999993046124777,58176.0,119606.0,-61430.0,P7_vs_full
MISTRAL,public.tb_problema,v16_sample_rows_vs_frequent_values,v01_full,v16_sample_rows_vs_frequent_values vs v01_full,1,0.0,0.4614970882733663,58176.0,119606.0,-61430.0,P7_vs_full
MISTRAL,public.tb_proced_exame_especifico,v16_sample_rows_vs_frequent_values,v01_full,v16_sample_rows_vs_frequent_values vs v01_full,1,1.0,0.9999992648760477,58176.0,119606.0,-61430.0,P7_vs_full
MISTRAL,public.tb_raca_cor,v16_sample_rows_vs_frequent_values,v01_full,v16_sample_rows_vs_frequent_values vs v01_full,1,0.3333333333333333,0.820922334988912,58176.0,119606.0,-61430.0,P7_vs_full
MISTRAL,public.tb_tipo_glicemia,v16_sample_rows_vs_frequent_values,v01_full,v16_sample_rows_vs_frequent_values vs v01_full,1,0.6666666666666666,0.6666662494341532,58176.0,119606.0,-61430.0,P7_vs_full
MISTRAL,public.ta_medicamento_catmat,v17_sample_rows_plus_both_values,v01_full,v17_sample_rows_plus_both_values vs v01_full,1,0.3333333333333333,0.7363914450009664,95725.0,119606.0,-23881.0,P7_vs_full
MISTRAL,public.ta_tecido_mole,v17_sample_rows_plus_both_values,v01_full,v17_sample_rows_plus_both_values vs v01_full,1,1.0,0.9999992847442627,95725.0,119606.0,-23881.0,P7_vs_full
MISTRAL,public.ta_vacinacao,v17_sample_rows_plus_both_values,v01_full,v17_sample_rows_plus_both_values vs v01_full,1,0.6666666666666666,0.8659854729970297,95725.0,119606.0,-23881.0,P7_vs_full
MISTRAL,public.tb_antecedente,v17_sample_rows_plus_both_values,v01_full,v17_sample_rows_plus_both_values vs v01_full,1,0.3333333333333333,0.5384690165519714,95725.0,119606.0,-23881.0,P7_vs_full
MISTRAL,public.tb_ciap_ms,v17_sample_rows_plus_both_values,v01_full,v17_sample_rows_plus_both_values vs v01_full,1,0.3333333333333333,0.7759515047073364,95725.0,119606.0,-23881.0,P7_vs_full
MISTRAL,public.tb_cidadao,v17_sample_rows_plus_both_values,v01_full,v17_sample_rows_plus_both_values vs v01_full,1,0.6666666666666666,0.8863035837809244,95725.0,119606.0,-23881.0,P7_vs_full
MISTRAL,public.tb_cuidado_compartilhado_evol,v17_sample_rows_plus_both_values,v01_full,v17_sample_rows_plus_both_values vs v01_full,1,0.6666666666666666,0.9364266792933146,95725.0,119606.0,-23881.0,P7_vs_full
MISTRAL,public.tb_dim_catmat,v17_sample_rows_plus_both_values,v01_full,v17_sample_rows_plus_both_values vs v01_full,1,0.3333333333333333,0.5822432438532511,95725.0,119606.0,-23881.0,P7_vs_full
MISTRAL,public.tb_evolucao_odonto,v17_sample_rows_plus_both_values,v01_full,v17_sample_rows_plus_both_values vs v01_full,1,1.0,0.9999991854031881,95725.0,119606.0,-23881.0,P7_vs_full
MISTRAL,public.tb_evolucao_subjetivo,v17_sample_rows_plus_both_values,v01_full,v17_sample_rows_plus_both_values vs v01_full,1,0.3333333333333333,0.8504117329915365,95725.0,119606.0,-23881.0,P7_vs_full
MISTRAL,public.tb_exame_hemoglobina_glicada,v17_sample_rows_plus_both_values,v01_full,v17_sample_rows_plus_both_values vs v01_full,1,0.0,0.6671064496040344,95725.0,119606.0,-23881.0,P7_vs_full
MISTRAL,public.tb_exame_prenatal,v17_sample_rows_plus_both_values,v01_full,v17_sample_rows_plus_both_values vs v01_full,1,1.0,0.9999994238217672,95725.0,119606.0,-23881.0,P7_vs_full
MISTRAL,public.tb_fat_atend_odonto_problemas,v17_sample_rows_plus_both_values,v01_full,v17_sample_rows_plus_both_values vs v01_full,1,0.6666666666666666,0.847643236319224,95725.0,119606.0,-23881.0,P7_vs_full
MISTRAL,public.tb_fat_rel_op_risco_cardio,v17_sample_rows_plus_both_values,v01_full,v17_sample_rows_plus_both_values vs v01_full,1,0.6666666666666666,0.8610491156578064,95725.0,119606.0,-23881.0,P7_vs_full
MISTRAL,public.tb_historico_dados_fao,v17_sample_rows_plus_both_values,v01_full,v17_sample_rows_plus_both_values vs v01_full,1,0.0,0.5940968990325928,95725.0,119606.0,-23881.0,P7_vs_full
MISTRAL,public.tb_justificativa_prontuario,v17_sample_rows_plus_both_values,v01_full,v17_sample_rows_plus_both_values vs v01_full,1,1.0,0.9999992847442627,95725.0,119606.0,-23881.0,P7_vs_full
MISTRAL,public.tb_lembrete_evolucao,v17_sample_rows_plus_both_values,v01_full,v17_sample_rows_plus_both_values vs v01_full,1,0.3333333333333333,0.6162920991579691,95725.0,119606.0,-23881.0,P7_vs_full
MISTRAL,public.tb_medicamento_uso_continuo,v17_sample_rows_plus_both_values,v01_full,v17_sample_rows_plus_both_values vs v01_full,1,0.0,0.5261808037757874,95725.0,119606.0,-23881.0,P7_vs_full
MISTRAL,public.tb_medicao,v17_sample_rows_plus_both_values,v01_full,v17_sample_rows_plus_both_values vs v01_full,1,0.0,0.17512996991475424,95725.0,119606.0,-23881.0,P7_vs_full
MISTRAL,public.tb_odontograma,v17_sample_rows_plus_both_values,v01_full,v17_sample_rows_plus_both_values vs v01_full,1,0.0,0.7789613803227743,95725.0,119606.0,-23881.0,P7_vs_full
MISTRAL,public.tb_problema,v17_sample_rows_plus_both_values,v01_full,v17_sample_rows_plus_both_values vs v01_full,1,0.3333333333333333,0.5355243484179179,95725.0,119606.0,-23881.0,P7_vs_full
MISTRAL,public.tb_proced_exame_especifico,v17_sample_rows_plus_both_values,v01_full,v17_sample_rows_plus_both_values vs v01_full,1,0.6666666666666666,0.9135258595148722,95725.0,119606.0,-23881.0,P7_vs_full
MISTRAL,public.tb_raca_cor,v17_sample_rows_plus_both_values,v01_full,v17_sample_rows_plus_both_values vs v01_full,1,1.0,0.9999991854031881,95725.0,119606.0,-23881.0,P7_vs_full
MISTRAL,public.tb_tipo_glicemia,v17_sample_rows_plus_both_values,v01_full,v17_sample_rows_plus_both_values vs v01_full,1,0.6666666666666666,0.9098538557688395,95725.0,119606.0,-23881.0,P7_vs_full
MISTRAL,public.ta_medicamento_catmat,v18_fk_nullable_sample_values,v01_full,v18_fk_nullable_sample_values vs v01_full,1,0.0,0.23396982749303183,68099.0,119606.0,-51507.0,P7_vs_full
MISTRAL,public.ta_tecido_mole,v18_fk_nullable_sample_values,v01_full,v18_fk_nullable_sample_values vs v01_full,1,0.6666666666666666,0.9359297951062521,68099.0,119606.0,-51507.0,P7_vs_full
MISTRAL,public.ta_vacinacao,v18_fk_nullable_sample_values,v01_full,v18_fk_nullable_sample_values vs v01_full,1,0.6666666666666666,0.6666660110155741,68099.0,119606.0,-51507.0,P7_vs_full
MISTRAL,public.tb_antecedente,v18_fk_nullable_sample_values,v01_full,v18_fk_nullable_sample_values vs v01_full,1,0.0,0.48793554306030273,68099.0,119606.0,-51507.0,P7_vs_full
MISTRAL,public.tb_ciap_ms,v18_fk_nullable_sample_values,v01_full,v18_fk_nullable_sample_values vs v01_full,1,0.3333333333333333,0.7422590255737305,68099.0,119606.0,-51507.0,P7_vs_full
MISTRAL,public.tb_cidadao,v18_fk_nullable_sample_values,v01_full,v18_fk_nullable_sample_values vs v01_full,1,0.3333333333333333,0.8623489141464233,68099.0,119606.0,-51507.0,P7_vs_full
MISTRAL,public.tb_cuidado_compartilhado_evol,v18_fk_nullable_sample_values,v01_full,v18_fk_nullable_sample_values vs v01_full,1,0.3333333333333333,0.7600934306780497,68099.0,119606.0,-51507.0,P7_vs_full
MISTRAL,public.tb_dim_catmat,v18_fk_nullable_sample_values,v01_full,v18_fk_nullable_sample_values vs v01_full,1,0.3333333333333333,0.6246004303296407,68099.0,119606.0,-51507.0,P7_vs_full
MISTRAL,public.tb_evolucao_odonto,v18_fk_nullable_sample_values,v01_full,v18_fk_nullable_sample_values vs v01_full,1,0.6666666666666666,0.6666661500930786,68099.0,119606.0,-51507.0,P7_vs_full
MISTRAL,public.tb_evolucao_subjetivo,v18_fk_nullable_sample_values,v01_full,v18_fk_nullable_sample_values vs v01_full,1,0.0,0.43452922503153485,68099.0,119606.0,-51507.0,P7_vs_full
MISTRAL,public.tb_exame_hemoglobina_glicada,v18_fk_nullable_sample_values,v01_full,v18_fk_nullable_sample_values vs v01_full,1,0.0,0.8047820130983988,68099.0,119606.0,-51507.0,P7_vs_full
MISTRAL,public.tb_exame_prenatal,v18_fk_nullable_sample_values,v01_full,v18_fk_nullable_sample_values vs v01_full,1,1.0,0.9999994238217672,68099.0,119606.0,-51507.0,P7_vs_full
MISTRAL,public.tb_fat_atend_odonto_problemas,v18_fk_nullable_sample_values,v01_full,v18_fk_nullable_sample_values vs v01_full,1,0.3333333333333333,0.789977232615153,68099.0,119606.0,-51507.0,P7_vs_full
MISTRAL,public.tb_fat_rel_op_risco_cardio,v18_fk_nullable_sample_values,v01_full,v18_fk_nullable_sample_values vs v01_full,1,0.6666666666666666,0.6666661500930786,68099.0,119606.0,-51507.0,P7_vs_full
MISTRAL,public.tb_historico_dados_fao,v18_fk_nullable_sample_values,v01_full,v18_fk_nullable_sample_values vs v01_full,1,0.0,0.7212079763412476,68099.0,119606.0,-51507.0,P7_vs_full
MISTRAL,public.tb_justificativa_prontuario,v18_fk_nullable_sample_values,v01_full,v18_fk_nullable_sample_values vs v01_full,1,0.6666666666666666,0.9335938692092896,68099.0,119606.0,-51507.0,P7_vs_full
MISTRAL,public.tb_lembrete_evolucao,v18_fk_nullable_sample_values,v01_full,v18_fk_nullable_sample_values vs v01_full,1,0.0,0.8796061873435974,68099.0,119606.0,-51507.0,P7_vs_full
MISTRAL,public.tb_medicamento_uso_continuo,v18_fk_nullable_sample_values,v01_full,v18_fk_nullable_sample_values vs v01_full,1,0.6666666666666666,0.6666662295659384,68099.0,119606.0,-51507.0,P7_vs_full
MISTRAL,public.tb_medicao,v18_fk_nullable_sample_values,v01_full,v18_fk_nullable_sample_values vs v01_full,1,0.6666666666666666,0.9632056554158529,68099.0,119606.0,-51507.0,P7_vs_full
MISTRAL,public.tb_odontograma,v18_fk_nullable_sample_values,v01_full,v18_fk_nullable_sample_values vs v01_full,1,0.0,0.8836822509765625,68099.0,119606.0,-51507.0,P7_vs_full
MISTRAL,public.tb_problema,v18_fk_nullable_sample_values,v01_full,v18_fk_nullable_sample_values vs v01_full,1,0.6666666666666666,0.9065709908803304,68099.0,119606.0,-51507.0,P7_vs_full
MISTRAL,public.tb_proced_exame_especifico,v18_fk_nullable_sample_values,v01_full,v18_fk_nullable_sample_values vs v01_full,1,0.0,0.7801611423492432,68099.0,119606.0,-51507.0,P7_vs_full
MISTRAL,public.tb_raca_cor,v18_fk_nullable_sample_values,v01_full,v18_fk_nullable_sample_values vs v01_full,1,1.0,0.9999991854031881,68099.0,119606.0,-51507.0,P7_vs_full
MISTRAL,public.tb_tipo_glicemia,v18_fk_nullable_sample_values,v01_full,v18_fk_nullable_sample_values vs v01_full,1,0.6666666666666666,0.9098538557688395,68099.0,119606.0,-51507.0,P7_vs_full
MISTRAL,public.ta_medicamento_catmat,v19_fk_nullable_frequent_values,v01_full,v19_fk_nullable_frequent_values vs v01_full,1,0.0,0.7131444215774536,49520.0,119606.0,-70086.0,P7_vs_full
MISTRAL,public.ta_tecido_mole,v19_fk_nullable_frequent_values,v01_full,v19_fk_nullable_frequent_values vs v01_full,1,0.0,0.7154263854026794,49520.0,119606.0,-70086.0,P7_vs_full
MISTRAL,public.ta_vacinacao,v19_fk_nullable_frequent_values,v01_full,v19_fk_nullable_frequent_values vs v01_full,1,0.6666666666666666,0.6666660110155741,49520.0,119606.0,-70086.0,P7_vs_full
MISTRAL,public.tb_antecedente,v19_fk_nullable_frequent_values,v01_full,v19_fk_nullable_frequent_values vs v01_full,1,0.3333333333333333,0.7860955595970154,49520.0,119606.0,-70086.0,P7_vs_full
MISTRAL,public.tb_ciap_ms,v19_fk_nullable_frequent_values,v01_full,v19_fk_nullable_frequent_values vs v01_full,1,0.0,0.4648326635360718,49520.0,119606.0,-70086.0,P7_vs_full
MISTRAL,public.tb_cidadao,v19_fk_nullable_frequent_values,v01_full,v19_fk_nullable_frequent_values vs v01_full,1,0.3333333333333333,0.8623489141464233,49520.0,119606.0,-70086.0,P7_vs_full
MISTRAL,public.tb_cuidado_compartilhado_evol,v19_fk_nullable_frequent_values,v01_full,v19_fk_nullable_frequent_values vs v01_full,1,0.3333333333333333,0.5649870832761129,49520.0,119606.0,-70086.0,P7_vs_full
MISTRAL,public.tb_dim_catmat,v19_fk_nullable_frequent_values,v01_full,v19_fk_nullable_frequent_values vs v01_full,1,1.0,0.9999991854031881,49520.0,119606.0,-70086.0,P7_vs_full
MISTRAL,public.tb_evolucao_odonto,v19_fk_nullable_frequent_values,v01_full,v19_fk_nullable_frequent_values vs v01_full,1,0.3333333333333333,0.8480002284049988,49520.0,119606.0,-70086.0,P7_vs_full
MISTRAL,public.tb_evolucao_subjetivo,v19_fk_nullable_frequent_values,v01_full,v19_fk_nullable_frequent_values vs v01_full,1,0.0,0.4877016345659892,49520.0,119606.0,-70086.0,P7_vs_full
MISTRAL,public.tb_exame_hemoglobina_glicada,v19_fk_nullable_frequent_values,v01_full,v19_fk_nullable_frequent_values vs v01_full,1,0.3333333333333333,0.8448417584101359,49520.0,119606.0,-70086.0,P7_vs_full
MISTRAL,public.tb_exame_prenatal,v19_fk_nullable_frequent_values,v01_full,v19_fk_nullable_frequent_values vs v01_full,1,1.0,0.9999994238217672,49520.0,119606.0,-70086.0,P7_vs_full
MISTRAL,public.tb_fat_atend_odonto_problemas,v19_fk_nullable_frequent_values,v01_full,v19_fk_nullable_frequent_values vs v01_full,1,0.3333333333333333,0.772930363814036,49520.0,119606.0,-70086.0,P7_vs_full
MISTRAL,public.tb_fat_rel_op_risco_cardio,v19_fk_nullable_frequent_values,v01_full,v19_fk_nullable_frequent_values vs v01_full,1,0.6666666666666666,0.6666661500930786,49520.0,119606.0,-70086.0,P7_vs_full
MISTRAL,public.tb_historico_dados_fao,v19_fk_nullable_frequent_values,v01_full,v19_fk_nullable_frequent_values vs v01_full,1,0.0,0.7327809532483419,49520.0,119606.0,-70086.0,P7_vs_full
MISTRAL,public.tb_justificativa_prontuario,v19_fk_nullable_frequent_values,v01_full,v19_fk_nullable_frequent_values vs v01_full,1,0.6666666666666666,0.9475652575492859,49520.0,119606.0,-70086.0,P7_vs_full
MISTRAL,public.tb_lembrete_evolucao,v19_fk_nullable_frequent_values,v01_full,v19_fk_nullable_frequent_values vs v01_full,1,0.0,0.2792041103045146,49520.0,119606.0,-70086.0,P7_vs_full
MISTRAL,public.tb_medicamento_uso_continuo,v19_fk_nullable_frequent_values,v01_full,v19_fk_nullable_frequent_values vs v01_full,1,0.3333333333333333,0.6169900099436442,49520.0,119606.0,-70086.0,P7_vs_full
MISTRAL,public.tb_medicao,v19_fk_nullable_frequent_values,v01_full,v19_fk_nullable_frequent_values vs v01_full,1,0.0,0.0,49520.0,119606.0,-70086.0,P7_vs_full
MISTRAL,public.tb_odontograma,v19_fk_nullable_frequent_values,v01_full,v19_fk_nullable_frequent_values vs v01_full,1,1.0,0.9999993046124777,49520.0,119606.0,-70086.0,P7_vs_full
MISTRAL,public.tb_problema,v19_fk_nullable_frequent_values,v01_full,v19_fk_nullable_frequent_values vs v01_full,1,0.0,0.47276637951533,49520.0,119606.0,-70086.0,P7_vs_full
MISTRAL,public.tb_proced_exame_especifico,v19_fk_nullable_frequent_values,v01_full,v19_fk_nullable_frequent_values vs v01_full,1,1.0,0.9999992648760477,49520.0,119606.0,-70086.0,P7_vs_full
MISTRAL,public.tb_raca_cor,v19_fk_nullable_frequent_values,v01_full,v19_fk_nullable_frequent_values vs v01_full,1,0.6666666666666666,0.8908333778381348,49520.0,119606.0,-70086.0,P7_vs_full
MISTRAL,public.tb_tipo_glicemia,v19_fk_nullable_frequent_values,v01_full,v19_fk_nullable_frequent_values vs v01_full,1,0.6666666666666666,0.8935643235842387,49520.0,119606.0,-70086.0,P7_vs_full
MISTRAL,public.ta_medicamento_catmat,v20_fk_nullable_both_values,v01_full,v20_fk_nullable_both_values vs v01_full,1,0.3333333333333333,0.7363914450009664,87069.0,119606.0,-32537.0,P7_vs_full
MISTRAL,public.ta_tecido_mole,v20_fk_nullable_both_values,v01_full,v20_fk_nullable_both_values vs v01_full,1,0.3333333333333333,0.560548464457194,87069.0,119606.0,-32537.0,P7_vs_full
MISTRAL,public.ta_vacinacao,v20_fk_nullable_both_values,v01_full,v20_fk_nullable_both_values vs v01_full,1,0.6666666666666666,0.9688838322957357,87069.0,119606.0,-32537.0,P7_vs_full
MISTRAL,public.tb_antecedente,v20_fk_nullable_both_values,v01_full,v20_fk_nullable_both_values vs v01_full,1,0.3333333333333333,0.5583419601122538,87069.0,119606.0,-32537.0,P7_vs_full
MISTRAL,public.tb_ciap_ms,v20_fk_nullable_both_values,v01_full,v20_fk_nullable_both_values vs v01_full,1,0.3333333333333333,0.7453012665112814,87069.0,119606.0,-32537.0,P7_vs_full
MISTRAL,public.tb_cidadao,v20_fk_nullable_both_values,v01_full,v20_fk_nullable_both_values vs v01_full,1,0.6666666666666666,0.9482449889183044,87069.0,119606.0,-32537.0,P7_vs_full
MISTRAL,public.tb_cuidado_compartilhado_evol,v20_fk_nullable_both_values,v01_full,v20_fk_nullable_both_values vs v01_full,1,0.3333333333333333,0.8090740044911703,87069.0,119606.0,-32537.0,P7_vs_full
MISTRAL,public.tb_dim_catmat,v20_fk_nullable_both_values,v01_full,v20_fk_nullable_both_values vs v01_full,1,0.0,0.5401776234308878,87069.0,119606.0,-32537.0,P7_vs_full
MISTRAL,public.tb_evolucao_odonto,v20_fk_nullable_both_values,v01_full,v20_fk_nullable_both_values vs v01_full,1,1.0,0.9999991854031881,87069.0,119606.0,-32537.0,P7_vs_full
MISTRAL,public.tb_evolucao_subjetivo,v20_fk_nullable_both_values,v01_full,v20_fk_nullable_both_values vs v01_full,1,0.0,0.48014068603515625,87069.0,119606.0,-32537.0,P7_vs_full
MISTRAL,public.tb_exame_hemoglobina_glicada,v20_fk_nullable_both_values,v01_full,v20_fk_nullable_both_values vs v01_full,1,0.3333333333333333,0.8448417584101359,87069.0,119606.0,-32537.0,P7_vs_full
MISTRAL,public.tb_exame_prenatal,v20_fk_nullable_both_values,v01_full,v20_fk_nullable_both_values vs v01_full,1,1.0,0.9999994238217672,87069.0,119606.0,-32537.0,P7_vs_full
MISTRAL,public.tb_fat_atend_odonto_problemas,v20_fk_nullable_both_values,v01_full,v20_fk_nullable_both_values vs v01_full,1,0.3333333333333333,0.7870408693949381,87069.0,119606.0,-32537.0,P7_vs_full
MISTRAL,public.tb_fat_rel_op_risco_cardio,v20_fk_nullable_both_values,v01_full,v20_fk_nullable_both_values vs v01_full,1,0.6666666666666666,0.6666661500930786,87069.0,119606.0,-32537.0,P7_vs_full
MISTRAL,public.tb_historico_dados_fao,v20_fk_nullable_both_values,v01_full,v20_fk_nullable_both_values vs v01_full,1,0.0,0.7053647438685099,87069.0,119606.0,-32537.0,P7_vs_full
MISTRAL,public.tb_justificativa_prontuario,v20_fk_nullable_both_values,v01_full,v20_fk_nullable_both_values vs v01_full,1,0.0,0.7213558157285055,87069.0,119606.0,-32537.0,P7_vs_full
MISTRAL,public.tb_lembrete_evolucao,v20_fk_nullable_both_values,v01_full,v20_fk_nullable_both_values vs v01_full,1,0.0,0.723296046257019,87069.0,119606.0,-32537.0,P7_vs_full
MISTRAL,public.tb_medicamento_uso_continuo,v20_fk_nullable_both_values,v01_full,v20_fk_nullable_both_values vs v01_full,1,0.0,0.5261808037757874,87069.0,119606.0,-32537.0,P7_vs_full
MISTRAL,public.tb_medicao,v20_fk_nullable_both_values,v01_full,v20_fk_nullable_both_values vs v01_full,1,0.0,0.23698508739471436,87069.0,119606.0,-32537.0,P7_vs_full
MISTRAL,public.tb_odontograma,v20_fk_nullable_both_values,v01_full,v20_fk_nullable_both_values vs v01_full,1,0.3333333333333333,0.8417988618214926,87069.0,119606.0,-32537.0,P7_vs_full
MISTRAL,public.tb_problema,v20_fk_nullable_both_values,v01_full,v20_fk_nullable_both_values vs v01_full,1,0.3333333333333333,0.5355243484179179,87069.0,119606.0,-32537.0,P7_vs_full
MISTRAL,public.tb_proced_exame_especifico,v20_fk_nullable_both_values,v01_full,v20_fk_nullable_both_values vs v01_full,1,0.3333333333333333,0.9096101919809977,87069.0,119606.0,-32537.0,P7_vs_full
MISTRAL,public.tb_raca_cor,v20_fk_nullable_both_values,v01_full,v20_fk_nullable_both_values vs v01_full,1,1.0,0.9999991854031881,87069.0,119606.0,-32537.0,P7_vs_full
MISTRAL,public.tb_tipo_glicemia,v20_fk_nullable_both_values,v01_full,v20_fk_nullable_both_values vs v01_full,1,0.6666666666666666,0.9098538557688395,87069.0,119606.0,-32537.0,P7_vs_full
MISTRAL,public.ta_medicamento_catmat,v21_fk_nullable_sample_rows,v01_full,v21_fk_nullable_sample_rows vs v01_full,1,0.3333333333333333,0.7363914450009664,43020.0,119606.0,-76586.0,P7_vs_full
MISTRAL,public.ta_tecido_mole,v21_fk_nullable_sample_rows,v01_full,v21_fk_nullable_sample_rows vs v01_full,1,0.0,0.5344541271527609,43020.0,119606.0,-76586.0,P7_vs_full
MISTRAL,public.ta_vacinacao,v21_fk_nullable_sample_rows,v01_full,v21_fk_nullable_sample_rows vs v01_full,1,0.3333333333333333,0.7466189662615458,43020.0,119606.0,-76586.0,P7_vs_full
MISTRAL,public.tb_antecedente,v21_fk_nullable_sample_rows,v01_full,v21_fk_nullable_sample_rows vs v01_full,1,0.0,0.7020149429639181,43020.0,119606.0,-76586.0,P7_vs_full
MISTRAL,public.tb_ciap_ms,v21_fk_nullable_sample_rows,v01_full,v21_fk_nullable_sample_rows vs v01_full,1,0.0,0.4653353691101074,43020.0,119606.0,-76586.0,P7_vs_full
MISTRAL,public.tb_cidadao,v21_fk_nullable_sample_rows,v01_full,v21_fk_nullable_sample_rows vs v01_full,1,0.6666666666666666,0.9482449889183044,43020.0,119606.0,-76586.0,P7_vs_full
MISTRAL,public.tb_cuidado_compartilhado_evol,v21_fk_nullable_sample_rows,v01_full,v21_fk_nullable_sample_rows vs v01_full,1,0.3333333333333333,0.7673235535621643,43020.0,119606.0,-76586.0,P7_vs_full
MISTRAL,public.tb_dim_catmat,v21_fk_nullable_sample_rows,v01_full,v21_fk_nullable_sample_rows vs v01_full,1,0.3333333333333333,0.5822432438532511,43020.0,119606.0,-76586.0,P7_vs_full
MISTRAL,public.tb_evolucao_odonto,v21_fk_nullable_sample_rows,v01_full,v21_fk_nullable_sample_rows vs v01_full,1,0.3333333333333333,0.7422633369763693,43020.0,119606.0,-76586.0,P7_vs_full
MISTRAL,public.tb_evolucao_subjetivo,v21_fk_nullable_sample_rows,v01_full,v21_fk_nullable_sample_rows vs v01_full,1,0.0,0.4103781183560689,43020.0,119606.0,-76586.0,P7_vs_full
MISTRAL,public.tb_exame_hemoglobina_glicada,v21_fk_nullable_sample_rows,v01_full,v21_fk_nullable_sample_rows vs v01_full,1,0.0,0.8047820130983988,43020.0,119606.0,-76586.0,P7_vs_full
MISTRAL,public.tb_exame_prenatal,v21_fk_nullable_sample_rows,v01_full,v21_fk_nullable_sample_rows vs v01_full,1,1.0,0.9999994238217672,43020.0,119606.0,-76586.0,P7_vs_full
MISTRAL,public.tb_fat_atend_odonto_problemas,v21_fk_nullable_sample_rows,v01_full,v21_fk_nullable_sample_rows vs v01_full,1,0.6666666666666666,0.847643236319224,43020.0,119606.0,-76586.0,P7_vs_full
MISTRAL,public.tb_fat_rel_op_risco_cardio,v21_fk_nullable_sample_rows,v01_full,v21_fk_nullable_sample_rows vs v01_full,1,0.6666666666666666,0.6666661500930786,43020.0,119606.0,-76586.0,P7_vs_full
MISTRAL,public.tb_historico_dados_fao,v21_fk_nullable_sample_rows,v01_full,v21_fk_nullable_sample_rows vs v01_full,1,0.0,0.39100579420725506,43020.0,119606.0,-76586.0,P7_vs_full
MISTRAL,public.tb_justificativa_prontuario,v21_fk_nullable_sample_rows,v01_full,v21_fk_nullable_sample_rows vs v01_full,1,0.6666666666666666,0.9475652575492859,43020.0,119606.0,-76586.0,P7_vs_full
MISTRAL,public.tb_lembrete_evolucao,v21_fk_nullable_sample_rows,v01_full,v21_fk_nullable_sample_rows vs v01_full,1,0.0,0.24571760495503744,43020.0,119606.0,-76586.0,P7_vs_full
MISTRAL,public.tb_medicamento_uso_continuo,v21_fk_nullable_sample_rows,v01_full,v21_fk_nullable_sample_rows vs v01_full,1,0.0,0.5261808037757874,43020.0,119606.0,-76586.0,P7_vs_full
MISTRAL,public.tb_medicao,v21_fk_nullable_sample_rows,v01_full,v21_fk_nullable_sample_rows vs v01_full,1,0.0,0.49702266852060956,43020.0,119606.0,-76586.0,P7_vs_full
MISTRAL,public.tb_odontograma,v21_fk_nullable_sample_rows,v01_full,v21_fk_nullable_sample_rows vs v01_full,1,0.6666666666666666,0.977635900179545,43020.0,119606.0,-76586.0,P7_vs_full
MISTRAL,public.tb_problema,v21_fk_nullable_sample_rows,v01_full,v21_fk_nullable_sample_rows vs v01_full,1,1.0,0.9999991059303284,43020.0,119606.0,-76586.0,P7_vs_full
MISTRAL,public.tb_proced_exame_especifico,v21_fk_nullable_sample_rows,v01_full,v21_fk_nullable_sample_rows vs v01_full,1,0.3333333333333333,0.8947242101033529,43020.0,119606.0,-76586.0,P7_vs_full
MISTRAL,public.tb_raca_cor,v21_fk_nullable_sample_rows,v01_full,v21_fk_nullable_sample_rows vs v01_full,1,0.6666666666666666,0.8822128176689148,43020.0,119606.0,-76586.0,P7_vs_full
MISTRAL,public.tb_tipo_glicemia,v21_fk_nullable_sample_rows,v01_full,v21_fk_nullable_sample_rows vs v01_full,1,0.0,0.8032162388165792,43020.0,119606.0,-76586.0,P7_vs_full
MISTRAL,public.ta_medicamento_catmat,v22_fk_nullable_sample_rows_plus_frequent,v01_full,v22_fk_nullable_sample_rows_plus_frequent vs v01_full,1,0.3333333333333333,0.8052453597386678,63322.0,119606.0,-56284.0,P7_vs_full
MISTRAL,public.ta_tecido_mole,v22_fk_nullable_sample_rows_plus_frequent,v01_full,v22_fk_nullable_sample_rows_plus_frequent vs v01_full,1,0.0,0.3814858595530192,63322.0,119606.0,-56284.0,P7_vs_full
MISTRAL,public.ta_vacinacao,v22_fk_nullable_sample_rows_plus_frequent,v01_full,v22_fk_nullable_sample_rows_plus_frequent vs v01_full,1,0.6666666666666666,0.6666660110155741,63322.0,119606.0,-56284.0,P7_vs_full
MISTRAL,public.tb_antecedente,v22_fk_nullable_sample_rows_plus_frequent,v01_full,v22_fk_nullable_sample_rows_plus_frequent vs v01_full,1,0.3333333333333333,0.8287568688392639,63322.0,119606.0,-56284.0,P7_vs_full
MISTRAL,public.tb_ciap_ms,v22_fk_nullable_sample_rows_plus_frequent,v01_full,v22_fk_nullable_sample_rows_plus_frequent vs v01_full,1,0.0,0.4653353691101074,63322.0,119606.0,-56284.0,P7_vs_full
MISTRAL,public.tb_cidadao,v22_fk_nullable_sample_rows_plus_frequent,v01_full,v22_fk_nullable_sample_rows_plus_frequent vs v01_full,1,0.6666666666666666,0.9482449889183044,63322.0,119606.0,-56284.0,P7_vs_full
MISTRAL,public.tb_cuidado_compartilhado_evol,v22_fk_nullable_sample_rows_plus_frequent,v01_full,v22_fk_nullable_sample_rows_plus_frequent vs v01_full,1,0.6666666666666666,0.6666663289070129,63322.0,119606.0,-56284.0,P7_vs_full
MISTRAL,public.tb_dim_catmat,v22_fk_nullable_sample_rows_plus_frequent,v01_full,v22_fk_nullable_sample_rows_plus_frequent vs v01_full,1,0.3333333333333333,0.6246004303296407,63322.0,119606.0,-56284.0,P7_vs_full
MISTRAL,public.tb_evolucao_odonto,v22_fk_nullable_sample_rows_plus_frequent,v01_full,v22_fk_nullable_sample_rows_plus_frequent vs v01_full,1,1.0,0.9999991854031881,63322.0,119606.0,-56284.0,P7_vs_full
MISTRAL,public.tb_evolucao_subjetivo,v22_fk_nullable_sample_rows_plus_frequent,v01_full,v22_fk_nullable_sample_rows_plus_frequent vs v01_full,1,0.0,0.4873109857241313,63322.0,119606.0,-56284.0,P7_vs_full
MISTRAL,public.tb_exame_hemoglobina_glicada,v22_fk_nullable_sample_rows_plus_frequent,v01_full,v22_fk_nullable_sample_rows_plus_frequent vs v01_full,1,0.0,0.7739485303560892,63322.0,119606.0,-56284.0,P7_vs_full
MISTRAL,public.tb_exame_prenatal,v22_fk_nullable_sample_rows_plus_frequent,v01_full,v22_fk_nullable_sample_rows_plus_frequent vs v01_full,1,0.6666666666666666,0.9706097841262817,63322.0,119606.0,-56284.0,P7_vs_full
MISTRAL,public.tb_fat_atend_odonto_problemas,v22_fk_nullable_sample_rows_plus_frequent,v01_full,v22_fk_nullable_sample_rows_plus_frequent vs v01_full,1,0.3333333333333333,0.5689135193824768,63322.0,119606.0,-56284.0,P7_vs_full
MISTRAL,public.tb_fat_rel_op_risco_cardio,v22_fk_nullable_sample_rows_plus_frequent,v01_full,v22_fk_nullable_sample_rows_plus_frequent vs v01_full,1,0.6666666666666666,0.8753166993459066,63322.0,119606.0,-56284.0,P7_vs_full
MISTRAL,public.tb_historico_dados_fao,v22_fk_nullable_sample_rows_plus_frequent,v01_full,v22_fk_nullable_sample_rows_plus_frequent vs v01_full,1,0.0,0.43746745586395264,63322.0,119606.0,-56284.0,P7_vs_full
MISTRAL,public.tb_justificativa_prontuario,v22_fk_nullable_sample_rows_plus_frequent,v01_full,v22_fk_nullable_sample_rows_plus_frequent vs v01_full,1,0.0,0.8381087978680929,63322.0,119606.0,-56284.0,P7_vs_full
MISTRAL,public.tb_lembrete_evolucao,v22_fk_nullable_sample_rows_plus_frequent,v01_full,v22_fk_nullable_sample_rows_plus_frequent vs v01_full,1,0.0,0.24571760495503744,63322.0,119606.0,-56284.0,P7_vs_full
MISTRAL,public.tb_medicamento_uso_continuo,v22_fk_nullable_sample_rows_plus_frequent,v01_full,v22_fk_nullable_sample_rows_plus_frequent vs v01_full,1,0.6666666666666666,0.9140723546346029,63322.0,119606.0,-56284.0,P7_vs_full
MISTRAL,public.tb_medicao,v22_fk_nullable_sample_rows_plus_frequent,v01_full,v22_fk_nullable_sample_rows_plus_frequent vs v01_full,1,0.0,0.23698508739471436,63322.0,119606.0,-56284.0,P7_vs_full
MISTRAL,public.tb_odontograma,v22_fk_nullable_sample_rows_plus_frequent,v01_full,v22_fk_nullable_sample_rows_plus_frequent vs v01_full,1,1.0,0.9999993046124777,63322.0,119606.0,-56284.0,P7_vs_full
MISTRAL,public.tb_problema,v22_fk_nullable_sample_rows_plus_frequent,v01_full,v22_fk_nullable_sample_rows_plus_frequent vs v01_full,1,0.0,0.7084652781486511,63322.0,119606.0,-56284.0,P7_vs_full
MISTRAL,public.tb_proced_exame_especifico,v22_fk_nullable_sample_rows_plus_frequent,v01_full,v22_fk_nullable_sample_rows_plus_frequent vs v01_full,1,0.6666666666666666,0.8908752799034119,63322.0,119606.0,-56284.0,P7_vs_full
MISTRAL,public.tb_raca_cor,v22_fk_nullable_sample_rows_plus_frequent,v01_full,v22_fk_nullable_sample_rows_plus_frequent vs v01_full,1,1.0,0.9999991854031881,63322.0,119606.0,-56284.0,P7_vs_full
MISTRAL,public.tb_tipo_glicemia,v22_fk_nullable_sample_rows_plus_frequent,v01_full,v22_fk_nullable_sample_rows_plus_frequent vs v01_full,1,0.0,0.8100962241490682,63322.0,119606.0,-56284.0,P7_vs_full
MISTRAL,public.ta_medicamento_catmat,v23_fk_nullable_sample_rows_plus_sample_values,v01_full,v23_fk_nullable_sample_rows_plus_sample_values vs v01_full,1,0.6666666666666666,0.8717879255612692,81901.0,119606.0,-37705.0,P7_vs_full
MISTRAL,public.ta_tecido_mole,v23_fk_nullable_sample_rows_plus_sample_values,v01_full,v23_fk_nullable_sample_rows_plus_sample_values vs v01_full,1,0.0,0.6480810046195984,81901.0,119606.0,-37705.0,P7_vs_full
MISTRAL,public.ta_vacinacao,v23_fk_nullable_sample_rows_plus_sample_values,v01_full,v23_fk_nullable_sample_rows_plus_sample_values vs v01_full,1,0.3333333333333333,0.8445776700973511,81901.0,119606.0,-37705.0,P7_vs_full
MISTRAL,public.tb_antecedente,v23_fk_nullable_sample_rows_plus_sample_values,v01_full,v23_fk_nullable_sample_rows_plus_sample_values vs v01_full,1,0.0,0.48793554306030273,81901.0,119606.0,-37705.0,P7_vs_full
MISTRAL,public.tb_ciap_ms,v23_fk_nullable_sample_rows_plus_sample_values,v01_full,v23_fk_nullable_sample_rows_plus_sample_values vs v01_full,1,0.3333333333333333,0.7453012665112814,81901.0,119606.0,-37705.0,P7_vs_full
MISTRAL,public.tb_cidadao,v23_fk_nullable_sample_rows_plus_sample_values,v01_full,v23_fk_nullable_sample_rows_plus_sample_values vs v01_full,1,1.0,0.999999463558197,81901.0,119606.0,-37705.0,P7_vs_full
MISTRAL,public.tb_cuidado_compartilhado_evol,v23_fk_nullable_sample_rows_plus_sample_values,v01_full,v23_fk_nullable_sample_rows_plus_sample_values vs v01_full,1,0.6666666666666666,0.8684638539950053,81901.0,119606.0,-37705.0,P7_vs_full
MISTRAL,public.tb_dim_catmat,v23_fk_nullable_sample_rows_plus_sample_values,v01_full,v23_fk_nullable_sample_rows_plus_sample_values vs v01_full,1,0.6666666666666666,0.666666050752004,81901.0,119606.0,-37705.0,P7_vs_full
MISTRAL,public.tb_evolucao_odonto,v23_fk_nullable_sample_rows_plus_sample_values,v01_full,v23_fk_nullable_sample_rows_plus_sample_values vs v01_full,1,0.6666666666666666,0.6666661500930786,81901.0,119606.0,-37705.0,P7_vs_full
MISTRAL,public.tb_evolucao_subjetivo,v23_fk_nullable_sample_rows_plus_sample_values,v01_full,v23_fk_nullable_sample_rows_plus_sample_values vs v01_full,1,0.3333333333333333,0.5674780408541361,81901.0,119606.0,-37705.0,P7_vs_full
MISTRAL,public.tb_exame_hemoglobina_glicada,v23_fk_nullable_sample_rows_plus_sample_values,v01_full,v23_fk_nullable_sample_rows_plus_sample_values vs v01_full,1,0.0,0.5055461525917053,81901.0,119606.0,-37705.0,P7_vs_full
MISTRAL,public.tb_exame_prenatal,v23_fk_nullable_sample_rows_plus_sample_values,v01_full,v23_fk_nullable_sample_rows_plus_sample_values vs v01_full,1,0.3333333333333333,0.8640400568644205,81901.0,119606.0,-37705.0,P7_vs_full
MISTRAL,public.tb_fat_atend_odonto_problemas,v23_fk_nullable_sample_rows_plus_sample_values,v01_full,v23_fk_nullable_sample_rows_plus_sample_values vs v01_full,1,0.3333333333333333,0.5689135193824768,81901.0,119606.0,-37705.0,P7_vs_full
MISTRAL,public.tb_fat_rel_op_risco_cardio,v23_fk_nullable_sample_rows_plus_sample_values,v01_full,v23_fk_nullable_sample_rows_plus_sample_values vs v01_full,1,0.6666666666666666,0.8701239824295044,81901.0,119606.0,-37705.0,P7_vs_full
MISTRAL,public.tb_historico_dados_fao,v23_fk_nullable_sample_rows_plus_sample_values,v01_full,v23_fk_nullable_sample_rows_plus_sample_values vs v01_full,1,0.0,0.647833526134491,81901.0,119606.0,-37705.0,P7_vs_full
MISTRAL,public.tb_justificativa_prontuario,v23_fk_nullable_sample_rows_plus_sample_values,v01_full,v23_fk_nullable_sample_rows_plus_sample_values vs v01_full,1,0.0,0.7667919993400574,81901.0,119606.0,-37705.0,P7_vs_full
MISTRAL,public.tb_lembrete_evolucao,v23_fk_nullable_sample_rows_plus_sample_values,v01_full,v23_fk_nullable_sample_rows_plus_sample_values vs v01_full,1,0.3333333333333333,0.6162920991579691,81901.0,119606.0,-37705.0,P7_vs_full
MISTRAL,public.tb_medicamento_uso_continuo,v23_fk_nullable_sample_rows_plus_sample_values,v01_full,v23_fk_nullable_sample_rows_plus_sample_values vs v01_full,1,1.0,0.9999993840853373,81901.0,119606.0,-37705.0,P7_vs_full
MISTRAL,public.tb_medicao,v23_fk_nullable_sample_rows_plus_sample_values,v01_full,v23_fk_nullable_sample_rows_plus_sample_values vs v01_full,1,0.6666666666666666,0.9632056554158529,81901.0,119606.0,-37705.0,P7_vs_full
MISTRAL,public.tb_odontograma,v23_fk_nullable_sample_rows_plus_sample_values,v01_full,v23_fk_nullable_sample_rows_plus_sample_values vs v01_full,1,0.6666666666666666,0.977635900179545,81901.0,119606.0,-37705.0,P7_vs_full
MISTRAL,public.tb_problema,v23_fk_nullable_sample_rows_plus_sample_values,v01_full,v23_fk_nullable_sample_rows_plus_sample_values vs v01_full,1,1.0,0.9999991059303284,81901.0,119606.0,-37705.0,P7_vs_full
MISTRAL,public.tb_proced_exame_especifico,v23_fk_nullable_sample_rows_plus_sample_values,v01_full,v23_fk_nullable_sample_rows_plus_sample_values vs v01_full,1,0.3333333333333333,0.8093335628509521,81901.0,119606.0,-37705.0,P7_vs_full
MISTRAL,public.tb_raca_cor,v23_fk_nullable_sample_rows_plus_sample_values,v01_full,v23_fk_nullable_sample_rows_plus_sample_values vs v01_full,1,1.0,0.9999991854031881,81901.0,119606.0,-37705.0,P7_vs_full
MISTRAL,public.tb_tipo_glicemia,v23_fk_nullable_sample_rows_plus_sample_values,v01_full,v23_fk_nullable_sample_rows_plus_sample_values vs v01_full,1,1.0,0.999999463558197,81901.0,119606.0,-37705.0,P7_vs_full
MISTRAL,public.ta_medicamento_catmat,v24_full_no_numeric_stats,v01_full,v24_full_no_numeric_stats vs v01_full,1,0.6666666666666666,0.8717879255612692,110130.0,119606.0,-9476.0,P7_vs_full
MISTRAL,public.ta_tecido_mole,v24_full_no_numeric_stats,v01_full,v24_full_no_numeric_stats vs v01_full,1,0.0,0.5344541271527609,110130.0,119606.0,-9476.0,P7_vs_full
MISTRAL,public.ta_vacinacao,v24_full_no_numeric_stats,v01_full,v24_full_no_numeric_stats vs v01_full,1,0.6666666666666666,0.9850080410639445,110130.0,119606.0,-9476.0,P7_vs_full
MISTRAL,public.tb_antecedente,v24_full_no_numeric_stats,v01_full,v24_full_no_numeric_stats vs v01_full,1,0.3333333333333333,0.7388829787572225,110130.0,119606.0,-9476.0,P7_vs_full
MISTRAL,public.tb_ciap_ms,v24_full_no_numeric_stats,v01_full,v24_full_no_numeric_stats vs v01_full,1,0.3333333333333333,0.7453012665112814,110130.0,119606.0,-9476.0,P7_vs_full
MISTRAL,public.tb_cidadao,v24_full_no_numeric_stats,v01_full,v24_full_no_numeric_stats vs v01_full,1,1.0,0.999999463558197,110130.0,119606.0,-9476.0,P7_vs_full
MISTRAL,public.tb_cuidado_compartilhado_evol,v24_full_no_numeric_stats,v01_full,v24_full_no_numeric_stats vs v01_full,1,0.6666666666666666,0.8948359886805216,110130.0,119606.0,-9476.0,P7_vs_full
MISTRAL,public.tb_dim_catmat,v24_full_no_numeric_stats,v01_full,v24_full_no_numeric_stats vs v01_full,1,0.6666666666666666,0.666666050752004,110130.0,119606.0,-9476.0,P7_vs_full
MISTRAL,public.tb_evolucao_odonto,v24_full_no_numeric_stats,v01_full,v24_full_no_numeric_stats vs v01_full,1,0.6666666666666666,0.8946181933085123,110130.0,119606.0,-9476.0,P7_vs_full
MISTRAL,public.tb_evolucao_subjetivo,v24_full_no_numeric_stats,v01_full,v24_full_no_numeric_stats vs v01_full,1,0.3333333333333333,0.8504117329915365,110130.0,119606.0,-9476.0,P7_vs_full
MISTRAL,public.tb_exame_hemoglobina_glicada,v24_full_no_numeric_stats,v01_full,v24_full_no_numeric_stats vs v01_full,1,0.0,0.6660427252451578,110130.0,119606.0,-9476.0,P7_vs_full
MISTRAL,public.tb_exame_prenatal,v24_full_no_numeric_stats,v01_full,v24_full_no_numeric_stats vs v01_full,1,0.6666666666666666,0.9706097841262817,110130.0,119606.0,-9476.0,P7_vs_full
MISTRAL,public.tb_fat_atend_odonto_problemas,v24_full_no_numeric_stats,v01_full,v24_full_no_numeric_stats vs v01_full,1,0.6666666666666666,0.90623805920283,110130.0,119606.0,-9476.0,P7_vs_full
MISTRAL,public.tb_fat_rel_op_risco_cardio,v24_full_no_numeric_stats,v01_full,v24_full_no_numeric_stats vs v01_full,1,0.6666666666666666,0.8753166993459066,110130.0,119606.0,-9476.0,P7_vs_full
MISTRAL,public.tb_historico_dados_fao,v24_full_no_numeric_stats,v01_full,v24_full_no_numeric_stats vs v01_full,1,0.0,0.7344133456548055,110130.0,119606.0,-9476.0,P7_vs_full
MISTRAL,public.tb_justificativa_prontuario,v24_full_no_numeric_stats,v01_full,v24_full_no_numeric_stats vs v01_full,1,1.0,0.9999992847442627,110130.0,119606.0,-9476.0,P7_vs_full
MISTRAL,public.tb_lembrete_evolucao,v24_full_no_numeric_stats,v01_full,v24_full_no_numeric_stats vs v01_full,1,0.6666666666666666,0.6666663289070129,110130.0,119606.0,-9476.0,P7_vs_full
MISTRAL,public.tb_medicamento_uso_continuo,v24_full_no_numeric_stats,v01_full,v24_full_no_numeric_stats vs v01_full,1,1.0,0.9999993840853373,110130.0,119606.0,-9476.0,P7_vs_full
MISTRAL,public.tb_medicao,v24_full_no_numeric_stats,v01_full,v24_full_no_numeric_stats vs v01_full,1,1.0,0.9999994238217672,110130.0,119606.0,-9476.0,P7_vs_full
MISTRAL,public.tb_odontograma,v24_full_no_numeric_stats,v01_full,v24_full_no_numeric_stats vs v01_full,1,0.0,0.8836822509765625,110130.0,119606.0,-9476.0,P7_vs_full
MISTRAL,public.tb_problema,v24_full_no_numeric_stats,v01_full,v24_full_no_numeric_stats vs v01_full,1,0.3333333333333333,0.5355243484179179,110130.0,119606.0,-9476.0,P7_vs_full
MISTRAL,public.tb_proced_exame_especifico,v24_full_no_numeric_stats,v01_full,v24_full_no_numeric_stats vs v01_full,1,0.3333333333333333,0.8100977937380472,110130.0,119606.0,-9476.0,P7_vs_full
MISTRAL,public.tb_raca_cor,v24_full_no_numeric_stats,v01_full,v24_full_no_numeric_stats vs v01_full,1,1.0,0.9999991854031881,110130.0,119606.0,-9476.0,P7_vs_full
MISTRAL,public.tb_tipo_glicemia,v24_full_no_numeric_stats,v01_full,v24_full_no_numeric_stats vs v01_full,1,0.6666666666666666,0.9008162617683411,110130.0,119606.0,-9476.0,P7_vs_full
MISTRAL,public.ta_medicamento_catmat,v25_full_no_sample_rows,v01_full,v25_full_no_sample_rows vs v01_full,1,0.0,0.4843829274177551,105589.0,119606.0,-14017.0,P7_vs_full
MISTRAL,public.ta_tecido_mole,v25_full_no_sample_rows,v01_full,v25_full_no_sample_rows vs v01_full,1,0.0,0.6347501873970032,105589.0,119606.0,-14017.0,P7_vs_full
MISTRAL,public.ta_vacinacao,v25_full_no_sample_rows,v01_full,v25_full_no_sample_rows vs v01_full,1,0.6666666666666666,0.9850080410639445,105589.0,119606.0,-14017.0,P7_vs_full
MISTRAL,public.tb_antecedente,v25_full_no_sample_rows,v01_full,v25_full_no_sample_rows vs v01_full,1,0.0,0.7177965044975281,105589.0,119606.0,-14017.0,P7_vs_full
MISTRAL,public.tb_ciap_ms,v25_full_no_sample_rows,v01_full,v25_full_no_sample_rows vs v01_full,1,0.0,0.21732542912165323,105589.0,119606.0,-14017.0,P7_vs_full
MISTRAL,public.tb_cidadao,v25_full_no_sample_rows,v01_full,v25_full_no_sample_rows vs v01_full,1,0.6666666666666666,0.8863035837809244,105589.0,119606.0,-14017.0,P7_vs_full
MISTRAL,public.tb_cuidado_compartilhado_evol,v25_full_no_sample_rows,v01_full,v25_full_no_sample_rows vs v01_full,1,0.6666666666666666,0.8948359886805216,105589.0,119606.0,-14017.0,P7_vs_full
MISTRAL,public.tb_dim_catmat,v25_full_no_sample_rows,v01_full,v25_full_no_sample_rows vs v01_full,1,1.0,0.9999991854031881,105589.0,119606.0,-14017.0,P7_vs_full
MISTRAL,public.tb_evolucao_odonto,v25_full_no_sample_rows,v01_full,v25_full_no_sample_rows vs v01_full,1,1.0,0.9999991854031881,105589.0,119606.0,-14017.0,P7_vs_full
MISTRAL,public.tb_evolucao_subjetivo,v25_full_no_sample_rows,v01_full,v25_full_no_sample_rows vs v01_full,1,0.3333333333333333,0.826386292775472,105589.0,119606.0,-14017.0,P7_vs_full
MISTRAL,public.tb_exame_hemoglobina_glicada,v25_full_no_sample_rows,v01_full,v25_full_no_sample_rows vs v01_full,1,0.3333333333333333,0.8448417584101359,105589.0,119606.0,-14017.0,P7_vs_full
MISTRAL,public.tb_exame_prenatal,v25_full_no_sample_rows,v01_full,v25_full_no_sample_rows vs v01_full,1,1.0,0.9999994238217672,105589.0,119606.0,-14017.0,P7_vs_full
MISTRAL,public.tb_fat_atend_odonto_problemas,v25_full_no_sample_rows,v01_full,v25_full_no_sample_rows vs v01_full,1,0.3333333333333333,0.5407882928848267,105589.0,119606.0,-14017.0,P7_vs_full
MISTRAL,public.tb_fat_rel_op_risco_cardio,v25_full_no_sample_rows,v01_full,v25_full_no_sample_rows vs v01_full,1,0.6666666666666666,0.6666661500930786,105589.0,119606.0,-14017.0,P7_vs_full
MISTRAL,public.tb_historico_dados_fao,v25_full_no_sample_rows,v01_full,v25_full_no_sample_rows vs v01_full,1,0.0,0.7369531790415446,105589.0,119606.0,-14017.0,P7_vs_full
MISTRAL,public.tb_justificativa_prontuario,v25_full_no_sample_rows,v01_full,v25_full_no_sample_rows vs v01_full,1,1.0,0.9999992847442627,105589.0,119606.0,-14017.0,P7_vs_full
MISTRAL,public.tb_lembrete_evolucao,v25_full_no_sample_rows,v01_full,v25_full_no_sample_rows vs v01_full,1,0.0,0.7121412952740988,105589.0,119606.0,-14017.0,P7_vs_full
MISTRAL,public.tb_medicamento_uso_continuo,v25_full_no_sample_rows,v01_full,v25_full_no_sample_rows vs v01_full,1,0.0,0.5261808037757874,105589.0,119606.0,-14017.0,P7_vs_full
MISTRAL,public.tb_medicao,v25_full_no_sample_rows,v01_full,v25_full_no_sample_rows vs v01_full,1,0.0,0.48213766018549603,105589.0,119606.0,-14017.0,P7_vs_full
MISTRAL,public.tb_odontograma,v25_full_no_sample_rows,v01_full,v25_full_no_sample_rows vs v01_full,1,0.6666666666666666,0.9544212222099304,105589.0,119606.0,-14017.0,P7_vs_full
MISTRAL,public.tb_problema,v25_full_no_sample_rows,v01_full,v25_full_no_sample_rows vs v01_full,1,0.0,0.47276637951533,105589.0,119606.0,-14017.0,P7_vs_full
MISTRAL,public.tb_proced_exame_especifico,v25_full_no_sample_rows,v01_full,v25_full_no_sample_rows vs v01_full,1,0.0,0.7335297067960104,105589.0,119606.0,-14017.0,P7_vs_full
MISTRAL,public.tb_raca_cor,v25_full_no_sample_rows,v01_full,v25_full_no_sample_rows vs v01_full,1,1.0,0.9999991854031881,105589.0,119606.0,-14017.0,P7_vs_full
MISTRAL,public.tb_tipo_glicemia,v25_full_no_sample_rows,v01_full,v25_full_no_sample_rows vs v01_full,1,0.6666666666666666,0.9098538557688395,105589.0,119606.0,-14017.0,P7_vs_full
