LLM_Model,Tabela,Variante_A,Variante_B,Comparacao,Runs_Comparados,HardDice_mean,SoftDice_mean,TokensIn_A_mean,TokensIn_B_mean,Delta_TokensIn,RQ
MISTRAL,nhanes_demographics.demo_j,v02_plus_fk,v00_baseline,FK vs baseline,1,1.0,0.9999993046124777,29995.0,29745.0,250.0,P1_isolated_effects
MISTRAL,nhanes_dietary.ds1tot_j,v02_plus_fk,v00_baseline,FK vs baseline,1,1.0,0.999999483426412,29995.0,29745.0,250.0,P1_isolated_effects
MISTRAL,nhanes_dietary.ds2ids_j,v02_plus_fk,v00_baseline,FK vs baseline,1,0.0,0.6734461585680643,29995.0,29745.0,250.0,P1_isolated_effects
MISTRAL,nhanes_dietary.ds2tot_j,v02_plus_fk,v00_baseline,FK vs baseline,1,0.0,0.6402277151743571,29995.0,29745.0,250.0,P1_isolated_effects
MISTRAL,nhanes_dietary.dsqids_j,v02_plus_fk,v00_baseline,FK vs baseline,1,0.0,0.42775873343149823,29995.0,29745.0,250.0,P1_isolated_effects
MISTRAL,nhanes_dietary.dsqtot_j,v02_plus_fk,v00_baseline,FK vs baseline,1,0.0,0.6206380526224772,29995.0,29745.0,250.0,P1_isolated_effects
MISTRAL,nhanes_examination.bmx_j,v02_plus_fk,v00_baseline,FK vs baseline,1,0.6666666666666666,0.8472768465677897,29995.0,29745.0,250.0,P1_isolated_effects
MISTRAL,nhanes_examination.bpx_j,v02_plus_fk,v00_baseline,FK vs baseline,1,0.3333333333333333,0.8108469049135844,29995.0,29745.0,250.0,P1_isolated_effects
MISTRAL,nhanes_examination.bpxo_j,v02_plus_fk,v00_baseline,FK vs baseline,1,0.3333333333333333,0.8092798988024393,29995.0,29745.0,250.0,P1_isolated_effects
MISTRAL,nhanes_laboratory.cbc_j,v02_plus_fk,v00_baseline,FK vs baseline,1,1.0,0.9999994436899821,29995.0,29745.0,250.0,P1_isolated_effects
MISTRAL,nhanes_laboratory.fastqx_j,v02_plus_fk,v00_baseline,FK vs baseline,1,0.0,0.42082834243774414,29995.0,29745.0,250.0,P1_isolated_effects
MISTRAL,nhanes_laboratory.ghb_j,v02_plus_fk,v00_baseline,FK vs baseline,1,0.0,0.6564455429712931,29995.0,29745.0,250.0,P1_isolated_effects
MISTRAL,nhanes_laboratory.hepa_j,v02_plus_fk,v00_baseline,FK vs baseline,1,0.3333333333333333,0.5491152207056681,29995.0,29745.0,250.0,P1_isolated_effects
MISTRAL,nhanes_laboratory.ins_j,v02_plus_fk,v00_baseline,FK vs baseline,1,0.0,0.4829784830411275,29995.0,29745.0,250.0,P1_isolated_effects
MISTRAL,nhanes_laboratory.phthte_j,v02_plus_fk,v00_baseline,FK vs baseline,1,0.0,0.5305016040802002,29995.0,29745.0,250.0,P1_isolated_effects
MISTRAL,nhanes_laboratory.ssuvcm_j,v02_plus_fk,v00_baseline,FK vs baseline,1,0.3333333333333333,0.5995452205340067,29995.0,29745.0,250.0,P1_isolated_effects
MISTRAL,nhanes_laboratory.uio_j,v02_plus_fk,v00_baseline,FK vs baseline,1,0.0,0.47441105047861737,29995.0,29745.0,250.0,P1_isolated_effects
MISTRAL,nhanes_laboratory.vic_j,v02_plus_fk,v00_baseline,FK vs baseline,1,1.0,0.9999994238217672,29995.0,29745.0,250.0,P1_isolated_effects
MISTRAL,nhanes_laboratory.vid_j,v02_plus_fk,v00_baseline,FK vs baseline,1,0.0,0.6581915418306986,29995.0,29745.0,250.0,P1_isolated_effects
MISTRAL,nhanes_questionnaire.alq_j,v02_plus_fk,v00_baseline,FK vs baseline,1,0.6666666666666666,0.6666661103566488,29995.0,29745.0,250.0,P1_isolated_effects
MISTRAL,nhanes_questionnaire.dpq_j,v02_plus_fk,v00_baseline,FK vs baseline,1,0.3333333333333333,0.7266363302866617,29995.0,29745.0,250.0,P1_isolated_effects
MISTRAL,nhanes_questionnaire.hsq_j,v02_plus_fk,v00_baseline,FK vs baseline,1,0.0,0.4808030327161153,29995.0,29745.0,250.0,P1_isolated_effects
MISTRAL,nhanes_questionnaire.puqmec_j,v02_plus_fk,v00_baseline,FK vs baseline,1,0.6666666666666666,0.8387358983357748,29995.0,29745.0,250.0,P1_isolated_effects
MISTRAL,nhanes_questionnaire.smqshs_j,v02_plus_fk,v00_baseline,FK vs baseline,1,0.0,0.6949567993481954,29995.0,29745.0,250.0,P1_isolated_effects
MISTRAL,nhanes_questionnaire.whq_j,v02_plus_fk,v00_baseline,FK vs baseline,1,0.0,0.41970322529474896,29995.0,29745.0,250.0,P1_isolated_effects
MISTRAL,nhanes_demographics.demo_j,v03_plus_nullable,v00_baseline,nullable vs baseline,1,1.0,0.9999993046124777,32585.0,29745.0,2840.0,P1_isolated_effects
MISTRAL,nhanes_dietary.ds1tot_j,v03_plus_nullable,v00_baseline,nullable vs baseline,1,1.0,0.999999483426412,32585.0,29745.0,2840.0,P1_isolated_effects
MISTRAL,nhanes_dietary.ds2ids_j,v03_plus_nullable,v00_baseline,nullable vs baseline,1,0.0,0.4903932213783264,32585.0,29745.0,2840.0,P1_isolated_effects
MISTRAL,nhanes_dietary.ds2tot_j,v03_plus_nullable,v00_baseline,nullable vs baseline,1,0.0,0.6402277151743571,32585.0,29745.0,2840.0,P1_isolated_effects
MISTRAL,nhanes_dietary.dsqids_j,v03_plus_nullable,v00_baseline,nullable vs baseline,1,0.3333333333333333,0.5912495056788126,32585.0,29745.0,2840.0,P1_isolated_effects
MISTRAL,nhanes_dietary.dsqtot_j,v03_plus_nullable,v00_baseline,nullable vs baseline,1,0.0,0.627792477607727,32585.0,29745.0,2840.0,P1_isolated_effects
MISTRAL,nhanes_examination.bmx_j,v03_plus_nullable,v00_baseline,nullable vs baseline,1,0.6666666666666666,0.8472768465677897,32585.0,29745.0,2840.0,P1_isolated_effects
MISTRAL,nhanes_examination.bpx_j,v03_plus_nullable,v00_baseline,nullable vs baseline,1,0.6666666666666666,0.8628181020418803,32585.0,29745.0,2840.0,P1_isolated_effects
MISTRAL,nhanes_examination.bpxo_j,v03_plus_nullable,v00_baseline,nullable vs baseline,1,0.6666666666666666,0.9099669257799784,32585.0,29745.0,2840.0,P1_isolated_effects
MISTRAL,nhanes_laboratory.cbc_j,v03_plus_nullable,v00_baseline,nullable vs baseline,1,1.0,0.9999994436899821,32585.0,29745.0,2840.0,P1_isolated_effects
MISTRAL,nhanes_laboratory.fastqx_j,v03_plus_nullable,v00_baseline,nullable vs baseline,1,0.0,0.42082834243774414,32585.0,29745.0,2840.0,P1_isolated_effects
MISTRAL,nhanes_laboratory.ghb_j,v03_plus_nullable,v00_baseline,nullable vs baseline,1,0.0,0.7142936786015829,32585.0,29745.0,2840.0,P1_isolated_effects
MISTRAL,nhanes_laboratory.hepa_j,v03_plus_nullable,v00_baseline,nullable vs baseline,1,0.3333333333333333,0.8475678563117981,32585.0,29745.0,2840.0,P1_isolated_effects
MISTRAL,nhanes_laboratory.ins_j,v03_plus_nullable,v00_baseline,nullable vs baseline,1,0.0,0.5006597836812338,32585.0,29745.0,2840.0,P1_isolated_effects
MISTRAL,nhanes_laboratory.phthte_j,v03_plus_nullable,v00_baseline,nullable vs baseline,1,0.3333333333333333,0.8684515555699667,32585.0,29745.0,2840.0,P1_isolated_effects
MISTRAL,nhanes_laboratory.ssuvcm_j,v03_plus_nullable,v00_baseline,nullable vs baseline,1,0.3333333333333333,0.7860415776570638,32585.0,29745.0,2840.0,P1_isolated_effects
MISTRAL,nhanes_laboratory.uio_j,v03_plus_nullable,v00_baseline,nullable vs baseline,1,0.6666666666666666,0.8948704799016317,32585.0,29745.0,2840.0,P1_isolated_effects
MISTRAL,nhanes_laboratory.vic_j,v03_plus_nullable,v00_baseline,nullable vs baseline,1,0.6666666666666666,0.6666662693023682,32585.0,29745.0,2840.0,P1_isolated_effects
MISTRAL,nhanes_laboratory.vid_j,v03_plus_nullable,v00_baseline,nullable vs baseline,1,0.0,0.6581915418306986,32585.0,29745.0,2840.0,P1_isolated_effects
MISTRAL,nhanes_questionnaire.alq_j,v03_plus_nullable,v00_baseline,nullable vs baseline,1,0.6666666666666666,0.6666661103566488,32585.0,29745.0,2840.0,P1_isolated_effects
MISTRAL,nhanes_questionnaire.dpq_j,v03_plus_nullable,v00_baseline,nullable vs baseline,1,0.3333333333333333,0.5728867252667745,32585.0,29745.0,2840.0,P1_isolated_effects
MISTRAL,nhanes_questionnaire.hsq_j,v03_plus_nullable,v00_baseline,nullable vs baseline,1,1.0,0.9999992648760477,32585.0,29745.0,2840.0,P1_isolated_effects
MISTRAL,nhanes_questionnaire.puqmec_j,v03_plus_nullable,v00_baseline,nullable vs baseline,1,0.0,0.7079044779141744,32585.0,29745.0,2840.0,P1_isolated_effects
MISTRAL,nhanes_questionnaire.smqshs_j,v03_plus_nullable,v00_baseline,nullable vs baseline,1,0.0,0.21495693922042847,32585.0,29745.0,2840.0,P1_isolated_effects
MISTRAL,nhanes_questionnaire.whq_j,v03_plus_nullable,v00_baseline,nullable vs baseline,1,0.0,0.20738222201665243,32585.0,29745.0,2840.0,P1_isolated_effects
MISTRAL,nhanes_demographics.demo_j,v04_plus_numeric_stats,v00_baseline,numeric_stats vs baseline,1,1.0,0.9999993046124777,70822.0,29745.0,41077.0,P1_isolated_effects
MISTRAL,nhanes_dietary.ds1tot_j,v04_plus_numeric_stats,v00_baseline,numeric_stats vs baseline,1,0.3333333333333333,0.7560657262802124,70822.0,29745.0,41077.0,P1_isolated_effects
MISTRAL,nhanes_dietary.ds2ids_j,v04_plus_numeric_stats,v00_baseline,numeric_stats vs baseline,1,0.3333333333333333,0.7965824604034424,70822.0,29745.0,41077.0,P1_isolated_effects
MISTRAL,nhanes_dietary.ds2tot_j,v04_plus_numeric_stats,v00_baseline,numeric_stats vs baseline,1,0.0,0.44683899482091266,70822.0,29745.0,41077.0,P1_isolated_effects
MISTRAL,nhanes_dietary.dsqids_j,v04_plus_numeric_stats,v00_baseline,numeric_stats vs baseline,1,0.3333333333333333,0.8178519805272421,70822.0,29745.0,41077.0,P1_isolated_effects
MISTRAL,nhanes_dietary.dsqtot_j,v04_plus_numeric_stats,v00_baseline,numeric_stats vs baseline,1,0.3333333333333333,0.8242900967597961,70822.0,29745.0,41077.0,P1_isolated_effects
MISTRAL,nhanes_examination.bmx_j,v04_plus_numeric_stats,v00_baseline,numeric_stats vs baseline,1,0.6666666666666666,0.6666661699612936,70822.0,29745.0,41077.0,P1_isolated_effects
MISTRAL,nhanes_examination.bpx_j,v04_plus_numeric_stats,v00_baseline,numeric_stats vs baseline,1,0.6666666666666666,0.8698833584785461,70822.0,29745.0,41077.0,P1_isolated_effects
MISTRAL,nhanes_examination.bpxo_j,v04_plus_numeric_stats,v00_baseline,numeric_stats vs baseline,1,0.0,0.6481750210126241,70822.0,29745.0,41077.0,P1_isolated_effects
MISTRAL,nhanes_laboratory.cbc_j,v04_plus_numeric_stats,v00_baseline,numeric_stats vs baseline,1,0.6666666666666666,0.9509464899698893,70822.0,29745.0,41077.0,P1_isolated_effects
MISTRAL,nhanes_laboratory.fastqx_j,v04_plus_numeric_stats,v00_baseline,numeric_stats vs baseline,1,0.0,0.5131211082140604,70822.0,29745.0,41077.0,P1_isolated_effects
MISTRAL,nhanes_laboratory.ghb_j,v04_plus_numeric_stats,v00_baseline,numeric_stats vs baseline,1,0.3333333333333333,0.7857491374015808,70822.0,29745.0,41077.0,P1_isolated_effects
MISTRAL,nhanes_laboratory.hepa_j,v04_plus_numeric_stats,v00_baseline,numeric_stats vs baseline,1,0.3333333333333333,0.7740431825319926,70822.0,29745.0,41077.0,P1_isolated_effects
MISTRAL,nhanes_laboratory.ins_j,v04_plus_numeric_stats,v00_baseline,numeric_stats vs baseline,1,0.6666666666666666,0.6666661699612936,70822.0,29745.0,41077.0,P1_isolated_effects
MISTRAL,nhanes_laboratory.phthte_j,v04_plus_numeric_stats,v00_baseline,numeric_stats vs baseline,1,0.0,0.49660611152648926,70822.0,29745.0,41077.0,P1_isolated_effects
MISTRAL,nhanes_laboratory.ssuvcm_j,v04_plus_numeric_stats,v00_baseline,numeric_stats vs baseline,1,0.3333333333333333,0.5978415409723917,70822.0,29745.0,41077.0,P1_isolated_effects
MISTRAL,nhanes_laboratory.uio_j,v04_plus_numeric_stats,v00_baseline,numeric_stats vs baseline,1,0.3333333333333333,0.5774810512860616,70822.0,29745.0,41077.0,P1_isolated_effects
MISTRAL,nhanes_laboratory.vic_j,v04_plus_numeric_stats,v00_baseline,numeric_stats vs baseline,1,0.6666666666666666,0.6666662693023682,70822.0,29745.0,41077.0,P1_isolated_effects
MISTRAL,nhanes_laboratory.vid_j,v04_plus_numeric_stats,v00_baseline,numeric_stats vs baseline,1,0.6666666666666666,0.8504157265027364,70822.0,29745.0,41077.0,P1_isolated_effects
MISTRAL,nhanes_questionnaire.alq_j,v04_plus_numeric_stats,v00_baseline,numeric_stats vs baseline,1,1.0,0.9999992847442627,70822.0,29745.0,41077.0,P1_isolated_effects
MISTRAL,nhanes_questionnaire.dpq_j,v04_plus_numeric_stats,v00_baseline,numeric_stats vs baseline,1,0.0,0.5931809544563293,70822.0,29745.0,41077.0,P1_isolated_effects
MISTRAL,nhanes_questionnaire.hsq_j,v04_plus_numeric_stats,v00_baseline,numeric_stats vs baseline,1,0.3333333333333333,0.5570785601933798,70822.0,29745.0,41077.0,P1_isolated_effects
MISTRAL,nhanes_questionnaire.puqmec_j,v04_plus_numeric_stats,v00_baseline,numeric_stats vs baseline,1,0.3333333333333333,0.7981483141581217,70822.0,29745.0,41077.0,P1_isolated_effects
MISTRAL,nhanes_questionnaire.smqshs_j,v04_plus_numeric_stats,v00_baseline,numeric_stats vs baseline,1,0.0,0.5914371212323507,70822.0,29745.0,41077.0,P1_isolated_effects
MISTRAL,nhanes_questionnaire.whq_j,v04_plus_numeric_stats,v00_baseline,numeric_stats vs baseline,1,0.0,0.2882793148358663,70822.0,29745.0,41077.0,P1_isolated_effects
MISTRAL,nhanes_demographics.demo_j,v05_plus_sample_values,v00_baseline,sample_values vs baseline,1,0.6666666666666666,0.9072494904200236,73344.0,29745.0,43599.0,P1_isolated_effects
MISTRAL,nhanes_dietary.ds1tot_j,v05_plus_sample_values,v00_baseline,sample_values vs baseline,1,0.0,0.6778082251548767,73344.0,29745.0,43599.0,P1_isolated_effects
MISTRAL,nhanes_dietary.ds2ids_j,v05_plus_sample_values,v00_baseline,sample_values vs baseline,1,0.0,0.4660748640696208,73344.0,29745.0,43599.0,P1_isolated_effects
MISTRAL,nhanes_dietary.ds2tot_j,v05_plus_sample_values,v00_baseline,sample_values vs baseline,1,0.0,0.49930224816004437,73344.0,29745.0,43599.0,P1_isolated_effects
MISTRAL,nhanes_dietary.dsqids_j,v05_plus_sample_values,v00_baseline,sample_values vs baseline,1,0.0,0.7185630997021993,73344.0,29745.0,43599.0,P1_isolated_effects
MISTRAL,nhanes_dietary.dsqtot_j,v05_plus_sample_values,v00_baseline,sample_values vs baseline,1,0.6666666666666666,0.8414150873819987,73344.0,29745.0,43599.0,P1_isolated_effects
MISTRAL,nhanes_examination.bmx_j,v05_plus_sample_values,v00_baseline,sample_values vs baseline,1,0.6666666666666666,0.6666661699612936,73344.0,29745.0,43599.0,P1_isolated_effects
MISTRAL,nhanes_examination.bpx_j,v05_plus_sample_values,v00_baseline,sample_values vs baseline,1,0.6666666666666666,0.8876165548960367,73344.0,29745.0,43599.0,P1_isolated_effects
MISTRAL,nhanes_examination.bpxo_j,v05_plus_sample_values,v00_baseline,sample_values vs baseline,1,0.0,0.6719067295392355,73344.0,29745.0,43599.0,P1_isolated_effects
MISTRAL,nhanes_laboratory.cbc_j,v05_plus_sample_values,v00_baseline,sample_values vs baseline,1,1.0,0.9999994436899821,73344.0,29745.0,43599.0,P1_isolated_effects
MISTRAL,nhanes_laboratory.fastqx_j,v05_plus_sample_values,v00_baseline,sample_values vs baseline,1,0.0,0.6357806324958801,73344.0,29745.0,43599.0,P1_isolated_effects
MISTRAL,nhanes_laboratory.ghb_j,v05_plus_sample_values,v00_baseline,sample_values vs baseline,1,0.3333333333333333,0.7552457054456075,73344.0,29745.0,43599.0,P1_isolated_effects
MISTRAL,nhanes_laboratory.hepa_j,v05_plus_sample_values,v00_baseline,sample_values vs baseline,1,0.3333333333333333,0.8475678563117981,73344.0,29745.0,43599.0,P1_isolated_effects
MISTRAL,nhanes_laboratory.ins_j,v05_plus_sample_values,v00_baseline,sample_values vs baseline,1,0.0,0.5164328018824259,73344.0,29745.0,43599.0,P1_isolated_effects
MISTRAL,nhanes_laboratory.phthte_j,v05_plus_sample_values,v00_baseline,sample_values vs baseline,1,0.0,0.49047428369522095,73344.0,29745.0,43599.0,P1_isolated_effects
MISTRAL,nhanes_laboratory.ssuvcm_j,v05_plus_sample_values,v00_baseline,sample_values vs baseline,1,0.0,0.5529998739560446,73344.0,29745.0,43599.0,P1_isolated_effects
MISTRAL,nhanes_laboratory.uio_j,v05_plus_sample_values,v00_baseline,sample_values vs baseline,1,0.3333333333333333,0.7693723638852438,73344.0,29745.0,43599.0,P1_isolated_effects
MISTRAL,nhanes_laboratory.vic_j,v05_plus_sample_values,v00_baseline,sample_values vs baseline,1,0.0,0.4765363136927287,73344.0,29745.0,43599.0,P1_isolated_effects
MISTRAL,nhanes_laboratory.vid_j,v05_plus_sample_values,v00_baseline,sample_values vs baseline,1,0.6666666666666666,0.859345018863678,73344.0,29745.0,43599.0,P1_isolated_effects
MISTRAL,nhanes_questionnaire.alq_j,v05_plus_sample_values,v00_baseline,sample_values vs baseline,1,1.0,0.9999992847442627,73344.0,29745.0,43599.0,P1_isolated_effects
MISTRAL,nhanes_questionnaire.dpq_j,v05_plus_sample_values,v00_baseline,sample_values vs baseline,1,0.0,0.6572979291280111,73344.0,29745.0,43599.0,P1_isolated_effects
MISTRAL,nhanes_questionnaire.hsq_j,v05_plus_sample_values,v00_baseline,sample_values vs baseline,1,0.3333333333333333,0.33333293596903485,73344.0,29745.0,43599.0,P1_isolated_effects
MISTRAL,nhanes_questionnaire.puqmec_j,v05_plus_sample_values,v00_baseline,sample_values vs baseline,1,1.0,0.9999993046124777,73344.0,29745.0,43599.0,P1_isolated_effects
MISTRAL,nhanes_questionnaire.smqshs_j,v05_plus_sample_values,v00_baseline,sample_values vs baseline,1,0.0,0.7486744920412699,73344.0,29745.0,43599.0,P1_isolated_effects
MISTRAL,nhanes_questionnaire.whq_j,v05_plus_sample_values,v00_baseline,sample_values vs baseline,1,0.0,0.2882793148358663,73344.0,29745.0,43599.0,P1_isolated_effects
MISTRAL,nhanes_demographics.demo_j,v06_plus_frequent_values,v00_baseline,frequent_values vs baseline,1,1.0,0.9999993046124777,71498.0,29745.0,41753.0,P1_isolated_effects
MISTRAL,nhanes_dietary.ds1tot_j,v06_plus_frequent_values,v00_baseline,frequent_values vs baseline,1,0.0,0.6778082251548767,71498.0,29745.0,41753.0,P1_isolated_effects
MISTRAL,nhanes_dietary.ds2ids_j,v06_plus_frequent_values,v00_baseline,frequent_values vs baseline,1,0.0,0.6432310938835144,71498.0,29745.0,41753.0,P1_isolated_effects
MISTRAL,nhanes_dietary.ds2tot_j,v06_plus_frequent_values,v00_baseline,frequent_values vs baseline,1,0.0,0.7263597448666891,71498.0,29745.0,41753.0,P1_isolated_effects
MISTRAL,nhanes_dietary.dsqids_j,v06_plus_frequent_values,v00_baseline,frequent_values vs baseline,1,0.0,0.5447790424029032,71498.0,29745.0,41753.0,P1_isolated_effects
MISTRAL,nhanes_dietary.dsqtot_j,v06_plus_frequent_values,v00_baseline,frequent_values vs baseline,1,0.0,0.63885364929835,71498.0,29745.0,41753.0,P1_isolated_effects
MISTRAL,nhanes_examination.bmx_j,v06_plus_frequent_values,v00_baseline,frequent_values vs baseline,1,0.6666666666666666,0.9478122393290201,71498.0,29745.0,41753.0,P1_isolated_effects
MISTRAL,nhanes_examination.bpx_j,v06_plus_frequent_values,v00_baseline,frequent_values vs baseline,1,0.6666666666666666,0.8876165548960367,71498.0,29745.0,41753.0,P1_isolated_effects
MISTRAL,nhanes_examination.bpxo_j,v06_plus_frequent_values,v00_baseline,frequent_values vs baseline,1,0.0,0.6596994002660116,71498.0,29745.0,41753.0,P1_isolated_effects
MISTRAL,nhanes_laboratory.cbc_j,v06_plus_frequent_values,v00_baseline,frequent_values vs baseline,1,1.0,0.9999994436899821,71498.0,29745.0,41753.0,P1_isolated_effects
MISTRAL,nhanes_laboratory.fastqx_j,v06_plus_frequent_values,v00_baseline,frequent_values vs baseline,1,0.0,0.4176710844039917,71498.0,29745.0,41753.0,P1_isolated_effects
MISTRAL,nhanes_laboratory.ghb_j,v06_plus_frequent_values,v00_baseline,frequent_values vs baseline,1,0.3333333333333333,0.7719959417978922,71498.0,29745.0,41753.0,P1_isolated_effects
MISTRAL,nhanes_laboratory.hepa_j,v06_plus_frequent_values,v00_baseline,frequent_values vs baseline,1,0.0,0.7098790407180786,71498.0,29745.0,41753.0,P1_isolated_effects
MISTRAL,nhanes_laboratory.ins_j,v06_plus_frequent_values,v00_baseline,frequent_values vs baseline,1,0.0,0.5074796875317892,71498.0,29745.0,41753.0,P1_isolated_effects
MISTRAL,nhanes_laboratory.phthte_j,v06_plus_frequent_values,v00_baseline,frequent_values vs baseline,1,0.3333333333333333,0.6950409213701884,71498.0,29745.0,41753.0,P1_isolated_effects
MISTRAL,nhanes_laboratory.ssuvcm_j,v06_plus_frequent_values,v00_baseline,frequent_values vs baseline,1,0.0,0.24577760696411133,71498.0,29745.0,41753.0,P1_isolated_effects
MISTRAL,nhanes_laboratory.uio_j,v06_plus_frequent_values,v00_baseline,frequent_values vs baseline,1,0.0,0.5086566209793091,71498.0,29745.0,41753.0,P1_isolated_effects
MISTRAL,nhanes_laboratory.vic_j,v06_plus_frequent_values,v00_baseline,frequent_values vs baseline,1,0.3333333333333333,0.8465933203697205,71498.0,29745.0,41753.0,P1_isolated_effects
MISTRAL,nhanes_laboratory.vid_j,v06_plus_frequent_values,v00_baseline,frequent_values vs baseline,1,0.6666666666666666,0.8478618860244751,71498.0,29745.0,41753.0,P1_isolated_effects
MISTRAL,nhanes_questionnaire.alq_j,v06_plus_frequent_values,v00_baseline,frequent_values vs baseline,1,1.0,0.9999992847442627,71498.0,29745.0,41753.0,P1_isolated_effects
MISTRAL,nhanes_questionnaire.dpq_j,v06_plus_frequent_values,v00_baseline,frequent_values vs baseline,1,0.6666666666666666,0.8357481559117635,71498.0,29745.0,41753.0,P1_isolated_effects
MISTRAL,nhanes_questionnaire.hsq_j,v06_plus_frequent_values,v00_baseline,frequent_values vs baseline,1,0.6666666666666666,0.6666660308837891,71498.0,29745.0,41753.0,P1_isolated_effects
MISTRAL,nhanes_questionnaire.puqmec_j,v06_plus_frequent_values,v00_baseline,frequent_values vs baseline,1,0.3333333333333333,0.7494356234868368,71498.0,29745.0,41753.0,P1_isolated_effects
MISTRAL,nhanes_questionnaire.smqshs_j,v06_plus_frequent_values,v00_baseline,frequent_values vs baseline,1,0.0,0.7444595495859782,71498.0,29745.0,41753.0,P1_isolated_effects
MISTRAL,nhanes_questionnaire.whq_j,v06_plus_frequent_values,v00_baseline,frequent_values vs baseline,1,0.0,0.23755210638046265,71498.0,29745.0,41753.0,P1_isolated_effects
MISTRAL,nhanes_demographics.demo_j,v07_plus_sample_rows,v00_baseline,sample_rows vs baseline,1,1.0,0.9999993046124777,50893.0,29745.0,21148.0,P1_isolated_effects
MISTRAL,nhanes_dietary.ds1tot_j,v07_plus_sample_rows,v00_baseline,sample_rows vs baseline,1,0.0,0.6868043343226115,50893.0,29745.0,21148.0,P1_isolated_effects
MISTRAL,nhanes_dietary.ds2ids_j,v07_plus_sample_rows,v00_baseline,sample_rows vs baseline,1,0.3333333333333333,0.7761725385983785,50893.0,29745.0,21148.0,P1_isolated_effects
MISTRAL,nhanes_dietary.ds2tot_j,v07_plus_sample_rows,v00_baseline,sample_rows vs baseline,1,0.0,0.4342882037162781,50893.0,29745.0,21148.0,P1_isolated_effects
MISTRAL,nhanes_dietary.dsqids_j,v07_plus_sample_rows,v00_baseline,sample_rows vs baseline,1,0.0,0.5447790424029032,50893.0,29745.0,21148.0,P1_isolated_effects
MISTRAL,nhanes_dietary.dsqtot_j,v07_plus_sample_rows,v00_baseline,sample_rows vs baseline,1,0.3333333333333333,0.8651079138120016,50893.0,29745.0,21148.0,P1_isolated_effects
MISTRAL,nhanes_examination.bmx_j,v07_plus_sample_rows,v00_baseline,sample_rows vs baseline,1,1.0,0.9999992847442627,50893.0,29745.0,21148.0,P1_isolated_effects
MISTRAL,nhanes_examination.bpx_j,v07_plus_sample_rows,v00_baseline,sample_rows vs baseline,1,0.6666666666666666,0.8628181020418803,50893.0,29745.0,21148.0,P1_isolated_effects
MISTRAL,nhanes_examination.bpxo_j,v07_plus_sample_rows,v00_baseline,sample_rows vs baseline,1,1.0,0.9999992648760477,50893.0,29745.0,21148.0,P1_isolated_effects
MISTRAL,nhanes_laboratory.cbc_j,v07_plus_sample_rows,v00_baseline,sample_rows vs baseline,1,0.6666666666666666,0.9509464899698893,50893.0,29745.0,21148.0,P1_isolated_effects
MISTRAL,nhanes_laboratory.fastqx_j,v07_plus_sample_rows,v00_baseline,sample_rows vs baseline,1,0.0,0.42082834243774414,50893.0,29745.0,21148.0,P1_isolated_effects
MISTRAL,nhanes_laboratory.ghb_j,v07_plus_sample_rows,v00_baseline,sample_rows vs baseline,1,0.3333333333333333,0.7719959417978922,50893.0,29745.0,21148.0,P1_isolated_effects
MISTRAL,nhanes_laboratory.hepa_j,v07_plus_sample_rows,v00_baseline,sample_rows vs baseline,1,0.3333333333333333,0.7531610528628031,50893.0,29745.0,21148.0,P1_isolated_effects
MISTRAL,nhanes_laboratory.ins_j,v07_plus_sample_rows,v00_baseline,sample_rows vs baseline,1,0.0,0.45195194085439044,50893.0,29745.0,21148.0,P1_isolated_effects
MISTRAL,nhanes_laboratory.phthte_j,v07_plus_sample_rows,v00_baseline,sample_rows vs baseline,1,0.0,0.6855039397875468,50893.0,29745.0,21148.0,P1_isolated_effects
MISTRAL,nhanes_laboratory.ssuvcm_j,v07_plus_sample_rows,v00_baseline,sample_rows vs baseline,1,0.3333333333333333,0.855108360449473,50893.0,29745.0,21148.0,P1_isolated_effects
MISTRAL,nhanes_laboratory.uio_j,v07_plus_sample_rows,v00_baseline,sample_rows vs baseline,1,0.6666666666666666,0.8580354054768881,50893.0,29745.0,21148.0,P1_isolated_effects
MISTRAL,nhanes_laboratory.vic_j,v07_plus_sample_rows,v00_baseline,sample_rows vs baseline,1,0.3333333333333333,0.8298120697339376,50893.0,29745.0,21148.0,P1_isolated_effects
MISTRAL,nhanes_laboratory.vid_j,v07_plus_sample_rows,v00_baseline,sample_rows vs baseline,1,0.3333333333333333,0.7705556154251099,50893.0,29745.0,21148.0,P1_isolated_effects
MISTRAL,nhanes_questionnaire.alq_j,v07_plus_sample_rows,v00_baseline,sample_rows vs baseline,1,0.6666666666666666,0.6666661103566488,50893.0,29745.0,21148.0,P1_isolated_effects
MISTRAL,nhanes_questionnaire.dpq_j,v07_plus_sample_rows,v00_baseline,sample_rows vs baseline,1,0.0,0.6572979291280111,50893.0,29745.0,21148.0,P1_isolated_effects
MISTRAL,nhanes_questionnaire.hsq_j,v07_plus_sample_rows,v00_baseline,sample_rows vs baseline,1,1.0,0.9999992648760477,50893.0,29745.0,21148.0,P1_isolated_effects
MISTRAL,nhanes_questionnaire.puqmec_j,v07_plus_sample_rows,v00_baseline,sample_rows vs baseline,1,0.0,0.7079044779141744,50893.0,29745.0,21148.0,P1_isolated_effects
MISTRAL,nhanes_questionnaire.smqshs_j,v07_plus_sample_rows,v00_baseline,sample_rows vs baseline,1,0.0,0.7444595495859782,50893.0,29745.0,21148.0,P1_isolated_effects
MISTRAL,nhanes_questionnaire.whq_j,v07_plus_sample_rows,v00_baseline,sample_rows vs baseline,1,0.0,0.1955456535021464,50893.0,29745.0,21148.0,P1_isolated_effects
MISTRAL,nhanes_demographics.demo_j,v04_plus_numeric_stats,v00_baseline,numeric_stats sozinho,1,1.0,0.9999993046124777,70822.0,29745.0,41077.0,P2_numeric_stats
MISTRAL,nhanes_dietary.ds1tot_j,v04_plus_numeric_stats,v00_baseline,numeric_stats sozinho,1,0.3333333333333333,0.7560657262802124,70822.0,29745.0,41077.0,P2_numeric_stats
MISTRAL,nhanes_dietary.ds2ids_j,v04_plus_numeric_stats,v00_baseline,numeric_stats sozinho,1,0.3333333333333333,0.7965824604034424,70822.0,29745.0,41077.0,P2_numeric_stats
MISTRAL,nhanes_dietary.ds2tot_j,v04_plus_numeric_stats,v00_baseline,numeric_stats sozinho,1,0.0,0.44683899482091266,70822.0,29745.0,41077.0,P2_numeric_stats
MISTRAL,nhanes_dietary.dsqids_j,v04_plus_numeric_stats,v00_baseline,numeric_stats sozinho,1,0.3333333333333333,0.8178519805272421,70822.0,29745.0,41077.0,P2_numeric_stats
MISTRAL,nhanes_dietary.dsqtot_j,v04_plus_numeric_stats,v00_baseline,numeric_stats sozinho,1,0.3333333333333333,0.8242900967597961,70822.0,29745.0,41077.0,P2_numeric_stats
MISTRAL,nhanes_examination.bmx_j,v04_plus_numeric_stats,v00_baseline,numeric_stats sozinho,1,0.6666666666666666,0.6666661699612936,70822.0,29745.0,41077.0,P2_numeric_stats
MISTRAL,nhanes_examination.bpx_j,v04_plus_numeric_stats,v00_baseline,numeric_stats sozinho,1,0.6666666666666666,0.8698833584785461,70822.0,29745.0,41077.0,P2_numeric_stats
MISTRAL,nhanes_examination.bpxo_j,v04_plus_numeric_stats,v00_baseline,numeric_stats sozinho,1,0.0,0.6481750210126241,70822.0,29745.0,41077.0,P2_numeric_stats
MISTRAL,nhanes_laboratory.cbc_j,v04_plus_numeric_stats,v00_baseline,numeric_stats sozinho,1,0.6666666666666666,0.9509464899698893,70822.0,29745.0,41077.0,P2_numeric_stats
MISTRAL,nhanes_laboratory.fastqx_j,v04_plus_numeric_stats,v00_baseline,numeric_stats sozinho,1,0.0,0.5131211082140604,70822.0,29745.0,41077.0,P2_numeric_stats
MISTRAL,nhanes_laboratory.ghb_j,v04_plus_numeric_stats,v00_baseline,numeric_stats sozinho,1,0.3333333333333333,0.7857491374015808,70822.0,29745.0,41077.0,P2_numeric_stats
MISTRAL,nhanes_laboratory.hepa_j,v04_plus_numeric_stats,v00_baseline,numeric_stats sozinho,1,0.3333333333333333,0.7740431825319926,70822.0,29745.0,41077.0,P2_numeric_stats
MISTRAL,nhanes_laboratory.ins_j,v04_plus_numeric_stats,v00_baseline,numeric_stats sozinho,1,0.6666666666666666,0.6666661699612936,70822.0,29745.0,41077.0,P2_numeric_stats
MISTRAL,nhanes_laboratory.phthte_j,v04_plus_numeric_stats,v00_baseline,numeric_stats sozinho,1,0.0,0.49660611152648926,70822.0,29745.0,41077.0,P2_numeric_stats
MISTRAL,nhanes_laboratory.ssuvcm_j,v04_plus_numeric_stats,v00_baseline,numeric_stats sozinho,1,0.3333333333333333,0.5978415409723917,70822.0,29745.0,41077.0,P2_numeric_stats
MISTRAL,nhanes_laboratory.uio_j,v04_plus_numeric_stats,v00_baseline,numeric_stats sozinho,1,0.3333333333333333,0.5774810512860616,70822.0,29745.0,41077.0,P2_numeric_stats
MISTRAL,nhanes_laboratory.vic_j,v04_plus_numeric_stats,v00_baseline,numeric_stats sozinho,1,0.6666666666666666,0.6666662693023682,70822.0,29745.0,41077.0,P2_numeric_stats
MISTRAL,nhanes_laboratory.vid_j,v04_plus_numeric_stats,v00_baseline,numeric_stats sozinho,1,0.6666666666666666,0.8504157265027364,70822.0,29745.0,41077.0,P2_numeric_stats
MISTRAL,nhanes_questionnaire.alq_j,v04_plus_numeric_stats,v00_baseline,numeric_stats sozinho,1,1.0,0.9999992847442627,70822.0,29745.0,41077.0,P2_numeric_stats
MISTRAL,nhanes_questionnaire.dpq_j,v04_plus_numeric_stats,v00_baseline,numeric_stats sozinho,1,0.0,0.5931809544563293,70822.0,29745.0,41077.0,P2_numeric_stats
MISTRAL,nhanes_questionnaire.hsq_j,v04_plus_numeric_stats,v00_baseline,numeric_stats sozinho,1,0.3333333333333333,0.5570785601933798,70822.0,29745.0,41077.0,P2_numeric_stats
MISTRAL,nhanes_questionnaire.puqmec_j,v04_plus_numeric_stats,v00_baseline,numeric_stats sozinho,1,0.3333333333333333,0.7981483141581217,70822.0,29745.0,41077.0,P2_numeric_stats
MISTRAL,nhanes_questionnaire.smqshs_j,v04_plus_numeric_stats,v00_baseline,numeric_stats sozinho,1,0.0,0.5914371212323507,70822.0,29745.0,41077.0,P2_numeric_stats
MISTRAL,nhanes_questionnaire.whq_j,v04_plus_numeric_stats,v00_baseline,numeric_stats sozinho,1,0.0,0.2882793148358663,70822.0,29745.0,41077.0,P2_numeric_stats
MISTRAL,nhanes_demographics.demo_j,v14_nullable_plus_numeric_stats,v03_plus_nullable,numeric_stats + nullable vs nullable,1,1.0,0.9999993046124777,73687.0,32585.0,41102.0,P2_numeric_stats
MISTRAL,nhanes_dietary.ds1tot_j,v14_nullable_plus_numeric_stats,v03_plus_nullable,numeric_stats + nullable vs nullable,1,0.0,0.6823122501373291,73687.0,32585.0,41102.0,P2_numeric_stats
MISTRAL,nhanes_dietary.ds2ids_j,v14_nullable_plus_numeric_stats,v03_plus_nullable,numeric_stats + nullable vs nullable,1,0.0,0.47089260816574097,73687.0,32585.0,41102.0,P2_numeric_stats
MISTRAL,nhanes_dietary.ds2tot_j,v14_nullable_plus_numeric_stats,v03_plus_nullable,numeric_stats + nullable vs nullable,1,0.3333333333333333,0.8242900967597961,73687.0,32585.0,41102.0,P2_numeric_stats
MISTRAL,nhanes_dietary.dsqids_j,v14_nullable_plus_numeric_stats,v03_plus_nullable,numeric_stats + nullable vs nullable,1,0.0,0.4635908802350362,73687.0,32585.0,41102.0,P2_numeric_stats
MISTRAL,nhanes_dietary.dsqtot_j,v14_nullable_plus_numeric_stats,v03_plus_nullable,numeric_stats + nullable vs nullable,1,0.0,0.4684603015581767,73687.0,32585.0,41102.0,P2_numeric_stats
MISTRAL,nhanes_examination.bmx_j,v14_nullable_plus_numeric_stats,v03_plus_nullable,numeric_stats + nullable vs nullable,1,0.6666666666666666,0.848162829875946,73687.0,32585.0,41102.0,P2_numeric_stats
MISTRAL,nhanes_examination.bpx_j,v14_nullable_plus_numeric_stats,v03_plus_nullable,numeric_stats + nullable vs nullable,1,0.6666666666666666,0.8651871482531229,73687.0,32585.0,41102.0,P2_numeric_stats
MISTRAL,nhanes_examination.bpxo_j,v14_nullable_plus_numeric_stats,v03_plus_nullable,numeric_stats + nullable vs nullable,1,0.0,0.6546684503555298,73687.0,32585.0,41102.0,P2_numeric_stats
MISTRAL,nhanes_laboratory.cbc_j,v14_nullable_plus_numeric_stats,v03_plus_nullable,numeric_stats + nullable vs nullable,1,1.0,0.9999994436899821,73687.0,32585.0,41102.0,P2_numeric_stats
MISTRAL,nhanes_laboratory.fastqx_j,v14_nullable_plus_numeric_stats,v03_plus_nullable,numeric_stats + nullable vs nullable,1,0.0,0.6375341018040975,73687.0,32585.0,41102.0,P2_numeric_stats
MISTRAL,nhanes_laboratory.ghb_j,v14_nullable_plus_numeric_stats,v03_plus_nullable,numeric_stats + nullable vs nullable,1,0.3333333333333333,0.8222592274347941,73687.0,32585.0,41102.0,P2_numeric_stats
MISTRAL,nhanes_laboratory.hepa_j,v14_nullable_plus_numeric_stats,v03_plus_nullable,numeric_stats + nullable vs nullable,1,0.6666666666666666,0.666666309038798,73687.0,32585.0,41102.0,P2_numeric_stats
MISTRAL,nhanes_laboratory.ins_j,v14_nullable_plus_numeric_stats,v03_plus_nullable,numeric_stats + nullable vs nullable,1,0.3333333333333333,0.7566256523132324,73687.0,32585.0,41102.0,P2_numeric_stats
MISTRAL,nhanes_laboratory.phthte_j,v14_nullable_plus_numeric_stats,v03_plus_nullable,numeric_stats + nullable vs nullable,1,0.3333333333333333,0.5306136012077332,73687.0,32585.0,41102.0,P2_numeric_stats
MISTRAL,nhanes_laboratory.ssuvcm_j,v14_nullable_plus_numeric_stats,v03_plus_nullable,numeric_stats + nullable vs nullable,1,0.0,0.2188171943028768,73687.0,32585.0,41102.0,P2_numeric_stats
MISTRAL,nhanes_laboratory.uio_j,v14_nullable_plus_numeric_stats,v03_plus_nullable,numeric_stats + nullable vs nullable,1,0.0,0.46759315331776935,73687.0,32585.0,41102.0,P2_numeric_stats
MISTRAL,nhanes_laboratory.vic_j,v14_nullable_plus_numeric_stats,v03_plus_nullable,numeric_stats + nullable vs nullable,1,0.3333333333333333,0.8496936162312826,73687.0,32585.0,41102.0,P2_numeric_stats
MISTRAL,nhanes_laboratory.vid_j,v14_nullable_plus_numeric_stats,v03_plus_nullable,numeric_stats + nullable vs nullable,1,0.0,0.444769024848938,73687.0,32585.0,41102.0,P2_numeric_stats
MISTRAL,nhanes_questionnaire.alq_j,v14_nullable_plus_numeric_stats,v03_plus_nullable,numeric_stats + nullable vs nullable,1,0.6666666666666666,0.6666661103566488,73687.0,32585.0,41102.0,P2_numeric_stats
MISTRAL,nhanes_questionnaire.dpq_j,v14_nullable_plus_numeric_stats,v03_plus_nullable,numeric_stats + nullable vs nullable,1,0.3333333333333333,0.5728867252667745,73687.0,32585.0,41102.0,P2_numeric_stats
MISTRAL,nhanes_questionnaire.hsq_j,v14_nullable_plus_numeric_stats,v03_plus_nullable,numeric_stats + nullable vs nullable,1,0.6666666666666666,0.6666660308837891,73687.0,32585.0,41102.0,P2_numeric_stats
MISTRAL,nhanes_questionnaire.puqmec_j,v14_nullable_plus_numeric_stats,v03_plus_nullable,numeric_stats + nullable vs nullable,1,0.0,0.7079044779141744,73687.0,32585.0,41102.0,P2_numeric_stats
MISTRAL,nhanes_questionnaire.smqshs_j,v14_nullable_plus_numeric_stats,v03_plus_nullable,numeric_stats + nullable vs nullable,1,0.0,0.21495693922042847,73687.0,32585.0,41102.0,P2_numeric_stats
MISTRAL,nhanes_questionnaire.whq_j,v14_nullable_plus_numeric_stats,v03_plus_nullable,numeric_stats + nullable vs nullable,1,0.0,0.0,73687.0,32585.0,41102.0,P2_numeric_stats
MISTRAL,nhanes_demographics.demo_j,v01_full,v24_full_no_numeric_stats,full vs full-sem-numeric_stats,1,0.3333333333333333,0.5691609581311544,176374.0,142574.0,33800.0,P2_numeric_stats
MISTRAL,nhanes_dietary.ds1tot_j,v01_full,v24_full_no_numeric_stats,full vs full-sem-numeric_stats,1,0.0,0.6727656920750936,176374.0,142574.0,33800.0,P2_numeric_stats
MISTRAL,nhanes_dietary.ds2ids_j,v01_full,v24_full_no_numeric_stats,full vs full-sem-numeric_stats,1,1.0,0.9999993443489075,176374.0,142574.0,33800.0,P2_numeric_stats
MISTRAL,nhanes_dietary.ds2tot_j,v01_full,v24_full_no_numeric_stats,full vs full-sem-numeric_stats,1,0.0,0.0,176374.0,142574.0,33800.0,P2_numeric_stats
MISTRAL,nhanes_dietary.dsqids_j,v01_full,v24_full_no_numeric_stats,full vs full-sem-numeric_stats,1,0.3333333333333333,0.7548320889472961,176374.0,142574.0,33800.0,P2_numeric_stats
MISTRAL,nhanes_dietary.dsqtot_j,v01_full,v24_full_no_numeric_stats,full vs full-sem-numeric_stats,1,0.0,0.0,176374.0,142574.0,33800.0,P2_numeric_stats
MISTRAL,nhanes_examination.bmx_j,v01_full,v24_full_no_numeric_stats,full vs full-sem-numeric_stats,1,0.6666666666666666,0.6666661699612936,176374.0,142574.0,33800.0,P2_numeric_stats
MISTRAL,nhanes_examination.bpx_j,v01_full,v24_full_no_numeric_stats,full vs full-sem-numeric_stats,1,0.3333333333333333,0.5901069243748983,176374.0,142574.0,33800.0,P2_numeric_stats
MISTRAL,nhanes_examination.bpxo_j,v01_full,v24_full_no_numeric_stats,full vs full-sem-numeric_stats,1,0.0,0.6604328354199728,176374.0,142574.0,33800.0,P2_numeric_stats
MISTRAL,nhanes_laboratory.cbc_j,v01_full,v24_full_no_numeric_stats,full vs full-sem-numeric_stats,1,0.6666666666666666,0.9509464899698893,176374.0,142574.0,33800.0,P2_numeric_stats
MISTRAL,nhanes_laboratory.fastqx_j,v01_full,v24_full_no_numeric_stats,full vs full-sem-numeric_stats,1,0.3333333333333333,0.585653026898702,176374.0,142574.0,33800.0,P2_numeric_stats
MISTRAL,nhanes_laboratory.ghb_j,v01_full,v24_full_no_numeric_stats,full vs full-sem-numeric_stats,1,0.0,0.6891679962476095,176374.0,142574.0,33800.0,P2_numeric_stats
MISTRAL,nhanes_laboratory.hepa_j,v01_full,v24_full_no_numeric_stats,full vs full-sem-numeric_stats,1,0.3333333333333333,0.7438002030054728,176374.0,142574.0,33800.0,P2_numeric_stats
MISTRAL,nhanes_laboratory.ins_j,v01_full,v24_full_no_numeric_stats,full vs full-sem-numeric_stats,1,0.0,0.5094258785247803,176374.0,142574.0,33800.0,P2_numeric_stats
MISTRAL,nhanes_laboratory.phthte_j,v01_full,v24_full_no_numeric_stats,full vs full-sem-numeric_stats,1,0.0,0.8386235038439432,176374.0,142574.0,33800.0,P2_numeric_stats
MISTRAL,nhanes_laboratory.ssuvcm_j,v01_full,v24_full_no_numeric_stats,full vs full-sem-numeric_stats,1,0.0,0.29905541737874347,176374.0,142574.0,33800.0,P2_numeric_stats
MISTRAL,nhanes_laboratory.uio_j,v01_full,v24_full_no_numeric_stats,full vs full-sem-numeric_stats,1,0.0,0.6528552770614624,176374.0,142574.0,33800.0,P2_numeric_stats
MISTRAL,nhanes_laboratory.vic_j,v01_full,v24_full_no_numeric_stats,full vs full-sem-numeric_stats,1,0.6666666666666666,0.6666662494341532,176374.0,142574.0,33800.0,P2_numeric_stats
MISTRAL,nhanes_laboratory.vid_j,v01_full,v24_full_no_numeric_stats,full vs full-sem-numeric_stats,1,0.3333333333333333,0.602287749449412,176374.0,142574.0,33800.0,P2_numeric_stats
MISTRAL,nhanes_questionnaire.alq_j,v01_full,v24_full_no_numeric_stats,full vs full-sem-numeric_stats,1,0.3333333333333333,0.8149264454841614,176374.0,142574.0,33800.0,P2_numeric_stats
MISTRAL,nhanes_questionnaire.dpq_j,v01_full,v24_full_no_numeric_stats,full vs full-sem-numeric_stats,1,0.3333333333333333,0.7893427610397339,176374.0,142574.0,33800.0,P2_numeric_stats
MISTRAL,nhanes_questionnaire.hsq_j,v01_full,v24_full_no_numeric_stats,full vs full-sem-numeric_stats,1,0.3333333333333333,0.5661580959955851,176374.0,142574.0,33800.0,P2_numeric_stats
MISTRAL,nhanes_questionnaire.puqmec_j,v01_full,v24_full_no_numeric_stats,full vs full-sem-numeric_stats,1,0.6666666666666666,0.9319474299748739,176374.0,142574.0,33800.0,P2_numeric_stats
MISTRAL,nhanes_questionnaire.smqshs_j,v01_full,v24_full_no_numeric_stats,full vs full-sem-numeric_stats,1,0.6666666666666666,0.6666662295659384,176374.0,142574.0,33800.0,P2_numeric_stats
MISTRAL,nhanes_questionnaire.whq_j,v01_full,v24_full_no_numeric_stats,full vs full-sem-numeric_stats,1,0.3333333333333333,0.8402847448984782,176374.0,142574.0,33800.0,P2_numeric_stats
MISTRAL,nhanes_demographics.demo_j,v07_plus_sample_rows,v05_plus_sample_values,rows vs sample_values,1,0.6666666666666666,0.9072494904200236,50893.0,73344.0,-22451.0,P3_sample_rows_vs_col_values
MISTRAL,nhanes_dietary.ds1tot_j,v07_plus_sample_rows,v05_plus_sample_values,rows vs sample_values,1,0.3333333333333333,0.7895476023356119,50893.0,73344.0,-22451.0,P3_sample_rows_vs_col_values
MISTRAL,nhanes_dietary.ds2ids_j,v07_plus_sample_rows,v05_plus_sample_values,rows vs sample_values,1,0.0,0.6967133084932963,50893.0,73344.0,-22451.0,P3_sample_rows_vs_col_values
MISTRAL,nhanes_dietary.ds2tot_j,v07_plus_sample_rows,v05_plus_sample_values,rows vs sample_values,1,0.0,0.5405035614967346,50893.0,73344.0,-22451.0,P3_sample_rows_vs_col_values
MISTRAL,nhanes_dietary.dsqids_j,v07_plus_sample_rows,v05_plus_sample_values,rows vs sample_values,1,0.0,0.540498673915863,50893.0,73344.0,-22451.0,P3_sample_rows_vs_col_values
MISTRAL,nhanes_dietary.dsqtot_j,v07_plus_sample_rows,v05_plus_sample_values,rows vs sample_values,1,0.3333333333333333,0.6226348876953125,50893.0,73344.0,-22451.0,P3_sample_rows_vs_col_values
MISTRAL,nhanes_examination.bmx_j,v07_plus_sample_rows,v05_plus_sample_values,rows vs sample_values,1,0.6666666666666666,0.6666661699612936,50893.0,73344.0,-22451.0,P3_sample_rows_vs_col_values
MISTRAL,nhanes_examination.bpx_j,v07_plus_sample_rows,v05_plus_sample_values,rows vs sample_values,1,0.6666666666666666,0.6666662494341532,50893.0,73344.0,-22451.0,P3_sample_rows_vs_col_values
MISTRAL,nhanes_examination.bpxo_j,v07_plus_sample_rows,v05_plus_sample_values,rows vs sample_values,1,0.0,0.6719067295392355,50893.0,73344.0,-22451.0,P3_sample_rows_vs_col_values
MISTRAL,nhanes_laboratory.cbc_j,v07_plus_sample_rows,v05_plus_sample_values,rows vs sample_values,1,0.6666666666666666,0.9509464899698893,50893.0,73344.0,-22451.0,P3_sample_rows_vs_col_values
MISTRAL,nhanes_laboratory.fastqx_j,v07_plus_sample_rows,v05_plus_sample_values,rows vs sample_values,1,0.3333333333333333,0.5413967768351237,50893.0,73344.0,-22451.0,P3_sample_rows_vs_col_values
MISTRAL,nhanes_laboratory.ghb_j,v07_plus_sample_rows,v05_plus_sample_values,rows vs sample_values,1,0.6666666666666666,0.8651018540064493,50893.0,73344.0,-22451.0,P3_sample_rows_vs_col_values
MISTRAL,nhanes_laboratory.hepa_j,v07_plus_sample_rows,v05_plus_sample_values,rows vs sample_values,1,0.3333333333333333,0.5495493610699972,50893.0,73344.0,-22451.0,P3_sample_rows_vs_col_values
MISTRAL,nhanes_laboratory.ins_j,v07_plus_sample_rows,v05_plus_sample_values,rows vs sample_values,1,0.6666666666666666,0.8722052176793417,50893.0,73344.0,-22451.0,P3_sample_rows_vs_col_values
MISTRAL,nhanes_laboratory.phthte_j,v07_plus_sample_rows,v05_plus_sample_values,rows vs sample_values,1,0.3333333333333333,0.816098153591156,50893.0,73344.0,-22451.0,P3_sample_rows_vs_col_values
MISTRAL,nhanes_laboratory.ssuvcm_j,v07_plus_sample_rows,v05_plus_sample_values,rows vs sample_values,1,0.0,0.5095531741778055,50893.0,73344.0,-22451.0,P3_sample_rows_vs_col_values
MISTRAL,nhanes_laboratory.uio_j,v07_plus_sample_rows,v05_plus_sample_values,rows vs sample_values,1,0.3333333333333333,0.7098861535390218,50893.0,73344.0,-22451.0,P3_sample_rows_vs_col_values
MISTRAL,nhanes_laboratory.vic_j,v07_plus_sample_rows,v05_plus_sample_values,rows vs sample_values,1,0.0,0.6639333168665568,50893.0,73344.0,-22451.0,P3_sample_rows_vs_col_values
MISTRAL,nhanes_laboratory.vid_j,v07_plus_sample_rows,v05_plus_sample_values,rows vs sample_values,1,0.3333333333333333,0.6038618683815002,50893.0,73344.0,-22451.0,P3_sample_rows_vs_col_values
MISTRAL,nhanes_questionnaire.alq_j,v07_plus_sample_rows,v05_plus_sample_values,rows vs sample_values,1,0.6666666666666666,0.6666661103566488,50893.0,73344.0,-22451.0,P3_sample_rows_vs_col_values
MISTRAL,nhanes_questionnaire.dpq_j,v07_plus_sample_rows,v05_plus_sample_values,rows vs sample_values,1,1.0,0.999999205271403,50893.0,73344.0,-22451.0,P3_sample_rows_vs_col_values
MISTRAL,nhanes_questionnaire.hsq_j,v07_plus_sample_rows,v05_plus_sample_values,rows vs sample_values,1,0.3333333333333333,0.33333293596903485,50893.0,73344.0,-22451.0,P3_sample_rows_vs_col_values
MISTRAL,nhanes_questionnaire.puqmec_j,v07_plus_sample_rows,v05_plus_sample_values,rows vs sample_values,1,0.0,0.7079044779141744,50893.0,73344.0,-22451.0,P3_sample_rows_vs_col_values
MISTRAL,nhanes_questionnaire.smqshs_j,v07_plus_sample_rows,v05_plus_sample_values,rows vs sample_values,1,0.6666666666666666,0.9673767884572347,50893.0,73344.0,-22451.0,P3_sample_rows_vs_col_values
MISTRAL,nhanes_questionnaire.whq_j,v07_plus_sample_rows,v05_plus_sample_values,rows vs sample_values,1,0.3333333333333333,0.529065748055776,50893.0,73344.0,-22451.0,P3_sample_rows_vs_col_values
MISTRAL,nhanes_demographics.demo_j,v07_plus_sample_rows,v06_plus_frequent_values,rows vs frequent_values,1,1.0,0.9999993046124777,50893.0,71498.0,-20605.0,P3_sample_rows_vs_col_values
MISTRAL,nhanes_dietary.ds1tot_j,v07_plus_sample_rows,v06_plus_frequent_values,rows vs frequent_values,1,0.3333333333333333,0.7895476023356119,50893.0,71498.0,-20605.0,P3_sample_rows_vs_col_values
MISTRAL,nhanes_dietary.ds2ids_j,v07_plus_sample_rows,v06_plus_frequent_values,rows vs frequent_values,1,0.0,0.702481190363566,50893.0,71498.0,-20605.0,P3_sample_rows_vs_col_values
MISTRAL,nhanes_dietary.ds2tot_j,v07_plus_sample_rows,v06_plus_frequent_values,rows vs frequent_values,1,0.0,0.7388067841529846,50893.0,71498.0,-20605.0,P3_sample_rows_vs_col_values
MISTRAL,nhanes_dietary.dsqids_j,v07_plus_sample_rows,v06_plus_frequent_values,rows vs frequent_values,1,0.6666666666666666,0.8386109868685404,50893.0,71498.0,-20605.0,P3_sample_rows_vs_col_values
MISTRAL,nhanes_dietary.dsqtot_j,v07_plus_sample_rows,v06_plus_frequent_values,rows vs frequent_values,1,0.0,0.6046261787414551,50893.0,71498.0,-20605.0,P3_sample_rows_vs_col_values
MISTRAL,nhanes_examination.bmx_j,v07_plus_sample_rows,v06_plus_frequent_values,rows vs frequent_values,1,0.6666666666666666,0.9478122393290201,50893.0,71498.0,-20605.0,P3_sample_rows_vs_col_values
MISTRAL,nhanes_examination.bpx_j,v07_plus_sample_rows,v06_plus_frequent_values,rows vs frequent_values,1,0.6666666666666666,0.6666662494341532,50893.0,71498.0,-20605.0,P3_sample_rows_vs_col_values
MISTRAL,nhanes_examination.bpxo_j,v07_plus_sample_rows,v06_plus_frequent_values,rows vs frequent_values,1,0.0,0.6596994002660116,50893.0,71498.0,-20605.0,P3_sample_rows_vs_col_values
MISTRAL,nhanes_laboratory.cbc_j,v07_plus_sample_rows,v06_plus_frequent_values,rows vs frequent_values,1,0.6666666666666666,0.9509464899698893,50893.0,71498.0,-20605.0,P3_sample_rows_vs_col_values
MISTRAL,nhanes_laboratory.fastqx_j,v07_plus_sample_rows,v06_plus_frequent_values,rows vs frequent_values,1,0.0,0.4725854992866516,50893.0,71498.0,-20605.0,P3_sample_rows_vs_col_values
MISTRAL,nhanes_laboratory.ghb_j,v07_plus_sample_rows,v06_plus_frequent_values,rows vs frequent_values,1,1.0,0.9999991655349731,50893.0,71498.0,-20605.0,P3_sample_rows_vs_col_values
MISTRAL,nhanes_laboratory.hepa_j,v07_plus_sample_rows,v06_plus_frequent_values,rows vs frequent_values,1,0.0,0.7469189763069153,50893.0,71498.0,-20605.0,P3_sample_rows_vs_col_values
MISTRAL,nhanes_laboratory.ins_j,v07_plus_sample_rows,v06_plus_frequent_values,rows vs frequent_values,1,0.3333333333333333,0.777916431427002,50893.0,71498.0,-20605.0,P3_sample_rows_vs_col_values
MISTRAL,nhanes_laboratory.phthte_j,v07_plus_sample_rows,v06_plus_frequent_values,rows vs frequent_values,1,0.0,0.4671093821525574,50893.0,71498.0,-20605.0,P3_sample_rows_vs_col_values
MISTRAL,nhanes_laboratory.ssuvcm_j,v07_plus_sample_rows,v06_plus_frequent_values,rows vs frequent_values,1,0.0,0.24570441246032715,50893.0,71498.0,-20605.0,P3_sample_rows_vs_col_values
MISTRAL,nhanes_laboratory.uio_j,v07_plus_sample_rows,v06_plus_frequent_values,rows vs frequent_values,1,0.0,0.5086566209793091,50893.0,71498.0,-20605.0,P3_sample_rows_vs_col_values
MISTRAL,nhanes_laboratory.vic_j,v07_plus_sample_rows,v06_plus_frequent_values,rows vs frequent_values,1,0.3333333333333333,0.8047727346420288,50893.0,71498.0,-20605.0,P3_sample_rows_vs_col_values
MISTRAL,nhanes_laboratory.vid_j,v07_plus_sample_rows,v06_plus_frequent_values,rows vs frequent_values,1,0.3333333333333333,0.6038618683815002,50893.0,71498.0,-20605.0,P3_sample_rows_vs_col_values
MISTRAL,nhanes_questionnaire.alq_j,v07_plus_sample_rows,v06_plus_frequent_values,rows vs frequent_values,1,0.6666666666666666,0.6666661103566488,50893.0,71498.0,-20605.0,P3_sample_rows_vs_col_values
MISTRAL,nhanes_questionnaire.dpq_j,v07_plus_sample_rows,v06_plus_frequent_values,rows vs frequent_values,1,0.0,0.47360120217005414,50893.0,71498.0,-20605.0,P3_sample_rows_vs_col_values
MISTRAL,nhanes_questionnaire.hsq_j,v07_plus_sample_rows,v06_plus_frequent_values,rows vs frequent_values,1,0.6666666666666666,0.6666660308837891,50893.0,71498.0,-20605.0,P3_sample_rows_vs_col_values
MISTRAL,nhanes_questionnaire.puqmec_j,v07_plus_sample_rows,v06_plus_frequent_values,rows vs frequent_values,1,0.3333333333333333,0.6105595827102661,50893.0,71498.0,-20605.0,P3_sample_rows_vs_col_values
MISTRAL,nhanes_questionnaire.smqshs_j,v07_plus_sample_rows,v06_plus_frequent_values,rows vs frequent_values,1,1.0,0.9999993443489075,50893.0,71498.0,-20605.0,P3_sample_rows_vs_col_values
MISTRAL,nhanes_questionnaire.whq_j,v07_plus_sample_rows,v06_plus_frequent_values,rows vs frequent_values,1,0.0,0.23163187503814697,50893.0,71498.0,-20605.0,P3_sample_rows_vs_col_values
MISTRAL,nhanes_demographics.demo_j,v15_sample_rows_vs_sample_values,v07_plus_sample_rows,rows+sample_val vs rows,1,0.6666666666666666,0.9072494904200236,91301.0,50893.0,40408.0,P3_sample_rows_vs_col_values
MISTRAL,nhanes_dietary.ds1tot_j,v15_sample_rows_vs_sample_values,v07_plus_sample_rows,rows+sample_val vs rows,1,0.3333333333333333,0.7090296745300293,91301.0,50893.0,40408.0,P3_sample_rows_vs_col_values
MISTRAL,nhanes_dietary.ds2ids_j,v15_sample_rows_vs_sample_values,v07_plus_sample_rows,rows+sample_val vs rows,1,1.0,0.9999994436899821,91301.0,50893.0,40408.0,P3_sample_rows_vs_col_values
MISTRAL,nhanes_dietary.ds2tot_j,v15_sample_rows_vs_sample_values,v07_plus_sample_rows,rows+sample_val vs rows,1,0.6666666666666666,0.9031845331192017,91301.0,50893.0,40408.0,P3_sample_rows_vs_col_values
MISTRAL,nhanes_dietary.dsqids_j,v15_sample_rows_vs_sample_values,v07_plus_sample_rows,rows+sample_val vs rows,1,0.3333333333333333,0.8135978778203329,91301.0,50893.0,40408.0,P3_sample_rows_vs_col_values
MISTRAL,nhanes_dietary.dsqtot_j,v15_sample_rows_vs_sample_values,v07_plus_sample_rows,rows+sample_val vs rows,1,0.3333333333333333,0.8448928991953532,91301.0,50893.0,40408.0,P3_sample_rows_vs_col_values
MISTRAL,nhanes_examination.bmx_j,v15_sample_rows_vs_sample_values,v07_plus_sample_rows,rows+sample_val vs rows,1,0.6666666666666666,0.6666661699612936,91301.0,50893.0,40408.0,P3_sample_rows_vs_col_values
MISTRAL,nhanes_examination.bpx_j,v15_sample_rows_vs_sample_values,v07_plus_sample_rows,rows+sample_val vs rows,1,0.0,0.0,91301.0,50893.0,40408.0,P3_sample_rows_vs_col_values
MISTRAL,nhanes_examination.bpxo_j,v15_sample_rows_vs_sample_values,v07_plus_sample_rows,rows+sample_val vs rows,1,0.0,0.4632696509361267,91301.0,50893.0,40408.0,P3_sample_rows_vs_col_values
MISTRAL,nhanes_laboratory.cbc_j,v15_sample_rows_vs_sample_values,v07_plus_sample_rows,rows+sample_val vs rows,1,0.6666666666666666,0.9746416608492533,91301.0,50893.0,40408.0,P3_sample_rows_vs_col_values
MISTRAL,nhanes_laboratory.fastqx_j,v15_sample_rows_vs_sample_values,v07_plus_sample_rows,rows+sample_val vs rows,1,0.0,0.2675047119458516,91301.0,50893.0,40408.0,P3_sample_rows_vs_col_values
MISTRAL,nhanes_laboratory.ghb_j,v15_sample_rows_vs_sample_values,v07_plus_sample_rows,rows+sample_val vs rows,1,0.6666666666666666,0.8651018540064493,91301.0,50893.0,40408.0,P3_sample_rows_vs_col_values
MISTRAL,nhanes_laboratory.hepa_j,v15_sample_rows_vs_sample_values,v07_plus_sample_rows,rows+sample_val vs rows,1,0.3333333333333333,0.6470772822697958,91301.0,50893.0,40408.0,P3_sample_rows_vs_col_values
MISTRAL,nhanes_laboratory.ins_j,v15_sample_rows_vs_sample_values,v07_plus_sample_rows,rows+sample_val vs rows,1,0.0,0.4654378890991211,91301.0,50893.0,40408.0,P3_sample_rows_vs_col_values
MISTRAL,nhanes_laboratory.phthte_j,v15_sample_rows_vs_sample_values,v07_plus_sample_rows,rows+sample_val vs rows,1,0.0,0.6687183976173401,91301.0,50893.0,40408.0,P3_sample_rows_vs_col_values
MISTRAL,nhanes_laboratory.ssuvcm_j,v15_sample_rows_vs_sample_values,v07_plus_sample_rows,rows+sample_val vs rows,1,0.3333333333333333,0.5882999102274576,91301.0,50893.0,40408.0,P3_sample_rows_vs_col_values
MISTRAL,nhanes_laboratory.uio_j,v15_sample_rows_vs_sample_values,v07_plus_sample_rows,rows+sample_val vs rows,1,0.6666666666666666,0.9108141859372457,91301.0,50893.0,40408.0,P3_sample_rows_vs_col_values
MISTRAL,nhanes_laboratory.vic_j,v15_sample_rows_vs_sample_values,v07_plus_sample_rows,rows+sample_val vs rows,1,1.0,0.9999993642171224,91301.0,50893.0,40408.0,P3_sample_rows_vs_col_values
MISTRAL,nhanes_laboratory.vid_j,v15_sample_rows_vs_sample_values,v07_plus_sample_rows,rows+sample_val vs rows,1,1.0,0.9999992251396179,91301.0,50893.0,40408.0,P3_sample_rows_vs_col_values
MISTRAL,nhanes_questionnaire.alq_j,v15_sample_rows_vs_sample_values,v07_plus_sample_rows,rows+sample_val vs rows,1,0.6666666666666666,0.8965438604354858,91301.0,50893.0,40408.0,P3_sample_rows_vs_col_values
MISTRAL,nhanes_questionnaire.dpq_j,v15_sample_rows_vs_sample_values,v07_plus_sample_rows,rows+sample_val vs rows,1,0.0,0.7338251868883768,91301.0,50893.0,40408.0,P3_sample_rows_vs_col_values
MISTRAL,nhanes_questionnaire.hsq_j,v15_sample_rows_vs_sample_values,v07_plus_sample_rows,rows+sample_val vs rows,1,0.3333333333333333,0.33333293596903485,91301.0,50893.0,40408.0,P3_sample_rows_vs_col_values
MISTRAL,nhanes_questionnaire.puqmec_j,v15_sample_rows_vs_sample_values,v07_plus_sample_rows,rows+sample_val vs rows,1,0.0,0.7079044779141744,91301.0,50893.0,40408.0,P3_sample_rows_vs_col_values
MISTRAL,nhanes_questionnaire.smqshs_j,v15_sample_rows_vs_sample_values,v07_plus_sample_rows,rows+sample_val vs rows,1,0.6666666666666666,0.9673767884572347,91301.0,50893.0,40408.0,P3_sample_rows_vs_col_values
MISTRAL,nhanes_questionnaire.whq_j,v15_sample_rows_vs_sample_values,v07_plus_sample_rows,rows+sample_val vs rows,1,0.3333333333333333,0.529065748055776,91301.0,50893.0,40408.0,P3_sample_rows_vs_col_values
MISTRAL,nhanes_demographics.demo_j,v15_sample_rows_vs_sample_values,v05_plus_sample_values,rows+sample_val vs sample_val,1,1.0,0.9999992450078329,91301.0,73344.0,17957.0,P3_sample_rows_vs_col_values
MISTRAL,nhanes_dietary.ds1tot_j,v15_sample_rows_vs_sample_values,v05_plus_sample_values,rows+sample_val vs sample_val,1,0.3333333333333333,0.7289667924245199,91301.0,73344.0,17957.0,P3_sample_rows_vs_col_values
MISTRAL,nhanes_dietary.ds2ids_j,v15_sample_rows_vs_sample_values,v05_plus_sample_values,rows+sample_val vs sample_val,1,0.0,0.6967133084932963,91301.0,73344.0,17957.0,P3_sample_rows_vs_col_values
MISTRAL,nhanes_dietary.ds2tot_j,v15_sample_rows_vs_sample_values,v05_plus_sample_values,rows+sample_val vs sample_val,1,0.0,0.6461594899495443,91301.0,73344.0,17957.0,P3_sample_rows_vs_col_values
MISTRAL,nhanes_dietary.dsqids_j,v15_sample_rows_vs_sample_values,v05_plus_sample_values,rows+sample_val vs sample_val,1,0.0,0.6715758045514425,91301.0,73344.0,17957.0,P3_sample_rows_vs_col_values
MISTRAL,nhanes_dietary.dsqtot_j,v15_sample_rows_vs_sample_values,v05_plus_sample_values,rows+sample_val vs sample_val,1,0.3333333333333333,0.8050450086593628,91301.0,73344.0,17957.0,P3_sample_rows_vs_col_values
MISTRAL,nhanes_examination.bmx_j,v15_sample_rows_vs_sample_values,v05_plus_sample_values,rows+sample_val vs sample_val,1,1.0,0.9999993046124777,91301.0,73344.0,17957.0,P3_sample_rows_vs_col_values
MISTRAL,nhanes_examination.bpx_j,v15_sample_rows_vs_sample_values,v05_plus_sample_values,rows+sample_val vs sample_val,1,0.0,0.0,91301.0,73344.0,17957.0,P3_sample_rows_vs_col_values
MISTRAL,nhanes_examination.bpxo_j,v15_sample_rows_vs_sample_values,v05_plus_sample_values,rows+sample_val vs sample_val,1,0.3333333333333333,0.5323498249053955,91301.0,73344.0,17957.0,P3_sample_rows_vs_col_values
MISTRAL,nhanes_laboratory.cbc_j,v15_sample_rows_vs_sample_values,v05_plus_sample_values,rows+sample_val vs sample_val,1,0.6666666666666666,0.9130492409070333,91301.0,73344.0,17957.0,P3_sample_rows_vs_col_values
MISTRAL,nhanes_laboratory.fastqx_j,v15_sample_rows_vs_sample_values,v05_plus_sample_values,rows+sample_val vs sample_val,1,0.0,0.465744952360789,91301.0,73344.0,17957.0,P3_sample_rows_vs_col_values
MISTRAL,nhanes_laboratory.ghb_j,v15_sample_rows_vs_sample_values,v05_plus_sample_values,rows+sample_val vs sample_val,1,1.0,0.9999990860621134,91301.0,73344.0,17957.0,P3_sample_rows_vs_col_values
MISTRAL,nhanes_laboratory.hepa_j,v15_sample_rows_vs_sample_values,v05_plus_sample_values,rows+sample_val vs sample_val,1,0.3333333333333333,0.5483898520469666,91301.0,73344.0,17957.0,P3_sample_rows_vs_col_values
MISTRAL,nhanes_laboratory.ins_j,v15_sample_rows_vs_sample_values,v05_plus_sample_values,rows+sample_val vs sample_val,1,0.0,0.4860446850458781,91301.0,73344.0,17957.0,P3_sample_rows_vs_col_values
MISTRAL,nhanes_laboratory.phthte_j,v15_sample_rows_vs_sample_values,v05_plus_sample_values,rows+sample_val vs sample_val,1,0.3333333333333333,0.6993992924690247,91301.0,73344.0,17957.0,P3_sample_rows_vs_col_values
MISTRAL,nhanes_laboratory.ssuvcm_j,v15_sample_rows_vs_sample_values,v05_plus_sample_values,rows+sample_val vs sample_val,1,0.0,0.7047613064448038,91301.0,73344.0,17957.0,P3_sample_rows_vs_col_values
MISTRAL,nhanes_laboratory.uio_j,v15_sample_rows_vs_sample_values,v05_plus_sample_values,rows+sample_val vs sample_val,1,0.3333333333333333,0.714894692103068,91301.0,73344.0,17957.0,P3_sample_rows_vs_col_values
MISTRAL,nhanes_laboratory.vic_j,v15_sample_rows_vs_sample_values,v05_plus_sample_values,rows+sample_val vs sample_val,1,0.0,0.6639333168665568,91301.0,73344.0,17957.0,P3_sample_rows_vs_col_values
MISTRAL,nhanes_laboratory.vid_j,v15_sample_rows_vs_sample_values,v05_plus_sample_values,rows+sample_val vs sample_val,1,0.3333333333333333,0.6038618683815002,91301.0,73344.0,17957.0,P3_sample_rows_vs_col_values
MISTRAL,nhanes_questionnaire.alq_j,v15_sample_rows_vs_sample_values,v05_plus_sample_values,rows+sample_val vs sample_val,1,0.6666666666666666,0.6666661103566488,91301.0,73344.0,17957.0,P3_sample_rows_vs_col_values
MISTRAL,nhanes_questionnaire.dpq_j,v15_sample_rows_vs_sample_values,v05_plus_sample_values,rows+sample_val vs sample_val,1,0.0,0.7338251868883768,91301.0,73344.0,17957.0,P3_sample_rows_vs_col_values
MISTRAL,nhanes_questionnaire.hsq_j,v15_sample_rows_vs_sample_values,v05_plus_sample_values,rows+sample_val vs sample_val,1,0.3333333333333333,0.5366809368133545,91301.0,73344.0,17957.0,P3_sample_rows_vs_col_values
MISTRAL,nhanes_questionnaire.puqmec_j,v15_sample_rows_vs_sample_values,v05_plus_sample_values,rows+sample_val vs sample_val,1,1.0,0.9999993046124777,91301.0,73344.0,17957.0,P3_sample_rows_vs_col_values
MISTRAL,nhanes_questionnaire.smqshs_j,v15_sample_rows_vs_sample_values,v05_plus_sample_values,rows+sample_val vs sample_val,1,1.0,0.999999463558197,91301.0,73344.0,17957.0,P3_sample_rows_vs_col_values
MISTRAL,nhanes_questionnaire.whq_j,v15_sample_rows_vs_sample_values,v05_plus_sample_values,rows+sample_val vs sample_val,1,0.6666666666666666,0.6666662096977234,91301.0,73344.0,17957.0,P3_sample_rows_vs_col_values
MISTRAL,nhanes_demographics.demo_j,v16_sample_rows_vs_frequent_values,v07_plus_sample_rows,rows+freq_val vs rows,1,0.6666666666666666,0.8559466203053793,91725.0,50893.0,40832.0,P3_sample_rows_vs_col_values
MISTRAL,nhanes_dietary.ds1tot_j,v16_sample_rows_vs_frequent_values,v07_plus_sample_rows,rows+freq_val vs rows,1,0.3333333333333333,0.5391961932182312,91725.0,50893.0,40832.0,P3_sample_rows_vs_col_values
MISTRAL,nhanes_dietary.ds2ids_j,v16_sample_rows_vs_frequent_values,v07_plus_sample_rows,rows+freq_val vs rows,1,0.3333333333333333,0.8495360215504965,91725.0,50893.0,40832.0,P3_sample_rows_vs_col_values
MISTRAL,nhanes_dietary.ds2tot_j,v16_sample_rows_vs_frequent_values,v07_plus_sample_rows,rows+freq_val vs rows,1,0.0,0.7419131199518839,91725.0,50893.0,40832.0,P3_sample_rows_vs_col_values
MISTRAL,nhanes_dietary.dsqids_j,v16_sample_rows_vs_frequent_values,v07_plus_sample_rows,rows+freq_val vs rows,1,0.6666666666666666,0.6666663289070129,91725.0,50893.0,40832.0,P3_sample_rows_vs_col_values
MISTRAL,nhanes_dietary.dsqtot_j,v16_sample_rows_vs_frequent_values,v07_plus_sample_rows,rows+freq_val vs rows,1,0.3333333333333333,0.8448928991953532,91725.0,50893.0,40832.0,P3_sample_rows_vs_col_values
MISTRAL,nhanes_examination.bmx_j,v16_sample_rows_vs_frequent_values,v07_plus_sample_rows,rows+freq_val vs rows,1,0.6666666666666666,0.9478122393290201,91725.0,50893.0,40832.0,P3_sample_rows_vs_col_values
MISTRAL,nhanes_examination.bpx_j,v16_sample_rows_vs_frequent_values,v07_plus_sample_rows,rows+freq_val vs rows,1,0.6666666666666666,0.6666662494341532,91725.0,50893.0,40832.0,P3_sample_rows_vs_col_values
MISTRAL,nhanes_examination.bpxo_j,v16_sample_rows_vs_frequent_values,v07_plus_sample_rows,rows+freq_val vs rows,1,0.3333333333333333,0.5438200632731119,91725.0,50893.0,40832.0,P3_sample_rows_vs_col_values
MISTRAL,nhanes_laboratory.cbc_j,v16_sample_rows_vs_frequent_values,v07_plus_sample_rows,rows+freq_val vs rows,1,0.6666666666666666,0.9509464899698893,91725.0,50893.0,40832.0,P3_sample_rows_vs_col_values
MISTRAL,nhanes_laboratory.fastqx_j,v16_sample_rows_vs_frequent_values,v07_plus_sample_rows,rows+freq_val vs rows,1,0.3333333333333333,0.33333301544189453,91725.0,50893.0,40832.0,P3_sample_rows_vs_col_values
MISTRAL,nhanes_laboratory.ghb_j,v16_sample_rows_vs_frequent_values,v07_plus_sample_rows,rows+freq_val vs rows,1,0.0,0.0,91725.0,50893.0,40832.0,P3_sample_rows_vs_col_values
MISTRAL,nhanes_laboratory.hepa_j,v16_sample_rows_vs_frequent_values,v07_plus_sample_rows,rows+freq_val vs rows,1,0.0,0.682639459768931,91725.0,50893.0,40832.0,P3_sample_rows_vs_col_values
MISTRAL,nhanes_laboratory.ins_j,v16_sample_rows_vs_frequent_values,v07_plus_sample_rows,rows+freq_val vs rows,1,0.6666666666666666,0.8821598887443542,91725.0,50893.0,40832.0,P3_sample_rows_vs_col_values
MISTRAL,nhanes_laboratory.phthte_j,v16_sample_rows_vs_frequent_values,v07_plus_sample_rows,rows+freq_val vs rows,1,0.0,0.4671093821525574,91725.0,50893.0,40832.0,P3_sample_rows_vs_col_values
MISTRAL,nhanes_laboratory.ssuvcm_j,v16_sample_rows_vs_frequent_values,v07_plus_sample_rows,rows+freq_val vs rows,1,0.0,0.5891836285591125,91725.0,50893.0,40832.0,P3_sample_rows_vs_col_values
MISTRAL,nhanes_laboratory.uio_j,v16_sample_rows_vs_frequent_values,v07_plus_sample_rows,rows+freq_val vs rows,1,0.6666666666666666,0.9108141859372457,91725.0,50893.0,40832.0,P3_sample_rows_vs_col_values
MISTRAL,nhanes_laboratory.vic_j,v16_sample_rows_vs_frequent_values,v07_plus_sample_rows,rows+freq_val vs rows,1,0.3333333333333333,0.5436042348543803,91725.0,50893.0,40832.0,P3_sample_rows_vs_col_values
MISTRAL,nhanes_laboratory.vid_j,v16_sample_rows_vs_frequent_values,v07_plus_sample_rows,rows+freq_val vs rows,1,0.3333333333333333,0.7705556154251099,91725.0,50893.0,40832.0,P3_sample_rows_vs_col_values
MISTRAL,nhanes_questionnaire.alq_j,v16_sample_rows_vs_frequent_values,v07_plus_sample_rows,rows+freq_val vs rows,1,0.6666666666666666,0.8965438604354858,91725.0,50893.0,40832.0,P3_sample_rows_vs_col_values
MISTRAL,nhanes_questionnaire.dpq_j,v16_sample_rows_vs_frequent_values,v07_plus_sample_rows,rows+freq_val vs rows,1,0.0,0.7070116202036539,91725.0,50893.0,40832.0,P3_sample_rows_vs_col_values
MISTRAL,nhanes_questionnaire.hsq_j,v16_sample_rows_vs_frequent_values,v07_plus_sample_rows,rows+freq_val vs rows,1,0.6666666666666666,0.6666660308837891,91725.0,50893.0,40832.0,P3_sample_rows_vs_col_values
MISTRAL,nhanes_questionnaire.puqmec_j,v16_sample_rows_vs_frequent_values,v07_plus_sample_rows,rows+freq_val vs rows,1,0.0,0.4914809266726176,91725.0,50893.0,40832.0,P3_sample_rows_vs_col_values
MISTRAL,nhanes_questionnaire.smqshs_j,v16_sample_rows_vs_frequent_values,v07_plus_sample_rows,rows+freq_val vs rows,1,1.0,0.9999993443489075,91725.0,50893.0,40832.0,P3_sample_rows_vs_col_values
MISTRAL,nhanes_questionnaire.whq_j,v16_sample_rows_vs_frequent_values,v07_plus_sample_rows,rows+freq_val vs rows,1,0.0,0.4273645480473836,91725.0,50893.0,40832.0,P3_sample_rows_vs_col_values
MISTRAL,nhanes_demographics.demo_j,v17_sample_rows_plus_both_values,v07_plus_sample_rows,rows+ambos vs rows,1,0.6666666666666666,0.9072494904200236,128046.0,50893.0,77153.0,P3_sample_rows_vs_col_values
MISTRAL,nhanes_dietary.ds1tot_j,v17_sample_rows_plus_both_values,v07_plus_sample_rows,rows+ambos vs rows,1,0.3333333333333333,0.7895476023356119,128046.0,50893.0,77153.0,P3_sample_rows_vs_col_values
MISTRAL,nhanes_dietary.ds2ids_j,v17_sample_rows_plus_both_values,v07_plus_sample_rows,rows+ambos vs rows,1,0.3333333333333333,0.8503333131472269,128046.0,50893.0,77153.0,P3_sample_rows_vs_col_values
MISTRAL,nhanes_dietary.ds2tot_j,v17_sample_rows_plus_both_values,v07_plus_sample_rows,rows+ambos vs rows,1,0.6666666666666666,0.8840448061625162,128046.0,50893.0,77153.0,P3_sample_rows_vs_col_values
MISTRAL,nhanes_dietary.dsqids_j,v17_sample_rows_plus_both_values,v07_plus_sample_rows,rows+ambos vs rows,1,0.3333333333333333,0.5746522943178812,128046.0,50893.0,77153.0,P3_sample_rows_vs_col_values
MISTRAL,nhanes_dietary.dsqtot_j,v17_sample_rows_plus_both_values,v07_plus_sample_rows,rows+ambos vs rows,1,0.0,0.6220975120862325,128046.0,50893.0,77153.0,P3_sample_rows_vs_col_values
MISTRAL,nhanes_examination.bmx_j,v17_sample_rows_plus_both_values,v07_plus_sample_rows,rows+ambos vs rows,1,0.6666666666666666,0.9478122393290201,128046.0,50893.0,77153.0,P3_sample_rows_vs_col_values
MISTRAL,nhanes_examination.bpx_j,v17_sample_rows_plus_both_values,v07_plus_sample_rows,rows+ambos vs rows,1,0.6666666666666666,0.8651871482531229,128046.0,50893.0,77153.0,P3_sample_rows_vs_col_values
MISTRAL,nhanes_examination.bpxo_j,v17_sample_rows_plus_both_values,v07_plus_sample_rows,rows+ambos vs rows,1,0.0,0.4669257402420044,128046.0,50893.0,77153.0,P3_sample_rows_vs_col_values
MISTRAL,nhanes_laboratory.cbc_j,v17_sample_rows_plus_both_values,v07_plus_sample_rows,rows+ambos vs rows,1,0.6666666666666666,0.9509464899698893,128046.0,50893.0,77153.0,P3_sample_rows_vs_col_values
MISTRAL,nhanes_laboratory.fastqx_j,v17_sample_rows_plus_both_values,v07_plus_sample_rows,rows+ambos vs rows,1,0.3333333333333333,0.5413967768351237,128046.0,50893.0,77153.0,P3_sample_rows_vs_col_values
MISTRAL,nhanes_laboratory.ghb_j,v17_sample_rows_plus_both_values,v07_plus_sample_rows,rows+ambos vs rows,1,0.6666666666666666,0.8651018540064493,128046.0,50893.0,77153.0,P3_sample_rows_vs_col_values
MISTRAL,nhanes_laboratory.hepa_j,v17_sample_rows_plus_both_values,v07_plus_sample_rows,rows+ambos vs rows,1,0.6666666666666666,0.9804103970527649,128046.0,50893.0,77153.0,P3_sample_rows_vs_col_values
MISTRAL,nhanes_laboratory.ins_j,v17_sample_rows_plus_both_values,v07_plus_sample_rows,rows+ambos vs rows,1,0.3333333333333333,0.7269611358642578,128046.0,50893.0,77153.0,P3_sample_rows_vs_col_values
MISTRAL,nhanes_laboratory.phthte_j,v17_sample_rows_plus_both_values,v07_plus_sample_rows,rows+ambos vs rows,1,0.0,0.5723725954691569,128046.0,50893.0,77153.0,P3_sample_rows_vs_col_values
MISTRAL,nhanes_laboratory.ssuvcm_j,v17_sample_rows_plus_both_values,v07_plus_sample_rows,rows+ambos vs rows,1,0.0,0.49927284320195514,128046.0,50893.0,77153.0,P3_sample_rows_vs_col_values
MISTRAL,nhanes_laboratory.uio_j,v17_sample_rows_plus_both_values,v07_plus_sample_rows,rows+ambos vs rows,1,0.3333333333333333,0.791734496752421,128046.0,50893.0,77153.0,P3_sample_rows_vs_col_values
MISTRAL,nhanes_laboratory.vic_j,v17_sample_rows_plus_both_values,v07_plus_sample_rows,rows+ambos vs rows,1,1.0,0.9999993642171224,128046.0,50893.0,77153.0,P3_sample_rows_vs_col_values
MISTRAL,nhanes_laboratory.vid_j,v17_sample_rows_plus_both_values,v07_plus_sample_rows,rows+ambos vs rows,1,0.6666666666666666,0.9371950229008993,128046.0,50893.0,77153.0,P3_sample_rows_vs_col_values
MISTRAL,nhanes_questionnaire.alq_j,v17_sample_rows_plus_both_values,v07_plus_sample_rows,rows+ambos vs rows,1,0.6666666666666666,0.8965438604354858,128046.0,50893.0,77153.0,P3_sample_rows_vs_col_values
MISTRAL,nhanes_questionnaire.dpq_j,v17_sample_rows_plus_both_values,v07_plus_sample_rows,rows+ambos vs rows,1,0.6666666666666666,0.6666660706202189,128046.0,50893.0,77153.0,P3_sample_rows_vs_col_values
MISTRAL,nhanes_questionnaire.hsq_j,v17_sample_rows_plus_both_values,v07_plus_sample_rows,rows+ambos vs rows,1,0.0,0.2344169020652771,128046.0,50893.0,77153.0,P3_sample_rows_vs_col_values
MISTRAL,nhanes_questionnaire.puqmec_j,v17_sample_rows_plus_both_values,v07_plus_sample_rows,rows+ambos vs rows,1,0.0,0.4914809266726176,128046.0,50893.0,77153.0,P3_sample_rows_vs_col_values
MISTRAL,nhanes_questionnaire.smqshs_j,v17_sample_rows_plus_both_values,v07_plus_sample_rows,rows+ambos vs rows,1,0.6666666666666666,0.8722197016080221,128046.0,50893.0,77153.0,P3_sample_rows_vs_col_values
MISTRAL,nhanes_questionnaire.whq_j,v17_sample_rows_plus_both_values,v07_plus_sample_rows,rows+ambos vs rows,1,0.3333333333333333,0.5343651374181112,128046.0,50893.0,77153.0,P3_sample_rows_vs_col_values
MISTRAL,nhanes_demographics.demo_j,v01_full,v25_full_no_sample_rows,full vs full-sem-rows,1,0.3333333333333333,0.5691609581311544,176374.0,156373.0,20001.0,P3_sample_rows_vs_col_values
MISTRAL,nhanes_dietary.ds1tot_j,v01_full,v25_full_no_sample_rows,full vs full-sem-rows,1,0.0,0.676551878452301,176374.0,156373.0,20001.0,P3_sample_rows_vs_col_values
MISTRAL,nhanes_dietary.ds2ids_j,v01_full,v25_full_no_sample_rows,full vs full-sem-rows,1,0.0,0.6788755257924398,176374.0,156373.0,20001.0,P3_sample_rows_vs_col_values
MISTRAL,nhanes_dietary.ds2tot_j,v01_full,v25_full_no_sample_rows,full vs full-sem-rows,1,0.0,0.0,176374.0,156373.0,20001.0,P3_sample_rows_vs_col_values
MISTRAL,nhanes_dietary.dsqids_j,v01_full,v25_full_no_sample_rows,full vs full-sem-rows,1,0.3333333333333333,0.6191327770551046,176374.0,156373.0,20001.0,P3_sample_rows_vs_col_values
MISTRAL,nhanes_dietary.dsqtot_j,v01_full,v25_full_no_sample_rows,full vs full-sem-rows,1,0.3333333333333333,0.7973699967066447,176374.0,156373.0,20001.0,P3_sample_rows_vs_col_values
MISTRAL,nhanes_examination.bmx_j,v01_full,v25_full_no_sample_rows,full vs full-sem-rows,1,1.0,0.9999993046124777,176374.0,156373.0,20001.0,P3_sample_rows_vs_col_values
MISTRAL,nhanes_examination.bpx_j,v01_full,v25_full_no_sample_rows,full vs full-sem-rows,1,1.0,0.9999993244806925,176374.0,156373.0,20001.0,P3_sample_rows_vs_col_values
MISTRAL,nhanes_examination.bpxo_j,v01_full,v25_full_no_sample_rows,full vs full-sem-rows,1,0.6666666666666666,0.8826711177825928,176374.0,156373.0,20001.0,P3_sample_rows_vs_col_values
MISTRAL,nhanes_laboratory.cbc_j,v01_full,v25_full_no_sample_rows,full vs full-sem-rows,1,0.3333333333333333,0.7668051918347677,176374.0,156373.0,20001.0,P3_sample_rows_vs_col_values
MISTRAL,nhanes_laboratory.fastqx_j,v01_full,v25_full_no_sample_rows,full vs full-sem-rows,1,0.3333333333333333,0.6334271232287089,176374.0,156373.0,20001.0,P3_sample_rows_vs_col_values
MISTRAL,nhanes_laboratory.ghb_j,v01_full,v25_full_no_sample_rows,full vs full-sem-rows,1,0.0,0.7016717394193014,176374.0,156373.0,20001.0,P3_sample_rows_vs_col_values
MISTRAL,nhanes_laboratory.hepa_j,v01_full,v25_full_no_sample_rows,full vs full-sem-rows,1,0.0,0.6597843964894613,176374.0,156373.0,20001.0,P3_sample_rows_vs_col_values
MISTRAL,nhanes_laboratory.ins_j,v01_full,v25_full_no_sample_rows,full vs full-sem-rows,1,0.0,0.6903057893117269,176374.0,156373.0,20001.0,P3_sample_rows_vs_col_values
MISTRAL,nhanes_laboratory.phthte_j,v01_full,v25_full_no_sample_rows,full vs full-sem-rows,1,0.0,0.6312557458877563,176374.0,156373.0,20001.0,P3_sample_rows_vs_col_values
MISTRAL,nhanes_laboratory.ssuvcm_j,v01_full,v25_full_no_sample_rows,full vs full-sem-rows,1,0.0,0.4980814456939697,176374.0,156373.0,20001.0,P3_sample_rows_vs_col_values
MISTRAL,nhanes_laboratory.uio_j,v01_full,v25_full_no_sample_rows,full vs full-sem-rows,1,0.3333333333333333,0.7733448147773743,176374.0,156373.0,20001.0,P3_sample_rows_vs_col_values
MISTRAL,nhanes_laboratory.vic_j,v01_full,v25_full_no_sample_rows,full vs full-sem-rows,1,0.6666666666666666,0.6666662494341532,176374.0,156373.0,20001.0,P3_sample_rows_vs_col_values
MISTRAL,nhanes_laboratory.vid_j,v01_full,v25_full_no_sample_rows,full vs full-sem-rows,1,0.3333333333333333,0.602287749449412,176374.0,156373.0,20001.0,P3_sample_rows_vs_col_values
MISTRAL,nhanes_questionnaire.alq_j,v01_full,v25_full_no_sample_rows,full vs full-sem-rows,1,0.6666666666666666,0.6666664481163025,176374.0,156373.0,20001.0,P3_sample_rows_vs_col_values
MISTRAL,nhanes_questionnaire.dpq_j,v01_full,v25_full_no_sample_rows,full vs full-sem-rows,1,0.0,0.7537299990653992,176374.0,156373.0,20001.0,P3_sample_rows_vs_col_values
MISTRAL,nhanes_questionnaire.hsq_j,v01_full,v25_full_no_sample_rows,full vs full-sem-rows,1,0.3333333333333333,0.5661580959955851,176374.0,156373.0,20001.0,P3_sample_rows_vs_col_values
MISTRAL,nhanes_questionnaire.puqmec_j,v01_full,v25_full_no_sample_rows,full vs full-sem-rows,1,1.0,0.9999993046124777,176374.0,156373.0,20001.0,P3_sample_rows_vs_col_values
MISTRAL,nhanes_questionnaire.smqshs_j,v01_full,v25_full_no_sample_rows,full vs full-sem-rows,1,0.0,0.4712551434834798,176374.0,156373.0,20001.0,P3_sample_rows_vs_col_values
MISTRAL,nhanes_questionnaire.whq_j,v01_full,v25_full_no_sample_rows,full vs full-sem-rows,1,0.3333333333333333,0.8592319488525391,176374.0,156373.0,20001.0,P3_sample_rows_vs_col_values
MISTRAL,nhanes_demographics.demo_j,v08_fk_plus_sample_values,v05_plus_sample_values,FK+sample_val vs sample_val,1,1.0,0.9999992450078329,73594.0,73344.0,250.0,P4_fk_interaction
MISTRAL,nhanes_dietary.ds1tot_j,v08_fk_plus_sample_values,v05_plus_sample_values,FK+sample_val vs sample_val,1,1.0,0.9999993046124777,73594.0,73344.0,250.0,P4_fk_interaction
MISTRAL,nhanes_dietary.ds2ids_j,v08_fk_plus_sample_values,v05_plus_sample_values,FK+sample_val vs sample_val,1,1.0,0.9999989867210388,73594.0,73344.0,250.0,P4_fk_interaction
MISTRAL,nhanes_dietary.ds2tot_j,v08_fk_plus_sample_values,v05_plus_sample_values,FK+sample_val vs sample_val,1,0.3333333333333333,0.7284156878789266,73594.0,73344.0,250.0,P4_fk_interaction
MISTRAL,nhanes_dietary.dsqids_j,v08_fk_plus_sample_values,v05_plus_sample_values,FK+sample_val vs sample_val,1,0.0,0.758423904577891,73594.0,73344.0,250.0,P4_fk_interaction
MISTRAL,nhanes_dietary.dsqtot_j,v08_fk_plus_sample_values,v05_plus_sample_values,FK+sample_val vs sample_val,1,0.0,0.5509471297264099,73594.0,73344.0,250.0,P4_fk_interaction
MISTRAL,nhanes_examination.bmx_j,v08_fk_plus_sample_values,v05_plus_sample_values,FK+sample_val vs sample_val,1,1.0,0.9999993046124777,73594.0,73344.0,250.0,P4_fk_interaction
MISTRAL,nhanes_examination.bpx_j,v08_fk_plus_sample_values,v05_plus_sample_values,FK+sample_val vs sample_val,1,0.6666666666666666,0.6666662494341532,73594.0,73344.0,250.0,P4_fk_interaction
MISTRAL,nhanes_examination.bpxo_j,v08_fk_plus_sample_values,v05_plus_sample_values,FK+sample_val vs sample_val,1,1.0,0.9999994436899821,73594.0,73344.0,250.0,P4_fk_interaction
MISTRAL,nhanes_laboratory.cbc_j,v08_fk_plus_sample_values,v05_plus_sample_values,FK+sample_val vs sample_val,1,1.0,0.9999994436899821,73594.0,73344.0,250.0,P4_fk_interaction
MISTRAL,nhanes_laboratory.fastqx_j,v08_fk_plus_sample_values,v05_plus_sample_values,FK+sample_val vs sample_val,1,0.0,0.5090690652529398,73594.0,73344.0,250.0,P4_fk_interaction
MISTRAL,nhanes_laboratory.ghb_j,v08_fk_plus_sample_values,v05_plus_sample_values,FK+sample_val vs sample_val,1,0.0,0.700687567392985,73594.0,73344.0,250.0,P4_fk_interaction
MISTRAL,nhanes_laboratory.hepa_j,v08_fk_plus_sample_values,v05_plus_sample_values,FK+sample_val vs sample_val,1,0.3333333333333333,0.5483898520469666,73594.0,73344.0,250.0,P4_fk_interaction
MISTRAL,nhanes_laboratory.ins_j,v08_fk_plus_sample_values,v05_plus_sample_values,FK+sample_val vs sample_val,1,0.6666666666666666,0.8783888022104899,73594.0,73344.0,250.0,P4_fk_interaction
MISTRAL,nhanes_laboratory.phthte_j,v08_fk_plus_sample_values,v05_plus_sample_values,FK+sample_val vs sample_val,1,0.0,0.4589040478070577,73594.0,73344.0,250.0,P4_fk_interaction
MISTRAL,nhanes_laboratory.ssuvcm_j,v08_fk_plus_sample_values,v05_plus_sample_values,FK+sample_val vs sample_val,1,0.3333333333333333,0.6323884328206381,73594.0,73344.0,250.0,P4_fk_interaction
MISTRAL,nhanes_laboratory.uio_j,v08_fk_plus_sample_values,v05_plus_sample_values,FK+sample_val vs sample_val,1,0.3333333333333333,0.8456139167149862,73594.0,73344.0,250.0,P4_fk_interaction
MISTRAL,nhanes_laboratory.vic_j,v08_fk_plus_sample_values,v05_plus_sample_values,FK+sample_val vs sample_val,1,0.0,0.4765363136927287,73594.0,73344.0,250.0,P4_fk_interaction
MISTRAL,nhanes_laboratory.vid_j,v08_fk_plus_sample_values,v05_plus_sample_values,FK+sample_val vs sample_val,1,0.3333333333333333,0.602287749449412,73594.0,73344.0,250.0,P4_fk_interaction
MISTRAL,nhanes_questionnaire.alq_j,v08_fk_plus_sample_values,v05_plus_sample_values,FK+sample_val vs sample_val,1,0.6666666666666666,0.6666661103566488,73594.0,73344.0,250.0,P4_fk_interaction
MISTRAL,nhanes_questionnaire.dpq_j,v08_fk_plus_sample_values,v05_plus_sample_values,FK+sample_val vs sample_val,1,0.3333333333333333,0.7883094747861227,73594.0,73344.0,250.0,P4_fk_interaction
MISTRAL,nhanes_questionnaire.hsq_j,v08_fk_plus_sample_values,v05_plus_sample_values,FK+sample_val vs sample_val,1,0.3333333333333333,0.5291842818260193,73594.0,73344.0,250.0,P4_fk_interaction
MISTRAL,nhanes_questionnaire.puqmec_j,v08_fk_plus_sample_values,v05_plus_sample_values,FK+sample_val vs sample_val,1,0.6666666666666666,0.6666661302248637,73594.0,73344.0,250.0,P4_fk_interaction
MISTRAL,nhanes_questionnaire.smqshs_j,v08_fk_plus_sample_values,v05_plus_sample_values,FK+sample_val vs sample_val,1,1.0,0.999999463558197,73594.0,73344.0,250.0,P4_fk_interaction
MISTRAL,nhanes_questionnaire.whq_j,v08_fk_plus_sample_values,v05_plus_sample_values,FK+sample_val vs sample_val,1,0.6666666666666666,0.9585462013880411,73594.0,73344.0,250.0,P4_fk_interaction
MISTRAL,nhanes_demographics.demo_j,v09_fk_plus_frequent_values,v06_plus_frequent_values,FK+freq_val vs freq_val,1,1.0,0.9999993046124777,71748.0,71498.0,250.0,P4_fk_interaction
MISTRAL,nhanes_dietary.ds1tot_j,v09_fk_plus_frequent_values,v06_plus_frequent_values,FK+freq_val vs freq_val,1,0.6666666666666666,0.8797880411148071,71748.0,71498.0,250.0,P4_fk_interaction
MISTRAL,nhanes_dietary.ds2ids_j,v09_fk_plus_frequent_values,v06_plus_frequent_values,FK+freq_val vs freq_val,1,0.0,0.702481190363566,71748.0,71498.0,250.0,P4_fk_interaction
MISTRAL,nhanes_dietary.ds2tot_j,v09_fk_plus_frequent_values,v06_plus_frequent_values,FK+freq_val vs freq_val,1,1.0,0.9999993046124777,71748.0,71498.0,250.0,P4_fk_interaction
MISTRAL,nhanes_dietary.dsqids_j,v09_fk_plus_frequent_values,v06_plus_frequent_values,FK+freq_val vs freq_val,1,0.6666666666666666,0.6666663289070129,71748.0,71498.0,250.0,P4_fk_interaction
MISTRAL,nhanes_dietary.dsqtot_j,v09_fk_plus_frequent_values,v06_plus_frequent_values,FK+freq_val vs freq_val,1,0.3333333333333333,0.5981577436129252,71748.0,71498.0,250.0,P4_fk_interaction
MISTRAL,nhanes_examination.bmx_j,v09_fk_plus_frequent_values,v06_plus_frequent_values,FK+freq_val vs freq_val,1,1.0,0.9999992648760477,71748.0,71498.0,250.0,P4_fk_interaction
MISTRAL,nhanes_examination.bpx_j,v09_fk_plus_frequent_values,v06_plus_frequent_values,FK+freq_val vs freq_val,1,1.0,0.9999993244806925,71748.0,71498.0,250.0,P4_fk_interaction
MISTRAL,nhanes_examination.bpxo_j,v09_fk_plus_frequent_values,v06_plus_frequent_values,FK+freq_val vs freq_val,1,1.0,0.9999993840853373,71748.0,71498.0,250.0,P4_fk_interaction
MISTRAL,nhanes_laboratory.cbc_j,v09_fk_plus_frequent_values,v06_plus_frequent_values,FK+freq_val vs freq_val,1,1.0,0.9999994436899821,71748.0,71498.0,250.0,P4_fk_interaction
MISTRAL,nhanes_laboratory.fastqx_j,v09_fk_plus_frequent_values,v06_plus_frequent_values,FK+freq_val vs freq_val,1,0.6666666666666666,0.9472606380780538,71748.0,71498.0,250.0,P4_fk_interaction
MISTRAL,nhanes_laboratory.ghb_j,v09_fk_plus_frequent_values,v06_plus_frequent_values,FK+freq_val vs freq_val,1,1.0,0.9999991655349731,71748.0,71498.0,250.0,P4_fk_interaction
MISTRAL,nhanes_laboratory.hepa_j,v09_fk_plus_frequent_values,v06_plus_frequent_values,FK+freq_val vs freq_val,1,0.6666666666666666,0.882568339506785,71748.0,71498.0,250.0,P4_fk_interaction
MISTRAL,nhanes_laboratory.ins_j,v09_fk_plus_frequent_values,v06_plus_frequent_values,FK+freq_val vs freq_val,1,1.0,0.9999993443489075,71748.0,71498.0,250.0,P4_fk_interaction
MISTRAL,nhanes_laboratory.phthte_j,v09_fk_plus_frequent_values,v06_plus_frequent_values,FK+freq_val vs freq_val,1,0.0,0.6076088945070902,71748.0,71498.0,250.0,P4_fk_interaction
MISTRAL,nhanes_laboratory.ssuvcm_j,v09_fk_plus_frequent_values,v06_plus_frequent_values,FK+freq_val vs freq_val,1,0.0,0.4132666786511739,71748.0,71498.0,250.0,P4_fk_interaction
MISTRAL,nhanes_laboratory.uio_j,v09_fk_plus_frequent_values,v06_plus_frequent_values,FK+freq_val vs freq_val,1,1.0,0.9999993244806925,71748.0,71498.0,250.0,P4_fk_interaction
MISTRAL,nhanes_laboratory.vic_j,v09_fk_plus_frequent_values,v06_plus_frequent_values,FK+freq_val vs freq_val,1,0.3333333333333333,0.8047727346420288,71748.0,71498.0,250.0,P4_fk_interaction
MISTRAL,nhanes_laboratory.vid_j,v09_fk_plus_frequent_values,v06_plus_frequent_values,FK+freq_val vs freq_val,1,0.6666666666666666,0.6666662295659384,71748.0,71498.0,250.0,P4_fk_interaction
MISTRAL,nhanes_questionnaire.alq_j,v09_fk_plus_frequent_values,v06_plus_frequent_values,FK+freq_val vs freq_val,1,1.0,0.9999992847442627,71748.0,71498.0,250.0,P4_fk_interaction
MISTRAL,nhanes_questionnaire.dpq_j,v09_fk_plus_frequent_values,v06_plus_frequent_values,FK+freq_val vs freq_val,1,0.0,0.48380263646443683,71748.0,71498.0,250.0,P4_fk_interaction
MISTRAL,nhanes_questionnaire.hsq_j,v09_fk_plus_frequent_values,v06_plus_frequent_values,FK+freq_val vs freq_val,1,0.6666666666666666,0.6666661500930786,71748.0,71498.0,250.0,P4_fk_interaction
MISTRAL,nhanes_questionnaire.puqmec_j,v09_fk_plus_frequent_values,v06_plus_frequent_values,FK+freq_val vs freq_val,1,0.3333333333333333,0.7494356234868368,71748.0,71498.0,250.0,P4_fk_interaction
MISTRAL,nhanes_questionnaire.smqshs_j,v09_fk_plus_frequent_values,v06_plus_frequent_values,FK+freq_val vs freq_val,1,0.0,0.7063988645871481,71748.0,71498.0,250.0,P4_fk_interaction
MISTRAL,nhanes_questionnaire.whq_j,v09_fk_plus_frequent_values,v06_plus_frequent_values,FK+freq_val vs freq_val,1,0.3333333333333333,0.520881175994873,71748.0,71498.0,250.0,P4_fk_interaction
MISTRAL,nhanes_demographics.demo_j,v10_fk_plus_sample_and_frequent,v08_fk_plus_sample_values,FK+ambos vs FK+sample_val,1,0.6666666666666666,0.8775187333424886,109764.0,73594.0,36170.0,P4_fk_interaction
MISTRAL,nhanes_dietary.ds1tot_j,v10_fk_plus_sample_and_frequent,v08_fk_plus_sample_values,FK+ambos vs FK+sample_val,1,1.0,0.9999993046124777,109764.0,73594.0,36170.0,P4_fk_interaction
MISTRAL,nhanes_dietary.ds2ids_j,v10_fk_plus_sample_and_frequent,v08_fk_plus_sample_values,FK+ambos vs FK+sample_val,1,1.0,0.9999989867210388,109764.0,73594.0,36170.0,P4_fk_interaction
MISTRAL,nhanes_dietary.ds2tot_j,v10_fk_plus_sample_and_frequent,v08_fk_plus_sample_values,FK+ambos vs FK+sample_val,1,0.6666666666666666,0.6666661500930786,109764.0,73594.0,36170.0,P4_fk_interaction
MISTRAL,nhanes_dietary.dsqids_j,v10_fk_plus_sample_and_frequent,v08_fk_plus_sample_values,FK+ambos vs FK+sample_val,1,1.0,0.9999991655349731,109764.0,73594.0,36170.0,P4_fk_interaction
MISTRAL,nhanes_dietary.dsqtot_j,v10_fk_plus_sample_and_frequent,v08_fk_plus_sample_values,FK+ambos vs FK+sample_val,1,0.0,0.5905933181444804,109764.0,73594.0,36170.0,P4_fk_interaction
MISTRAL,nhanes_examination.bmx_j,v10_fk_plus_sample_and_frequent,v08_fk_plus_sample_values,FK+ambos vs FK+sample_val,1,1.0,0.9999993046124777,109764.0,73594.0,36170.0,P4_fk_interaction
MISTRAL,nhanes_examination.bpx_j,v10_fk_plus_sample_and_frequent,v08_fk_plus_sample_values,FK+ambos vs FK+sample_val,1,1.0,0.9999993840853373,109764.0,73594.0,36170.0,P4_fk_interaction
MISTRAL,nhanes_examination.bpxo_j,v10_fk_plus_sample_and_frequent,v08_fk_plus_sample_values,FK+ambos vs FK+sample_val,1,0.0,0.0,109764.0,73594.0,36170.0,P4_fk_interaction
MISTRAL,nhanes_laboratory.cbc_j,v10_fk_plus_sample_and_frequent,v08_fk_plus_sample_values,FK+ambos vs FK+sample_val,1,0.6666666666666666,0.9509464899698893,109764.0,73594.0,36170.0,P4_fk_interaction
MISTRAL,nhanes_laboratory.fastqx_j,v10_fk_plus_sample_and_frequent,v08_fk_plus_sample_values,FK+ambos vs FK+sample_val,1,0.0,0.7207035621007284,109764.0,73594.0,36170.0,P4_fk_interaction
MISTRAL,nhanes_laboratory.ghb_j,v10_fk_plus_sample_and_frequent,v08_fk_plus_sample_values,FK+ambos vs FK+sample_val,1,0.3333333333333333,0.5924894611040751,109764.0,73594.0,36170.0,P4_fk_interaction
MISTRAL,nhanes_laboratory.hepa_j,v10_fk_plus_sample_and_frequent,v08_fk_plus_sample_values,FK+ambos vs FK+sample_val,1,0.0,0.533997635046641,109764.0,73594.0,36170.0,P4_fk_interaction
MISTRAL,nhanes_laboratory.ins_j,v10_fk_plus_sample_and_frequent,v08_fk_plus_sample_values,FK+ambos vs FK+sample_val,1,0.0,0.47623101870218915,109764.0,73594.0,36170.0,P4_fk_interaction
MISTRAL,nhanes_laboratory.phthte_j,v10_fk_plus_sample_and_frequent,v08_fk_plus_sample_values,FK+ambos vs FK+sample_val,1,0.0,0.5022838314374288,109764.0,73594.0,36170.0,P4_fk_interaction
MISTRAL,nhanes_laboratory.ssuvcm_j,v10_fk_plus_sample_and_frequent,v08_fk_plus_sample_values,FK+ambos vs FK+sample_val,1,0.0,0.8105556964874268,109764.0,73594.0,36170.0,P4_fk_interaction
MISTRAL,nhanes_laboratory.uio_j,v10_fk_plus_sample_and_frequent,v08_fk_plus_sample_values,FK+ambos vs FK+sample_val,1,0.6666666666666666,0.6666660706202189,109764.0,73594.0,36170.0,P4_fk_interaction
MISTRAL,nhanes_laboratory.vic_j,v10_fk_plus_sample_and_frequent,v08_fk_plus_sample_values,FK+ambos vs FK+sample_val,1,0.6666666666666666,0.8941905697186788,109764.0,73594.0,36170.0,P4_fk_interaction
MISTRAL,nhanes_laboratory.vid_j,v10_fk_plus_sample_and_frequent,v08_fk_plus_sample_values,FK+ambos vs FK+sample_val,1,0.6666666666666666,0.6666662494341532,109764.0,73594.0,36170.0,P4_fk_interaction
MISTRAL,nhanes_questionnaire.alq_j,v10_fk_plus_sample_and_frequent,v08_fk_plus_sample_values,FK+ambos vs FK+sample_val,1,0.6666666666666666,0.8492842713991801,109764.0,73594.0,36170.0,P4_fk_interaction
MISTRAL,nhanes_questionnaire.dpq_j,v10_fk_plus_sample_and_frequent,v08_fk_plus_sample_values,FK+ambos vs FK+sample_val,1,0.0,0.7017499605814616,109764.0,73594.0,36170.0,P4_fk_interaction
MISTRAL,nhanes_questionnaire.hsq_j,v10_fk_plus_sample_and_frequent,v08_fk_plus_sample_values,FK+ambos vs FK+sample_val,1,1.0,0.9999992450078329,109764.0,73594.0,36170.0,P4_fk_interaction
MISTRAL,nhanes_questionnaire.puqmec_j,v10_fk_plus_sample_and_frequent,v08_fk_plus_sample_values,FK+ambos vs FK+sample_val,1,0.3333333333333333,0.5986142555872599,109764.0,73594.0,36170.0,P4_fk_interaction
MISTRAL,nhanes_questionnaire.smqshs_j,v10_fk_plus_sample_and_frequent,v08_fk_plus_sample_values,FK+ambos vs FK+sample_val,1,0.3333333333333333,0.8480900526046753,109764.0,73594.0,36170.0,P4_fk_interaction
MISTRAL,nhanes_questionnaire.whq_j,v10_fk_plus_sample_and_frequent,v08_fk_plus_sample_values,FK+ambos vs FK+sample_val,1,0.6666666666666666,0.6666662096977234,109764.0,73594.0,36170.0,P4_fk_interaction
MISTRAL,nhanes_demographics.demo_j,v11_fk_plus_sample_rows,v07_plus_sample_rows,FK+rows vs rows,1,0.6666666666666666,0.9072494904200236,51143.0,50893.0,250.0,P4_fk_interaction
MISTRAL,nhanes_dietary.ds1tot_j,v11_fk_plus_sample_rows,v07_plus_sample_rows,FK+rows vs rows,1,0.0,0.47323153416315716,51143.0,50893.0,250.0,P4_fk_interaction
MISTRAL,nhanes_dietary.ds2ids_j,v11_fk_plus_sample_rows,v07_plus_sample_rows,FK+rows vs rows,1,0.0,0.5049637158711752,51143.0,50893.0,250.0,P4_fk_interaction
MISTRAL,nhanes_dietary.ds2tot_j,v11_fk_plus_sample_rows,v07_plus_sample_rows,FK+rows vs rows,1,0.6666666666666666,0.9603526790936788,51143.0,50893.0,250.0,P4_fk_interaction
MISTRAL,nhanes_dietary.dsqids_j,v11_fk_plus_sample_rows,v07_plus_sample_rows,FK+rows vs rows,1,1.0,0.9999993642171224,51143.0,50893.0,250.0,P4_fk_interaction
MISTRAL,nhanes_dietary.dsqtot_j,v11_fk_plus_sample_rows,v07_plus_sample_rows,FK+rows vs rows,1,0.0,0.6037712097167969,51143.0,50893.0,250.0,P4_fk_interaction
MISTRAL,nhanes_examination.bmx_j,v11_fk_plus_sample_rows,v07_plus_sample_rows,FK+rows vs rows,1,1.0,0.9999992847442627,51143.0,50893.0,250.0,P4_fk_interaction
MISTRAL,nhanes_examination.bpx_j,v11_fk_plus_sample_rows,v07_plus_sample_rows,FK+rows vs rows,1,0.6666666666666666,0.6666662494341532,51143.0,50893.0,250.0,P4_fk_interaction
MISTRAL,nhanes_examination.bpxo_j,v11_fk_plus_sample_rows,v07_plus_sample_rows,FK+rows vs rows,1,1.0,0.9999992648760477,51143.0,50893.0,250.0,P4_fk_interaction
MISTRAL,nhanes_laboratory.cbc_j,v11_fk_plus_sample_rows,v07_plus_sample_rows,FK+rows vs rows,1,1.0,0.9999993840853373,51143.0,50893.0,250.0,P4_fk_interaction
MISTRAL,nhanes_laboratory.fastqx_j,v11_fk_plus_sample_rows,v07_plus_sample_rows,FK+rows vs rows,1,1.0,0.9999992648760477,51143.0,50893.0,250.0,P4_fk_interaction
MISTRAL,nhanes_laboratory.ghb_j,v11_fk_plus_sample_rows,v07_plus_sample_rows,FK+rows vs rows,1,0.3333333333333333,0.8355848789215088,51143.0,50893.0,250.0,P4_fk_interaction
MISTRAL,nhanes_laboratory.hepa_j,v11_fk_plus_sample_rows,v07_plus_sample_rows,FK+rows vs rows,1,0.6666666666666666,0.9804103970527649,51143.0,50893.0,250.0,P4_fk_interaction
MISTRAL,nhanes_laboratory.ins_j,v11_fk_plus_sample_rows,v07_plus_sample_rows,FK+rows vs rows,1,0.6666666666666666,0.8722052176793417,51143.0,50893.0,250.0,P4_fk_interaction
MISTRAL,nhanes_laboratory.phthte_j,v11_fk_plus_sample_rows,v07_plus_sample_rows,FK+rows vs rows,1,0.3333333333333333,0.898862361907959,51143.0,50893.0,250.0,P4_fk_interaction
MISTRAL,nhanes_laboratory.ssuvcm_j,v11_fk_plus_sample_rows,v07_plus_sample_rows,FK+rows vs rows,1,0.3333333333333333,0.5263053774833679,51143.0,50893.0,250.0,P4_fk_interaction
MISTRAL,nhanes_laboratory.uio_j,v11_fk_plus_sample_rows,v07_plus_sample_rows,FK+rows vs rows,1,0.3333333333333333,0.753470222155253,51143.0,50893.0,250.0,P4_fk_interaction
MISTRAL,nhanes_laboratory.vic_j,v11_fk_plus_sample_rows,v07_plus_sample_rows,FK+rows vs rows,1,1.0,0.9999993642171224,51143.0,50893.0,250.0,P4_fk_interaction
MISTRAL,nhanes_laboratory.vid_j,v11_fk_plus_sample_rows,v07_plus_sample_rows,FK+rows vs rows,1,0.3333333333333333,0.6038618683815002,51143.0,50893.0,250.0,P4_fk_interaction
MISTRAL,nhanes_questionnaire.alq_j,v11_fk_plus_sample_rows,v07_plus_sample_rows,FK+rows vs rows,1,1.0,0.9999990860621134,51143.0,50893.0,250.0,P4_fk_interaction
MISTRAL,nhanes_questionnaire.dpq_j,v11_fk_plus_sample_rows,v07_plus_sample_rows,FK+rows vs rows,1,1.0,0.999999205271403,51143.0,50893.0,250.0,P4_fk_interaction
MISTRAL,nhanes_questionnaire.hsq_j,v11_fk_plus_sample_rows,v07_plus_sample_rows,FK+rows vs rows,1,0.0,0.2344169020652771,51143.0,50893.0,250.0,P4_fk_interaction
MISTRAL,nhanes_questionnaire.puqmec_j,v11_fk_plus_sample_rows,v07_plus_sample_rows,FK+rows vs rows,1,0.0,0.7910585403442383,51143.0,50893.0,250.0,P4_fk_interaction
MISTRAL,nhanes_questionnaire.smqshs_j,v11_fk_plus_sample_rows,v07_plus_sample_rows,FK+rows vs rows,1,0.3333333333333333,0.8074264923731486,51143.0,50893.0,250.0,P4_fk_interaction
MISTRAL,nhanes_questionnaire.whq_j,v11_fk_plus_sample_rows,v07_plus_sample_rows,FK+rows vs rows,1,0.0,0.4273645480473836,51143.0,50893.0,250.0,P4_fk_interaction
MISTRAL,nhanes_demographics.demo_j,v02_plus_fk,v00_baseline,FK isolado vs baseline,1,1.0,0.9999993046124777,29995.0,29745.0,250.0,P4_fk_interaction
MISTRAL,nhanes_dietary.ds1tot_j,v02_plus_fk,v00_baseline,FK isolado vs baseline,1,1.0,0.999999483426412,29995.0,29745.0,250.0,P4_fk_interaction
MISTRAL,nhanes_dietary.ds2ids_j,v02_plus_fk,v00_baseline,FK isolado vs baseline,1,0.0,0.6734461585680643,29995.0,29745.0,250.0,P4_fk_interaction
MISTRAL,nhanes_dietary.ds2tot_j,v02_plus_fk,v00_baseline,FK isolado vs baseline,1,0.0,0.6402277151743571,29995.0,29745.0,250.0,P4_fk_interaction
MISTRAL,nhanes_dietary.dsqids_j,v02_plus_fk,v00_baseline,FK isolado vs baseline,1,0.0,0.42775873343149823,29995.0,29745.0,250.0,P4_fk_interaction
MISTRAL,nhanes_dietary.dsqtot_j,v02_plus_fk,v00_baseline,FK isolado vs baseline,1,0.0,0.6206380526224772,29995.0,29745.0,250.0,P4_fk_interaction
MISTRAL,nhanes_examination.bmx_j,v02_plus_fk,v00_baseline,FK isolado vs baseline,1,0.6666666666666666,0.8472768465677897,29995.0,29745.0,250.0,P4_fk_interaction
MISTRAL,nhanes_examination.bpx_j,v02_plus_fk,v00_baseline,FK isolado vs baseline,1,0.3333333333333333,0.8108469049135844,29995.0,29745.0,250.0,P4_fk_interaction
MISTRAL,nhanes_examination.bpxo_j,v02_plus_fk,v00_baseline,FK isolado vs baseline,1,0.3333333333333333,0.8092798988024393,29995.0,29745.0,250.0,P4_fk_interaction
MISTRAL,nhanes_laboratory.cbc_j,v02_plus_fk,v00_baseline,FK isolado vs baseline,1,1.0,0.9999994436899821,29995.0,29745.0,250.0,P4_fk_interaction
MISTRAL,nhanes_laboratory.fastqx_j,v02_plus_fk,v00_baseline,FK isolado vs baseline,1,0.0,0.42082834243774414,29995.0,29745.0,250.0,P4_fk_interaction
MISTRAL,nhanes_laboratory.ghb_j,v02_plus_fk,v00_baseline,FK isolado vs baseline,1,0.0,0.6564455429712931,29995.0,29745.0,250.0,P4_fk_interaction
MISTRAL,nhanes_laboratory.hepa_j,v02_plus_fk,v00_baseline,FK isolado vs baseline,1,0.3333333333333333,0.5491152207056681,29995.0,29745.0,250.0,P4_fk_interaction
MISTRAL,nhanes_laboratory.ins_j,v02_plus_fk,v00_baseline,FK isolado vs baseline,1,0.0,0.4829784830411275,29995.0,29745.0,250.0,P4_fk_interaction
MISTRAL,nhanes_laboratory.phthte_j,v02_plus_fk,v00_baseline,FK isolado vs baseline,1,0.0,0.5305016040802002,29995.0,29745.0,250.0,P4_fk_interaction
MISTRAL,nhanes_laboratory.ssuvcm_j,v02_plus_fk,v00_baseline,FK isolado vs baseline,1,0.3333333333333333,0.5995452205340067,29995.0,29745.0,250.0,P4_fk_interaction
MISTRAL,nhanes_laboratory.uio_j,v02_plus_fk,v00_baseline,FK isolado vs baseline,1,0.0,0.47441105047861737,29995.0,29745.0,250.0,P4_fk_interaction
MISTRAL,nhanes_laboratory.vic_j,v02_plus_fk,v00_baseline,FK isolado vs baseline,1,1.0,0.9999994238217672,29995.0,29745.0,250.0,P4_fk_interaction
MISTRAL,nhanes_laboratory.vid_j,v02_plus_fk,v00_baseline,FK isolado vs baseline,1,0.0,0.6581915418306986,29995.0,29745.0,250.0,P4_fk_interaction
MISTRAL,nhanes_questionnaire.alq_j,v02_plus_fk,v00_baseline,FK isolado vs baseline,1,0.6666666666666666,0.6666661103566488,29995.0,29745.0,250.0,P4_fk_interaction
MISTRAL,nhanes_questionnaire.dpq_j,v02_plus_fk,v00_baseline,FK isolado vs baseline,1,0.3333333333333333,0.7266363302866617,29995.0,29745.0,250.0,P4_fk_interaction
MISTRAL,nhanes_questionnaire.hsq_j,v02_plus_fk,v00_baseline,FK isolado vs baseline,1,0.0,0.4808030327161153,29995.0,29745.0,250.0,P4_fk_interaction
MISTRAL,nhanes_questionnaire.puqmec_j,v02_plus_fk,v00_baseline,FK isolado vs baseline,1,0.6666666666666666,0.8387358983357748,29995.0,29745.0,250.0,P4_fk_interaction
MISTRAL,nhanes_questionnaire.smqshs_j,v02_plus_fk,v00_baseline,FK isolado vs baseline,1,0.0,0.6949567993481954,29995.0,29745.0,250.0,P4_fk_interaction
MISTRAL,nhanes_questionnaire.whq_j,v02_plus_fk,v00_baseline,FK isolado vs baseline,1,0.0,0.41970322529474896,29995.0,29745.0,250.0,P4_fk_interaction
MISTRAL,nhanes_demographics.demo_j,v12_nullable_plus_sample_values,v05_plus_sample_values,nullable+sample_val vs sample_val,1,1.0,0.9999992450078329,76209.0,73344.0,2865.0,P5_nullable_interaction
MISTRAL,nhanes_dietary.ds1tot_j,v12_nullable_plus_sample_values,v05_plus_sample_values,nullable+sample_val vs sample_val,1,0.3333333333333333,0.7776574492454529,76209.0,73344.0,2865.0,P5_nullable_interaction
MISTRAL,nhanes_dietary.ds2ids_j,v12_nullable_plus_sample_values,v05_plus_sample_values,nullable+sample_val vs sample_val,1,0.0,0.742011566956838,76209.0,73344.0,2865.0,P5_nullable_interaction
MISTRAL,nhanes_dietary.ds2tot_j,v12_nullable_plus_sample_values,v05_plus_sample_values,nullable+sample_val vs sample_val,1,0.3333333333333333,0.7284156878789266,76209.0,73344.0,2865.0,P5_nullable_interaction
MISTRAL,nhanes_dietary.dsqids_j,v12_nullable_plus_sample_values,v05_plus_sample_values,nullable+sample_val vs sample_val,1,0.0,0.711877723534902,76209.0,73344.0,2865.0,P5_nullable_interaction
MISTRAL,nhanes_dietary.dsqtot_j,v12_nullable_plus_sample_values,v05_plus_sample_values,nullable+sample_val vs sample_val,1,0.6666666666666666,0.8600297768910726,76209.0,73344.0,2865.0,P5_nullable_interaction
MISTRAL,nhanes_examination.bmx_j,v12_nullable_plus_sample_values,v05_plus_sample_values,nullable+sample_val vs sample_val,1,1.0,0.9999993046124777,76209.0,73344.0,2865.0,P5_nullable_interaction
MISTRAL,nhanes_examination.bpx_j,v12_nullable_plus_sample_values,v05_plus_sample_values,nullable+sample_val vs sample_val,1,0.6666666666666666,0.6666662494341532,76209.0,73344.0,2865.0,P5_nullable_interaction
MISTRAL,nhanes_examination.bpxo_j,v12_nullable_plus_sample_values,v05_plus_sample_values,nullable+sample_val vs sample_val,1,0.0,0.25279317299524945,76209.0,73344.0,2865.0,P5_nullable_interaction
MISTRAL,nhanes_laboratory.cbc_j,v12_nullable_plus_sample_values,v05_plus_sample_values,nullable+sample_val vs sample_val,1,1.0,0.9999994436899821,76209.0,73344.0,2865.0,P5_nullable_interaction
MISTRAL,nhanes_laboratory.fastqx_j,v12_nullable_plus_sample_values,v05_plus_sample_values,nullable+sample_val vs sample_val,1,0.6666666666666666,0.8876494367917379,76209.0,73344.0,2865.0,P5_nullable_interaction
MISTRAL,nhanes_laboratory.ghb_j,v12_nullable_plus_sample_values,v05_plus_sample_values,nullable+sample_val vs sample_val,1,0.6666666666666666,0.8651018540064493,76209.0,73344.0,2865.0,P5_nullable_interaction
MISTRAL,nhanes_laboratory.hepa_j,v12_nullable_plus_sample_values,v05_plus_sample_values,nullable+sample_val vs sample_val,1,0.3333333333333333,0.5483898520469666,76209.0,73344.0,2865.0,P5_nullable_interaction
MISTRAL,nhanes_laboratory.ins_j,v12_nullable_plus_sample_values,v05_plus_sample_values,nullable+sample_val vs sample_val,1,0.0,0.4860446850458781,76209.0,73344.0,2865.0,P5_nullable_interaction
MISTRAL,nhanes_laboratory.phthte_j,v12_nullable_plus_sample_values,v05_plus_sample_values,nullable+sample_val vs sample_val,1,0.3333333333333333,0.7535187403361002,76209.0,73344.0,2865.0,P5_nullable_interaction
MISTRAL,nhanes_laboratory.ssuvcm_j,v12_nullable_plus_sample_values,v05_plus_sample_values,nullable+sample_val vs sample_val,1,0.0,0.7335546612739563,76209.0,73344.0,2865.0,P5_nullable_interaction
MISTRAL,nhanes_laboratory.uio_j,v12_nullable_plus_sample_values,v05_plus_sample_values,nullable+sample_val vs sample_val,1,0.3333333333333333,0.714894692103068,76209.0,73344.0,2865.0,P5_nullable_interaction
MISTRAL,nhanes_laboratory.vic_j,v12_nullable_plus_sample_values,v05_plus_sample_values,nullable+sample_val vs sample_val,1,0.0,0.4765363136927287,76209.0,73344.0,2865.0,P5_nullable_interaction
MISTRAL,nhanes_laboratory.vid_j,v12_nullable_plus_sample_values,v05_plus_sample_values,nullable+sample_val vs sample_val,1,0.6666666666666666,0.8681294123331705,76209.0,73344.0,2865.0,P5_nullable_interaction
MISTRAL,nhanes_questionnaire.alq_j,v12_nullable_plus_sample_values,v05_plus_sample_values,nullable+sample_val vs sample_val,1,0.6666666666666666,0.6666661103566488,76209.0,73344.0,2865.0,P5_nullable_interaction
MISTRAL,nhanes_questionnaire.dpq_j,v12_nullable_plus_sample_values,v05_plus_sample_values,nullable+sample_val vs sample_val,1,1.0,0.999999205271403,76209.0,73344.0,2865.0,P5_nullable_interaction
MISTRAL,nhanes_questionnaire.hsq_j,v12_nullable_plus_sample_values,v05_plus_sample_values,nullable+sample_val vs sample_val,1,0.6666666666666666,0.8901217182477316,76209.0,73344.0,2865.0,P5_nullable_interaction
MISTRAL,nhanes_questionnaire.puqmec_j,v12_nullable_plus_sample_values,v05_plus_sample_values,nullable+sample_val vs sample_val,1,0.6666666666666666,0.9319474299748739,76209.0,73344.0,2865.0,P5_nullable_interaction
MISTRAL,nhanes_questionnaire.smqshs_j,v12_nullable_plus_sample_values,v05_plus_sample_values,nullable+sample_val vs sample_val,1,1.0,0.999999463558197,76209.0,73344.0,2865.0,P5_nullable_interaction
MISTRAL,nhanes_questionnaire.whq_j,v12_nullable_plus_sample_values,v05_plus_sample_values,nullable+sample_val vs sample_val,1,0.6666666666666666,0.9585462013880411,76209.0,73344.0,2865.0,P5_nullable_interaction
MISTRAL,nhanes_demographics.demo_j,v13_nullable_plus_frequent_values,v06_plus_frequent_values,nullable+freq_val vs freq_val,1,0.6666666666666666,0.8693748116493225,74363.0,71498.0,2865.0,P5_nullable_interaction
MISTRAL,nhanes_dietary.ds1tot_j,v13_nullable_plus_frequent_values,v06_plus_frequent_values,nullable+freq_val vs freq_val,1,0.6666666666666666,0.9383614857991537,74363.0,71498.0,2865.0,P5_nullable_interaction
MISTRAL,nhanes_dietary.ds2ids_j,v13_nullable_plus_frequent_values,v06_plus_frequent_values,nullable+freq_val vs freq_val,1,0.0,0.5190096894900004,74363.0,71498.0,2865.0,P5_nullable_interaction
MISTRAL,nhanes_dietary.ds2tot_j,v13_nullable_plus_frequent_values,v06_plus_frequent_values,nullable+freq_val vs freq_val,1,1.0,0.9999993046124777,74363.0,71498.0,2865.0,P5_nullable_interaction
MISTRAL,nhanes_dietary.dsqids_j,v13_nullable_plus_frequent_values,v06_plus_frequent_values,nullable+freq_val vs freq_val,1,0.6666666666666666,0.6666663289070129,74363.0,71498.0,2865.0,P5_nullable_interaction
MISTRAL,nhanes_dietary.dsqtot_j,v13_nullable_plus_frequent_values,v06_plus_frequent_values,nullable+freq_val vs freq_val,1,0.0,0.41027261813481647,74363.0,71498.0,2865.0,P5_nullable_interaction
MISTRAL,nhanes_examination.bmx_j,v13_nullable_plus_frequent_values,v06_plus_frequent_values,nullable+freq_val vs freq_val,1,1.0,0.9999992648760477,74363.0,71498.0,2865.0,P5_nullable_interaction
MISTRAL,nhanes_examination.bpx_j,v13_nullable_plus_frequent_values,v06_plus_frequent_values,nullable+freq_val vs freq_val,1,0.6666666666666666,0.6666662494341532,74363.0,71498.0,2865.0,P5_nullable_interaction
MISTRAL,nhanes_examination.bpxo_j,v13_nullable_plus_frequent_values,v06_plus_frequent_values,nullable+freq_val vs freq_val,1,0.6666666666666666,0.9314558903376261,74363.0,71498.0,2865.0,P5_nullable_interaction
MISTRAL,nhanes_laboratory.cbc_j,v13_nullable_plus_frequent_values,v06_plus_frequent_values,nullable+freq_val vs freq_val,1,0.6666666666666666,0.9509464899698893,74363.0,71498.0,2865.0,P5_nullable_interaction
MISTRAL,nhanes_laboratory.fastqx_j,v13_nullable_plus_frequent_values,v06_plus_frequent_values,nullable+freq_val vs freq_val,1,0.3333333333333333,0.6334271232287089,74363.0,71498.0,2865.0,P5_nullable_interaction
MISTRAL,nhanes_laboratory.ghb_j,v13_nullable_plus_frequent_values,v06_plus_frequent_values,nullable+freq_val vs freq_val,1,0.3333333333333333,0.849983294804891,74363.0,71498.0,2865.0,P5_nullable_interaction
MISTRAL,nhanes_laboratory.hepa_j,v13_nullable_plus_frequent_values,v06_plus_frequent_values,nullable+freq_val vs freq_val,1,0.6666666666666666,0.8888736168543497,74363.0,71498.0,2865.0,P5_nullable_interaction
MISTRAL,nhanes_laboratory.ins_j,v13_nullable_plus_frequent_values,v06_plus_frequent_values,nullable+freq_val vs freq_val,1,0.0,0.7111921707789103,74363.0,71498.0,2865.0,P5_nullable_interaction
MISTRAL,nhanes_laboratory.phthte_j,v13_nullable_plus_frequent_values,v06_plus_frequent_values,nullable+freq_val vs freq_val,1,0.0,0.6222973267237345,74363.0,71498.0,2865.0,P5_nullable_interaction
MISTRAL,nhanes_laboratory.ssuvcm_j,v13_nullable_plus_frequent_values,v06_plus_frequent_values,nullable+freq_val vs freq_val,1,0.0,0.6656824549039205,74363.0,71498.0,2865.0,P5_nullable_interaction
MISTRAL,nhanes_laboratory.uio_j,v13_nullable_plus_frequent_values,v06_plus_frequent_values,nullable+freq_val vs freq_val,1,0.6666666666666666,0.9087099035580953,74363.0,71498.0,2865.0,P5_nullable_interaction
MISTRAL,nhanes_laboratory.vic_j,v13_nullable_plus_frequent_values,v06_plus_frequent_values,nullable+freq_val vs freq_val,1,0.3333333333333333,0.8047727346420288,74363.0,71498.0,2865.0,P5_nullable_interaction
MISTRAL,nhanes_laboratory.vid_j,v13_nullable_plus_frequent_values,v06_plus_frequent_values,nullable+freq_val vs freq_val,1,1.0,0.9999993046124777,74363.0,71498.0,2865.0,P5_nullable_interaction
MISTRAL,nhanes_questionnaire.alq_j,v13_nullable_plus_frequent_values,v06_plus_frequent_values,nullable+freq_val vs freq_val,1,1.0,0.9999992847442627,74363.0,71498.0,2865.0,P5_nullable_interaction
MISTRAL,nhanes_questionnaire.dpq_j,v13_nullable_plus_frequent_values,v06_plus_frequent_values,nullable+freq_val vs freq_val,1,0.0,0.48380263646443683,74363.0,71498.0,2865.0,P5_nullable_interaction
MISTRAL,nhanes_questionnaire.hsq_j,v13_nullable_plus_frequent_values,v06_plus_frequent_values,nullable+freq_val vs freq_val,1,1.0,0.9999992450078329,74363.0,71498.0,2865.0,P5_nullable_interaction
MISTRAL,nhanes_questionnaire.puqmec_j,v13_nullable_plus_frequent_values,v06_plus_frequent_values,nullable+freq_val vs freq_val,1,0.0,0.2160452405611674,74363.0,71498.0,2865.0,P5_nullable_interaction
MISTRAL,nhanes_questionnaire.smqshs_j,v13_nullable_plus_frequent_values,v06_plus_frequent_values,nullable+freq_val vs freq_val,1,1.0,0.9999993443489075,74363.0,71498.0,2865.0,P5_nullable_interaction
MISTRAL,nhanes_questionnaire.whq_j,v13_nullable_plus_frequent_values,v06_plus_frequent_values,nullable+freq_val vs freq_val,1,0.3333333333333333,0.8094137112299601,74363.0,71498.0,2865.0,P5_nullable_interaction
MISTRAL,nhanes_demographics.demo_j,v14_nullable_plus_numeric_stats,v04_plus_numeric_stats,nullable+numeric_stats vs numeric_stats,1,1.0,0.9999993046124777,73687.0,70822.0,2865.0,P5_nullable_interaction
MISTRAL,nhanes_dietary.ds1tot_j,v14_nullable_plus_numeric_stats,v04_plus_numeric_stats,nullable+numeric_stats vs numeric_stats,1,0.0,0.7175317804018656,73687.0,70822.0,2865.0,P5_nullable_interaction
MISTRAL,nhanes_dietary.ds2ids_j,v14_nullable_plus_numeric_stats,v04_plus_numeric_stats,nullable+numeric_stats vs numeric_stats,1,0.0,0.7533042828241984,73687.0,70822.0,2865.0,P5_nullable_interaction
MISTRAL,nhanes_dietary.ds2tot_j,v14_nullable_plus_numeric_stats,v04_plus_numeric_stats,nullable+numeric_stats vs numeric_stats,1,0.6666666666666666,0.9053430159886678,73687.0,70822.0,2865.0,P5_nullable_interaction
MISTRAL,nhanes_dietary.dsqids_j,v14_nullable_plus_numeric_stats,v04_plus_numeric_stats,nullable+numeric_stats vs numeric_stats,1,0.0,0.6908410787582397,73687.0,70822.0,2865.0,P5_nullable_interaction
MISTRAL,nhanes_dietary.dsqtot_j,v14_nullable_plus_numeric_stats,v04_plus_numeric_stats,nullable+numeric_stats vs numeric_stats,1,0.3333333333333333,0.8015291690826416,73687.0,70822.0,2865.0,P5_nullable_interaction
MISTRAL,nhanes_examination.bmx_j,v14_nullable_plus_numeric_stats,v04_plus_numeric_stats,nullable+numeric_stats vs numeric_stats,1,1.0,0.9999993046124777,73687.0,70822.0,2865.0,P5_nullable_interaction
MISTRAL,nhanes_examination.bpx_j,v14_nullable_plus_numeric_stats,v04_plus_numeric_stats,nullable+numeric_stats vs numeric_stats,1,1.0,0.9999993840853373,73687.0,70822.0,2865.0,P5_nullable_interaction
MISTRAL,nhanes_examination.bpxo_j,v14_nullable_plus_numeric_stats,v04_plus_numeric_stats,nullable+numeric_stats vs numeric_stats,1,0.6666666666666666,0.9627998868624369,73687.0,70822.0,2865.0,P5_nullable_interaction
MISTRAL,nhanes_laboratory.cbc_j,v14_nullable_plus_numeric_stats,v04_plus_numeric_stats,nullable+numeric_stats vs numeric_stats,1,0.6666666666666666,0.9509464899698893,73687.0,70822.0,2865.0,P5_nullable_interaction
MISTRAL,nhanes_laboratory.fastqx_j,v14_nullable_plus_numeric_stats,v04_plus_numeric_stats,nullable+numeric_stats vs numeric_stats,1,0.0,0.7974368532498678,73687.0,70822.0,2865.0,P5_nullable_interaction
MISTRAL,nhanes_laboratory.ghb_j,v14_nullable_plus_numeric_stats,v04_plus_numeric_stats,nullable+numeric_stats vs numeric_stats,1,0.0,0.5173297127087911,73687.0,70822.0,2865.0,P5_nullable_interaction
MISTRAL,nhanes_laboratory.hepa_j,v14_nullable_plus_numeric_stats,v04_plus_numeric_stats,nullable+numeric_stats vs numeric_stats,1,0.6666666666666666,0.8354936440785726,73687.0,70822.0,2865.0,P5_nullable_interaction
MISTRAL,nhanes_laboratory.ins_j,v14_nullable_plus_numeric_stats,v04_plus_numeric_stats,nullable+numeric_stats vs numeric_stats,1,0.0,0.6760498682657877,73687.0,70822.0,2865.0,P5_nullable_interaction
MISTRAL,nhanes_laboratory.phthte_j,v14_nullable_plus_numeric_stats,v04_plus_numeric_stats,nullable+numeric_stats vs numeric_stats,1,0.0,0.6790545185407003,73687.0,70822.0,2865.0,P5_nullable_interaction
MISTRAL,nhanes_laboratory.ssuvcm_j,v14_nullable_plus_numeric_stats,v04_plus_numeric_stats,nullable+numeric_stats vs numeric_stats,1,0.0,0.4630361994107564,73687.0,70822.0,2865.0,P5_nullable_interaction
MISTRAL,nhanes_laboratory.uio_j,v14_nullable_plus_numeric_stats,v04_plus_numeric_stats,nullable+numeric_stats vs numeric_stats,1,0.0,0.4726016918818156,73687.0,70822.0,2865.0,P5_nullable_interaction
MISTRAL,nhanes_laboratory.vic_j,v14_nullable_plus_numeric_stats,v04_plus_numeric_stats,nullable+numeric_stats vs numeric_stats,1,0.3333333333333333,0.8496936162312826,73687.0,70822.0,2865.0,P5_nullable_interaction
MISTRAL,nhanes_laboratory.vid_j,v14_nullable_plus_numeric_stats,v04_plus_numeric_stats,nullable+numeric_stats vs numeric_stats,1,1.0,0.9999993443489075,73687.0,70822.0,2865.0,P5_nullable_interaction
MISTRAL,nhanes_questionnaire.alq_j,v14_nullable_plus_numeric_stats,v04_plus_numeric_stats,nullable+numeric_stats vs numeric_stats,1,1.0,0.9999992847442627,73687.0,70822.0,2865.0,P5_nullable_interaction
MISTRAL,nhanes_questionnaire.dpq_j,v14_nullable_plus_numeric_stats,v04_plus_numeric_stats,nullable+numeric_stats vs numeric_stats,1,0.0,0.5931809544563293,73687.0,70822.0,2865.0,P5_nullable_interaction
MISTRAL,nhanes_questionnaire.hsq_j,v14_nullable_plus_numeric_stats,v04_plus_numeric_stats,nullable+numeric_stats vs numeric_stats,1,0.3333333333333333,0.5570785601933798,73687.0,70822.0,2865.0,P5_nullable_interaction
MISTRAL,nhanes_questionnaire.puqmec_j,v14_nullable_plus_numeric_stats,v04_plus_numeric_stats,nullable+numeric_stats vs numeric_stats,1,0.3333333333333333,0.7981483141581217,73687.0,70822.0,2865.0,P5_nullable_interaction
MISTRAL,nhanes_questionnaire.smqshs_j,v14_nullable_plus_numeric_stats,v04_plus_numeric_stats,nullable+numeric_stats vs numeric_stats,1,0.0,0.5980286995569865,73687.0,70822.0,2865.0,P5_nullable_interaction
MISTRAL,nhanes_questionnaire.whq_j,v14_nullable_plus_numeric_stats,v04_plus_numeric_stats,nullable+numeric_stats vs numeric_stats,1,0.3333333333333333,0.8102726141611735,73687.0,70822.0,2865.0,P5_nullable_interaction
MISTRAL,nhanes_demographics.demo_j,v03_plus_nullable,v00_baseline,nullable isolado vs baseline,1,1.0,0.9999993046124777,32585.0,29745.0,2840.0,P5_nullable_interaction
MISTRAL,nhanes_dietary.ds1tot_j,v03_plus_nullable,v00_baseline,nullable isolado vs baseline,1,1.0,0.999999483426412,32585.0,29745.0,2840.0,P5_nullable_interaction
MISTRAL,nhanes_dietary.ds2ids_j,v03_plus_nullable,v00_baseline,nullable isolado vs baseline,1,0.0,0.4903932213783264,32585.0,29745.0,2840.0,P5_nullable_interaction
MISTRAL,nhanes_dietary.ds2tot_j,v03_plus_nullable,v00_baseline,nullable isolado vs baseline,1,0.0,0.6402277151743571,32585.0,29745.0,2840.0,P5_nullable_interaction
MISTRAL,nhanes_dietary.dsqids_j,v03_plus_nullable,v00_baseline,nullable isolado vs baseline,1,0.3333333333333333,0.5912495056788126,32585.0,29745.0,2840.0,P5_nullable_interaction
MISTRAL,nhanes_dietary.dsqtot_j,v03_plus_nullable,v00_baseline,nullable isolado vs baseline,1,0.0,0.627792477607727,32585.0,29745.0,2840.0,P5_nullable_interaction
MISTRAL,nhanes_examination.bmx_j,v03_plus_nullable,v00_baseline,nullable isolado vs baseline,1,0.6666666666666666,0.8472768465677897,32585.0,29745.0,2840.0,P5_nullable_interaction
MISTRAL,nhanes_examination.bpx_j,v03_plus_nullable,v00_baseline,nullable isolado vs baseline,1,0.6666666666666666,0.8628181020418803,32585.0,29745.0,2840.0,P5_nullable_interaction
MISTRAL,nhanes_examination.bpxo_j,v03_plus_nullable,v00_baseline,nullable isolado vs baseline,1,0.6666666666666666,0.9099669257799784,32585.0,29745.0,2840.0,P5_nullable_interaction
MISTRAL,nhanes_laboratory.cbc_j,v03_plus_nullable,v00_baseline,nullable isolado vs baseline,1,1.0,0.9999994436899821,32585.0,29745.0,2840.0,P5_nullable_interaction
MISTRAL,nhanes_laboratory.fastqx_j,v03_plus_nullable,v00_baseline,nullable isolado vs baseline,1,0.0,0.42082834243774414,32585.0,29745.0,2840.0,P5_nullable_interaction
MISTRAL,nhanes_laboratory.ghb_j,v03_plus_nullable,v00_baseline,nullable isolado vs baseline,1,0.0,0.7142936786015829,32585.0,29745.0,2840.0,P5_nullable_interaction
MISTRAL,nhanes_laboratory.hepa_j,v03_plus_nullable,v00_baseline,nullable isolado vs baseline,1,0.3333333333333333,0.8475678563117981,32585.0,29745.0,2840.0,P5_nullable_interaction
MISTRAL,nhanes_laboratory.ins_j,v03_plus_nullable,v00_baseline,nullable isolado vs baseline,1,0.0,0.5006597836812338,32585.0,29745.0,2840.0,P5_nullable_interaction
MISTRAL,nhanes_laboratory.phthte_j,v03_plus_nullable,v00_baseline,nullable isolado vs baseline,1,0.3333333333333333,0.8684515555699667,32585.0,29745.0,2840.0,P5_nullable_interaction
MISTRAL,nhanes_laboratory.ssuvcm_j,v03_plus_nullable,v00_baseline,nullable isolado vs baseline,1,0.3333333333333333,0.7860415776570638,32585.0,29745.0,2840.0,P5_nullable_interaction
MISTRAL,nhanes_laboratory.uio_j,v03_plus_nullable,v00_baseline,nullable isolado vs baseline,1,0.6666666666666666,0.8948704799016317,32585.0,29745.0,2840.0,P5_nullable_interaction
MISTRAL,nhanes_laboratory.vic_j,v03_plus_nullable,v00_baseline,nullable isolado vs baseline,1,0.6666666666666666,0.6666662693023682,32585.0,29745.0,2840.0,P5_nullable_interaction
MISTRAL,nhanes_laboratory.vid_j,v03_plus_nullable,v00_baseline,nullable isolado vs baseline,1,0.0,0.6581915418306986,32585.0,29745.0,2840.0,P5_nullable_interaction
MISTRAL,nhanes_questionnaire.alq_j,v03_plus_nullable,v00_baseline,nullable isolado vs baseline,1,0.6666666666666666,0.6666661103566488,32585.0,29745.0,2840.0,P5_nullable_interaction
MISTRAL,nhanes_questionnaire.dpq_j,v03_plus_nullable,v00_baseline,nullable isolado vs baseline,1,0.3333333333333333,0.5728867252667745,32585.0,29745.0,2840.0,P5_nullable_interaction
MISTRAL,nhanes_questionnaire.hsq_j,v03_plus_nullable,v00_baseline,nullable isolado vs baseline,1,1.0,0.9999992648760477,32585.0,29745.0,2840.0,P5_nullable_interaction
MISTRAL,nhanes_questionnaire.puqmec_j,v03_plus_nullable,v00_baseline,nullable isolado vs baseline,1,0.0,0.7079044779141744,32585.0,29745.0,2840.0,P5_nullable_interaction
MISTRAL,nhanes_questionnaire.smqshs_j,v03_plus_nullable,v00_baseline,nullable isolado vs baseline,1,0.0,0.21495693922042847,32585.0,29745.0,2840.0,P5_nullable_interaction
MISTRAL,nhanes_questionnaire.whq_j,v03_plus_nullable,v00_baseline,nullable isolado vs baseline,1,0.0,0.20738222201665243,32585.0,29745.0,2840.0,P5_nullable_interaction
MISTRAL,nhanes_demographics.demo_j,v00_baseline,v01_full,v00_baseline vs v01_full,1,0.3333333333333333,0.5924144387245178,29745.0,176374.0,-146629.0,P7_vs_full
MISTRAL,nhanes_dietary.ds1tot_j,v00_baseline,v01_full,v00_baseline vs v01_full,1,0.3333333333333333,0.7394217451413473,29745.0,176374.0,-146629.0,P7_vs_full
MISTRAL,nhanes_dietary.ds2ids_j,v00_baseline,v01_full,v00_baseline vs v01_full,1,0.0,0.6860941052436829,29745.0,176374.0,-146629.0,P7_vs_full
MISTRAL,nhanes_dietary.ds2tot_j,v00_baseline,v01_full,v00_baseline vs v01_full,1,0.0,0.0,29745.0,176374.0,-146629.0,P7_vs_full
MISTRAL,nhanes_dietary.dsqids_j,v00_baseline,v01_full,v00_baseline vs v01_full,1,0.3333333333333333,0.773033599058787,29745.0,176374.0,-146629.0,P7_vs_full
MISTRAL,nhanes_dietary.dsqtot_j,v00_baseline,v01_full,v00_baseline vs v01_full,1,0.3333333333333333,0.8201309243837992,29745.0,176374.0,-146629.0,P7_vs_full
MISTRAL,nhanes_examination.bmx_j,v00_baseline,v01_full,v00_baseline vs v01_full,1,0.6666666666666666,0.6666661699612936,29745.0,176374.0,-146629.0,P7_vs_full
MISTRAL,nhanes_examination.bpx_j,v00_baseline,v01_full,v00_baseline vs v01_full,1,0.3333333333333333,0.612172265847524,29745.0,176374.0,-146629.0,P7_vs_full
MISTRAL,nhanes_examination.bpxo_j,v00_baseline,v01_full,v00_baseline vs v01_full,1,0.0,0.6604328354199728,29745.0,176374.0,-146629.0,P7_vs_full
MISTRAL,nhanes_laboratory.cbc_j,v00_baseline,v01_full,v00_baseline vs v01_full,1,1.0,0.9999994436899821,29745.0,176374.0,-146629.0,P7_vs_full
MISTRAL,nhanes_laboratory.fastqx_j,v00_baseline,v01_full,v00_baseline vs v01_full,1,0.0,0.4176710844039917,29745.0,176374.0,-146629.0,P7_vs_full
MISTRAL,nhanes_laboratory.ghb_j,v00_baseline,v01_full,v00_baseline vs v01_full,1,0.0,0.5087960958480835,29745.0,176374.0,-146629.0,P7_vs_full
MISTRAL,nhanes_laboratory.hepa_j,v00_baseline,v01_full,v00_baseline vs v01_full,1,0.0,0.7037568887074789,29745.0,176374.0,-146629.0,P7_vs_full
MISTRAL,nhanes_laboratory.ins_j,v00_baseline,v01_full,v00_baseline vs v01_full,1,0.0,0.7038361231486002,29745.0,176374.0,-146629.0,P7_vs_full
MISTRAL,nhanes_laboratory.phthte_j,v00_baseline,v01_full,v00_baseline vs v01_full,1,0.0,0.6698390444119772,29745.0,176374.0,-146629.0,P7_vs_full
MISTRAL,nhanes_laboratory.ssuvcm_j,v00_baseline,v01_full,v00_baseline vs v01_full,1,0.0,0.29905541737874347,29745.0,176374.0,-146629.0,P7_vs_full
MISTRAL,nhanes_laboratory.uio_j,v00_baseline,v01_full,v00_baseline vs v01_full,1,0.0,0.7216683228810629,29745.0,176374.0,-146629.0,P7_vs_full
MISTRAL,nhanes_laboratory.vic_j,v00_baseline,v01_full,v00_baseline vs v01_full,1,0.3333333333333333,0.602287769317627,29745.0,176374.0,-146629.0,P7_vs_full
MISTRAL,nhanes_laboratory.vid_j,v00_baseline,v01_full,v00_baseline vs v01_full,1,0.3333333333333333,0.8578304648399353,29745.0,176374.0,-146629.0,P7_vs_full
MISTRAL,nhanes_questionnaire.alq_j,v00_baseline,v01_full,v00_baseline vs v01_full,1,0.0,0.25964484612147015,29745.0,176374.0,-146629.0,P7_vs_full
MISTRAL,nhanes_questionnaire.dpq_j,v00_baseline,v01_full,v00_baseline vs v01_full,1,0.0,0.6668400764465332,29745.0,176374.0,-146629.0,P7_vs_full
MISTRAL,nhanes_questionnaire.hsq_j,v00_baseline,v01_full,v00_baseline vs v01_full,1,0.0,0.22414016723632812,29745.0,176374.0,-146629.0,P7_vs_full
MISTRAL,nhanes_questionnaire.puqmec_j,v00_baseline,v01_full,v00_baseline vs v01_full,1,1.0,0.9999993046124777,29745.0,176374.0,-146629.0,P7_vs_full
MISTRAL,nhanes_questionnaire.smqshs_j,v00_baseline,v01_full,v00_baseline vs v01_full,1,0.0,0.709864874680837,29745.0,176374.0,-146629.0,P7_vs_full
MISTRAL,nhanes_questionnaire.whq_j,v00_baseline,v01_full,v00_baseline vs v01_full,1,0.0,0.24491212765375772,29745.0,176374.0,-146629.0,P7_vs_full
MISTRAL,nhanes_demographics.demo_j,v02_plus_fk,v01_full,v02_plus_fk vs v01_full,1,0.3333333333333333,0.5924144387245178,29995.0,176374.0,-146379.0,P7_vs_full
MISTRAL,nhanes_dietary.ds1tot_j,v02_plus_fk,v01_full,v02_plus_fk vs v01_full,1,0.3333333333333333,0.7394217451413473,29995.0,176374.0,-146379.0,P7_vs_full
MISTRAL,nhanes_dietary.ds2ids_j,v02_plus_fk,v01_full,v02_plus_fk vs v01_full,1,0.0,0.4498475988705953,29995.0,176374.0,-146379.0,P7_vs_full
MISTRAL,nhanes_dietary.ds2tot_j,v02_plus_fk,v01_full,v02_plus_fk vs v01_full,1,0.0,0.0,29995.0,176374.0,-146379.0,P7_vs_full
MISTRAL,nhanes_dietary.dsqids_j,v02_plus_fk,v01_full,v02_plus_fk vs v01_full,1,0.0,0.41976455847422284,29995.0,176374.0,-146379.0,P7_vs_full
MISTRAL,nhanes_dietary.dsqtot_j,v02_plus_fk,v01_full,v02_plus_fk vs v01_full,1,0.0,0.5926103194554647,29995.0,176374.0,-146379.0,P7_vs_full
MISTRAL,nhanes_examination.bmx_j,v02_plus_fk,v01_full,v02_plus_fk vs v01_full,1,0.6666666666666666,0.848162829875946,29995.0,176374.0,-146379.0,P7_vs_full
MISTRAL,nhanes_examination.bpx_j,v02_plus_fk,v01_full,v02_plus_fk vs v01_full,1,0.3333333333333333,0.5901069243748983,29995.0,176374.0,-146379.0,P7_vs_full
MISTRAL,nhanes_examination.bpxo_j,v02_plus_fk,v01_full,v02_plus_fk vs v01_full,1,0.0,0.44978036483128864,29995.0,176374.0,-146379.0,P7_vs_full
MISTRAL,nhanes_laboratory.cbc_j,v02_plus_fk,v01_full,v02_plus_fk vs v01_full,1,1.0,0.9999994436899821,29995.0,176374.0,-146379.0,P7_vs_full
MISTRAL,nhanes_laboratory.fastqx_j,v02_plus_fk,v01_full,v02_plus_fk vs v01_full,1,0.0,0.4725854992866516,29995.0,176374.0,-146379.0,P7_vs_full
MISTRAL,nhanes_laboratory.ghb_j,v02_plus_fk,v01_full,v02_plus_fk vs v01_full,1,0.0,0.438456396261851,29995.0,176374.0,-146379.0,P7_vs_full
MISTRAL,nhanes_laboratory.hepa_j,v02_plus_fk,v01_full,v02_plus_fk vs v01_full,1,0.3333333333333333,0.565652052561442,29995.0,176374.0,-146379.0,P7_vs_full
MISTRAL,nhanes_laboratory.ins_j,v02_plus_fk,v01_full,v02_plus_fk vs v01_full,1,0.0,0.45347581307093304,29995.0,176374.0,-146379.0,P7_vs_full
MISTRAL,nhanes_laboratory.phthte_j,v02_plus_fk,v01_full,v02_plus_fk vs v01_full,1,0.0,0.5488162239392599,29995.0,176374.0,-146379.0,P7_vs_full
MISTRAL,nhanes_laboratory.ssuvcm_j,v02_plus_fk,v01_full,v02_plus_fk vs v01_full,1,0.0,0.29905541737874347,29995.0,176374.0,-146379.0,P7_vs_full
MISTRAL,nhanes_laboratory.uio_j,v02_plus_fk,v01_full,v02_plus_fk vs v01_full,1,0.0,0.5453758239746094,29995.0,176374.0,-146379.0,P7_vs_full
MISTRAL,nhanes_laboratory.vic_j,v02_plus_fk,v01_full,v02_plus_fk vs v01_full,1,0.3333333333333333,0.602287769317627,29995.0,176374.0,-146379.0,P7_vs_full
MISTRAL,nhanes_laboratory.vid_j,v02_plus_fk,v01_full,v02_plus_fk vs v01_full,1,0.0,0.48810092608133954,29995.0,176374.0,-146379.0,P7_vs_full
MISTRAL,nhanes_questionnaire.alq_j,v02_plus_fk,v01_full,v02_plus_fk vs v01_full,1,0.0,0.4895225962003072,29995.0,176374.0,-146379.0,P7_vs_full
MISTRAL,nhanes_questionnaire.dpq_j,v02_plus_fk,v01_full,v02_plus_fk vs v01_full,1,0.0,0.6363966862360636,29995.0,176374.0,-146379.0,P7_vs_full
MISTRAL,nhanes_questionnaire.hsq_j,v02_plus_fk,v01_full,v02_plus_fk vs v01_full,1,0.3333333333333333,0.7406723499298096,29995.0,176374.0,-146379.0,P7_vs_full
MISTRAL,nhanes_questionnaire.puqmec_j,v02_plus_fk,v01_full,v02_plus_fk vs v01_full,1,0.6666666666666666,0.8387358983357748,29995.0,176374.0,-146379.0,P7_vs_full
MISTRAL,nhanes_questionnaire.smqshs_j,v02_plus_fk,v01_full,v02_plus_fk vs v01_full,1,0.3333333333333333,0.7641851504643759,29995.0,176374.0,-146379.0,P7_vs_full
MISTRAL,nhanes_questionnaire.whq_j,v02_plus_fk,v01_full,v02_plus_fk vs v01_full,1,0.0,0.21412116289138794,29995.0,176374.0,-146379.0,P7_vs_full
MISTRAL,nhanes_demographics.demo_j,v03_plus_nullable,v01_full,v03_plus_nullable vs v01_full,1,0.3333333333333333,0.5924144387245178,32585.0,176374.0,-143789.0,P7_vs_full
MISTRAL,nhanes_dietary.ds1tot_j,v03_plus_nullable,v01_full,v03_plus_nullable vs v01_full,1,0.3333333333333333,0.7394217451413473,32585.0,176374.0,-143789.0,P7_vs_full
MISTRAL,nhanes_dietary.ds2ids_j,v03_plus_nullable,v01_full,v03_plus_nullable vs v01_full,1,0.0,0.4498475988705953,32585.0,176374.0,-143789.0,P7_vs_full
MISTRAL,nhanes_dietary.ds2tot_j,v03_plus_nullable,v01_full,v03_plus_nullable vs v01_full,1,0.0,0.0,32585.0,176374.0,-143789.0,P7_vs_full
MISTRAL,nhanes_dietary.dsqids_j,v03_plus_nullable,v01_full,v03_plus_nullable vs v01_full,1,0.3333333333333333,0.513036866982778,32585.0,176374.0,-143789.0,P7_vs_full
MISTRAL,nhanes_dietary.dsqtot_j,v03_plus_nullable,v01_full,v03_plus_nullable vs v01_full,1,0.0,0.6806628108024597,32585.0,176374.0,-143789.0,P7_vs_full
MISTRAL,nhanes_examination.bmx_j,v03_plus_nullable,v01_full,v03_plus_nullable vs v01_full,1,0.6666666666666666,0.848162829875946,32585.0,176374.0,-143789.0,P7_vs_full
MISTRAL,nhanes_examination.bpx_j,v03_plus_nullable,v01_full,v03_plus_nullable vs v01_full,1,0.3333333333333333,0.7940900127092997,32585.0,176374.0,-143789.0,P7_vs_full
MISTRAL,nhanes_examination.bpxo_j,v03_plus_nullable,v01_full,v03_plus_nullable vs v01_full,1,0.0,0.6620322664578756,32585.0,176374.0,-143789.0,P7_vs_full
MISTRAL,nhanes_laboratory.cbc_j,v03_plus_nullable,v01_full,v03_plus_nullable vs v01_full,1,1.0,0.9999994436899821,32585.0,176374.0,-143789.0,P7_vs_full
MISTRAL,nhanes_laboratory.fastqx_j,v03_plus_nullable,v01_full,v03_plus_nullable vs v01_full,1,0.0,0.5473797718683878,32585.0,176374.0,-143789.0,P7_vs_full
MISTRAL,nhanes_laboratory.ghb_j,v03_plus_nullable,v01_full,v03_plus_nullable vs v01_full,1,0.3333333333333333,0.8222592274347941,32585.0,176374.0,-143789.0,P7_vs_full
MISTRAL,nhanes_laboratory.hepa_j,v03_plus_nullable,v01_full,v03_plus_nullable vs v01_full,1,0.0,0.7431897719701132,32585.0,176374.0,-143789.0,P7_vs_full
MISTRAL,nhanes_laboratory.ins_j,v03_plus_nullable,v01_full,v03_plus_nullable vs v01_full,1,0.0,0.4669798016548157,32585.0,176374.0,-143789.0,P7_vs_full
MISTRAL,nhanes_laboratory.phthte_j,v03_plus_nullable,v01_full,v03_plus_nullable vs v01_full,1,0.0,0.6640559633572897,32585.0,176374.0,-143789.0,P7_vs_full
MISTRAL,nhanes_laboratory.ssuvcm_j,v03_plus_nullable,v01_full,v03_plus_nullable vs v01_full,1,0.0,0.29905541737874347,32585.0,176374.0,-143789.0,P7_vs_full
MISTRAL,nhanes_laboratory.uio_j,v03_plus_nullable,v01_full,v03_plus_nullable vs v01_full,1,0.0,0.6841597954432169,32585.0,176374.0,-143789.0,P7_vs_full
MISTRAL,nhanes_laboratory.vic_j,v03_plus_nullable,v01_full,v03_plus_nullable vs v01_full,1,0.3333333333333333,0.8331566254297892,32585.0,176374.0,-143789.0,P7_vs_full
MISTRAL,nhanes_laboratory.vid_j,v03_plus_nullable,v01_full,v03_plus_nullable vs v01_full,1,0.0,0.48810092608133954,32585.0,176374.0,-143789.0,P7_vs_full
MISTRAL,nhanes_questionnaire.alq_j,v03_plus_nullable,v01_full,v03_plus_nullable vs v01_full,1,0.0,0.4895225962003072,32585.0,176374.0,-143789.0,P7_vs_full
MISTRAL,nhanes_questionnaire.dpq_j,v03_plus_nullable,v01_full,v03_plus_nullable vs v01_full,1,0.0,0.4842034379641215,32585.0,176374.0,-143789.0,P7_vs_full
MISTRAL,nhanes_questionnaire.hsq_j,v03_plus_nullable,v01_full,v03_plus_nullable vs v01_full,1,0.0,0.22414016723632812,32585.0,176374.0,-143789.0,P7_vs_full
MISTRAL,nhanes_questionnaire.puqmec_j,v03_plus_nullable,v01_full,v03_plus_nullable vs v01_full,1,0.0,0.7079044779141744,32585.0,176374.0,-143789.0,P7_vs_full
MISTRAL,nhanes_questionnaire.smqshs_j,v03_plus_nullable,v01_full,v03_plus_nullable vs v01_full,1,0.0,0.19449649254480997,32585.0,176374.0,-143789.0,P7_vs_full
MISTRAL,nhanes_questionnaire.whq_j,v03_plus_nullable,v01_full,v03_plus_nullable vs v01_full,1,0.0,0.1757686734199524,32585.0,176374.0,-143789.0,P7_vs_full
MISTRAL,nhanes_demographics.demo_j,v04_plus_numeric_stats,v01_full,v04_plus_numeric_stats vs v01_full,1,0.3333333333333333,0.5924144387245178,70822.0,176374.0,-105552.0,P7_vs_full
MISTRAL,nhanes_dietary.ds1tot_j,v04_plus_numeric_stats,v01_full,v04_plus_numeric_stats vs v01_full,1,0.3333333333333333,0.868494431177775,70822.0,176374.0,-105552.0,P7_vs_full
MISTRAL,nhanes_dietary.ds2ids_j,v04_plus_numeric_stats,v01_full,v04_plus_numeric_stats vs v01_full,1,0.0,0.7509310046831766,70822.0,176374.0,-105552.0,P7_vs_full
MISTRAL,nhanes_dietary.ds2tot_j,v04_plus_numeric_stats,v01_full,v04_plus_numeric_stats vs v01_full,1,0.0,0.0,70822.0,176374.0,-105552.0,P7_vs_full
MISTRAL,nhanes_dietary.dsqids_j,v04_plus_numeric_stats,v01_full,v04_plus_numeric_stats vs v01_full,1,0.3333333333333333,0.7750446200370789,70822.0,176374.0,-105552.0,P7_vs_full
MISTRAL,nhanes_dietary.dsqtot_j,v04_plus_numeric_stats,v01_full,v04_plus_numeric_stats vs v01_full,1,0.6666666666666666,0.9597891370455424,70822.0,176374.0,-105552.0,P7_vs_full
MISTRAL,nhanes_examination.bmx_j,v04_plus_numeric_stats,v01_full,v04_plus_numeric_stats vs v01_full,1,1.0,0.9999993046124777,70822.0,176374.0,-105552.0,P7_vs_full
MISTRAL,nhanes_examination.bpx_j,v04_plus_numeric_stats,v01_full,v04_plus_numeric_stats vs v01_full,1,0.3333333333333333,0.612172265847524,70822.0,176374.0,-105552.0,P7_vs_full
MISTRAL,nhanes_examination.bpxo_j,v04_plus_numeric_stats,v01_full,v04_plus_numeric_stats vs v01_full,1,0.6666666666666666,0.8342365225156149,70822.0,176374.0,-105552.0,P7_vs_full
MISTRAL,nhanes_laboratory.cbc_j,v04_plus_numeric_stats,v01_full,v04_plus_numeric_stats vs v01_full,1,0.6666666666666666,0.9509464899698893,70822.0,176374.0,-105552.0,P7_vs_full
MISTRAL,nhanes_laboratory.fastqx_j,v04_plus_numeric_stats,v01_full,v04_plus_numeric_stats vs v01_full,1,0.0,0.5991533795992533,70822.0,176374.0,-105552.0,P7_vs_full
MISTRAL,nhanes_laboratory.ghb_j,v04_plus_numeric_stats,v01_full,v04_plus_numeric_stats vs v01_full,1,0.0,0.5173297127087911,70822.0,176374.0,-105552.0,P7_vs_full
MISTRAL,nhanes_laboratory.hepa_j,v04_plus_numeric_stats,v01_full,v04_plus_numeric_stats vs v01_full,1,0.0,0.6158469319343567,70822.0,176374.0,-105552.0,P7_vs_full
MISTRAL,nhanes_laboratory.ins_j,v04_plus_numeric_stats,v01_full,v04_plus_numeric_stats vs v01_full,1,0.0,0.5173252820968628,70822.0,176374.0,-105552.0,P7_vs_full
MISTRAL,nhanes_laboratory.phthte_j,v04_plus_numeric_stats,v01_full,v04_plus_numeric_stats vs v01_full,1,0.0,0.8724475105603536,70822.0,176374.0,-105552.0,P7_vs_full
MISTRAL,nhanes_laboratory.ssuvcm_j,v04_plus_numeric_stats,v01_full,v04_plus_numeric_stats vs v01_full,1,0.0,0.29905541737874347,70822.0,176374.0,-105552.0,P7_vs_full
MISTRAL,nhanes_laboratory.uio_j,v04_plus_numeric_stats,v01_full,v04_plus_numeric_stats vs v01_full,1,0.3333333333333333,0.586793065071106,70822.0,176374.0,-105552.0,P7_vs_full
MISTRAL,nhanes_laboratory.vic_j,v04_plus_numeric_stats,v01_full,v04_plus_numeric_stats vs v01_full,1,0.3333333333333333,0.8331566254297892,70822.0,176374.0,-105552.0,P7_vs_full
MISTRAL,nhanes_laboratory.vid_j,v04_plus_numeric_stats,v01_full,v04_plus_numeric_stats vs v01_full,1,0.3333333333333333,0.602287749449412,70822.0,176374.0,-105552.0,P7_vs_full
MISTRAL,nhanes_questionnaire.alq_j,v04_plus_numeric_stats,v01_full,v04_plus_numeric_stats vs v01_full,1,0.0,0.25964484612147015,70822.0,176374.0,-105552.0,P7_vs_full
MISTRAL,nhanes_questionnaire.dpq_j,v04_plus_numeric_stats,v01_full,v04_plus_numeric_stats vs v01_full,1,0.0,0.6628081599871317,70822.0,176374.0,-105552.0,P7_vs_full
MISTRAL,nhanes_questionnaire.hsq_j,v04_plus_numeric_stats,v01_full,v04_plus_numeric_stats vs v01_full,1,0.0,0.2245398759841919,70822.0,176374.0,-105552.0,P7_vs_full
MISTRAL,nhanes_questionnaire.puqmec_j,v04_plus_numeric_stats,v01_full,v04_plus_numeric_stats vs v01_full,1,0.3333333333333333,0.7981483141581217,70822.0,176374.0,-105552.0,P7_vs_full
MISTRAL,nhanes_questionnaire.smqshs_j,v04_plus_numeric_stats,v01_full,v04_plus_numeric_stats vs v01_full,1,0.0,0.536136269569397,70822.0,176374.0,-105552.0,P7_vs_full
MISTRAL,nhanes_questionnaire.whq_j,v04_plus_numeric_stats,v01_full,v04_plus_numeric_stats vs v01_full,1,0.3333333333333333,0.8592319488525391,70822.0,176374.0,-105552.0,P7_vs_full
MISTRAL,nhanes_demographics.demo_j,v05_plus_sample_values,v01_full,v05_plus_sample_values vs v01_full,1,0.3333333333333333,0.5691609581311544,73344.0,176374.0,-103030.0,P7_vs_full
MISTRAL,nhanes_dietary.ds1tot_j,v05_plus_sample_values,v01_full,v05_plus_sample_values vs v01_full,1,0.6666666666666666,0.9383858243624369,73344.0,176374.0,-103030.0,P7_vs_full
MISTRAL,nhanes_dietary.ds2ids_j,v05_plus_sample_values,v01_full,v05_plus_sample_values vs v01_full,1,0.0,0.5190096894900004,73344.0,176374.0,-103030.0,P7_vs_full
MISTRAL,nhanes_dietary.ds2tot_j,v05_plus_sample_values,v01_full,v05_plus_sample_values vs v01_full,1,0.0,0.0,73344.0,176374.0,-103030.0,P7_vs_full
MISTRAL,nhanes_dietary.dsqids_j,v05_plus_sample_values,v01_full,v05_plus_sample_values vs v01_full,1,0.0,0.7080598473548889,73344.0,176374.0,-103030.0,P7_vs_full
MISTRAL,nhanes_dietary.dsqtot_j,v05_plus_sample_values,v01_full,v05_plus_sample_values vs v01_full,1,0.3333333333333333,0.7973699967066447,73344.0,176374.0,-103030.0,P7_vs_full
MISTRAL,nhanes_examination.bmx_j,v05_plus_sample_values,v01_full,v05_plus_sample_values vs v01_full,1,1.0,0.9999993046124777,73344.0,176374.0,-103030.0,P7_vs_full
MISTRAL,nhanes_examination.bpx_j,v05_plus_sample_values,v01_full,v05_plus_sample_values vs v01_full,1,0.3333333333333333,0.612172265847524,73344.0,176374.0,-103030.0,P7_vs_full
MISTRAL,nhanes_examination.bpxo_j,v05_plus_sample_values,v01_full,v05_plus_sample_values vs v01_full,1,0.0,0.25279317299524945,73344.0,176374.0,-103030.0,P7_vs_full
MISTRAL,nhanes_laboratory.cbc_j,v05_plus_sample_values,v01_full,v05_plus_sample_values vs v01_full,1,1.0,0.9999994436899821,73344.0,176374.0,-103030.0,P7_vs_full
MISTRAL,nhanes_laboratory.fastqx_j,v05_plus_sample_values,v01_full,v05_plus_sample_values vs v01_full,1,0.0,0.5090690652529398,73344.0,176374.0,-103030.0,P7_vs_full
MISTRAL,nhanes_laboratory.ghb_j,v05_plus_sample_values,v01_full,v05_plus_sample_values vs v01_full,1,0.0,0.6891679962476095,73344.0,176374.0,-103030.0,P7_vs_full
MISTRAL,nhanes_laboratory.hepa_j,v05_plus_sample_values,v01_full,v05_plus_sample_values vs v01_full,1,0.0,0.7431897719701132,73344.0,176374.0,-103030.0,P7_vs_full
MISTRAL,nhanes_laboratory.ins_j,v05_plus_sample_values,v01_full,v05_plus_sample_values vs v01_full,1,0.0,0.4875865976015727,73344.0,176374.0,-103030.0,P7_vs_full
MISTRAL,nhanes_laboratory.phthte_j,v05_plus_sample_values,v01_full,v05_plus_sample_values vs v01_full,1,0.3333333333333333,0.8688932259877523,73344.0,176374.0,-103030.0,P7_vs_full
MISTRAL,nhanes_laboratory.ssuvcm_j,v05_plus_sample_values,v01_full,v05_plus_sample_values vs v01_full,1,0.3333333333333333,0.5065057078997294,73344.0,176374.0,-103030.0,P7_vs_full
MISTRAL,nhanes_laboratory.uio_j,v05_plus_sample_values,v01_full,v05_plus_sample_values vs v01_full,1,0.0,0.6528552770614624,73344.0,176374.0,-103030.0,P7_vs_full
MISTRAL,nhanes_laboratory.vic_j,v05_plus_sample_values,v01_full,v05_plus_sample_values vs v01_full,1,0.0,0.47125452756881714,73344.0,176374.0,-103030.0,P7_vs_full
MISTRAL,nhanes_laboratory.vid_j,v05_plus_sample_values,v01_full,v05_plus_sample_values vs v01_full,1,0.3333333333333333,0.602287749449412,73344.0,176374.0,-103030.0,P7_vs_full
MISTRAL,nhanes_questionnaire.alq_j,v05_plus_sample_values,v01_full,v05_plus_sample_values vs v01_full,1,0.0,0.25964484612147015,73344.0,176374.0,-103030.0,P7_vs_full
MISTRAL,nhanes_questionnaire.dpq_j,v05_plus_sample_values,v01_full,v05_plus_sample_values vs v01_full,1,0.3333333333333333,0.7893427610397339,73344.0,176374.0,-103030.0,P7_vs_full
MISTRAL,nhanes_questionnaire.hsq_j,v05_plus_sample_values,v01_full,v05_plus_sample_values vs v01_full,1,0.0,0.7120038866996765,73344.0,176374.0,-103030.0,P7_vs_full
MISTRAL,nhanes_questionnaire.puqmec_j,v05_plus_sample_values,v01_full,v05_plus_sample_values vs v01_full,1,1.0,0.9999993046124777,73344.0,176374.0,-103030.0,P7_vs_full
MISTRAL,nhanes_questionnaire.smqshs_j,v05_plus_sample_values,v01_full,v05_plus_sample_values vs v01_full,1,0.6666666666666666,0.8350692590077718,73344.0,176374.0,-103030.0,P7_vs_full
MISTRAL,nhanes_questionnaire.whq_j,v05_plus_sample_values,v01_full,v05_plus_sample_values vs v01_full,1,0.3333333333333333,0.6252130667368571,73344.0,176374.0,-103030.0,P7_vs_full
MISTRAL,nhanes_demographics.demo_j,v06_plus_frequent_values,v01_full,v06_plus_frequent_values vs v01_full,1,0.3333333333333333,0.5924144387245178,71498.0,176374.0,-104876.0,P7_vs_full
MISTRAL,nhanes_dietary.ds1tot_j,v06_plus_frequent_values,v01_full,v06_plus_frequent_values vs v01_full,1,0.6666666666666666,0.9383858243624369,71498.0,176374.0,-104876.0,P7_vs_full
MISTRAL,nhanes_dietary.ds2ids_j,v06_plus_frequent_values,v01_full,v06_plus_frequent_values vs v01_full,1,0.0,0.5190096894900004,71498.0,176374.0,-104876.0,P7_vs_full
MISTRAL,nhanes_dietary.ds2tot_j,v06_plus_frequent_values,v01_full,v06_plus_frequent_values vs v01_full,1,0.0,0.0,71498.0,176374.0,-104876.0,P7_vs_full
MISTRAL,nhanes_dietary.dsqids_j,v06_plus_frequent_values,v01_full,v06_plus_frequent_values vs v01_full,1,0.6666666666666666,0.8804749051729838,71498.0,176374.0,-104876.0,P7_vs_full
MISTRAL,nhanes_dietary.dsqtot_j,v06_plus_frequent_values,v01_full,v06_plus_frequent_values vs v01_full,1,0.0,0.5922859907150269,71498.0,176374.0,-104876.0,P7_vs_full
MISTRAL,nhanes_examination.bmx_j,v06_plus_frequent_values,v01_full,v06_plus_frequent_values vs v01_full,1,0.6666666666666666,0.6666661699612936,71498.0,176374.0,-104876.0,P7_vs_full
MISTRAL,nhanes_examination.bpx_j,v06_plus_frequent_values,v01_full,v06_plus_frequent_values vs v01_full,1,0.3333333333333333,0.612172265847524,71498.0,176374.0,-104876.0,P7_vs_full
MISTRAL,nhanes_examination.bpxo_j,v06_plus_frequent_values,v01_full,v06_plus_frequent_values vs v01_full,1,0.6666666666666666,0.8561727603276571,71498.0,176374.0,-104876.0,P7_vs_full
MISTRAL,nhanes_laboratory.cbc_j,v06_plus_frequent_values,v01_full,v06_plus_frequent_values vs v01_full,1,1.0,0.9999994436899821,71498.0,176374.0,-104876.0,P7_vs_full
MISTRAL,nhanes_laboratory.fastqx_j,v06_plus_frequent_values,v01_full,v06_plus_frequent_values vs v01_full,1,0.6666666666666666,0.8690288464228312,71498.0,176374.0,-104876.0,P7_vs_full
MISTRAL,nhanes_laboratory.ghb_j,v06_plus_frequent_values,v01_full,v06_plus_frequent_values vs v01_full,1,0.0,0.7016717394193014,71498.0,176374.0,-104876.0,P7_vs_full
MISTRAL,nhanes_laboratory.hepa_j,v06_plus_frequent_values,v01_full,v06_plus_frequent_values vs v01_full,1,0.0,0.6255239248275757,71498.0,176374.0,-104876.0,P7_vs_full
MISTRAL,nhanes_laboratory.ins_j,v06_plus_frequent_values,v01_full,v06_plus_frequent_values vs v01_full,1,0.0,0.6903057893117269,71498.0,176374.0,-104876.0,P7_vs_full
MISTRAL,nhanes_laboratory.phthte_j,v06_plus_frequent_values,v01_full,v06_plus_frequent_values vs v01_full,1,0.0,0.4893747369448344,71498.0,176374.0,-104876.0,P7_vs_full
MISTRAL,nhanes_laboratory.ssuvcm_j,v06_plus_frequent_values,v01_full,v06_plus_frequent_values vs v01_full,1,0.0,0.1982228954633077,71498.0,176374.0,-104876.0,P7_vs_full
MISTRAL,nhanes_laboratory.uio_j,v06_plus_frequent_values,v01_full,v06_plus_frequent_values vs v01_full,1,0.3333333333333333,0.5999897917111715,71498.0,176374.0,-104876.0,P7_vs_full
MISTRAL,nhanes_laboratory.vic_j,v06_plus_frequent_values,v01_full,v06_plus_frequent_values vs v01_full,1,0.3333333333333333,0.7692579627037048,71498.0,176374.0,-104876.0,P7_vs_full
MISTRAL,nhanes_laboratory.vid_j,v06_plus_frequent_values,v01_full,v06_plus_frequent_values vs v01_full,1,0.3333333333333333,0.602287749449412,71498.0,176374.0,-104876.0,P7_vs_full
MISTRAL,nhanes_questionnaire.alq_j,v06_plus_frequent_values,v01_full,v06_plus_frequent_values vs v01_full,1,0.0,0.25964484612147015,71498.0,176374.0,-104876.0,P7_vs_full
MISTRAL,nhanes_questionnaire.dpq_j,v06_plus_frequent_values,v01_full,v06_plus_frequent_values vs v01_full,1,0.0,0.48380263646443683,71498.0,176374.0,-104876.0,P7_vs_full
MISTRAL,nhanes_questionnaire.hsq_j,v06_plus_frequent_values,v01_full,v06_plus_frequent_values vs v01_full,1,0.0,0.5016690492630005,71498.0,176374.0,-104876.0,P7_vs_full
MISTRAL,nhanes_questionnaire.puqmec_j,v06_plus_frequent_values,v01_full,v06_plus_frequent_values vs v01_full,1,0.3333333333333333,0.7494356234868368,71498.0,176374.0,-104876.0,P7_vs_full
MISTRAL,nhanes_questionnaire.smqshs_j,v06_plus_frequent_values,v01_full,v06_plus_frequent_values vs v01_full,1,0.3333333333333333,0.8024465839068095,71498.0,176374.0,-104876.0,P7_vs_full
MISTRAL,nhanes_questionnaire.whq_j,v06_plus_frequent_values,v01_full,v06_plus_frequent_values vs v01_full,1,0.3333333333333333,0.7948427597681681,71498.0,176374.0,-104876.0,P7_vs_full
MISTRAL,nhanes_demographics.demo_j,v07_plus_sample_rows,v01_full,v07_plus_sample_rows vs v01_full,1,0.3333333333333333,0.5924144387245178,50893.0,176374.0,-125481.0,P7_vs_full
MISTRAL,nhanes_dietary.ds1tot_j,v07_plus_sample_rows,v01_full,v07_plus_sample_rows vs v01_full,1,0.0,0.7279341220855713,50893.0,176374.0,-125481.0,P7_vs_full
MISTRAL,nhanes_dietary.ds2ids_j,v07_plus_sample_rows,v01_full,v07_plus_sample_rows vs v01_full,1,0.3333333333333333,0.8503333131472269,50893.0,176374.0,-125481.0,P7_vs_full
MISTRAL,nhanes_dietary.ds2tot_j,v07_plus_sample_rows,v01_full,v07_plus_sample_rows vs v01_full,1,0.0,0.0,50893.0,176374.0,-125481.0,P7_vs_full
MISTRAL,nhanes_dietary.dsqids_j,v07_plus_sample_rows,v01_full,v07_plus_sample_rows vs v01_full,1,0.3333333333333333,0.7190862894058228,50893.0,176374.0,-125481.0,P7_vs_full
MISTRAL,nhanes_dietary.dsqtot_j,v07_plus_sample_rows,v01_full,v07_plus_sample_rows vs v01_full,1,0.6666666666666666,0.9227368036905924,50893.0,176374.0,-125481.0,P7_vs_full
MISTRAL,nhanes_examination.bmx_j,v07_plus_sample_rows,v01_full,v07_plus_sample_rows vs v01_full,1,0.6666666666666666,0.6666661699612936,50893.0,176374.0,-125481.0,P7_vs_full
MISTRAL,nhanes_examination.bpx_j,v07_plus_sample_rows,v01_full,v07_plus_sample_rows vs v01_full,1,0.3333333333333333,0.7940900127092997,50893.0,176374.0,-125481.0,P7_vs_full
MISTRAL,nhanes_examination.bpxo_j,v07_plus_sample_rows,v01_full,v07_plus_sample_rows vs v01_full,1,0.0,0.6604328354199728,50893.0,176374.0,-125481.0,P7_vs_full
MISTRAL,nhanes_laboratory.cbc_j,v07_plus_sample_rows,v01_full,v07_plus_sample_rows vs v01_full,1,0.6666666666666666,0.9509464899698893,50893.0,176374.0,-125481.0,P7_vs_full
MISTRAL,nhanes_laboratory.fastqx_j,v07_plus_sample_rows,v01_full,v07_plus_sample_rows vs v01_full,1,0.0,0.4725854992866516,50893.0,176374.0,-125481.0,P7_vs_full
MISTRAL,nhanes_laboratory.ghb_j,v07_plus_sample_rows,v01_full,v07_plus_sample_rows vs v01_full,1,0.0,0.7016717394193014,50893.0,176374.0,-125481.0,P7_vs_full
MISTRAL,nhanes_laboratory.hepa_j,v07_plus_sample_rows,v01_full,v07_plus_sample_rows vs v01_full,1,0.0,0.7145343621571859,50893.0,176374.0,-125481.0,P7_vs_full
MISTRAL,nhanes_laboratory.ins_j,v07_plus_sample_rows,v01_full,v07_plus_sample_rows vs v01_full,1,0.0,0.4669798016548157,50893.0,176374.0,-125481.0,P7_vs_full
MISTRAL,nhanes_laboratory.phthte_j,v07_plus_sample_rows,v01_full,v07_plus_sample_rows vs v01_full,1,0.3333333333333333,0.814674973487854,50893.0,176374.0,-125481.0,P7_vs_full
MISTRAL,nhanes_laboratory.ssuvcm_j,v07_plus_sample_rows,v01_full,v07_plus_sample_rows vs v01_full,1,0.0,0.4980814456939697,50893.0,176374.0,-125481.0,P7_vs_full
MISTRAL,nhanes_laboratory.uio_j,v07_plus_sample_rows,v01_full,v07_plus_sample_rows vs v01_full,1,0.0,0.7903506954511007,50893.0,176374.0,-125481.0,P7_vs_full
MISTRAL,nhanes_laboratory.vic_j,v07_plus_sample_rows,v01_full,v07_plus_sample_rows vs v01_full,1,0.6666666666666666,0.6666662494341532,50893.0,176374.0,-125481.0,P7_vs_full
MISTRAL,nhanes_laboratory.vid_j,v07_plus_sample_rows,v01_full,v07_plus_sample_rows vs v01_full,1,0.3333333333333333,0.564893901348114,50893.0,176374.0,-125481.0,P7_vs_full
MISTRAL,nhanes_questionnaire.alq_j,v07_plus_sample_rows,v01_full,v07_plus_sample_rows vs v01_full,1,0.0,0.4895225962003072,50893.0,176374.0,-125481.0,P7_vs_full
MISTRAL,nhanes_questionnaire.dpq_j,v07_plus_sample_rows,v01_full,v07_plus_sample_rows vs v01_full,1,0.3333333333333333,0.7893427610397339,50893.0,176374.0,-125481.0,P7_vs_full
MISTRAL,nhanes_questionnaire.hsq_j,v07_plus_sample_rows,v01_full,v07_plus_sample_rows vs v01_full,1,0.0,0.22414016723632812,50893.0,176374.0,-125481.0,P7_vs_full
MISTRAL,nhanes_questionnaire.puqmec_j,v07_plus_sample_rows,v01_full,v07_plus_sample_rows vs v01_full,1,0.0,0.7079044779141744,50893.0,176374.0,-125481.0,P7_vs_full
MISTRAL,nhanes_questionnaire.smqshs_j,v07_plus_sample_rows,v01_full,v07_plus_sample_rows vs v01_full,1,0.3333333333333333,0.8024465839068095,50893.0,176374.0,-125481.0,P7_vs_full
MISTRAL,nhanes_questionnaire.whq_j,v07_plus_sample_rows,v01_full,v07_plus_sample_rows vs v01_full,1,0.3333333333333333,0.5293696920077006,50893.0,176374.0,-125481.0,P7_vs_full
MISTRAL,nhanes_demographics.demo_j,v08_fk_plus_sample_values,v01_full,v08_fk_plus_sample_values vs v01_full,1,0.3333333333333333,0.5691609581311544,73594.0,176374.0,-102780.0,P7_vs_full
MISTRAL,nhanes_dietary.ds1tot_j,v08_fk_plus_sample_values,v01_full,v08_fk_plus_sample_values vs v01_full,1,0.6666666666666666,0.9383858243624369,73594.0,176374.0,-102780.0,P7_vs_full
MISTRAL,nhanes_dietary.ds2ids_j,v08_fk_plus_sample_values,v01_full,v08_fk_plus_sample_values vs v01_full,1,0.0,0.5190096894900004,73594.0,176374.0,-102780.0,P7_vs_full
MISTRAL,nhanes_dietary.ds2tot_j,v08_fk_plus_sample_values,v01_full,v08_fk_plus_sample_values vs v01_full,1,0.0,0.0,73594.0,176374.0,-102780.0,P7_vs_full
MISTRAL,nhanes_dietary.dsqids_j,v08_fk_plus_sample_values,v01_full,v08_fk_plus_sample_values vs v01_full,1,0.3333333333333333,0.7688754002253214,73594.0,176374.0,-102780.0,P7_vs_full
MISTRAL,nhanes_dietary.dsqtot_j,v08_fk_plus_sample_values,v01_full,v08_fk_plus_sample_values vs v01_full,1,0.0,0.5814745624860128,73594.0,176374.0,-102780.0,P7_vs_full
MISTRAL,nhanes_examination.bmx_j,v08_fk_plus_sample_values,v01_full,v08_fk_plus_sample_values vs v01_full,1,1.0,0.9999993046124777,73594.0,176374.0,-102780.0,P7_vs_full
MISTRAL,nhanes_examination.bpx_j,v08_fk_plus_sample_values,v01_full,v08_fk_plus_sample_values vs v01_full,1,0.3333333333333333,0.612172265847524,73594.0,176374.0,-102780.0,P7_vs_full
MISTRAL,nhanes_examination.bpxo_j,v08_fk_plus_sample_values,v01_full,v08_fk_plus_sample_values vs v01_full,1,0.0,0.25279317299524945,73594.0,176374.0,-102780.0,P7_vs_full
MISTRAL,nhanes_laboratory.cbc_j,v08_fk_plus_sample_values,v01_full,v08_fk_plus_sample_values vs v01_full,1,1.0,0.9999994436899821,73594.0,176374.0,-102780.0,P7_vs_full
MISTRAL,nhanes_laboratory.fastqx_j,v08_fk_plus_sample_values,v01_full,v08_fk_plus_sample_values vs v01_full,1,0.6666666666666666,0.8436871568361918,73594.0,176374.0,-102780.0,P7_vs_full
MISTRAL,nhanes_laboratory.ghb_j,v08_fk_plus_sample_values,v01_full,v08_fk_plus_sample_values vs v01_full,1,0.3333333333333333,0.7717894911766052,73594.0,176374.0,-102780.0,P7_vs_full
MISTRAL,nhanes_laboratory.hepa_j,v08_fk_plus_sample_values,v01_full,v08_fk_plus_sample_values vs v01_full,1,0.3333333333333333,0.565652052561442,73594.0,176374.0,-102780.0,P7_vs_full
MISTRAL,nhanes_laboratory.ins_j,v08_fk_plus_sample_values,v01_full,v08_fk_plus_sample_values vs v01_full,1,0.0,0.23582406838734946,73594.0,176374.0,-102780.0,P7_vs_full
MISTRAL,nhanes_laboratory.phthte_j,v08_fk_plus_sample_values,v01_full,v08_fk_plus_sample_values vs v01_full,1,0.3333333333333333,0.5322386026382446,73594.0,176374.0,-102780.0,P7_vs_full
MISTRAL,nhanes_laboratory.ssuvcm_j,v08_fk_plus_sample_values,v01_full,v08_fk_plus_sample_values vs v01_full,1,0.0,0.29905541737874347,73594.0,176374.0,-102780.0,P7_vs_full
MISTRAL,nhanes_laboratory.uio_j,v08_fk_plus_sample_values,v01_full,v08_fk_plus_sample_values vs v01_full,1,0.3333333333333333,0.7740644415219625,73594.0,176374.0,-102780.0,P7_vs_full
MISTRAL,nhanes_laboratory.vic_j,v08_fk_plus_sample_values,v01_full,v08_fk_plus_sample_values vs v01_full,1,0.3333333333333333,0.602287769317627,73594.0,176374.0,-102780.0,P7_vs_full
MISTRAL,nhanes_laboratory.vid_j,v08_fk_plus_sample_values,v01_full,v08_fk_plus_sample_values vs v01_full,1,0.6666666666666666,0.6666662494341532,73594.0,176374.0,-102780.0,P7_vs_full
MISTRAL,nhanes_questionnaire.alq_j,v08_fk_plus_sample_values,v01_full,v08_fk_plus_sample_values vs v01_full,1,0.0,0.4895225962003072,73594.0,176374.0,-102780.0,P7_vs_full
MISTRAL,nhanes_questionnaire.dpq_j,v08_fk_plus_sample_values,v01_full,v08_fk_plus_sample_values vs v01_full,1,0.0,0.4651777744293213,73594.0,176374.0,-102780.0,P7_vs_full
MISTRAL,nhanes_questionnaire.hsq_j,v08_fk_plus_sample_values,v01_full,v08_fk_plus_sample_values vs v01_full,1,0.0,0.5016690492630005,73594.0,176374.0,-102780.0,P7_vs_full
MISTRAL,nhanes_questionnaire.puqmec_j,v08_fk_plus_sample_values,v01_full,v08_fk_plus_sample_values vs v01_full,1,0.6666666666666666,0.6666661302248637,73594.0,176374.0,-102780.0,P7_vs_full
MISTRAL,nhanes_questionnaire.smqshs_j,v08_fk_plus_sample_values,v01_full,v08_fk_plus_sample_values vs v01_full,1,0.6666666666666666,0.8350692590077718,73594.0,176374.0,-102780.0,P7_vs_full
MISTRAL,nhanes_questionnaire.whq_j,v08_fk_plus_sample_values,v01_full,v08_fk_plus_sample_values vs v01_full,1,0.6666666666666666,0.666666050752004,73594.0,176374.0,-102780.0,P7_vs_full
MISTRAL,nhanes_demographics.demo_j,v09_fk_plus_frequent_values,v01_full,v09_fk_plus_frequent_values vs v01_full,1,0.3333333333333333,0.5924144387245178,71748.0,176374.0,-104626.0,P7_vs_full
MISTRAL,nhanes_dietary.ds1tot_j,v09_fk_plus_frequent_values,v01_full,v09_fk_plus_frequent_values vs v01_full,1,0.3333333333333333,0.8181745608647665,71748.0,176374.0,-104626.0,P7_vs_full
MISTRAL,nhanes_dietary.ds2ids_j,v09_fk_plus_frequent_values,v01_full,v09_fk_plus_frequent_values vs v01_full,1,0.3333333333333333,0.8503333131472269,71748.0,176374.0,-104626.0,P7_vs_full
MISTRAL,nhanes_dietary.ds2tot_j,v09_fk_plus_frequent_values,v01_full,v09_fk_plus_frequent_values vs v01_full,1,0.0,0.0,71748.0,176374.0,-104626.0,P7_vs_full
MISTRAL,nhanes_dietary.dsqids_j,v09_fk_plus_frequent_values,v01_full,v09_fk_plus_frequent_values vs v01_full,1,0.3333333333333333,0.5471416314442953,71748.0,176374.0,-104626.0,P7_vs_full
MISTRAL,nhanes_dietary.dsqtot_j,v09_fk_plus_frequent_values,v01_full,v09_fk_plus_frequent_values vs v01_full,1,0.0,0.6905514995257059,71748.0,176374.0,-104626.0,P7_vs_full
MISTRAL,nhanes_examination.bmx_j,v09_fk_plus_frequent_values,v01_full,v09_fk_plus_frequent_values vs v01_full,1,0.6666666666666666,0.6666661699612936,71748.0,176374.0,-104626.0,P7_vs_full
MISTRAL,nhanes_examination.bpx_j,v09_fk_plus_frequent_values,v01_full,v09_fk_plus_frequent_values vs v01_full,1,0.3333333333333333,0.612172265847524,71748.0,176374.0,-104626.0,P7_vs_full
MISTRAL,nhanes_examination.bpxo_j,v09_fk_plus_frequent_values,v01_full,v09_fk_plus_frequent_values vs v01_full,1,0.6666666666666666,0.8561727603276571,71748.0,176374.0,-104626.0,P7_vs_full
MISTRAL,nhanes_laboratory.cbc_j,v09_fk_plus_frequent_values,v01_full,v09_fk_plus_frequent_values vs v01_full,1,1.0,0.9999994436899821,71748.0,176374.0,-104626.0,P7_vs_full
MISTRAL,nhanes_laboratory.fastqx_j,v09_fk_plus_frequent_values,v01_full,v09_fk_plus_frequent_values vs v01_full,1,0.6666666666666666,0.8622922698656718,71748.0,176374.0,-104626.0,P7_vs_full
MISTRAL,nhanes_laboratory.ghb_j,v09_fk_plus_frequent_values,v01_full,v09_fk_plus_frequent_values vs v01_full,1,0.0,0.7016717394193014,71748.0,176374.0,-104626.0,P7_vs_full
MISTRAL,nhanes_laboratory.hepa_j,v09_fk_plus_frequent_values,v01_full,v09_fk_plus_frequent_values vs v01_full,1,0.0,0.6731556256612142,71748.0,176374.0,-104626.0,P7_vs_full
MISTRAL,nhanes_laboratory.ins_j,v09_fk_plus_frequent_values,v01_full,v09_fk_plus_frequent_values vs v01_full,1,0.0,0.6903057893117269,71748.0,176374.0,-104626.0,P7_vs_full
MISTRAL,nhanes_laboratory.phthte_j,v09_fk_plus_frequent_values,v01_full,v09_fk_plus_frequent_values vs v01_full,1,0.0,0.662184496720632,71748.0,176374.0,-104626.0,P7_vs_full
MISTRAL,nhanes_laboratory.ssuvcm_j,v09_fk_plus_frequent_values,v01_full,v09_fk_plus_frequent_values vs v01_full,1,0.0,0.4980814456939697,71748.0,176374.0,-104626.0,P7_vs_full
MISTRAL,nhanes_laboratory.uio_j,v09_fk_plus_frequent_values,v01_full,v09_fk_plus_frequent_values vs v01_full,1,0.3333333333333333,0.5999897917111715,71748.0,176374.0,-104626.0,P7_vs_full
MISTRAL,nhanes_laboratory.vic_j,v09_fk_plus_frequent_values,v01_full,v09_fk_plus_frequent_values vs v01_full,1,0.6666666666666666,0.6666662494341532,71748.0,176374.0,-104626.0,P7_vs_full
MISTRAL,nhanes_laboratory.vid_j,v09_fk_plus_frequent_values,v01_full,v09_fk_plus_frequent_values vs v01_full,1,0.3333333333333333,0.602287749449412,71748.0,176374.0,-104626.0,P7_vs_full
MISTRAL,nhanes_questionnaire.alq_j,v09_fk_plus_frequent_values,v01_full,v09_fk_plus_frequent_values vs v01_full,1,0.0,0.25964484612147015,71748.0,176374.0,-104626.0,P7_vs_full
MISTRAL,nhanes_questionnaire.dpq_j,v09_fk_plus_frequent_values,v01_full,v09_fk_plus_frequent_values vs v01_full,1,1.0,0.9999992847442627,71748.0,176374.0,-104626.0,P7_vs_full
MISTRAL,nhanes_questionnaire.hsq_j,v09_fk_plus_frequent_values,v01_full,v09_fk_plus_frequent_values vs v01_full,1,0.0,0.7871408065160116,71748.0,176374.0,-104626.0,P7_vs_full
MISTRAL,nhanes_questionnaire.puqmec_j,v09_fk_plus_frequent_values,v01_full,v09_fk_plus_frequent_values vs v01_full,1,1.0,0.9999993046124777,71748.0,176374.0,-104626.0,P7_vs_full
MISTRAL,nhanes_questionnaire.smqshs_j,v09_fk_plus_frequent_values,v01_full,v09_fk_plus_frequent_values vs v01_full,1,0.0,0.6630998651186625,71748.0,176374.0,-104626.0,P7_vs_full
MISTRAL,nhanes_questionnaire.whq_j,v09_fk_plus_frequent_values,v01_full,v09_fk_plus_frequent_values vs v01_full,1,0.3333333333333333,0.5287618835767111,71748.0,176374.0,-104626.0,P7_vs_full
MISTRAL,nhanes_demographics.demo_j,v10_fk_plus_sample_and_frequent,v01_full,v10_fk_plus_sample_and_frequent vs v01_full,1,0.3333333333333333,0.5691609581311544,109764.0,176374.0,-66610.0,P7_vs_full
MISTRAL,nhanes_dietary.ds1tot_j,v10_fk_plus_sample_and_frequent,v01_full,v10_fk_plus_sample_and_frequent vs v01_full,1,0.6666666666666666,0.9383858243624369,109764.0,176374.0,-66610.0,P7_vs_full
MISTRAL,nhanes_dietary.ds2ids_j,v10_fk_plus_sample_and_frequent,v01_full,v10_fk_plus_sample_and_frequent vs v01_full,1,0.0,0.5190096894900004,109764.0,176374.0,-66610.0,P7_vs_full
MISTRAL,nhanes_dietary.ds2tot_j,v10_fk_plus_sample_and_frequent,v01_full,v10_fk_plus_sample_and_frequent vs v01_full,1,0.0,0.0,109764.0,176374.0,-66610.0,P7_vs_full
MISTRAL,nhanes_dietary.dsqids_j,v10_fk_plus_sample_and_frequent,v01_full,v10_fk_plus_sample_and_frequent vs v01_full,1,0.3333333333333333,0.7688754002253214,109764.0,176374.0,-66610.0,P7_vs_full
MISTRAL,nhanes_dietary.dsqtot_j,v10_fk_plus_sample_and_frequent,v01_full,v10_fk_plus_sample_and_frequent vs v01_full,1,0.0,0.6905514995257059,109764.0,176374.0,-66610.0,P7_vs_full
MISTRAL,nhanes_examination.bmx_j,v10_fk_plus_sample_and_frequent,v01_full,v10_fk_plus_sample_and_frequent vs v01_full,1,1.0,0.9999993046124777,109764.0,176374.0,-66610.0,P7_vs_full
MISTRAL,nhanes_examination.bpx_j,v10_fk_plus_sample_and_frequent,v01_full,v10_fk_plus_sample_and_frequent vs v01_full,1,0.3333333333333333,0.612172265847524,109764.0,176374.0,-66610.0,P7_vs_full
MISTRAL,nhanes_examination.bpxo_j,v10_fk_plus_sample_and_frequent,v01_full,v10_fk_plus_sample_and_frequent vs v01_full,1,0.0,0.0,109764.0,176374.0,-66610.0,P7_vs_full
MISTRAL,nhanes_laboratory.cbc_j,v10_fk_plus_sample_and_frequent,v01_full,v10_fk_plus_sample_and_frequent vs v01_full,1,0.6666666666666666,0.9509464899698893,109764.0,176374.0,-66610.0,P7_vs_full
MISTRAL,nhanes_laboratory.fastqx_j,v10_fk_plus_sample_and_frequent,v01_full,v10_fk_plus_sample_and_frequent vs v01_full,1,0.0,0.7410437266031901,109764.0,176374.0,-66610.0,P7_vs_full
MISTRAL,nhanes_laboratory.ghb_j,v10_fk_plus_sample_and_frequent,v01_full,v10_fk_plus_sample_and_frequent vs v01_full,1,0.0,0.43838320175806683,109764.0,176374.0,-66610.0,P7_vs_full
MISTRAL,nhanes_laboratory.hepa_j,v10_fk_plus_sample_and_frequent,v01_full,v10_fk_plus_sample_and_frequent vs v01_full,1,0.0,0.7268909215927124,109764.0,176374.0,-66610.0,P7_vs_full
MISTRAL,nhanes_laboratory.ins_j,v10_fk_plus_sample_and_frequent,v01_full,v10_fk_plus_sample_and_frequent vs v01_full,1,0.0,0.6959776282310486,109764.0,176374.0,-66610.0,P7_vs_full
MISTRAL,nhanes_laboratory.phthte_j,v10_fk_plus_sample_and_frequent,v01_full,v10_fk_plus_sample_and_frequent vs v01_full,1,0.6666666666666666,0.970044732093811,109764.0,176374.0,-66610.0,P7_vs_full
MISTRAL,nhanes_laboratory.ssuvcm_j,v10_fk_plus_sample_and_frequent,v01_full,v10_fk_plus_sample_and_frequent vs v01_full,1,0.3333333333333333,0.5251470406850179,109764.0,176374.0,-66610.0,P7_vs_full
MISTRAL,nhanes_laboratory.uio_j,v10_fk_plus_sample_and_frequent,v01_full,v10_fk_plus_sample_and_frequent vs v01_full,1,0.3333333333333333,0.8795357147852579,109764.0,176374.0,-66610.0,P7_vs_full
MISTRAL,nhanes_laboratory.vic_j,v10_fk_plus_sample_and_frequent,v01_full,v10_fk_plus_sample_and_frequent vs v01_full,1,0.3333333333333333,0.602287769317627,109764.0,176374.0,-66610.0,P7_vs_full
MISTRAL,nhanes_laboratory.vid_j,v10_fk_plus_sample_and_frequent,v01_full,v10_fk_plus_sample_and_frequent vs v01_full,1,0.6666666666666666,0.6666662494341532,109764.0,176374.0,-66610.0,P7_vs_full
MISTRAL,nhanes_questionnaire.alq_j,v10_fk_plus_sample_and_frequent,v01_full,v10_fk_plus_sample_and_frequent vs v01_full,1,0.0,0.5045389930407206,109764.0,176374.0,-66610.0,P7_vs_full
MISTRAL,nhanes_questionnaire.dpq_j,v10_fk_plus_sample_and_frequent,v01_full,v10_fk_plus_sample_and_frequent vs v01_full,1,0.0,0.7707299788792928,109764.0,176374.0,-66610.0,P7_vs_full
MISTRAL,nhanes_questionnaire.hsq_j,v10_fk_plus_sample_and_frequent,v01_full,v10_fk_plus_sample_and_frequent vs v01_full,1,0.0,0.5016690492630005,109764.0,176374.0,-66610.0,P7_vs_full
MISTRAL,nhanes_questionnaire.puqmec_j,v10_fk_plus_sample_and_frequent,v01_full,v10_fk_plus_sample_and_frequent vs v01_full,1,0.6666666666666666,0.9319474299748739,109764.0,176374.0,-66610.0,P7_vs_full
MISTRAL,nhanes_questionnaire.smqshs_j,v10_fk_plus_sample_and_frequent,v01_full,v10_fk_plus_sample_and_frequent vs v01_full,1,0.3333333333333333,0.8292736212412516,109764.0,176374.0,-66610.0,P7_vs_full
MISTRAL,nhanes_questionnaire.whq_j,v10_fk_plus_sample_and_frequent,v01_full,v10_fk_plus_sample_and_frequent vs v01_full,1,0.3333333333333333,0.3333330750465393,109764.0,176374.0,-66610.0,P7_vs_full
MISTRAL,nhanes_demographics.demo_j,v11_fk_plus_sample_rows,v01_full,v11_fk_plus_sample_rows vs v01_full,1,0.3333333333333333,0.5691609581311544,51143.0,176374.0,-125231.0,P7_vs_full
MISTRAL,nhanes_dietary.ds1tot_j,v11_fk_plus_sample_rows,v01_full,v11_fk_plus_sample_rows vs v01_full,1,0.0,0.4307570656140645,51143.0,176374.0,-125231.0,P7_vs_full
MISTRAL,nhanes_dietary.ds2ids_j,v11_fk_plus_sample_rows,v01_full,v11_fk_plus_sample_rows vs v01_full,1,0.0,0.4713701009750366,51143.0,176374.0,-125231.0,P7_vs_full
MISTRAL,nhanes_dietary.ds2tot_j,v11_fk_plus_sample_rows,v01_full,v11_fk_plus_sample_rows vs v01_full,1,0.0,0.0,51143.0,176374.0,-125231.0,P7_vs_full
MISTRAL,nhanes_dietary.dsqids_j,v11_fk_plus_sample_rows,v01_full,v11_fk_plus_sample_rows vs v01_full,1,0.3333333333333333,0.7190862894058228,51143.0,176374.0,-125231.0,P7_vs_full
MISTRAL,nhanes_dietary.dsqtot_j,v11_fk_plus_sample_rows,v01_full,v11_fk_plus_sample_rows vs v01_full,1,0.0,0.5926103194554647,51143.0,176374.0,-125231.0,P7_vs_full
MISTRAL,nhanes_examination.bmx_j,v11_fk_plus_sample_rows,v01_full,v11_fk_plus_sample_rows vs v01_full,1,0.6666666666666666,0.6666661699612936,51143.0,176374.0,-125231.0,P7_vs_full
MISTRAL,nhanes_examination.bpx_j,v11_fk_plus_sample_rows,v01_full,v11_fk_plus_sample_rows vs v01_full,1,0.3333333333333333,0.612172265847524,51143.0,176374.0,-125231.0,P7_vs_full
MISTRAL,nhanes_examination.bpxo_j,v11_fk_plus_sample_rows,v01_full,v11_fk_plus_sample_rows vs v01_full,1,0.0,0.6604328354199728,51143.0,176374.0,-125231.0,P7_vs_full
MISTRAL,nhanes_laboratory.cbc_j,v11_fk_plus_sample_rows,v01_full,v11_fk_plus_sample_rows vs v01_full,1,0.6666666666666666,0.9509464899698893,51143.0,176374.0,-125231.0,P7_vs_full
MISTRAL,nhanes_laboratory.fastqx_j,v11_fk_plus_sample_rows,v01_full,v11_fk_plus_sample_rows vs v01_full,1,0.0,0.4725854992866516,51143.0,176374.0,-125231.0,P7_vs_full
MISTRAL,nhanes_laboratory.ghb_j,v11_fk_plus_sample_rows,v01_full,v11_fk_plus_sample_rows vs v01_full,1,0.3333333333333333,0.7717894911766052,51143.0,176374.0,-125231.0,P7_vs_full
MISTRAL,nhanes_laboratory.hepa_j,v11_fk_plus_sample_rows,v01_full,v11_fk_plus_sample_rows vs v01_full,1,0.3333333333333333,0.7341232101122538,51143.0,176374.0,-125231.0,P7_vs_full
MISTRAL,nhanes_laboratory.ins_j,v11_fk_plus_sample_rows,v01_full,v11_fk_plus_sample_rows vs v01_full,1,0.0,0.4875865976015727,51143.0,176374.0,-125231.0,P7_vs_full
MISTRAL,nhanes_laboratory.phthte_j,v11_fk_plus_sample_rows,v01_full,v11_fk_plus_sample_rows vs v01_full,1,0.0,0.7493528525034586,51143.0,176374.0,-125231.0,P7_vs_full
MISTRAL,nhanes_laboratory.ssuvcm_j,v11_fk_plus_sample_rows,v01_full,v11_fk_plus_sample_rows vs v01_full,1,0.0,0.29905541737874347,51143.0,176374.0,-125231.0,P7_vs_full
MISTRAL,nhanes_laboratory.uio_j,v11_fk_plus_sample_rows,v01_full,v11_fk_plus_sample_rows vs v01_full,1,0.3333333333333333,0.7798760533332825,51143.0,176374.0,-125231.0,P7_vs_full
MISTRAL,nhanes_laboratory.vic_j,v11_fk_plus_sample_rows,v01_full,v11_fk_plus_sample_rows vs v01_full,1,0.6666666666666666,0.6666662494341532,51143.0,176374.0,-125231.0,P7_vs_full
MISTRAL,nhanes_laboratory.vid_j,v11_fk_plus_sample_rows,v01_full,v11_fk_plus_sample_rows vs v01_full,1,0.3333333333333333,0.602287749449412,51143.0,176374.0,-125231.0,P7_vs_full
MISTRAL,nhanes_questionnaire.alq_j,v11_fk_plus_sample_rows,v01_full,v11_fk_plus_sample_rows vs v01_full,1,0.0,0.4895225962003072,51143.0,176374.0,-125231.0,P7_vs_full
MISTRAL,nhanes_questionnaire.dpq_j,v11_fk_plus_sample_rows,v01_full,v11_fk_plus_sample_rows vs v01_full,1,0.3333333333333333,0.7893427610397339,51143.0,176374.0,-125231.0,P7_vs_full
MISTRAL,nhanes_questionnaire.hsq_j,v11_fk_plus_sample_rows,v01_full,v11_fk_plus_sample_rows vs v01_full,1,0.0,0.6804404656092325,51143.0,176374.0,-125231.0,P7_vs_full
MISTRAL,nhanes_questionnaire.puqmec_j,v11_fk_plus_sample_rows,v01_full,v11_fk_plus_sample_rows vs v01_full,1,0.3333333333333333,0.8107736110687256,51143.0,176374.0,-125231.0,P7_vs_full
MISTRAL,nhanes_questionnaire.smqshs_j,v11_fk_plus_sample_rows,v01_full,v11_fk_plus_sample_rows vs v01_full,1,0.0,0.7199408411979675,51143.0,176374.0,-125231.0,P7_vs_full
MISTRAL,nhanes_questionnaire.whq_j,v11_fk_plus_sample_rows,v01_full,v11_fk_plus_sample_rows vs v01_full,1,0.0,0.46150962511698407,51143.0,176374.0,-125231.0,P7_vs_full
MISTRAL,nhanes_demographics.demo_j,v12_nullable_plus_sample_values,v01_full,v12_nullable_plus_sample_values vs v01_full,1,0.3333333333333333,0.5691609581311544,76209.0,176374.0,-100165.0,P7_vs_full
MISTRAL,nhanes_dietary.ds1tot_j,v12_nullable_plus_sample_values,v01_full,v12_nullable_plus_sample_values vs v01_full,1,0.0,0.7160439689954122,76209.0,176374.0,-100165.0,P7_vs_full
MISTRAL,nhanes_dietary.ds2ids_j,v12_nullable_plus_sample_values,v01_full,v12_nullable_plus_sample_values vs v01_full,1,0.3333333333333333,0.619948128859202,76209.0,176374.0,-100165.0,P7_vs_full
MISTRAL,nhanes_dietary.ds2tot_j,v12_nullable_plus_sample_values,v01_full,v12_nullable_plus_sample_values vs v01_full,1,0.0,0.0,76209.0,176374.0,-100165.0,P7_vs_full
MISTRAL,nhanes_dietary.dsqids_j,v12_nullable_plus_sample_values,v01_full,v12_nullable_plus_sample_values vs v01_full,1,0.3333333333333333,0.7877117792765299,76209.0,176374.0,-100165.0,P7_vs_full
MISTRAL,nhanes_dietary.dsqtot_j,v12_nullable_plus_sample_values,v01_full,v12_nullable_plus_sample_values vs v01_full,1,0.3333333333333333,0.8637027343114217,76209.0,176374.0,-100165.0,P7_vs_full
MISTRAL,nhanes_examination.bmx_j,v12_nullable_plus_sample_values,v01_full,v12_nullable_plus_sample_values vs v01_full,1,1.0,0.9999993046124777,76209.0,176374.0,-100165.0,P7_vs_full
MISTRAL,nhanes_examination.bpx_j,v12_nullable_plus_sample_values,v01_full,v12_nullable_plus_sample_values vs v01_full,1,0.3333333333333333,0.612172265847524,76209.0,176374.0,-100165.0,P7_vs_full
MISTRAL,nhanes_examination.bpxo_j,v12_nullable_plus_sample_values,v01_full,v12_nullable_plus_sample_values vs v01_full,1,0.6666666666666666,0.9402133226394653,76209.0,176374.0,-100165.0,P7_vs_full
MISTRAL,nhanes_laboratory.cbc_j,v12_nullable_plus_sample_values,v01_full,v12_nullable_plus_sample_values vs v01_full,1,1.0,0.9999994436899821,76209.0,176374.0,-100165.0,P7_vs_full
MISTRAL,nhanes_laboratory.fastqx_j,v12_nullable_plus_sample_values,v01_full,v12_nullable_plus_sample_values vs v01_full,1,0.0,0.5090690652529398,76209.0,176374.0,-100165.0,P7_vs_full
MISTRAL,nhanes_laboratory.ghb_j,v12_nullable_plus_sample_values,v01_full,v12_nullable_plus_sample_values vs v01_full,1,0.0,0.7016717394193014,76209.0,176374.0,-100165.0,P7_vs_full
MISTRAL,nhanes_laboratory.hepa_j,v12_nullable_plus_sample_values,v01_full,v12_nullable_plus_sample_values vs v01_full,1,0.3333333333333333,0.565652052561442,76209.0,176374.0,-100165.0,P7_vs_full
MISTRAL,nhanes_laboratory.ins_j,v12_nullable_plus_sample_values,v01_full,v12_nullable_plus_sample_values vs v01_full,1,0.6666666666666666,0.9396261771519979,76209.0,176374.0,-100165.0,P7_vs_full
MISTRAL,nhanes_laboratory.phthte_j,v12_nullable_plus_sample_values,v01_full,v12_nullable_plus_sample_values vs v01_full,1,0.0,0.7513766090075175,76209.0,176374.0,-100165.0,P7_vs_full
MISTRAL,nhanes_laboratory.ssuvcm_j,v12_nullable_plus_sample_values,v01_full,v12_nullable_plus_sample_values vs v01_full,1,0.0,0.6861867507298788,76209.0,176374.0,-100165.0,P7_vs_full
MISTRAL,nhanes_laboratory.uio_j,v12_nullable_plus_sample_values,v01_full,v12_nullable_plus_sample_values vs v01_full,1,0.3333333333333333,0.8795357147852579,76209.0,176374.0,-100165.0,P7_vs_full
MISTRAL,nhanes_laboratory.vic_j,v12_nullable_plus_sample_values,v01_full,v12_nullable_plus_sample_values vs v01_full,1,0.3333333333333333,0.602287769317627,76209.0,176374.0,-100165.0,P7_vs_full
MISTRAL,nhanes_laboratory.vid_j,v12_nullable_plus_sample_values,v01_full,v12_nullable_plus_sample_values vs v01_full,1,0.3333333333333333,0.602287749449412,76209.0,176374.0,-100165.0,P7_vs_full
MISTRAL,nhanes_questionnaire.alq_j,v12_nullable_plus_sample_values,v01_full,v12_nullable_plus_sample_values vs v01_full,1,0.0,0.4895225962003072,76209.0,176374.0,-100165.0,P7_vs_full
MISTRAL,nhanes_questionnaire.dpq_j,v12_nullable_plus_sample_values,v01_full,v12_nullable_plus_sample_values vs v01_full,1,0.3333333333333333,0.7893427610397339,76209.0,176374.0,-100165.0,P7_vs_full
MISTRAL,nhanes_questionnaire.hsq_j,v12_nullable_plus_sample_values,v01_full,v12_nullable_plus_sample_values vs v01_full,1,0.0,0.627372165520986,76209.0,176374.0,-100165.0,P7_vs_full
MISTRAL,nhanes_questionnaire.puqmec_j,v12_nullable_plus_sample_values,v01_full,v12_nullable_plus_sample_values vs v01_full,1,0.6666666666666666,0.9319474299748739,76209.0,176374.0,-100165.0,P7_vs_full
MISTRAL,nhanes_questionnaire.smqshs_j,v12_nullable_plus_sample_values,v01_full,v12_nullable_plus_sample_values vs v01_full,1,0.6666666666666666,0.8350692590077718,76209.0,176374.0,-100165.0,P7_vs_full
MISTRAL,nhanes_questionnaire.whq_j,v12_nullable_plus_sample_values,v01_full,v12_nullable_plus_sample_values vs v01_full,1,0.6666666666666666,0.666666050752004,76209.0,176374.0,-100165.0,P7_vs_full
MISTRAL,nhanes_demographics.demo_j,v13_nullable_plus_frequent_values,v01_full,v13_nullable_plus_frequent_values vs v01_full,1,0.3333333333333333,0.5924144387245178,74363.0,176374.0,-102011.0,P7_vs_full
MISTRAL,nhanes_dietary.ds1tot_j,v13_nullable_plus_frequent_values,v01_full,v13_nullable_plus_frequent_values vs v01_full,1,0.3333333333333333,0.8767480055491129,74363.0,176374.0,-102011.0,P7_vs_full
MISTRAL,nhanes_dietary.ds2ids_j,v13_nullable_plus_frequent_values,v01_full,v13_nullable_plus_frequent_values vs v01_full,1,1.0,0.9999993443489075,74363.0,176374.0,-102011.0,P7_vs_full
MISTRAL,nhanes_dietary.ds2tot_j,v13_nullable_plus_frequent_values,v01_full,v13_nullable_plus_frequent_values vs v01_full,1,0.0,0.0,74363.0,176374.0,-102011.0,P7_vs_full
MISTRAL,nhanes_dietary.dsqids_j,v13_nullable_plus_frequent_values,v01_full,v13_nullable_plus_frequent_values vs v01_full,1,0.3333333333333333,0.5471416314442953,74363.0,176374.0,-102011.0,P7_vs_full
MISTRAL,nhanes_dietary.dsqtot_j,v13_nullable_plus_frequent_values,v01_full,v13_nullable_plus_frequent_values vs v01_full,1,0.0,0.6525303324063619,74363.0,176374.0,-102011.0,P7_vs_full
MISTRAL,nhanes_examination.bmx_j,v13_nullable_plus_frequent_values,v01_full,v13_nullable_plus_frequent_values vs v01_full,1,0.6666666666666666,0.6666661699612936,74363.0,176374.0,-102011.0,P7_vs_full
MISTRAL,nhanes_examination.bpx_j,v13_nullable_plus_frequent_values,v01_full,v13_nullable_plus_frequent_values vs v01_full,1,0.3333333333333333,0.612172265847524,74363.0,176374.0,-102011.0,P7_vs_full
MISTRAL,nhanes_examination.bpxo_j,v13_nullable_plus_frequent_values,v01_full,v13_nullable_plus_frequent_values vs v01_full,1,0.6666666666666666,0.6666662096977234,74363.0,176374.0,-102011.0,P7_vs_full
MISTRAL,nhanes_laboratory.cbc_j,v13_nullable_plus_frequent_values,v01_full,v13_nullable_plus_frequent_values vs v01_full,1,0.6666666666666666,0.9509464899698893,74363.0,176374.0,-102011.0,P7_vs_full
MISTRAL,nhanes_laboratory.fastqx_j,v13_nullable_plus_frequent_values,v01_full,v13_nullable_plus_frequent_values vs v01_full,1,0.3333333333333333,0.8138504227002462,74363.0,176374.0,-102011.0,P7_vs_full
MISTRAL,nhanes_laboratory.ghb_j,v13_nullable_plus_frequent_values,v01_full,v13_nullable_plus_frequent_values vs v01_full,1,0.3333333333333333,0.8222592274347941,74363.0,176374.0,-102011.0,P7_vs_full
MISTRAL,nhanes_laboratory.hepa_j,v13_nullable_plus_frequent_values,v01_full,v13_nullable_plus_frequent_values vs v01_full,1,0.0,0.6597843964894613,74363.0,176374.0,-102011.0,P7_vs_full
MISTRAL,nhanes_laboratory.ins_j,v13_nullable_plus_frequent_values,v01_full,v13_nullable_plus_frequent_values vs v01_full,1,0.0,0.5173252820968628,74363.0,176374.0,-102011.0,P7_vs_full
MISTRAL,nhanes_laboratory.phthte_j,v13_nullable_plus_frequent_values,v01_full,v13_nullable_plus_frequent_values vs v01_full,1,0.0,0.6407072941462199,74363.0,176374.0,-102011.0,P7_vs_full
MISTRAL,nhanes_laboratory.ssuvcm_j,v13_nullable_plus_frequent_values,v01_full,v13_nullable_plus_frequent_values vs v01_full,1,0.0,0.20966430505116782,74363.0,176374.0,-102011.0,P7_vs_full
MISTRAL,nhanes_laboratory.uio_j,v13_nullable_plus_frequent_values,v01_full,v13_nullable_plus_frequent_values vs v01_full,1,0.3333333333333333,0.5999897917111715,74363.0,176374.0,-102011.0,P7_vs_full
MISTRAL,nhanes_laboratory.vic_j,v13_nullable_plus_frequent_values,v01_full,v13_nullable_plus_frequent_values vs v01_full,1,0.6666666666666666,0.6666662494341532,74363.0,176374.0,-102011.0,P7_vs_full
MISTRAL,nhanes_laboratory.vid_j,v13_nullable_plus_frequent_values,v01_full,v13_nullable_plus_frequent_values vs v01_full,1,0.3333333333333333,0.602287749449412,74363.0,176374.0,-102011.0,P7_vs_full
MISTRAL,nhanes_questionnaire.alq_j,v13_nullable_plus_frequent_values,v01_full,v13_nullable_plus_frequent_values vs v01_full,1,0.0,0.25964484612147015,74363.0,176374.0,-102011.0,P7_vs_full
MISTRAL,nhanes_questionnaire.dpq_j,v13_nullable_plus_frequent_values,v01_full,v13_nullable_plus_frequent_values vs v01_full,1,1.0,0.9999992847442627,74363.0,176374.0,-102011.0,P7_vs_full
MISTRAL,nhanes_questionnaire.hsq_j,v13_nullable_plus_frequent_values,v01_full,v13_nullable_plus_frequent_values vs v01_full,1,0.0,0.5016690492630005,74363.0,176374.0,-102011.0,P7_vs_full
MISTRAL,nhanes_questionnaire.puqmec_j,v13_nullable_plus_frequent_values,v01_full,v13_nullable_plus_frequent_values vs v01_full,1,0.0,0.6123091181119283,74363.0,176374.0,-102011.0,P7_vs_full
MISTRAL,nhanes_questionnaire.smqshs_j,v13_nullable_plus_frequent_values,v01_full,v13_nullable_plus_frequent_values vs v01_full,1,0.3333333333333333,0.8024465839068095,74363.0,176374.0,-102011.0,P7_vs_full
MISTRAL,nhanes_questionnaire.whq_j,v13_nullable_plus_frequent_values,v01_full,v13_nullable_plus_frequent_values vs v01_full,1,0.0,0.7220635612805685,74363.0,176374.0,-102011.0,P7_vs_full
MISTRAL,nhanes_demographics.demo_j,v14_nullable_plus_numeric_stats,v01_full,v14_nullable_plus_numeric_stats vs v01_full,1,0.3333333333333333,0.5924144387245178,73687.0,176374.0,-102687.0,P7_vs_full
MISTRAL,nhanes_dietary.ds1tot_j,v14_nullable_plus_numeric_stats,v01_full,v14_nullable_plus_numeric_stats vs v01_full,1,0.0,0.6990136106808981,73687.0,176374.0,-102687.0,P7_vs_full
MISTRAL,nhanes_dietary.ds2ids_j,v14_nullable_plus_numeric_stats,v01_full,v14_nullable_plus_numeric_stats vs v01_full,1,0.0,0.6701774994532267,73687.0,176374.0,-102687.0,P7_vs_full
MISTRAL,nhanes_dietary.ds2tot_j,v14_nullable_plus_numeric_stats,v01_full,v14_nullable_plus_numeric_stats vs v01_full,1,0.0,0.0,73687.0,176374.0,-102687.0,P7_vs_full
MISTRAL,nhanes_dietary.dsqids_j,v14_nullable_plus_numeric_stats,v01_full,v14_nullable_plus_numeric_stats vs v01_full,1,0.0,0.6815078059832255,73687.0,176374.0,-102687.0,P7_vs_full
MISTRAL,nhanes_dietary.dsqtot_j,v14_nullable_plus_numeric_stats,v01_full,v14_nullable_plus_numeric_stats vs v01_full,1,0.3333333333333333,0.7973699967066447,73687.0,176374.0,-102687.0,P7_vs_full
MISTRAL,nhanes_examination.bmx_j,v14_nullable_plus_numeric_stats,v01_full,v14_nullable_plus_numeric_stats vs v01_full,1,1.0,0.9999993046124777,73687.0,176374.0,-102687.0,P7_vs_full
MISTRAL,nhanes_examination.bpx_j,v14_nullable_plus_numeric_stats,v01_full,v14_nullable_plus_numeric_stats vs v01_full,1,0.3333333333333333,0.612172265847524,73687.0,176374.0,-102687.0,P7_vs_full
MISTRAL,nhanes_examination.bpxo_j,v14_nullable_plus_numeric_stats,v01_full,v14_nullable_plus_numeric_stats vs v01_full,1,0.6666666666666666,0.8396316965421041,73687.0,176374.0,-102687.0,P7_vs_full
MISTRAL,nhanes_laboratory.cbc_j,v14_nullable_plus_numeric_stats,v01_full,v14_nullable_plus_numeric_stats vs v01_full,1,1.0,0.9999994436899821,73687.0,176374.0,-102687.0,P7_vs_full
MISTRAL,nhanes_laboratory.fastqx_j,v14_nullable_plus_numeric_stats,v01_full,v14_nullable_plus_numeric_stats vs v01_full,1,0.0,0.4979904095331828,73687.0,176374.0,-102687.0,P7_vs_full
MISTRAL,nhanes_laboratory.ghb_j,v14_nullable_plus_numeric_stats,v01_full,v14_nullable_plus_numeric_stats vs v01_full,1,1.0,0.9999993642171224,73687.0,176374.0,-102687.0,P7_vs_full
MISTRAL,nhanes_laboratory.hepa_j,v14_nullable_plus_numeric_stats,v01_full,v14_nullable_plus_numeric_stats vs v01_full,1,0.0,0.4473757743835449,73687.0,176374.0,-102687.0,P7_vs_full
MISTRAL,nhanes_laboratory.ins_j,v14_nullable_plus_numeric_stats,v01_full,v14_nullable_plus_numeric_stats vs v01_full,1,0.0,0.520628829797109,73687.0,176374.0,-102687.0,P7_vs_full
MISTRAL,nhanes_laboratory.phthte_j,v14_nullable_plus_numeric_stats,v01_full,v14_nullable_plus_numeric_stats vs v01_full,1,0.0,0.5076116522153219,73687.0,176374.0,-102687.0,P7_vs_full
MISTRAL,nhanes_laboratory.ssuvcm_j,v14_nullable_plus_numeric_stats,v01_full,v14_nullable_plus_numeric_stats vs v01_full,1,0.0,0.17299580574035645,73687.0,176374.0,-102687.0,P7_vs_full
MISTRAL,nhanes_laboratory.uio_j,v14_nullable_plus_numeric_stats,v01_full,v14_nullable_plus_numeric_stats vs v01_full,1,0.0,0.4947087566057841,73687.0,176374.0,-102687.0,P7_vs_full
MISTRAL,nhanes_laboratory.vic_j,v14_nullable_plus_numeric_stats,v01_full,v14_nullable_plus_numeric_stats vs v01_full,1,0.6666666666666666,0.8752582867940267,73687.0,176374.0,-102687.0,P7_vs_full
MISTRAL,nhanes_laboratory.vid_j,v14_nullable_plus_numeric_stats,v01_full,v14_nullable_plus_numeric_stats vs v01_full,1,0.3333333333333333,0.602287749449412,73687.0,176374.0,-102687.0,P7_vs_full
MISTRAL,nhanes_questionnaire.alq_j,v14_nullable_plus_numeric_stats,v01_full,v14_nullable_plus_numeric_stats vs v01_full,1,0.0,0.25964484612147015,73687.0,176374.0,-102687.0,P7_vs_full
MISTRAL,nhanes_questionnaire.dpq_j,v14_nullable_plus_numeric_stats,v01_full,v14_nullable_plus_numeric_stats vs v01_full,1,0.0,0.6668400764465332,73687.0,176374.0,-102687.0,P7_vs_full
MISTRAL,nhanes_questionnaire.hsq_j,v14_nullable_plus_numeric_stats,v01_full,v14_nullable_plus_numeric_stats vs v01_full,1,0.0,0.5096119244893392,73687.0,176374.0,-102687.0,P7_vs_full
MISTRAL,nhanes_questionnaire.puqmec_j,v14_nullable_plus_numeric_stats,v01_full,v14_nullable_plus_numeric_stats vs v01_full,1,1.0,0.9999993046124777,73687.0,176374.0,-102687.0,P7_vs_full
MISTRAL,nhanes_questionnaire.smqshs_j,v14_nullable_plus_numeric_stats,v01_full,v14_nullable_plus_numeric_stats vs v01_full,1,0.0,0.7037663459777832,73687.0,176374.0,-102687.0,P7_vs_full
MISTRAL,nhanes_questionnaire.whq_j,v14_nullable_plus_numeric_stats,v01_full,v14_nullable_plus_numeric_stats vs v01_full,1,0.0,0.7680040995279948,73687.0,176374.0,-102687.0,P7_vs_full
MISTRAL,nhanes_demographics.demo_j,v15_sample_rows_vs_sample_values,v01_full,v15_sample_rows_vs_sample_values vs v01_full,1,0.3333333333333333,0.5691609581311544,91301.0,176374.0,-85073.0,P7_vs_full
MISTRAL,nhanes_dietary.ds1tot_j,v15_sample_rows_vs_sample_values,v01_full,v15_sample_rows_vs_sample_values vs v01_full,1,0.0,0.6673533121744791,91301.0,176374.0,-85073.0,P7_vs_full
MISTRAL,nhanes_dietary.ds2ids_j,v15_sample_rows_vs_sample_values,v01_full,v15_sample_rows_vs_sample_values vs v01_full,1,0.3333333333333333,0.8503333131472269,91301.0,176374.0,-85073.0,P7_vs_full
MISTRAL,nhanes_dietary.ds2tot_j,v15_sample_rows_vs_sample_values,v01_full,v15_sample_rows_vs_sample_values vs v01_full,1,0.0,0.0,91301.0,176374.0,-85073.0,P7_vs_full
MISTRAL,nhanes_dietary.dsqids_j,v15_sample_rows_vs_sample_values,v01_full,v15_sample_rows_vs_sample_values vs v01_full,1,0.3333333333333333,0.8604071736335754,91301.0,176374.0,-85073.0,P7_vs_full
MISTRAL,nhanes_dietary.dsqtot_j,v15_sample_rows_vs_sample_values,v01_full,v15_sample_rows_vs_sample_values vs v01_full,1,0.3333333333333333,0.7882269223531088,91301.0,176374.0,-85073.0,P7_vs_full
MISTRAL,nhanes_examination.bmx_j,v15_sample_rows_vs_sample_values,v01_full,v15_sample_rows_vs_sample_values vs v01_full,1,1.0,0.9999993046124777,91301.0,176374.0,-85073.0,P7_vs_full
MISTRAL,nhanes_examination.bpx_j,v15_sample_rows_vs_sample_values,v01_full,v15_sample_rows_vs_sample_values vs v01_full,1,0.0,0.0,91301.0,176374.0,-85073.0,P7_vs_full
MISTRAL,nhanes_examination.bpxo_j,v15_sample_rows_vs_sample_values,v01_full,v15_sample_rows_vs_sample_values vs v01_full,1,0.0,0.47743197282155353,91301.0,176374.0,-85073.0,P7_vs_full
MISTRAL,nhanes_laboratory.cbc_j,v15_sample_rows_vs_sample_values,v01_full,v15_sample_rows_vs_sample_values vs v01_full,1,0.6666666666666666,0.9130492409070333,91301.0,176374.0,-85073.0,P7_vs_full
MISTRAL,nhanes_laboratory.fastqx_j,v15_sample_rows_vs_sample_values,v01_full,v15_sample_rows_vs_sample_values vs v01_full,1,0.0,0.7157020370165507,91301.0,176374.0,-85073.0,P7_vs_full
MISTRAL,nhanes_laboratory.ghb_j,v15_sample_rows_vs_sample_values,v01_full,v15_sample_rows_vs_sample_values vs v01_full,1,0.0,0.6891679962476095,91301.0,176374.0,-85073.0,P7_vs_full
MISTRAL,nhanes_laboratory.hepa_j,v15_sample_rows_vs_sample_values,v01_full,v15_sample_rows_vs_sample_values vs v01_full,1,0.3333333333333333,0.565652052561442,91301.0,176374.0,-85073.0,P7_vs_full
MISTRAL,nhanes_laboratory.ins_j,v15_sample_rows_vs_sample_values,v01_full,v15_sample_rows_vs_sample_values vs v01_full,1,0.6666666666666666,0.9396261771519979,91301.0,176374.0,-85073.0,P7_vs_full
MISTRAL,nhanes_laboratory.phthte_j,v15_sample_rows_vs_sample_values,v01_full,v15_sample_rows_vs_sample_values vs v01_full,1,0.0,0.6667043566703796,91301.0,176374.0,-85073.0,P7_vs_full
MISTRAL,nhanes_laboratory.ssuvcm_j,v15_sample_rows_vs_sample_values,v01_full,v15_sample_rows_vs_sample_values vs v01_full,1,0.0,0.4930221239725749,91301.0,176374.0,-85073.0,P7_vs_full
MISTRAL,nhanes_laboratory.uio_j,v15_sample_rows_vs_sample_values,v01_full,v15_sample_rows_vs_sample_values vs v01_full,1,0.3333333333333333,0.8795357147852579,91301.0,176374.0,-85073.0,P7_vs_full
MISTRAL,nhanes_laboratory.vic_j,v15_sample_rows_vs_sample_values,v01_full,v15_sample_rows_vs_sample_values vs v01_full,1,0.6666666666666666,0.6666662494341532,91301.0,176374.0,-85073.0,P7_vs_full
MISTRAL,nhanes_laboratory.vid_j,v15_sample_rows_vs_sample_values,v01_full,v15_sample_rows_vs_sample_values vs v01_full,1,0.3333333333333333,0.564893901348114,91301.0,176374.0,-85073.0,P7_vs_full
MISTRAL,nhanes_questionnaire.alq_j,v15_sample_rows_vs_sample_values,v01_full,v15_sample_rows_vs_sample_values vs v01_full,1,0.3333333333333333,0.5929780602455139,91301.0,176374.0,-85073.0,P7_vs_full
MISTRAL,nhanes_questionnaire.dpq_j,v15_sample_rows_vs_sample_values,v01_full,v15_sample_rows_vs_sample_values vs v01_full,1,0.0,0.6593942840894064,91301.0,176374.0,-85073.0,P7_vs_full
MISTRAL,nhanes_questionnaire.hsq_j,v15_sample_rows_vs_sample_values,v01_full,v15_sample_rows_vs_sample_values vs v01_full,1,0.0,0.4609784086545308,91301.0,176374.0,-85073.0,P7_vs_full
MISTRAL,nhanes_questionnaire.puqmec_j,v15_sample_rows_vs_sample_values,v01_full,v15_sample_rows_vs_sample_values vs v01_full,1,1.0,0.9999993046124777,91301.0,176374.0,-85073.0,P7_vs_full
MISTRAL,nhanes_questionnaire.smqshs_j,v15_sample_rows_vs_sample_values,v01_full,v15_sample_rows_vs_sample_values vs v01_full,1,0.6666666666666666,0.8350692590077718,91301.0,176374.0,-85073.0,P7_vs_full
MISTRAL,nhanes_questionnaire.whq_j,v15_sample_rows_vs_sample_values,v01_full,v15_sample_rows_vs_sample_values vs v01_full,1,0.3333333333333333,0.3333330750465393,91301.0,176374.0,-85073.0,P7_vs_full
MISTRAL,nhanes_demographics.demo_j,v16_sample_rows_vs_frequent_values,v01_full,v16_sample_rows_vs_frequent_values vs v01_full,1,0.3333333333333333,0.5691609581311544,91725.0,176374.0,-84649.0,P7_vs_full
MISTRAL,nhanes_dietary.ds1tot_j,v16_sample_rows_vs_frequent_values,v01_full,v16_sample_rows_vs_frequent_values vs v01_full,1,0.0,0.6695196032524109,91725.0,176374.0,-84649.0,P7_vs_full
MISTRAL,nhanes_dietary.ds2ids_j,v16_sample_rows_vs_frequent_values,v01_full,v16_sample_rows_vs_frequent_values vs v01_full,1,0.6666666666666666,0.8921271165211996,91725.0,176374.0,-84649.0,P7_vs_full
MISTRAL,nhanes_dietary.ds2tot_j,v16_sample_rows_vs_frequent_values,v01_full,v16_sample_rows_vs_frequent_values vs v01_full,1,0.0,0.0,91725.0,176374.0,-84649.0,P7_vs_full
MISTRAL,nhanes_dietary.dsqids_j,v16_sample_rows_vs_frequent_values,v01_full,v16_sample_rows_vs_frequent_values vs v01_full,1,0.3333333333333333,0.7548320889472961,91725.0,176374.0,-84649.0,P7_vs_full
MISTRAL,nhanes_dietary.dsqtot_j,v16_sample_rows_vs_frequent_values,v01_full,v16_sample_rows_vs_frequent_values vs v01_full,1,0.3333333333333333,0.7882269223531088,91725.0,176374.0,-84649.0,P7_vs_full
MISTRAL,nhanes_examination.bmx_j,v16_sample_rows_vs_frequent_values,v01_full,v16_sample_rows_vs_frequent_values vs v01_full,1,0.6666666666666666,0.6666661699612936,91725.0,176374.0,-84649.0,P7_vs_full
MISTRAL,nhanes_examination.bpx_j,v16_sample_rows_vs_frequent_values,v01_full,v16_sample_rows_vs_frequent_values vs v01_full,1,0.3333333333333333,0.612172265847524,91725.0,176374.0,-84649.0,P7_vs_full
MISTRAL,nhanes_examination.bpxo_j,v16_sample_rows_vs_frequent_values,v01_full,v16_sample_rows_vs_frequent_values vs v01_full,1,0.0,0.27883915106455487,91725.0,176374.0,-84649.0,P7_vs_full
MISTRAL,nhanes_laboratory.cbc_j,v16_sample_rows_vs_frequent_values,v01_full,v16_sample_rows_vs_frequent_values vs v01_full,1,1.0,0.9999994436899821,91725.0,176374.0,-84649.0,P7_vs_full
MISTRAL,nhanes_laboratory.fastqx_j,v16_sample_rows_vs_frequent_values,v01_full,v16_sample_rows_vs_frequent_values vs v01_full,1,0.0,0.46798276901245117,91725.0,176374.0,-84649.0,P7_vs_full
MISTRAL,nhanes_laboratory.ghb_j,v16_sample_rows_vs_frequent_values,v01_full,v16_sample_rows_vs_frequent_values vs v01_full,1,0.0,0.0,91725.0,176374.0,-84649.0,P7_vs_full
MISTRAL,nhanes_laboratory.hepa_j,v16_sample_rows_vs_frequent_values,v01_full,v16_sample_rows_vs_frequent_values vs v01_full,1,0.0,0.6872646808624268,91725.0,176374.0,-84649.0,P7_vs_full
MISTRAL,nhanes_laboratory.ins_j,v16_sample_rows_vs_frequent_values,v01_full,v16_sample_rows_vs_frequent_values vs v01_full,1,0.0,0.520628829797109,91725.0,176374.0,-84649.0,P7_vs_full
MISTRAL,nhanes_laboratory.phthte_j,v16_sample_rows_vs_frequent_values,v01_full,v16_sample_rows_vs_frequent_values vs v01_full,1,0.0,0.5288016001383463,91725.0,176374.0,-84649.0,P7_vs_full
MISTRAL,nhanes_laboratory.ssuvcm_j,v16_sample_rows_vs_frequent_values,v01_full,v16_sample_rows_vs_frequent_values vs v01_full,1,0.0,0.1688114802042643,91725.0,176374.0,-84649.0,P7_vs_full
MISTRAL,nhanes_laboratory.uio_j,v16_sample_rows_vs_frequent_values,v01_full,v16_sample_rows_vs_frequent_values vs v01_full,1,0.3333333333333333,0.8795357147852579,91725.0,176374.0,-84649.0,P7_vs_full
MISTRAL,nhanes_laboratory.vic_j,v16_sample_rows_vs_frequent_values,v01_full,v16_sample_rows_vs_frequent_values vs v01_full,1,0.3333333333333333,0.714525063832601,91725.0,176374.0,-84649.0,P7_vs_full
MISTRAL,nhanes_laboratory.vid_j,v16_sample_rows_vs_frequent_values,v01_full,v16_sample_rows_vs_frequent_values vs v01_full,1,0.3333333333333333,0.8578304648399353,91725.0,176374.0,-84649.0,P7_vs_full
MISTRAL,nhanes_questionnaire.alq_j,v16_sample_rows_vs_frequent_values,v01_full,v16_sample_rows_vs_frequent_values vs v01_full,1,0.3333333333333333,0.5929780602455139,91725.0,176374.0,-84649.0,P7_vs_full
MISTRAL,nhanes_questionnaire.dpq_j,v16_sample_rows_vs_frequent_values,v01_full,v16_sample_rows_vs_frequent_values vs v01_full,1,0.0,0.7568479577700297,91725.0,176374.0,-84649.0,P7_vs_full
MISTRAL,nhanes_questionnaire.hsq_j,v16_sample_rows_vs_frequent_values,v01_full,v16_sample_rows_vs_frequent_values vs v01_full,1,0.0,0.5016690492630005,91725.0,176374.0,-84649.0,P7_vs_full
MISTRAL,nhanes_questionnaire.puqmec_j,v16_sample_rows_vs_frequent_values,v01_full,v16_sample_rows_vs_frequent_values vs v01_full,1,0.3333333333333333,0.8372902274131775,91725.0,176374.0,-84649.0,P7_vs_full
MISTRAL,nhanes_questionnaire.smqshs_j,v16_sample_rows_vs_frequent_values,v01_full,v16_sample_rows_vs_frequent_values vs v01_full,1,0.3333333333333333,0.8024465839068095,91725.0,176374.0,-84649.0,P7_vs_full
MISTRAL,nhanes_questionnaire.whq_j,v16_sample_rows_vs_frequent_values,v01_full,v16_sample_rows_vs_frequent_values vs v01_full,1,0.3333333333333333,0.5649648507436117,91725.0,176374.0,-84649.0,P7_vs_full
MISTRAL,nhanes_demographics.demo_j,v17_sample_rows_plus_both_values,v01_full,v17_sample_rows_plus_both_values vs v01_full,1,0.3333333333333333,0.5691609581311544,128046.0,176374.0,-48328.0,P7_vs_full
MISTRAL,nhanes_dietary.ds1tot_j,v17_sample_rows_plus_both_values,v01_full,v17_sample_rows_plus_both_values vs v01_full,1,0.6666666666666666,0.9383858243624369,128046.0,176374.0,-48328.0,P7_vs_full
MISTRAL,nhanes_dietary.ds2ids_j,v17_sample_rows_plus_both_values,v01_full,v17_sample_rows_plus_both_values vs v01_full,1,1.0,0.9999993443489075,128046.0,176374.0,-48328.0,P7_vs_full
MISTRAL,nhanes_dietary.ds2tot_j,v17_sample_rows_plus_both_values,v01_full,v17_sample_rows_plus_both_values vs v01_full,1,0.0,0.0,128046.0,176374.0,-48328.0,P7_vs_full
MISTRAL,nhanes_dietary.dsqids_j,v17_sample_rows_plus_both_values,v01_full,v17_sample_rows_plus_both_values vs v01_full,1,0.3333333333333333,0.8268232345581055,128046.0,176374.0,-48328.0,P7_vs_full
MISTRAL,nhanes_dietary.dsqtot_j,v17_sample_rows_plus_both_values,v01_full,v17_sample_rows_plus_both_values vs v01_full,1,0.0,0.6068277557690939,128046.0,176374.0,-48328.0,P7_vs_full
MISTRAL,nhanes_examination.bmx_j,v17_sample_rows_plus_both_values,v01_full,v17_sample_rows_plus_both_values vs v01_full,1,0.6666666666666666,0.6666661699612936,128046.0,176374.0,-48328.0,P7_vs_full
MISTRAL,nhanes_examination.bpx_j,v17_sample_rows_plus_both_values,v01_full,v17_sample_rows_plus_both_values vs v01_full,1,0.3333333333333333,0.612172265847524,128046.0,176374.0,-48328.0,P7_vs_full
MISTRAL,nhanes_examination.bpxo_j,v17_sample_rows_plus_both_values,v01_full,v17_sample_rows_plus_both_values vs v01_full,1,0.0,0.5177413622538248,128046.0,176374.0,-48328.0,P7_vs_full
MISTRAL,nhanes_laboratory.cbc_j,v17_sample_rows_plus_both_values,v01_full,v17_sample_rows_plus_both_values vs v01_full,1,1.0,0.9999994436899821,128046.0,176374.0,-48328.0,P7_vs_full
MISTRAL,nhanes_laboratory.fastqx_j,v17_sample_rows_plus_both_values,v01_full,v17_sample_rows_plus_both_values vs v01_full,1,0.0,0.5090690652529398,128046.0,176374.0,-48328.0,P7_vs_full
MISTRAL,nhanes_laboratory.ghb_j,v17_sample_rows_plus_both_values,v01_full,v17_sample_rows_plus_both_values vs v01_full,1,0.0,0.6891679962476095,128046.0,176374.0,-48328.0,P7_vs_full
MISTRAL,nhanes_laboratory.hepa_j,v17_sample_rows_plus_both_values,v01_full,v17_sample_rows_plus_both_values vs v01_full,1,0.3333333333333333,0.7341232101122538,128046.0,176374.0,-48328.0,P7_vs_full
MISTRAL,nhanes_laboratory.ins_j,v17_sample_rows_plus_both_values,v01_full,v17_sample_rows_plus_both_values vs v01_full,1,0.0,0.5094258785247803,128046.0,176374.0,-48328.0,P7_vs_full
MISTRAL,nhanes_laboratory.phthte_j,v17_sample_rows_plus_both_values,v01_full,v17_sample_rows_plus_both_values vs v01_full,1,0.0,0.5875715812047323,128046.0,176374.0,-48328.0,P7_vs_full
MISTRAL,nhanes_laboratory.ssuvcm_j,v17_sample_rows_plus_both_values,v01_full,v17_sample_rows_plus_both_values vs v01_full,1,0.3333333333333333,0.5349425474802653,128046.0,176374.0,-48328.0,P7_vs_full
MISTRAL,nhanes_laboratory.uio_j,v17_sample_rows_plus_both_values,v01_full,v17_sample_rows_plus_both_values vs v01_full,1,0.0,0.7456076343854269,128046.0,176374.0,-48328.0,P7_vs_full
MISTRAL,nhanes_laboratory.vic_j,v17_sample_rows_plus_both_values,v01_full,v17_sample_rows_plus_both_values vs v01_full,1,0.6666666666666666,0.6666662494341532,128046.0,176374.0,-48328.0,P7_vs_full
MISTRAL,nhanes_laboratory.vid_j,v17_sample_rows_plus_both_values,v01_full,v17_sample_rows_plus_both_values vs v01_full,1,0.3333333333333333,0.602287749449412,128046.0,176374.0,-48328.0,P7_vs_full
MISTRAL,nhanes_questionnaire.alq_j,v17_sample_rows_plus_both_values,v01_full,v17_sample_rows_plus_both_values vs v01_full,1,0.3333333333333333,0.5929780602455139,128046.0,176374.0,-48328.0,P7_vs_full
MISTRAL,nhanes_questionnaire.dpq_j,v17_sample_rows_plus_both_values,v01_full,v17_sample_rows_plus_both_values vs v01_full,1,0.6666666666666666,0.9341708620389303,128046.0,176374.0,-48328.0,P7_vs_full
MISTRAL,nhanes_questionnaire.hsq_j,v17_sample_rows_plus_both_values,v01_full,v17_sample_rows_plus_both_values vs v01_full,1,0.3333333333333333,0.7631614406903585,128046.0,176374.0,-48328.0,P7_vs_full
MISTRAL,nhanes_questionnaire.puqmec_j,v17_sample_rows_plus_both_values,v01_full,v17_sample_rows_plus_both_values vs v01_full,1,0.3333333333333333,0.8372902274131775,128046.0,176374.0,-48328.0,P7_vs_full
MISTRAL,nhanes_questionnaire.smqshs_j,v17_sample_rows_plus_both_values,v01_full,v17_sample_rows_plus_both_values vs v01_full,1,0.3333333333333333,0.7174011071523031,128046.0,176374.0,-48328.0,P7_vs_full
MISTRAL,nhanes_questionnaire.whq_j,v17_sample_rows_plus_both_values,v01_full,v17_sample_rows_plus_both_values vs v01_full,1,0.3333333333333333,0.3333330750465393,128046.0,176374.0,-48328.0,P7_vs_full
MISTRAL,nhanes_demographics.demo_j,v18_fk_nullable_sample_values,v01_full,v18_fk_nullable_sample_values vs v01_full,1,0.3333333333333333,0.5691609581311544,76459.0,176374.0,-99915.0,P7_vs_full
MISTRAL,nhanes_dietary.ds1tot_j,v18_fk_nullable_sample_values,v01_full,v18_fk_nullable_sample_values vs v01_full,1,0.3333333333333333,0.816814919312795,76459.0,176374.0,-99915.0,P7_vs_full
MISTRAL,nhanes_dietary.ds2ids_j,v18_fk_nullable_sample_values,v01_full,v18_fk_nullable_sample_values vs v01_full,1,0.0,0.5190096894900004,76459.0,176374.0,-99915.0,P7_vs_full
MISTRAL,nhanes_dietary.ds2tot_j,v18_fk_nullable_sample_values,v01_full,v18_fk_nullable_sample_values vs v01_full,1,0.0,0.0,76459.0,176374.0,-99915.0,P7_vs_full
MISTRAL,nhanes_dietary.dsqids_j,v18_fk_nullable_sample_values,v01_full,v18_fk_nullable_sample_values vs v01_full,1,0.3333333333333333,0.5471416314442953,76459.0,176374.0,-99915.0,P7_vs_full
MISTRAL,nhanes_dietary.dsqtot_j,v18_fk_nullable_sample_values,v01_full,v18_fk_nullable_sample_values vs v01_full,1,0.0,0.6806628108024597,76459.0,176374.0,-99915.0,P7_vs_full
MISTRAL,nhanes_examination.bmx_j,v18_fk_nullable_sample_values,v01_full,v18_fk_nullable_sample_values vs v01_full,1,1.0,0.9999993046124777,76459.0,176374.0,-99915.0,P7_vs_full
MISTRAL,nhanes_examination.bpx_j,v18_fk_nullable_sample_values,v01_full,v18_fk_nullable_sample_values vs v01_full,1,0.3333333333333333,0.612172265847524,76459.0,176374.0,-99915.0,P7_vs_full
MISTRAL,nhanes_examination.bpxo_j,v18_fk_nullable_sample_values,v01_full,v18_fk_nullable_sample_values vs v01_full,1,0.0,0.4727787176767985,76459.0,176374.0,-99915.0,P7_vs_full
MISTRAL,nhanes_laboratory.cbc_j,v18_fk_nullable_sample_values,v01_full,v18_fk_nullable_sample_values vs v01_full,1,1.0,0.9999994436899821,76459.0,176374.0,-99915.0,P7_vs_full
MISTRAL,nhanes_laboratory.fastqx_j,v18_fk_nullable_sample_values,v01_full,v18_fk_nullable_sample_values vs v01_full,1,0.3333333333333333,0.6334271232287089,76459.0,176374.0,-99915.0,P7_vs_full
MISTRAL,nhanes_laboratory.ghb_j,v18_fk_nullable_sample_values,v01_full,v18_fk_nullable_sample_values vs v01_full,1,0.0,0.7016717394193014,76459.0,176374.0,-99915.0,P7_vs_full
MISTRAL,nhanes_laboratory.hepa_j,v18_fk_nullable_sample_values,v01_full,v18_fk_nullable_sample_values vs v01_full,1,0.3333333333333333,0.7743459145228068,76459.0,176374.0,-99915.0,P7_vs_full
MISTRAL,nhanes_laboratory.ins_j,v18_fk_nullable_sample_values,v01_full,v18_fk_nullable_sample_values vs v01_full,1,0.0,0.5094258785247803,76459.0,176374.0,-99915.0,P7_vs_full
MISTRAL,nhanes_laboratory.phthte_j,v18_fk_nullable_sample_values,v01_full,v18_fk_nullable_sample_values vs v01_full,1,0.3333333333333333,0.9116108417510986,76459.0,176374.0,-99915.0,P7_vs_full
MISTRAL,nhanes_laboratory.ssuvcm_j,v18_fk_nullable_sample_values,v01_full,v18_fk_nullable_sample_values vs v01_full,1,0.0,0.29905541737874347,76459.0,176374.0,-99915.0,P7_vs_full
MISTRAL,nhanes_laboratory.uio_j,v18_fk_nullable_sample_values,v01_full,v18_fk_nullable_sample_values vs v01_full,1,0.3333333333333333,0.8249000509579977,76459.0,176374.0,-99915.0,P7_vs_full
MISTRAL,nhanes_laboratory.vic_j,v18_fk_nullable_sample_values,v01_full,v18_fk_nullable_sample_values vs v01_full,1,0.6666666666666666,0.6666662494341532,76459.0,176374.0,-99915.0,P7_vs_full
MISTRAL,nhanes_laboratory.vid_j,v18_fk_nullable_sample_values,v01_full,v18_fk_nullable_sample_values vs v01_full,1,0.3333333333333333,0.8578304648399353,76459.0,176374.0,-99915.0,P7_vs_full
MISTRAL,nhanes_questionnaire.alq_j,v18_fk_nullable_sample_values,v01_full,v18_fk_nullable_sample_values vs v01_full,1,0.0,0.4895225962003072,76459.0,176374.0,-99915.0,P7_vs_full
MISTRAL,nhanes_questionnaire.dpq_j,v18_fk_nullable_sample_values,v01_full,v18_fk_nullable_sample_values vs v01_full,1,0.3333333333333333,0.7893427610397339,76459.0,176374.0,-99915.0,P7_vs_full
MISTRAL,nhanes_questionnaire.hsq_j,v18_fk_nullable_sample_values,v01_full,v18_fk_nullable_sample_values vs v01_full,1,0.0,0.5160201589266459,76459.0,176374.0,-99915.0,P7_vs_full
MISTRAL,nhanes_questionnaire.puqmec_j,v18_fk_nullable_sample_values,v01_full,v18_fk_nullable_sample_values vs v01_full,1,0.3333333333333333,0.6108617981274923,76459.0,176374.0,-99915.0,P7_vs_full
MISTRAL,nhanes_questionnaire.smqshs_j,v18_fk_nullable_sample_values,v01_full,v18_fk_nullable_sample_values vs v01_full,1,0.0,0.2918799916903178,76459.0,176374.0,-99915.0,P7_vs_full
MISTRAL,nhanes_questionnaire.whq_j,v18_fk_nullable_sample_values,v01_full,v18_fk_nullable_sample_values vs v01_full,1,0.3333333333333333,0.5632108251253763,76459.0,176374.0,-99915.0,P7_vs_full
MISTRAL,nhanes_demographics.demo_j,v19_fk_nullable_frequent_values,v01_full,v19_fk_nullable_frequent_values vs v01_full,1,0.3333333333333333,0.5691609581311544,74613.0,176374.0,-101761.0,P7_vs_full
MISTRAL,nhanes_dietary.ds1tot_j,v19_fk_nullable_frequent_values,v01_full,v19_fk_nullable_frequent_values vs v01_full,1,0.3333333333333333,0.8557798862457275,74613.0,176374.0,-101761.0,P7_vs_full
MISTRAL,nhanes_dietary.ds2ids_j,v19_fk_nullable_frequent_values,v01_full,v19_fk_nullable_frequent_values vs v01_full,1,0.6666666666666666,0.6666663289070129,74613.0,176374.0,-101761.0,P7_vs_full
MISTRAL,nhanes_dietary.ds2tot_j,v19_fk_nullable_frequent_values,v01_full,v19_fk_nullable_frequent_values vs v01_full,1,0.0,0.0,74613.0,176374.0,-101761.0,P7_vs_full
MISTRAL,nhanes_dietary.dsqids_j,v19_fk_nullable_frequent_values,v01_full,v19_fk_nullable_frequent_values vs v01_full,1,0.3333333333333333,0.5471416314442953,74613.0,176374.0,-101761.0,P7_vs_full
MISTRAL,nhanes_dietary.dsqtot_j,v19_fk_nullable_frequent_values,v01_full,v19_fk_nullable_frequent_values vs v01_full,1,0.3333333333333333,0.8076238632202148,74613.0,176374.0,-101761.0,P7_vs_full
MISTRAL,nhanes_examination.bmx_j,v19_fk_nullable_frequent_values,v01_full,v19_fk_nullable_frequent_values vs v01_full,1,0.6666666666666666,0.6666661699612936,74613.0,176374.0,-101761.0,P7_vs_full
MISTRAL,nhanes_examination.bpx_j,v19_fk_nullable_frequent_values,v01_full,v19_fk_nullable_frequent_values vs v01_full,1,0.3333333333333333,0.612172265847524,74613.0,176374.0,-101761.0,P7_vs_full
MISTRAL,nhanes_examination.bpxo_j,v19_fk_nullable_frequent_values,v01_full,v19_fk_nullable_frequent_values vs v01_full,1,0.0,0.6963928739229838,74613.0,176374.0,-101761.0,P7_vs_full
MISTRAL,nhanes_laboratory.cbc_j,v19_fk_nullable_frequent_values,v01_full,v19_fk_nullable_frequent_values vs v01_full,1,1.0,0.9999994436899821,74613.0,176374.0,-101761.0,P7_vs_full
MISTRAL,nhanes_laboratory.fastqx_j,v19_fk_nullable_frequent_values,v01_full,v19_fk_nullable_frequent_values vs v01_full,1,0.6666666666666666,0.6666661699612936,74613.0,176374.0,-101761.0,P7_vs_full
MISTRAL,nhanes_laboratory.ghb_j,v19_fk_nullable_frequent_values,v01_full,v19_fk_nullable_frequent_values vs v01_full,1,0.3333333333333333,0.5791107018788656,74613.0,176374.0,-101761.0,P7_vs_full
MISTRAL,nhanes_laboratory.hepa_j,v19_fk_nullable_frequent_values,v01_full,v19_fk_nullable_frequent_values vs v01_full,1,0.0,0.7349029779434204,74613.0,176374.0,-101761.0,P7_vs_full
MISTRAL,nhanes_laboratory.ins_j,v19_fk_nullable_frequent_values,v01_full,v19_fk_nullable_frequent_values vs v01_full,1,0.0,0.6572635571161906,74613.0,176374.0,-101761.0,P7_vs_full
MISTRAL,nhanes_laboratory.phthte_j,v19_fk_nullable_frequent_values,v01_full,v19_fk_nullable_frequent_values vs v01_full,1,0.0,0.8724475105603536,74613.0,176374.0,-101761.0,P7_vs_full
MISTRAL,nhanes_laboratory.ssuvcm_j,v19_fk_nullable_frequent_values,v01_full,v19_fk_nullable_frequent_values vs v01_full,1,0.0,0.22670952479044595,74613.0,176374.0,-101761.0,P7_vs_full
MISTRAL,nhanes_laboratory.uio_j,v19_fk_nullable_frequent_values,v01_full,v19_fk_nullable_frequent_values vs v01_full,1,0.0,0.6782092253367106,74613.0,176374.0,-101761.0,P7_vs_full
MISTRAL,nhanes_laboratory.vic_j,v19_fk_nullable_frequent_values,v01_full,v19_fk_nullable_frequent_values vs v01_full,1,0.6666666666666666,0.6666662494341532,74613.0,176374.0,-101761.0,P7_vs_full
MISTRAL,nhanes_laboratory.vid_j,v19_fk_nullable_frequent_values,v01_full,v19_fk_nullable_frequent_values vs v01_full,1,0.3333333333333333,0.602287749449412,74613.0,176374.0,-101761.0,P7_vs_full
MISTRAL,nhanes_questionnaire.alq_j,v19_fk_nullable_frequent_values,v01_full,v19_fk_nullable_frequent_values vs v01_full,1,0.0,0.25964484612147015,74613.0,176374.0,-101761.0,P7_vs_full
MISTRAL,nhanes_questionnaire.dpq_j,v19_fk_nullable_frequent_values,v01_full,v19_fk_nullable_frequent_values vs v01_full,1,0.0,0.7568479577700297,74613.0,176374.0,-101761.0,P7_vs_full
MISTRAL,nhanes_questionnaire.hsq_j,v19_fk_nullable_frequent_values,v01_full,v19_fk_nullable_frequent_values vs v01_full,1,0.0,0.6804404656092325,74613.0,176374.0,-101761.0,P7_vs_full
MISTRAL,nhanes_questionnaire.puqmec_j,v19_fk_nullable_frequent_values,v01_full,v19_fk_nullable_frequent_values vs v01_full,1,0.6666666666666666,0.9319474299748739,74613.0,176374.0,-101761.0,P7_vs_full
MISTRAL,nhanes_questionnaire.smqshs_j,v19_fk_nullable_frequent_values,v01_full,v19_fk_nullable_frequent_values vs v01_full,1,0.6666666666666666,0.8350692590077718,74613.0,176374.0,-101761.0,P7_vs_full
MISTRAL,nhanes_questionnaire.whq_j,v19_fk_nullable_frequent_values,v01_full,v19_fk_nullable_frequent_values vs v01_full,1,0.3333333333333333,0.6252130667368571,74613.0,176374.0,-101761.0,P7_vs_full
MISTRAL,nhanes_demographics.demo_j,v20_fk_nullable_both_values,v01_full,v20_fk_nullable_both_values vs v01_full,1,0.3333333333333333,0.5691609581311544,115909.0,176374.0,-60465.0,P7_vs_full
MISTRAL,nhanes_dietary.ds1tot_j,v20_fk_nullable_both_values,v01_full,v20_fk_nullable_both_values vs v01_full,1,0.0,0.6788356304168701,115909.0,176374.0,-60465.0,P7_vs_full
MISTRAL,nhanes_dietary.ds2ids_j,v20_fk_nullable_both_values,v01_full,v20_fk_nullable_both_values vs v01_full,1,0.0,0.7572110096613566,115909.0,176374.0,-60465.0,P7_vs_full
MISTRAL,nhanes_dietary.ds2tot_j,v20_fk_nullable_both_values,v01_full,v20_fk_nullable_both_values vs v01_full,1,0.0,0.0,115909.0,176374.0,-60465.0,P7_vs_full
MISTRAL,nhanes_dietary.dsqids_j,v20_fk_nullable_both_values,v01_full,v20_fk_nullable_both_values vs v01_full,1,0.3333333333333333,0.5471416314442953,115909.0,176374.0,-60465.0,P7_vs_full
MISTRAL,nhanes_dietary.dsqtot_j,v20_fk_nullable_both_values,v01_full,v20_fk_nullable_both_values vs v01_full,1,0.3333333333333333,0.7973699967066447,115909.0,176374.0,-60465.0,P7_vs_full
MISTRAL,nhanes_examination.bmx_j,v20_fk_nullable_both_values,v01_full,v20_fk_nullable_both_values vs v01_full,1,0.6666666666666666,0.6666661699612936,115909.0,176374.0,-60465.0,P7_vs_full
MISTRAL,nhanes_examination.bpx_j,v20_fk_nullable_both_values,v01_full,v20_fk_nullable_both_values vs v01_full,1,0.3333333333333333,0.612172265847524,115909.0,176374.0,-60465.0,P7_vs_full
MISTRAL,nhanes_examination.bpxo_j,v20_fk_nullable_both_values,v01_full,v20_fk_nullable_both_values vs v01_full,1,0.0,0.42751667896906537,115909.0,176374.0,-60465.0,P7_vs_full
MISTRAL,nhanes_laboratory.cbc_j,v20_fk_nullable_both_values,v01_full,v20_fk_nullable_both_values vs v01_full,1,1.0,0.9999994436899821,115909.0,176374.0,-60465.0,P7_vs_full
MISTRAL,nhanes_laboratory.fastqx_j,v20_fk_nullable_both_values,v01_full,v20_fk_nullable_both_values vs v01_full,1,0.0,0.5075453122456869,115909.0,176374.0,-60465.0,P7_vs_full
MISTRAL,nhanes_laboratory.ghb_j,v20_fk_nullable_both_values,v01_full,v20_fk_nullable_both_values vs v01_full,1,0.3333333333333333,0.5621089339256287,115909.0,176374.0,-60465.0,P7_vs_full
MISTRAL,nhanes_laboratory.hepa_j,v20_fk_nullable_both_values,v01_full,v20_fk_nullable_both_values vs v01_full,1,0.0,0.7910279432932535,115909.0,176374.0,-60465.0,P7_vs_full
MISTRAL,nhanes_laboratory.ins_j,v20_fk_nullable_both_values,v01_full,v20_fk_nullable_both_values vs v01_full,1,0.0,0.5094258785247803,115909.0,176374.0,-60465.0,P7_vs_full
MISTRAL,nhanes_laboratory.phthte_j,v20_fk_nullable_both_values,v01_full,v20_fk_nullable_both_values vs v01_full,1,0.0,0.7205868363380432,115909.0,176374.0,-60465.0,P7_vs_full
MISTRAL,nhanes_laboratory.ssuvcm_j,v20_fk_nullable_both_values,v01_full,v20_fk_nullable_both_values vs v01_full,1,0.3333333333333333,0.3333330949147542,115909.0,176374.0,-60465.0,P7_vs_full
MISTRAL,nhanes_laboratory.uio_j,v20_fk_nullable_both_values,v01_full,v20_fk_nullable_both_values vs v01_full,1,0.0,0.6528552770614624,115909.0,176374.0,-60465.0,P7_vs_full
MISTRAL,nhanes_laboratory.vic_j,v20_fk_nullable_both_values,v01_full,v20_fk_nullable_both_values vs v01_full,1,0.6666666666666666,0.6666662494341532,115909.0,176374.0,-60465.0,P7_vs_full
MISTRAL,nhanes_laboratory.vid_j,v20_fk_nullable_both_values,v01_full,v20_fk_nullable_both_values vs v01_full,1,0.3333333333333333,0.602287749449412,115909.0,176374.0,-60465.0,P7_vs_full
MISTRAL,nhanes_questionnaire.alq_j,v20_fk_nullable_both_values,v01_full,v20_fk_nullable_both_values vs v01_full,1,0.6666666666666666,0.6666664481163025,115909.0,176374.0,-60465.0,P7_vs_full
MISTRAL,nhanes_questionnaire.dpq_j,v20_fk_nullable_both_values,v01_full,v20_fk_nullable_both_values vs v01_full,1,0.3333333333333333,0.7893427610397339,115909.0,176374.0,-60465.0,P7_vs_full
MISTRAL,nhanes_questionnaire.hsq_j,v20_fk_nullable_both_values,v01_full,v20_fk_nullable_both_values vs v01_full,1,0.3333333333333333,0.5661580959955851,115909.0,176374.0,-60465.0,P7_vs_full
MISTRAL,nhanes_questionnaire.puqmec_j,v20_fk_nullable_both_values,v01_full,v20_fk_nullable_both_values vs v01_full,1,0.6666666666666666,0.9319474299748739,115909.0,176374.0,-60465.0,P7_vs_full
MISTRAL,nhanes_questionnaire.smqshs_j,v20_fk_nullable_both_values,v01_full,v20_fk_nullable_both_values vs v01_full,1,0.6666666666666666,0.851032555103302,115909.0,176374.0,-60465.0,P7_vs_full
MISTRAL,nhanes_questionnaire.whq_j,v20_fk_nullable_both_values,v01_full,v20_fk_nullable_both_values vs v01_full,1,0.3333333333333333,0.3333330750465393,115909.0,176374.0,-60465.0,P7_vs_full
MISTRAL,nhanes_demographics.demo_j,v21_fk_nullable_sample_rows,v01_full,v21_fk_nullable_sample_rows vs v01_full,1,0.0,0.4534500439961751,54008.0,176374.0,-122366.0,P7_vs_full
MISTRAL,nhanes_dietary.ds1tot_j,v21_fk_nullable_sample_rows,v01_full,v21_fk_nullable_sample_rows vs v01_full,1,0.3333333333333333,0.7996312379837036,54008.0,176374.0,-122366.0,P7_vs_full
MISTRAL,nhanes_dietary.ds2ids_j,v21_fk_nullable_sample_rows,v01_full,v21_fk_nullable_sample_rows vs v01_full,1,0.3333333333333333,0.5683424472808838,54008.0,176374.0,-122366.0,P7_vs_full
MISTRAL,nhanes_dietary.ds2tot_j,v21_fk_nullable_sample_rows,v01_full,v21_fk_nullable_sample_rows vs v01_full,1,0.0,0.0,54008.0,176374.0,-122366.0,P7_vs_full
MISTRAL,nhanes_dietary.dsqids_j,v21_fk_nullable_sample_rows,v01_full,v21_fk_nullable_sample_rows vs v01_full,1,0.3333333333333333,0.7190862894058228,54008.0,176374.0,-122366.0,P7_vs_full
MISTRAL,nhanes_dietary.dsqtot_j,v21_fk_nullable_sample_rows,v01_full,v21_fk_nullable_sample_rows vs v01_full,1,0.0,0.6031288107236227,54008.0,176374.0,-122366.0,P7_vs_full
MISTRAL,nhanes_examination.bmx_j,v21_fk_nullable_sample_rows,v01_full,v21_fk_nullable_sample_rows vs v01_full,1,0.6666666666666666,0.6666661699612936,54008.0,176374.0,-122366.0,P7_vs_full
MISTRAL,nhanes_examination.bpx_j,v21_fk_nullable_sample_rows,v01_full,v21_fk_nullable_sample_rows vs v01_full,1,0.3333333333333333,0.612172265847524,54008.0,176374.0,-122366.0,P7_vs_full
MISTRAL,nhanes_examination.bpxo_j,v21_fk_nullable_sample_rows,v01_full,v21_fk_nullable_sample_rows vs v01_full,1,0.0,0.478515088558197,54008.0,176374.0,-122366.0,P7_vs_full
MISTRAL,nhanes_laboratory.cbc_j,v21_fk_nullable_sample_rows,v01_full,v21_fk_nullable_sample_rows vs v01_full,1,0.6666666666666666,0.9509464899698893,54008.0,176374.0,-122366.0,P7_vs_full
MISTRAL,nhanes_laboratory.fastqx_j,v21_fk_nullable_sample_rows,v01_full,v21_fk_nullable_sample_rows vs v01_full,1,0.0,0.43604300419489544,54008.0,176374.0,-122366.0,P7_vs_full
MISTRAL,nhanes_laboratory.ghb_j,v21_fk_nullable_sample_rows,v01_full,v21_fk_nullable_sample_rows vs v01_full,1,0.0,0.6891679962476095,54008.0,176374.0,-122366.0,P7_vs_full
MISTRAL,nhanes_laboratory.hepa_j,v21_fk_nullable_sample_rows,v01_full,v21_fk_nullable_sample_rows vs v01_full,1,0.3333333333333333,0.7996158202489217,54008.0,176374.0,-122366.0,P7_vs_full
MISTRAL,nhanes_laboratory.ins_j,v21_fk_nullable_sample_rows,v01_full,v21_fk_nullable_sample_rows vs v01_full,1,0.0,0.5094258785247803,54008.0,176374.0,-122366.0,P7_vs_full
MISTRAL,nhanes_laboratory.phthte_j,v21_fk_nullable_sample_rows,v01_full,v21_fk_nullable_sample_rows vs v01_full,1,0.0,0.5022435585657755,54008.0,176374.0,-122366.0,P7_vs_full
MISTRAL,nhanes_laboratory.ssuvcm_j,v21_fk_nullable_sample_rows,v01_full,v21_fk_nullable_sample_rows vs v01_full,1,0.0,0.29905541737874347,54008.0,176374.0,-122366.0,P7_vs_full
MISTRAL,nhanes_laboratory.uio_j,v21_fk_nullable_sample_rows,v01_full,v21_fk_nullable_sample_rows vs v01_full,1,0.0,0.49760804573694867,54008.0,176374.0,-122366.0,P7_vs_full
MISTRAL,nhanes_laboratory.vic_j,v21_fk_nullable_sample_rows,v01_full,v21_fk_nullable_sample_rows vs v01_full,1,0.3333333333333333,0.602287769317627,54008.0,176374.0,-122366.0,P7_vs_full
MISTRAL,nhanes_laboratory.vid_j,v21_fk_nullable_sample_rows,v01_full,v21_fk_nullable_sample_rows vs v01_full,1,0.3333333333333333,0.602287749449412,54008.0,176374.0,-122366.0,P7_vs_full
MISTRAL,nhanes_questionnaire.alq_j,v21_fk_nullable_sample_rows,v01_full,v21_fk_nullable_sample_rows vs v01_full,1,0.0,0.25964484612147015,54008.0,176374.0,-122366.0,P7_vs_full
MISTRAL,nhanes_questionnaire.dpq_j,v21_fk_nullable_sample_rows,v01_full,v21_fk_nullable_sample_rows vs v01_full,1,0.0,0.48380263646443683,54008.0,176374.0,-122366.0,P7_vs_full
MISTRAL,nhanes_questionnaire.hsq_j,v21_fk_nullable_sample_rows,v01_full,v21_fk_nullable_sample_rows vs v01_full,1,0.0,0.627372165520986,54008.0,176374.0,-122366.0,P7_vs_full
MISTRAL,nhanes_questionnaire.puqmec_j,v21_fk_nullable_sample_rows,v01_full,v21_fk_nullable_sample_rows vs v01_full,1,0.3333333333333333,0.8107736110687256,54008.0,176374.0,-122366.0,P7_vs_full
MISTRAL,nhanes_questionnaire.smqshs_j,v21_fk_nullable_sample_rows,v01_full,v21_fk_nullable_sample_rows vs v01_full,1,0.0,0.6355406244595846,54008.0,176374.0,-122366.0,P7_vs_full
MISTRAL,nhanes_questionnaire.whq_j,v21_fk_nullable_sample_rows,v01_full,v21_fk_nullable_sample_rows vs v01_full,1,0.3333333333333333,0.5293696920077006,54008.0,176374.0,-122366.0,P7_vs_full
MISTRAL,nhanes_demographics.demo_j,v22_fk_nullable_sample_rows_plus_frequent,v01_full,v22_fk_nullable_sample_rows_plus_frequent vs v01_full,1,0.3333333333333333,0.5691609581311544,93106.0,176374.0,-83268.0,P7_vs_full
MISTRAL,nhanes_dietary.ds1tot_j,v22_fk_nullable_sample_rows_plus_frequent,v01_full,v22_fk_nullable_sample_rows_plus_frequent vs v01_full,1,0.0,0.6673533121744791,93106.0,176374.0,-83268.0,P7_vs_full
MISTRAL,nhanes_dietary.ds2ids_j,v22_fk_nullable_sample_rows_plus_frequent,v01_full,v22_fk_nullable_sample_rows_plus_frequent vs v01_full,1,0.3333333333333333,0.8503333131472269,93106.0,176374.0,-83268.0,P7_vs_full
MISTRAL,nhanes_dietary.ds2tot_j,v22_fk_nullable_sample_rows_plus_frequent,v01_full,v22_fk_nullable_sample_rows_plus_frequent vs v01_full,1,0.0,0.0,93106.0,176374.0,-83268.0,P7_vs_full
MISTRAL,nhanes_dietary.dsqids_j,v22_fk_nullable_sample_rows_plus_frequent,v01_full,v22_fk_nullable_sample_rows_plus_frequent vs v01_full,1,0.6666666666666666,0.8804749051729838,93106.0,176374.0,-83268.0,P7_vs_full
MISTRAL,nhanes_dietary.dsqtot_j,v22_fk_nullable_sample_rows_plus_frequent,v01_full,v22_fk_nullable_sample_rows_plus_frequent vs v01_full,1,0.0,0.599069356918335,93106.0,176374.0,-83268.0,P7_vs_full
MISTRAL,nhanes_examination.bmx_j,v22_fk_nullable_sample_rows_plus_frequent,v01_full,v22_fk_nullable_sample_rows_plus_frequent vs v01_full,1,0.6666666666666666,0.6666661699612936,93106.0,176374.0,-83268.0,P7_vs_full
MISTRAL,nhanes_examination.bpx_j,v22_fk_nullable_sample_rows_plus_frequent,v01_full,v22_fk_nullable_sample_rows_plus_frequent vs v01_full,1,0.3333333333333333,0.612172265847524,93106.0,176374.0,-83268.0,P7_vs_full
MISTRAL,nhanes_examination.bpxo_j,v22_fk_nullable_sample_rows_plus_frequent,v01_full,v22_fk_nullable_sample_rows_plus_frequent vs v01_full,1,0.0,0.0,93106.0,176374.0,-83268.0,P7_vs_full
MISTRAL,nhanes_laboratory.cbc_j,v22_fk_nullable_sample_rows_plus_frequent,v01_full,v22_fk_nullable_sample_rows_plus_frequent vs v01_full,1,1.0,0.9999994436899821,93106.0,176374.0,-83268.0,P7_vs_full
MISTRAL,nhanes_laboratory.fastqx_j,v22_fk_nullable_sample_rows_plus_frequent,v01_full,v22_fk_nullable_sample_rows_plus_frequent vs v01_full,1,0.3333333333333333,0.5944852232933044,93106.0,176374.0,-83268.0,P7_vs_full
MISTRAL,nhanes_laboratory.ghb_j,v22_fk_nullable_sample_rows_plus_frequent,v01_full,v22_fk_nullable_sample_rows_plus_frequent vs v01_full,1,0.0,0.5089929501215616,93106.0,176374.0,-83268.0,P7_vs_full
MISTRAL,nhanes_laboratory.hepa_j,v22_fk_nullable_sample_rows_plus_frequent,v01_full,v22_fk_nullable_sample_rows_plus_frequent vs v01_full,1,0.0,0.7311357061068217,93106.0,176374.0,-83268.0,P7_vs_full
MISTRAL,nhanes_laboratory.ins_j,v22_fk_nullable_sample_rows_plus_frequent,v01_full,v22_fk_nullable_sample_rows_plus_frequent vs v01_full,1,0.0,0.5094258785247803,93106.0,176374.0,-83268.0,P7_vs_full
MISTRAL,nhanes_laboratory.phthte_j,v22_fk_nullable_sample_rows_plus_frequent,v01_full,v22_fk_nullable_sample_rows_plus_frequent vs v01_full,1,0.0,0.4762331247329712,93106.0,176374.0,-83268.0,P7_vs_full
MISTRAL,nhanes_laboratory.ssuvcm_j,v22_fk_nullable_sample_rows_plus_frequent,v01_full,v22_fk_nullable_sample_rows_plus_frequent vs v01_full,1,0.0,0.17299580574035645,93106.0,176374.0,-83268.0,P7_vs_full
MISTRAL,nhanes_laboratory.uio_j,v22_fk_nullable_sample_rows_plus_frequent,v01_full,v22_fk_nullable_sample_rows_plus_frequent vs v01_full,1,0.0,0.508355975151062,93106.0,176374.0,-83268.0,P7_vs_full
MISTRAL,nhanes_laboratory.vic_j,v22_fk_nullable_sample_rows_plus_frequent,v01_full,v22_fk_nullable_sample_rows_plus_frequent vs v01_full,1,0.0,0.45052532354990643,93106.0,176374.0,-83268.0,P7_vs_full
MISTRAL,nhanes_laboratory.vid_j,v22_fk_nullable_sample_rows_plus_frequent,v01_full,v22_fk_nullable_sample_rows_plus_frequent vs v01_full,1,0.3333333333333333,0.59248948097229,93106.0,176374.0,-83268.0,P7_vs_full
MISTRAL,nhanes_questionnaire.alq_j,v22_fk_nullable_sample_rows_plus_frequent,v01_full,v22_fk_nullable_sample_rows_plus_frequent vs v01_full,1,0.3333333333333333,0.5929780602455139,93106.0,176374.0,-83268.0,P7_vs_full
MISTRAL,nhanes_questionnaire.dpq_j,v22_fk_nullable_sample_rows_plus_frequent,v01_full,v22_fk_nullable_sample_rows_plus_frequent vs v01_full,1,1.0,0.9999992847442627,93106.0,176374.0,-83268.0,P7_vs_full
MISTRAL,nhanes_questionnaire.hsq_j,v22_fk_nullable_sample_rows_plus_frequent,v01_full,v22_fk_nullable_sample_rows_plus_frequent vs v01_full,1,0.0,0.2245398759841919,93106.0,176374.0,-83268.0,P7_vs_full
MISTRAL,nhanes_questionnaire.puqmec_j,v22_fk_nullable_sample_rows_plus_frequent,v01_full,v22_fk_nullable_sample_rows_plus_frequent vs v01_full,1,0.6666666666666666,0.9053421020507812,93106.0,176374.0,-83268.0,P7_vs_full
MISTRAL,nhanes_questionnaire.smqshs_j,v22_fk_nullable_sample_rows_plus_frequent,v01_full,v22_fk_nullable_sample_rows_plus_frequent vs v01_full,1,0.6666666666666666,0.8350692590077718,93106.0,176374.0,-83268.0,P7_vs_full
MISTRAL,nhanes_questionnaire.whq_j,v22_fk_nullable_sample_rows_plus_frequent,v01_full,v22_fk_nullable_sample_rows_plus_frequent vs v01_full,1,0.0,0.46150962511698407,93106.0,176374.0,-83268.0,P7_vs_full
MISTRAL,nhanes_demographics.demo_j,v23_fk_nullable_sample_rows_plus_sample_values,v01_full,v23_fk_nullable_sample_rows_plus_sample_values vs v01_full,1,0.3333333333333333,0.5691609581311544,97632.0,176374.0,-78742.0,P7_vs_full
MISTRAL,nhanes_dietary.ds1tot_j,v23_fk_nullable_sample_rows_plus_sample_values,v01_full,v23_fk_nullable_sample_rows_plus_sample_values vs v01_full,1,0.3333333333333333,0.786333441734314,97632.0,176374.0,-78742.0,P7_vs_full
MISTRAL,nhanes_dietary.ds2ids_j,v23_fk_nullable_sample_rows_plus_sample_values,v01_full,v23_fk_nullable_sample_rows_plus_sample_values vs v01_full,1,0.6666666666666666,0.8921271165211996,97632.0,176374.0,-78742.0,P7_vs_full
MISTRAL,nhanes_dietary.ds2tot_j,v23_fk_nullable_sample_rows_plus_sample_values,v01_full,v23_fk_nullable_sample_rows_plus_sample_values vs v01_full,1,0.0,0.0,97632.0,176374.0,-78742.0,P7_vs_full
MISTRAL,nhanes_dietary.dsqids_j,v23_fk_nullable_sample_rows_plus_sample_values,v01_full,v23_fk_nullable_sample_rows_plus_sample_values vs v01_full,1,0.3333333333333333,0.7548320889472961,97632.0,176374.0,-78742.0,P7_vs_full
MISTRAL,nhanes_dietary.dsqtot_j,v23_fk_nullable_sample_rows_plus_sample_values,v01_full,v23_fk_nullable_sample_rows_plus_sample_values vs v01_full,1,0.3333333333333333,0.7973699967066447,97632.0,176374.0,-78742.0,P7_vs_full
MISTRAL,nhanes_examination.bmx_j,v23_fk_nullable_sample_rows_plus_sample_values,v01_full,v23_fk_nullable_sample_rows_plus_sample_values vs v01_full,1,1.0,0.9999993046124777,97632.0,176374.0,-78742.0,P7_vs_full
MISTRAL,nhanes_examination.bpx_j,v23_fk_nullable_sample_rows_plus_sample_values,v01_full,v23_fk_nullable_sample_rows_plus_sample_values vs v01_full,1,0.3333333333333333,0.612172265847524,97632.0,176374.0,-78742.0,P7_vs_full
MISTRAL,nhanes_examination.bpxo_j,v23_fk_nullable_sample_rows_plus_sample_values,v01_full,v23_fk_nullable_sample_rows_plus_sample_values vs v01_full,1,0.0,0.6502634485562643,97632.0,176374.0,-78742.0,P7_vs_full
MISTRAL,nhanes_laboratory.cbc_j,v23_fk_nullable_sample_rows_plus_sample_values,v01_full,v23_fk_nullable_sample_rows_plus_sample_values vs v01_full,1,1.0,0.9999994436899821,97632.0,176374.0,-78742.0,P7_vs_full
MISTRAL,nhanes_laboratory.fastqx_j,v23_fk_nullable_sample_rows_plus_sample_values,v01_full,v23_fk_nullable_sample_rows_plus_sample_values vs v01_full,1,0.3333333333333333,0.5900822083155314,97632.0,176374.0,-78742.0,P7_vs_full
MISTRAL,nhanes_laboratory.ghb_j,v23_fk_nullable_sample_rows_plus_sample_values,v01_full,v23_fk_nullable_sample_rows_plus_sample_values vs v01_full,1,0.3333333333333333,0.7592857480049133,97632.0,176374.0,-78742.0,P7_vs_full
MISTRAL,nhanes_laboratory.hepa_j,v23_fk_nullable_sample_rows_plus_sample_values,v01_full,v23_fk_nullable_sample_rows_plus_sample_values vs v01_full,1,0.3333333333333333,0.787391463915507,97632.0,176374.0,-78742.0,P7_vs_full
MISTRAL,nhanes_laboratory.ins_j,v23_fk_nullable_sample_rows_plus_sample_values,v01_full,v23_fk_nullable_sample_rows_plus_sample_values vs v01_full,1,0.6666666666666666,0.9396261771519979,97632.0,176374.0,-78742.0,P7_vs_full
MISTRAL,nhanes_laboratory.phthte_j,v23_fk_nullable_sample_rows_plus_sample_values,v01_full,v23_fk_nullable_sample_rows_plus_sample_values vs v01_full,1,0.0,0.5359039107958475,97632.0,176374.0,-78742.0,P7_vs_full
MISTRAL,nhanes_laboratory.ssuvcm_j,v23_fk_nullable_sample_rows_plus_sample_values,v01_full,v23_fk_nullable_sample_rows_plus_sample_values vs v01_full,1,0.0,0.29905541737874347,97632.0,176374.0,-78742.0,P7_vs_full
MISTRAL,nhanes_laboratory.uio_j,v23_fk_nullable_sample_rows_plus_sample_values,v01_full,v23_fk_nullable_sample_rows_plus_sample_values vs v01_full,1,0.3333333333333333,0.8795357147852579,97632.0,176374.0,-78742.0,P7_vs_full
MISTRAL,nhanes_laboratory.vic_j,v23_fk_nullable_sample_rows_plus_sample_values,v01_full,v23_fk_nullable_sample_rows_plus_sample_values vs v01_full,1,0.6666666666666666,0.6666662494341532,97632.0,176374.0,-78742.0,P7_vs_full
MISTRAL,nhanes_laboratory.vid_j,v23_fk_nullable_sample_rows_plus_sample_values,v01_full,v23_fk_nullable_sample_rows_plus_sample_values vs v01_full,1,0.3333333333333333,0.602287749449412,97632.0,176374.0,-78742.0,P7_vs_full
MISTRAL,nhanes_questionnaire.alq_j,v23_fk_nullable_sample_rows_plus_sample_values,v01_full,v23_fk_nullable_sample_rows_plus_sample_values vs v01_full,1,0.0,0.4895225962003072,97632.0,176374.0,-78742.0,P7_vs_full
MISTRAL,nhanes_questionnaire.dpq_j,v23_fk_nullable_sample_rows_plus_sample_values,v01_full,v23_fk_nullable_sample_rows_plus_sample_values vs v01_full,1,0.0,0.6395434935887655,97632.0,176374.0,-78742.0,P7_vs_full
MISTRAL,nhanes_questionnaire.hsq_j,v23_fk_nullable_sample_rows_plus_sample_values,v01_full,v23_fk_nullable_sample_rows_plus_sample_values vs v01_full,1,0.3333333333333333,0.5661580959955851,97632.0,176374.0,-78742.0,P7_vs_full
MISTRAL,nhanes_questionnaire.puqmec_j,v23_fk_nullable_sample_rows_plus_sample_values,v01_full,v23_fk_nullable_sample_rows_plus_sample_values vs v01_full,1,0.3333333333333333,0.8107736110687256,97632.0,176374.0,-78742.0,P7_vs_full
MISTRAL,nhanes_questionnaire.smqshs_j,v23_fk_nullable_sample_rows_plus_sample_values,v01_full,v23_fk_nullable_sample_rows_plus_sample_values vs v01_full,1,0.3333333333333333,0.8024465839068095,97632.0,176374.0,-78742.0,P7_vs_full
MISTRAL,nhanes_questionnaire.whq_j,v23_fk_nullable_sample_rows_plus_sample_values,v01_full,v23_fk_nullable_sample_rows_plus_sample_values vs v01_full,1,0.0,0.46150962511698407,97632.0,176374.0,-78742.0,P7_vs_full
MISTRAL,nhanes_demographics.demo_j,v24_full_no_numeric_stats,v01_full,v24_full_no_numeric_stats vs v01_full,1,0.3333333333333333,0.5691609581311544,142574.0,176374.0,-33800.0,P7_vs_full
MISTRAL,nhanes_dietary.ds1tot_j,v24_full_no_numeric_stats,v01_full,v24_full_no_numeric_stats vs v01_full,1,0.0,0.6727656920750936,142574.0,176374.0,-33800.0,P7_vs_full
MISTRAL,nhanes_dietary.ds2ids_j,v24_full_no_numeric_stats,v01_full,v24_full_no_numeric_stats vs v01_full,1,1.0,0.9999993443489075,142574.0,176374.0,-33800.0,P7_vs_full
MISTRAL,nhanes_dietary.ds2tot_j,v24_full_no_numeric_stats,v01_full,v24_full_no_numeric_stats vs v01_full,1,0.0,0.0,142574.0,176374.0,-33800.0,P7_vs_full
MISTRAL,nhanes_dietary.dsqids_j,v24_full_no_numeric_stats,v01_full,v24_full_no_numeric_stats vs v01_full,1,0.3333333333333333,0.7548320889472961,142574.0,176374.0,-33800.0,P7_vs_full
MISTRAL,nhanes_dietary.dsqtot_j,v24_full_no_numeric_stats,v01_full,v24_full_no_numeric_stats vs v01_full,1,0.0,0.0,142574.0,176374.0,-33800.0,P7_vs_full
MISTRAL,nhanes_examination.bmx_j,v24_full_no_numeric_stats,v01_full,v24_full_no_numeric_stats vs v01_full,1,0.6666666666666666,0.6666661699612936,142574.0,176374.0,-33800.0,P7_vs_full
MISTRAL,nhanes_examination.bpx_j,v24_full_no_numeric_stats,v01_full,v24_full_no_numeric_stats vs v01_full,1,0.3333333333333333,0.5901069243748983,142574.0,176374.0,-33800.0,P7_vs_full
MISTRAL,nhanes_examination.bpxo_j,v24_full_no_numeric_stats,v01_full,v24_full_no_numeric_stats vs v01_full,1,0.0,0.6604328354199728,142574.0,176374.0,-33800.0,P7_vs_full
MISTRAL,nhanes_laboratory.cbc_j,v24_full_no_numeric_stats,v01_full,v24_full_no_numeric_stats vs v01_full,1,0.6666666666666666,0.9509464899698893,142574.0,176374.0,-33800.0,P7_vs_full
MISTRAL,nhanes_laboratory.fastqx_j,v24_full_no_numeric_stats,v01_full,v24_full_no_numeric_stats vs v01_full,1,0.3333333333333333,0.585653026898702,142574.0,176374.0,-33800.0,P7_vs_full
MISTRAL,nhanes_laboratory.ghb_j,v24_full_no_numeric_stats,v01_full,v24_full_no_numeric_stats vs v01_full,1,0.0,0.6891679962476095,142574.0,176374.0,-33800.0,P7_vs_full
MISTRAL,nhanes_laboratory.hepa_j,v24_full_no_numeric_stats,v01_full,v24_full_no_numeric_stats vs v01_full,1,0.3333333333333333,0.7438002030054728,142574.0,176374.0,-33800.0,P7_vs_full
MISTRAL,nhanes_laboratory.ins_j,v24_full_no_numeric_stats,v01_full,v24_full_no_numeric_stats vs v01_full,1,0.0,0.5094258785247803,142574.0,176374.0,-33800.0,P7_vs_full
MISTRAL,nhanes_laboratory.phthte_j,v24_full_no_numeric_stats,v01_full,v24_full_no_numeric_stats vs v01_full,1,0.0,0.8386235038439432,142574.0,176374.0,-33800.0,P7_vs_full
MISTRAL,nhanes_laboratory.ssuvcm_j,v24_full_no_numeric_stats,v01_full,v24_full_no_numeric_stats vs v01_full,1,0.0,0.29905541737874347,142574.0,176374.0,-33800.0,P7_vs_full
MISTRAL,nhanes_laboratory.uio_j,v24_full_no_numeric_stats,v01_full,v24_full_no_numeric_stats vs v01_full,1,0.0,0.6528552770614624,142574.0,176374.0,-33800.0,P7_vs_full
MISTRAL,nhanes_laboratory.vic_j,v24_full_no_numeric_stats,v01_full,v24_full_no_numeric_stats vs v01_full,1,0.6666666666666666,0.6666662494341532,142574.0,176374.0,-33800.0,P7_vs_full
MISTRAL,nhanes_laboratory.vid_j,v24_full_no_numeric_stats,v01_full,v24_full_no_numeric_stats vs v01_full,1,0.3333333333333333,0.602287749449412,142574.0,176374.0,-33800.0,P7_vs_full
MISTRAL,nhanes_questionnaire.alq_j,v24_full_no_numeric_stats,v01_full,v24_full_no_numeric_stats vs v01_full,1,0.3333333333333333,0.8149264454841614,142574.0,176374.0,-33800.0,P7_vs_full
MISTRAL,nhanes_questionnaire.dpq_j,v24_full_no_numeric_stats,v01_full,v24_full_no_numeric_stats vs v01_full,1,0.3333333333333333,0.7893427610397339,142574.0,176374.0,-33800.0,P7_vs_full
MISTRAL,nhanes_questionnaire.hsq_j,v24_full_no_numeric_stats,v01_full,v24_full_no_numeric_stats vs v01_full,1,0.3333333333333333,0.5661580959955851,142574.0,176374.0,-33800.0,P7_vs_full
MISTRAL,nhanes_questionnaire.puqmec_j,v24_full_no_numeric_stats,v01_full,v24_full_no_numeric_stats vs v01_full,1,0.6666666666666666,0.9319474299748739,142574.0,176374.0,-33800.0,P7_vs_full
MISTRAL,nhanes_questionnaire.smqshs_j,v24_full_no_numeric_stats,v01_full,v24_full_no_numeric_stats vs v01_full,1,0.6666666666666666,0.6666662295659384,142574.0,176374.0,-33800.0,P7_vs_full
MISTRAL,nhanes_questionnaire.whq_j,v24_full_no_numeric_stats,v01_full,v24_full_no_numeric_stats vs v01_full,1,0.3333333333333333,0.8402847448984782,142574.0,176374.0,-33800.0,P7_vs_full
MISTRAL,nhanes_demographics.demo_j,v25_full_no_sample_rows,v01_full,v25_full_no_sample_rows vs v01_full,1,0.3333333333333333,0.5691609581311544,156373.0,176374.0,-20001.0,P7_vs_full
MISTRAL,nhanes_dietary.ds1tot_j,v25_full_no_sample_rows,v01_full,v25_full_no_sample_rows vs v01_full,1,0.0,0.676551878452301,156373.0,176374.0,-20001.0,P7_vs_full
MISTRAL,nhanes_dietary.ds2ids_j,v25_full_no_sample_rows,v01_full,v25_full_no_sample_rows vs v01_full,1,0.0,0.6788755257924398,156373.0,176374.0,-20001.0,P7_vs_full
MISTRAL,nhanes_dietary.ds2tot_j,v25_full_no_sample_rows,v01_full,v25_full_no_sample_rows vs v01_full,1,0.0,0.0,156373.0,176374.0,-20001.0,P7_vs_full
MISTRAL,nhanes_dietary.dsqids_j,v25_full_no_sample_rows,v01_full,v25_full_no_sample_rows vs v01_full,1,0.3333333333333333,0.6191327770551046,156373.0,176374.0,-20001.0,P7_vs_full
MISTRAL,nhanes_dietary.dsqtot_j,v25_full_no_sample_rows,v01_full,v25_full_no_sample_rows vs v01_full,1,0.3333333333333333,0.7973699967066447,156373.0,176374.0,-20001.0,P7_vs_full
MISTRAL,nhanes_examination.bmx_j,v25_full_no_sample_rows,v01_full,v25_full_no_sample_rows vs v01_full,1,1.0,0.9999993046124777,156373.0,176374.0,-20001.0,P7_vs_full
MISTRAL,nhanes_examination.bpx_j,v25_full_no_sample_rows,v01_full,v25_full_no_sample_rows vs v01_full,1,1.0,0.9999993244806925,156373.0,176374.0,-20001.0,P7_vs_full
MISTRAL,nhanes_examination.bpxo_j,v25_full_no_sample_rows,v01_full,v25_full_no_sample_rows vs v01_full,1,0.6666666666666666,0.8826711177825928,156373.0,176374.0,-20001.0,P7_vs_full
MISTRAL,nhanes_laboratory.cbc_j,v25_full_no_sample_rows,v01_full,v25_full_no_sample_rows vs v01_full,1,0.3333333333333333,0.7668051918347677,156373.0,176374.0,-20001.0,P7_vs_full
MISTRAL,nhanes_laboratory.fastqx_j,v25_full_no_sample_rows,v01_full,v25_full_no_sample_rows vs v01_full,1,0.3333333333333333,0.6334271232287089,156373.0,176374.0,-20001.0,P7_vs_full
MISTRAL,nhanes_laboratory.ghb_j,v25_full_no_sample_rows,v01_full,v25_full_no_sample_rows vs v01_full,1,0.0,0.7016717394193014,156373.0,176374.0,-20001.0,P7_vs_full
MISTRAL,nhanes_laboratory.hepa_j,v25_full_no_sample_rows,v01_full,v25_full_no_sample_rows vs v01_full,1,0.0,0.6597843964894613,156373.0,176374.0,-20001.0,P7_vs_full
MISTRAL,nhanes_laboratory.ins_j,v25_full_no_sample_rows,v01_full,v25_full_no_sample_rows vs v01_full,1,0.0,0.6903057893117269,156373.0,176374.0,-20001.0,P7_vs_full
MISTRAL,nhanes_laboratory.phthte_j,v25_full_no_sample_rows,v01_full,v25_full_no_sample_rows vs v01_full,1,0.0,0.6312557458877563,156373.0,176374.0,-20001.0,P7_vs_full
MISTRAL,nhanes_laboratory.ssuvcm_j,v25_full_no_sample_rows,v01_full,v25_full_no_sample_rows vs v01_full,1,0.0,0.4980814456939697,156373.0,176374.0,-20001.0,P7_vs_full
MISTRAL,nhanes_laboratory.uio_j,v25_full_no_sample_rows,v01_full,v25_full_no_sample_rows vs v01_full,1,0.3333333333333333,0.7733448147773743,156373.0,176374.0,-20001.0,P7_vs_full
MISTRAL,nhanes_laboratory.vic_j,v25_full_no_sample_rows,v01_full,v25_full_no_sample_rows vs v01_full,1,0.6666666666666666,0.6666662494341532,156373.0,176374.0,-20001.0,P7_vs_full
MISTRAL,nhanes_laboratory.vid_j,v25_full_no_sample_rows,v01_full,v25_full_no_sample_rows vs v01_full,1,0.3333333333333333,0.602287749449412,156373.0,176374.0,-20001.0,P7_vs_full
MISTRAL,nhanes_questionnaire.alq_j,v25_full_no_sample_rows,v01_full,v25_full_no_sample_rows vs v01_full,1,0.6666666666666666,0.6666664481163025,156373.0,176374.0,-20001.0,P7_vs_full
MISTRAL,nhanes_questionnaire.dpq_j,v25_full_no_sample_rows,v01_full,v25_full_no_sample_rows vs v01_full,1,0.0,0.7537299990653992,156373.0,176374.0,-20001.0,P7_vs_full
MISTRAL,nhanes_questionnaire.hsq_j,v25_full_no_sample_rows,v01_full,v25_full_no_sample_rows vs v01_full,1,0.3333333333333333,0.5661580959955851,156373.0,176374.0,-20001.0,P7_vs_full
MISTRAL,nhanes_questionnaire.puqmec_j,v25_full_no_sample_rows,v01_full,v25_full_no_sample_rows vs v01_full,1,1.0,0.9999993046124777,156373.0,176374.0,-20001.0,P7_vs_full
MISTRAL,nhanes_questionnaire.smqshs_j,v25_full_no_sample_rows,v01_full,v25_full_no_sample_rows vs v01_full,1,0.0,0.4712551434834798,156373.0,176374.0,-20001.0,P7_vs_full
MISTRAL,nhanes_questionnaire.whq_j,v25_full_no_sample_rows,v01_full,v25_full_no_sample_rows vs v01_full,1,0.3333333333333333,0.8592319488525391,156373.0,176374.0,-20001.0,P7_vs_full
